Id,ResponseId,WebframeWantToWorkWith
1,2,Express
3,2,Node.js
4,2,React
6,3,ASP.NET CORE
7,10,Express
8,10,Next.js
9,10,Node.js
10,10,React
12,11,Node.js
13,11,React
16,12,ASP.NET CORE
17,12,Express
19,12,Node.js
20,12,React
21,19,ASP.NET CORE
23,23,ASP.NET CORE
27,27,Node.js
28,29,Angular
31,29,ASP.NET CORE
33,29,Next.js
34,29,React
37,30,ASP.NET CORE
39,30,Express
40,30,Next.js
41,30,Node.js
42,30,React
43,30,Vue.js
45,33,Node.js
46,36,ASP.NET CORE
48,37,Spring Boot
50,39,Vue.js
53,41,Vue.js
55,44,ASP.NET CORE
56,45,Angular
58,45,ASP.NET CORE
59,46,FastAPI
62,52,ASP.NET CORE
64,52,FastAPI
66,52,Node.js
69,52,Svelte
70,53,Angular
72,53,Node.js
73,53,Spring Boot
74,55,Express
76,55,Node.js
77,62,Angular
79,62,ASP.NET CORE
81,65,Spring Boot
82,72,ASP.NET CORE
85,75,Svelte
86,75,Vue.js
87,78,Express
88,78,FastAPI
90,78,Node.js
91,78,React
94,79,FastAPI
96,79,Spring Boot
97,79,Svelte
98,79,Vue.js
99,87,ASP.NET CORE
100,87,Express
101,87,FastAPI
102,87,Node.js
103,87,Vue.js
105,111,ASP.NET CORE
106,111,Express
107,111,FastAPI
110,111,Node.js
111,113,Node.js
112,113,Vue.js
114,114,FastAPI
119,119,ASP.NET CORE
120,119,FastAPI
121,121,Express
122,121,Node.js
123,121,Vue.js
124,122,ASP.NET CORE
125,122,Next.js
126,122,Node.js
127,122,React
129,125,Next.js
130,125,Node.js
132,125,React
134,125,Svelte
135,125,Vue.js
137,127,FastAPI
138,127,React
139,129,ASP.NET CORE
143,129,Next.js
144,129,Svelte
145,130,ASP.NET CORE
147,132,Next.js
148,132,Node.js
149,132,React
150,134,ASP.NET CORE
151,134,React
153,138,Node.js
154,138,Svelte
155,140,Express
158,140,Next.js
159,140,Node.js
160,140,React
161,140,Svelte
162,142,Angular
167,150,Express
169,150,Node.js
171,150,Svelte
172,151,Express
173,151,Next.js
174,151,Node.js
176,151,React
177,156,Angular
180,156,Node.js
181,156,React
182,156,Spring Boot
184,158,ASP.NET CORE
187,158,React
188,159,Angular
189,159,Express
191,159,Next.js
192,159,Node.js
193,159,React
194,159,Svelte
195,159,Vue.js
197,163,FastAPI
198,163,Node.js
199,163,React
202,166,Angular
204,166,ASP.NET CORE
206,173,ASP.NET CORE
210,173,Next.js
211,173,Node.js
212,173,React
215,176,Next.js
216,176,Node.js
220,182,ASP.NET CORE
222,183,ASP.NET CORE
223,183,Next.js
224,183,React
227,185,Svelte
229,190,ASP.NET CORE
231,191,Angular
232,191,ASP.NET CORE
235,191,React
237,192,Node.js
238,196,Angular
240,196,ASP.NET CORE
243,196,Express
245,196,Node.js
246,196,Spring Boot
247,196,Vue.js
248,200,React
250,205,Express
251,205,React
253,208,Svelte
254,209,React
255,210,Angular
256,210,Express
258,210,Node.js
259,211,FastAPI
261,212,Vue.js
262,215,Next.js
263,215,React
264,216,Angular
265,216,ASP.NET CORE
267,218,ASP.NET CORE
269,218,Vue.js
272,223,Node.js
274,226,Svelte
275,230,Node.js
276,235,Angular
277,235,Next.js
278,235,Node.js
279,235,React
280,238,Angular
281,238,ASP.NET CORE
283,242,Vue.js
285,243,React
286,254,Angular
287,254,ASP.NET CORE
288,254,Node.js
289,256,FastAPI
290,262,Next.js
291,262,Node.js
292,262,React
293,262,Vue.js
294,263,ASP.NET CORE
296,274,Spring Boot
298,275,Next.js
299,275,Node.js
300,275,React
301,276,ASP.NET CORE
302,276,Next.js
303,276,React
305,280,ASP.NET CORE
307,280,Spring Boot
309,281,ASP.NET CORE
312,284,FastAPI
314,284,Next.js
315,284,Node.js
317,284,React
319,285,FastAPI
321,285,Next.js
322,285,Node.js
323,285,React
325,293,Angular
327,293,Node.js
329,293,Spring Boot
331,299,Spring Boot
332,300,Angular
334,300,ASP.NET CORE
336,300,React
342,315,Next.js
343,315,React
345,318,FastAPI
347,320,Node.js
348,320,Spring Boot
349,320,Svelte
351,324,Next.js
352,324,React
355,326,Svelte
356,331,React
357,331,Svelte
359,333,ASP.NET CORE
362,341,React
363,342,Spring Boot
364,347,Spring Boot
368,351,React
370,351,Vue.js
371,352,Angular
374,352,ASP.NET CORE
375,352,Express
378,352,Next.js
379,352,Node.js
380,352,React
381,352,Spring Boot
382,353,ASP.NET CORE
384,353,Node.js
385,355,Spring Boot
388,359,Node.js
389,360,ASP.NET CORE
390,360,Vue.js
392,367,Next.js
393,367,React
394,372,Node.js
395,372,React
396,372,Spring Boot
397,373,ASP.NET CORE
399,378,ASP.NET CORE
400,378,React
401,378,Svelte
402,380,Svelte
403,380,Vue.js
404,385,ASP.NET CORE
408,385,Vue.js
410,386,FastAPI
412,389,FastAPI
413,389,Next.js
414,389,Node.js
415,389,React
416,391,Next.js
417,391,Node.js
418,391,React
421,391,Svelte
422,393,React
423,395,Express
424,395,Next.js
425,395,Node.js
427,395,React
429,395,Vue.js
430,399,Angular
431,399,ASP.NET CORE
434,399,React
436,400,Vue.js
437,408,FastAPI
438,408,React
439,408,Spring Boot
440,408,Vue.js
441,411,Express
442,411,Node.js
443,411,React
446,412,Node.js
447,412,Spring Boot
448,412,Vue.js
451,413,Express
453,413,Node.js
454,413,React
455,413,Svelte
457,419,Angular
459,419,Express
461,419,Node.js
462,419,React
463,419,Spring Boot
464,419,Vue.js
467,421,FastAPI
468,421,React
469,430,Node.js
472,432,Node.js
473,433,Angular
474,434,ASP.NET CORE
476,434,Node.js
477,434,React
479,444,ASP.NET CORE
480,444,Next.js
481,444,Node.js
482,444,React
483,445,Next.js
485,450,Angular
487,450,Next.js
488,450,Node.js
490,453,Angular
492,453,ASP.NET CORE
493,453,Express
497,464,Express
499,464,Next.js
500,464,Node.js
501,464,React
502,464,Svelte
504,466,FastAPI
507,469,FastAPI
508,471,Angular
510,475,ASP.NET CORE
514,475,FastAPI
517,475,Next.js
518,475,Node.js
520,475,React
522,475,Svelte
523,475,Vue.js
525,480,React
526,480,Spring Boot
529,484,Next.js
530,484,Node.js
533,484,React
534,484,Vue.js
535,486,Express
536,486,Node.js
537,486,React
539,489,Express
542,489,Next.js
543,489,React
544,489,Svelte
545,492,Next.js
546,492,Node.js
547,492,React
549,493,React
550,493,Spring Boot
551,493,Svelte
553,494,Express
555,494,Next.js
556,494,Node.js
559,499,Angular
561,499,ASP.NET CORE
563,500,Express
564,500,Node.js
565,500,Svelte
567,502,ASP.NET CORE
569,502,React
571,506,Node.js
572,506,Vue.js
573,507,Angular
576,507,Node.js
577,507,React
578,509,ASP.NET CORE
580,511,Angular
581,511,ASP.NET CORE
582,511,React
583,515,Express
586,515,Next.js
587,515,React
590,523,FastAPI
593,529,ASP.NET CORE
595,529,Node.js
596,531,ASP.NET CORE
599,531,React
600,531,Vue.js
601,533,Node.js
602,533,Vue.js
604,535,ASP.NET CORE
606,535,Express
608,535,Next.js
609,535,Node.js
610,543,FastAPI
616,548,Node.js
618,548,Svelte
619,549,Angular
620,549,Express
621,549,Node.js
622,549,Spring Boot
623,553,ASP.NET CORE
624,554,ASP.NET CORE
628,557,Express
629,557,Node.js
630,557,React
632,557,Svelte
634,562,Node.js
635,562,React
636,562,Vue.js
637,565,ASP.NET CORE
639,567,Angular
641,567,ASP.NET CORE
642,570,Vue.js
643,571,Next.js
644,571,Node.js
645,571,React
647,571,Spring Boot
649,573,ASP.NET CORE
654,577,Vue.js
656,580,Svelte
657,585,Angular
658,585,Spring Boot
659,588,Spring Boot
662,591,Express
663,591,Node.js
664,591,Spring Boot
665,593,Angular
667,593,ASP.NET CORE
671,601,Angular
673,601,Express
674,601,FastAPI
677,601,Next.js
678,601,Node.js
679,601,React
680,601,Vue.js
683,603,ASP.NET CORE
684,603,Next.js
685,603,React
686,604,Spring Boot
687,607,FastAPI
692,608,Vue.js
693,609,Node.js
694,613,FastAPI
695,613,Next.js
696,613,Node.js
699,613,Vue.js
700,614,Angular
703,614,Next.js
704,614,Node.js
705,614,React
707,619,ASP.NET CORE
708,620,React
709,621,React
710,624,Vue.js
711,632,Angular
712,641,ASP.NET CORE
714,642,Angular
716,642,ASP.NET CORE
717,642,Node.js
718,643,React
719,645,ASP.NET CORE
720,645,React
721,647,Express
723,647,Vue.js
724,650,ASP.NET CORE
725,650,React
726,651,Express
728,651,Next.js
729,651,Node.js
730,651,React
732,654,FastAPI
733,654,React
734,654,Vue.js
736,657,ASP.NET CORE
741,663,Node.js
746,666,Next.js
747,666,Node.js
748,666,React
750,670,Vue.js
751,672,Angular
753,672,ASP.NET CORE
758,674,Next.js
759,674,Vue.js
761,675,ASP.NET CORE
762,675,Node.js
763,687,Express
764,687,Next.js
765,687,Node.js
766,688,ASP.NET CORE
771,688,Svelte
773,691,Spring Boot
776,692,Node.js
777,692,Svelte
778,695,Angular
779,695,ASP.NET CORE
781,695,Svelte
782,695,Vue.js
783,698,Angular
786,698,Express
787,698,Next.js
788,698,Node.js
789,698,React
791,698,Spring Boot
792,698,Vue.js
793,699,Express
795,699,Node.js
796,699,React
799,701,Next.js
800,701,Node.js
801,701,React
802,701,Svelte
807,704,Svelte
810,709,FastAPI
812,715,React
817,723,Next.js
818,723,Node.js
819,723,React
820,727,React
821,728,ASP.NET CORE
823,729,React
827,731,Node.js
828,731,React
829,735,Node.js
830,735,React
832,738,Express
834,738,Next.js
835,738,Node.js
836,738,React
838,744,ASP.NET CORE
839,745,React
843,760,Spring Boot
844,763,Angular
847,763,Express
848,763,Node.js
850,767,Express
851,767,Node.js
852,767,React
853,770,ASP.NET CORE
855,770,Node.js
856,770,React
857,772,Angular
859,772,ASP.NET CORE
863,772,Svelte
864,773,Node.js
865,773,React
867,779,ASP.NET CORE
868,779,React
869,779,Vue.js
870,780,ASP.NET CORE
871,780,Vue.js
873,782,Node.js
875,788,Express
877,788,Next.js
878,788,Node.js
879,788,React
880,788,Spring Boot
886,797,FastAPI
888,797,React
889,808,Express
891,808,Node.js
892,808,React
893,808,Vue.js
894,811,Angular
897,811,ASP.NET CORE
898,811,Node.js
899,811,Vue.js
900,813,Spring Boot
905,814,Node.js
909,814,Svelte
910,814,Vue.js
915,820,ASP.NET CORE
916,824,ASP.NET CORE
917,824,Vue.js
918,825,Next.js
919,825,Node.js
921,825,React
926,826,Next.js
927,826,React
931,827,Express
932,827,FastAPI
934,827,Next.js
935,827,Node.js
936,827,React
937,829,Spring Boot
938,832,Angular
940,832,Express
942,832,Node.js
943,832,React
946,834,Node.js
947,844,React
949,848,Vue.js
950,849,Angular
951,849,ASP.NET CORE
953,852,Node.js
954,857,Angular
955,857,ASP.NET CORE
959,859,ASP.NET CORE
961,859,React
963,861,React
965,862,Express
966,862,Next.js
967,862,Node.js
968,862,React
972,874,Spring Boot
973,880,ASP.NET CORE
975,883,Node.js
976,884,Express
977,884,Node.js
979,884,Vue.js
980,887,Next.js
981,887,Node.js
982,887,React
985,888,Vue.js
986,891,Express
988,891,Node.js
991,891,Vue.js
992,901,ASP.NET CORE
993,901,Express
996,901,Next.js
997,901,React
998,902,Angular
999,902,Express
1000,902,Node.js
1001,902,React
1002,902,Spring Boot
1003,907,Node.js
1006,909,Express
1009,909,Next.js
1010,909,Node.js
1011,909,React
1012,913,Next.js
1013,913,Node.js
1014,913,React
1016,916,Vue.js
1017,919,FastAPI
1023,924,React
1024,924,Spring Boot
1025,924,Vue.js
1026,926,Angular
1027,926,Spring Boot
1030,928,FastAPI
1035,935,ASP.NET CORE
1037,938,FastAPI
1039,938,Svelte
1041,944,FastAPI
1044,944,Next.js
1045,944,Spring Boot
1048,946,ASP.NET CORE
1050,948,Next.js
1051,948,Node.js
1052,948,React
1055,953,FastAPI
1058,953,Spring Boot
1060,954,Next.js
1061,954,Node.js
1062,954,React
1065,954,Svelte
1066,957,Node.js
1067,957,Vue.js
1069,958,ASP.NET CORE
1071,958,Node.js
1074,958,Vue.js
1075,960,Angular
1076,960,Express
1078,960,Node.js
1080,964,ASP.NET CORE
1082,964,React
1084,964,Svelte
1085,965,Node.js
1086,965,React
1087,965,Svelte
1088,978,ASP.NET CORE
1089,978,Next.js
1090,978,Node.js
1091,978,React
1093,988,Node.js
1094,988,React
1097,989,FastAPI
1099,989,React
1102,991,Svelte
1104,1003,React
1106,1004,Express
1107,1004,Next.js
1108,1004,Node.js
1109,1004,React
1111,1010,ASP.NET CORE
1115,1019,ASP.NET CORE
1118,1019,Node.js
1121,1021,ASP.NET CORE
1124,1025,Express
1125,1025,Next.js
1126,1025,Node.js
1127,1025,React
1128,1025,Svelte
1129,1026,Angular
1130,1026,Express
1133,1026,Node.js
1134,1026,React
1136,1029,FastAPI
1138,1030,ASP.NET CORE
1140,1032,Spring Boot
1141,1032,Svelte
1144,1033,Node.js
1146,1034,Next.js
1147,1034,Node.js
1148,1034,React
1149,1034,Svelte
1153,1041,Angular
1154,1041,Next.js
1155,1041,Node.js
1156,1041,React
1159,1042,Node.js
1160,1042,React
1161,1042,Spring Boot
1162,1044,Express
1164,1044,Node.js
1165,1044,React
1166,1052,ASP.NET CORE
1167,1052,FastAPI
1168,1052,Node.js
1169,1052,React
1170,1053,Angular
1171,1053,Spring Boot
1172,1054,Node.js
1174,1062,React
1177,1065,Node.js
1178,1070,Spring Boot
1179,1071,React
1180,1071,Svelte
1181,1072,Node.js
1184,1073,Vue.js
1185,1075,ASP.NET CORE
1187,1080,Next.js
1188,1080,Node.js
1189,1080,React
1190,1083,FastAPI
1192,1084,React
1195,1087,Vue.js
1197,1091,Node.js
1198,1091,Vue.js
1199,1092,Angular
1203,1092,React
1207,1093,Express
1209,1093,Next.js
1210,1093,Node.js
1212,1093,React
1213,1095,Spring Boot
1214,1096,Angular
1216,1096,Node.js
1218,1109,FastAPI
1219,1111,Svelte
1220,1113,Angular
1222,1113,Node.js
1224,1115,Angular
1225,1115,ASP.NET CORE
1229,1116,Node.js
1230,1116,React
1231,1118,Angular
1233,1118,ASP.NET CORE
1234,1118,FastAPI
1235,1118,React
1236,1118,Vue.js
1237,1121,Express
1238,1121,FastAPI
1239,1121,Next.js
1240,1121,Node.js
1241,1121,React
1242,1123,Angular
1244,1123,ASP.NET CORE
1246,1123,Express
1247,1123,FastAPI
1250,1123,Node.js
1252,1123,React
1253,1123,Vue.js
1256,1124,Next.js
1257,1124,Node.js
1258,1124,React
1261,1125,ASP.NET CORE
1263,1125,FastAPI
1266,1126,Angular
1267,1126,Express
1269,1126,Node.js
1271,1128,Express
1275,1128,Next.js
1276,1128,Node.js
1277,1128,React
1278,1128,Spring Boot
1279,1129,Node.js
1280,1129,React
1281,1134,Angular
1282,1135,ASP.NET CORE
1283,1135,Express
1284,1135,Node.js
1285,1135,React
1286,1140,ASP.NET CORE
1287,1140,Node.js
1288,1140,Vue.js
1289,1141,Angular
1290,1141,ASP.NET CORE
1291,1142,Express
1296,1142,Next.js
1297,1142,Node.js
1300,1142,React
1306,1151,Angular
1307,1151,ASP.NET CORE
1309,1151,Svelte
1310,1152,Angular
1312,1152,ASP.NET CORE
1315,1152,Express
1316,1152,Node.js
1318,1152,React
1322,1157,Node.js
1323,1157,React
1325,1159,Node.js
1326,1159,React
1327,1159,Svelte
1328,1159,Vue.js
1331,1164,Express
1335,1164,Next.js
1336,1164,Node.js
1338,1164,Spring Boot
1339,1164,Svelte
1341,1164,Vue.js
1344,1168,Node.js
1345,1168,Spring Boot
1347,1171,Express
1349,1171,Node.js
1350,1171,React
1352,1172,Vue.js
1353,1176,Node.js
1355,1177,Node.js
1357,1178,Next.js
1358,1179,ASP.NET CORE
1360,1180,Svelte
1361,1181,Node.js
1362,1181,React
1365,1182,Node.js
1367,1182,Vue.js
1368,1185,Angular
1370,1185,ASP.NET CORE
1371,1185,Node.js
1372,1194,React
1373,1194,Vue.js
1374,1207,ASP.NET CORE
1375,1207,Next.js
1376,1207,React
1377,1207,Spring Boot
1382,1214,FastAPI
1387,1214,React
1389,1214,Svelte
1391,1216,React
1393,1219,Next.js
1394,1219,Node.js
1395,1219,React
1398,1220,Next.js
1399,1220,Node.js
1400,1220,React
1402,1222,ASP.NET CORE
1407,1224,Angular
1410,1224,Express
1411,1224,Next.js
1412,1224,React
1414,1225,Spring Boot
1415,1227,Angular
1416,1227,ASP.NET CORE
1418,1227,Express
1420,1227,Node.js
1421,1228,FastAPI
1422,1231,FastAPI
1423,1231,Next.js
1424,1231,Node.js
1425,1231,React
1427,1235,ASP.NET CORE
1429,1235,Next.js
1430,1235,Node.js
1431,1235,React
1433,1235,Vue.js
1435,1238,Next.js
1436,1238,React
1437,1238,Spring Boot
1438,1240,Express
1440,1240,Node.js
1442,1244,Express
1444,1244,Next.js
1445,1244,Node.js
1446,1244,React
1448,1249,Express
1449,1249,FastAPI
1451,1249,Node.js
1452,1249,React
1453,1249,Vue.js
1454,1250,Node.js
1455,1250,React
1459,1251,Vue.js
1460,1252,ASP.NET CORE
1461,1259,Spring Boot
1465,1264,ASP.NET CORE
1467,1264,React
1468,1264,Spring Boot
1469,1264,Vue.js
1470,1267,ASP.NET CORE
1471,1267,Node.js
1472,1267,React
1473,1278,Express
1475,1278,Next.js
1476,1278,Node.js
1477,1278,React
1478,1278,Svelte
1479,1278,Vue.js
1481,1283,ASP.NET CORE
1482,1285,React
1483,1285,Svelte
1485,1287,ASP.NET CORE
1486,1287,Node.js
1489,1288,Node.js
1490,1288,Vue.js
1491,1290,ASP.NET CORE
1495,1297,Next.js
1496,1297,React
1498,1299,Next.js
1499,1299,Node.js
1500,1299,React
1505,1300,Node.js
1506,1300,React
1507,1300,Spring Boot
1508,1300,Vue.js
1509,1309,Node.js
1510,1309,React
1511,1316,Angular
1512,1316,Node.js
1513,1316,Spring Boot
1514,1316,Vue.js
1515,1319,ASP.NET CORE
1516,1319,Node.js
1517,1319,React
1518,1323,Node.js
1519,1330,Next.js
1520,1330,Node.js
1521,1331,Node.js
1522,1331,React
1524,1335,Express
1525,1335,Next.js
1526,1335,Node.js
1527,1335,React
1528,1336,Express
1531,1336,Next.js
1532,1336,Node.js
1533,1336,React
1534,1336,Vue.js
1536,1339,Angular
1538,1339,ASP.NET CORE
1541,1342,Express
1542,1342,FastAPI
1544,1342,Node.js
1547,1343,Node.js
1548,1343,React
1549,1345,Express
1552,1345,Next.js
1553,1345,Node.js
1554,1345,React
1555,1345,Vue.js
1558,1346,ASP.NET CORE
1561,1346,React
1563,1349,Spring Boot
1564,1350,Angular
1565,1352,Next.js
1566,1352,Node.js
1567,1352,React
1568,1353,Express
1570,1353,Node.js
1571,1353,React
1572,1353,Vue.js
1577,1356,ASP.NET CORE
1579,1357,FastAPI
1583,1361,Angular
1584,1361,FastAPI
1585,1365,ASP.NET CORE
1586,1365,React
1587,1367,FastAPI
1589,1370,Express
1590,1370,Node.js
1591,1370,React
1592,1370,Spring Boot
1594,1373,ASP.NET CORE
1596,1373,Next.js
1597,1373,Node.js
1598,1373,React
1601,1376,ASP.NET CORE
1603,1376,Next.js
1604,1376,Node.js
1605,1376,React
1607,1376,Svelte
1608,1376,Vue.js
1613,1380,Next.js
1614,1380,React
1618,1380,Vue.js
1622,1386,Vue.js
1623,1388,Angular
1624,1388,ASP.NET CORE
1627,1388,Express
1629,1388,Node.js
1630,1390,ASP.NET CORE
1632,1391,FastAPI
1633,1391,Svelte
1634,1399,Express
1635,1399,FastAPI
1638,1399,Next.js
1639,1399,Node.js
1640,1399,React
1642,1403,Spring Boot
1643,1404,Next.js
1644,1404,Node.js
1645,1404,React
1648,1408,ASP.NET CORE
1649,1408,React
1650,1410,Angular
1651,1410,FastAPI
1652,1413,Node.js
1653,1414,FastAPI
1654,1414,Next.js
1655,1414,Node.js
1656,1414,React
1657,1422,React
1658,1425,Node.js
1660,1428,Angular
1661,1428,ASP.NET CORE
1663,1442,Node.js
1664,1442,Vue.js
1665,1444,ASP.NET CORE
1668,1444,Svelte
1669,1448,ASP.NET CORE
1671,1452,ASP.NET CORE
1672,1452,React
1675,1452,Vue.js
1677,1453,React
1679,1465,Angular
1682,1465,FastAPI
1684,1465,Next.js
1685,1465,Node.js
1686,1465,React
1688,1465,Spring Boot
1691,1472,Express
1692,1472,Next.js
1693,1472,Node.js
1694,1472,React
1695,1475,Angular
1697,1476,Next.js
1698,1476,Node.js
1699,1476,React
1701,1476,Svelte
1702,1476,Vue.js
1703,1478,FastAPI
1705,1478,Node.js
1706,1478,Svelte
1707,1478,Vue.js
1709,1481,Angular
1710,1481,Next.js
1711,1481,Node.js
1712,1481,React
1713,1481,Spring Boot
1714,1481,Svelte
1715,1483,FastAPI
1716,1483,Svelte
1718,1487,Node.js
1719,1487,Svelte
1721,1489,Node.js
1722,1489,React
1724,1490,FastAPI
1726,1490,Next.js
1727,1490,Node.js
1728,1490,React
1731,1490,Svelte
1732,1493,React
1734,1495,FastAPI
1737,1496,ASP.NET CORE
1740,1496,Node.js
1741,1496,Spring Boot
1742,1496,Vue.js
1743,1503,React
1744,1507,Angular
1749,1507,Next.js
1750,1507,Node.js
1752,1507,React
1754,1507,Svelte
1755,1507,Vue.js
1756,1510,ASP.NET CORE
1757,1510,Express
1758,1510,Next.js
1759,1510,Node.js
1760,1510,Svelte
1761,1513,ASP.NET CORE
1764,1516,FastAPI
1766,1522,Spring Boot
1767,1522,Vue.js
1769,1523,Next.js
1770,1523,React
1772,1527,FastAPI
1776,1529,ASP.NET CORE
1777,1529,React
1778,1531,Express
1781,1531,Node.js
1783,1531,React
1785,1531,Vue.js
1786,1533,ASP.NET CORE
1791,1535,Express
1793,1535,Next.js
1794,1535,Node.js
1795,1535,React
1796,1546,ASP.NET CORE
1797,1546,Express
1799,1546,Node.js
1800,1546,Vue.js
1801,1548,ASP.NET CORE
1805,1549,FastAPI
1806,1549,Next.js
1807,1549,Node.js
1808,1549,React
1810,1557,Node.js
1811,1557,React
1814,1560,FastAPI
1816,1560,Next.js
1817,1560,React
1822,1563,FastAPI
1824,1563,Node.js
1825,1563,Vue.js
1827,1566,Express
1828,1566,Node.js
1829,1566,React
1830,1572,Express
1831,1572,Next.js
1832,1572,Node.js
1833,1572,React
1837,1574,Angular
1838,1574,ASP.NET CORE
1839,1577,FastAPI
1841,1580,Node.js
1842,1580,Vue.js
1844,1581,FastAPI
1845,1581,Svelte
1846,1581,Vue.js
1848,1582,Node.js
1849,1591,Angular
1850,1591,ASP.NET CORE
1855,1598,ASP.NET CORE
1859,1607,Next.js
1860,1607,Node.js
1861,1607,React
1863,1615,FastAPI
1865,1615,Next.js
1866,1615,Node.js
1867,1615,React
1868,1627,Express
1869,1627,FastAPI
1871,1627,Node.js
1873,1627,Spring Boot
1874,1627,Svelte
1876,1628,ASP.NET CORE
1878,1636,ASP.NET CORE
1880,1636,Vue.js
1882,1639,Vue.js
1884,1641,ASP.NET CORE
1886,1641,Node.js
1887,1650,ASP.NET CORE
1888,1653,Next.js
1889,1653,Node.js
1890,1653,React
1893,1655,FastAPI
1894,1655,React
1895,1655,Vue.js
1896,1656,Angular
1897,1656,Express
1899,1656,Node.js
1900,1656,Svelte
1902,1659,Express
1903,1659,FastAPI
1907,1659,Node.js
1908,1659,Vue.js
1910,1660,ASP.NET CORE
1911,1664,ASP.NET CORE
1915,1664,Node.js
1919,1670,ASP.NET CORE
1922,1670,React
1923,1672,ASP.NET CORE
1926,1680,FastAPI
1927,1685,Angular
1929,1685,Node.js
1930,1685,React
1931,1685,Spring Boot
1932,1686,Angular
1935,1686,ASP.NET CORE
1938,1690,ASP.NET CORE
1941,1691,FastAPI
1944,1695,Next.js
1945,1695,Node.js
1947,1695,Spring Boot
1949,1699,ASP.NET CORE
1950,1701,Express
1953,1701,Node.js
1954,1701,React
1955,1701,Svelte
1956,1703,Angular
1957,1703,Spring Boot
1958,1704,ASP.NET CORE
1960,1705,Next.js
1961,1705,Node.js
1962,1705,React
1965,1706,Next.js
1966,1706,Spring Boot
1967,1706,Svelte
1968,1706,Vue.js
1969,1710,React
1973,1714,Next.js
1974,1714,Node.js
1975,1716,Angular
1977,1716,ASP.NET CORE
1979,1716,Vue.js
1981,1718,ASP.NET CORE
1984,1718,React
1985,1727,Vue.js
1987,1729,Node.js
1988,1729,Spring Boot
1990,1734,Next.js
1991,1734,Node.js
1993,1734,Svelte
1996,1735,FastAPI
1998,1735,React
1999,1735,Vue.js
2000,1736,Angular
2002,1736,ASP.NET CORE
2005,1736,Express
2006,1736,FastAPI
2009,1736,Next.js
2010,1736,Node.js
2011,1736,React
2013,1736,Spring Boot
2014,1736,Svelte
2015,1742,Angular
2017,1744,ASP.NET CORE
2019,1744,Next.js
2020,1744,Node.js
2021,1744,React
2022,1744,Vue.js
2023,1750,Angular
2024,1750,ASP.NET CORE
2026,1750,FastAPI
2028,1750,Node.js
2029,1750,React
2030,1758,Node.js
2032,1772,ASP.NET CORE
2037,1774,Spring Boot
2039,1775,Express
2040,1775,Node.js
2041,1788,ASP.NET CORE
2045,1793,React
2047,1794,Express
2048,1794,FastAPI
2051,1794,Next.js
2052,1794,Node.js
2054,1794,Spring Boot
2055,1799,Next.js
2056,1799,Node.js
2057,1799,React
2060,1800,ASP.NET CORE
2065,1800,FastAPI
2068,1800,Next.js
2069,1800,Node.js
2071,1800,React
2072,1800,Vue.js
2074,1801,ASP.NET CORE
2076,1801,Vue.js
2077,1803,Angular
2078,1803,ASP.NET CORE
2080,1805,Node.js
2081,1805,React
2083,1806,Angular
2085,1806,Express
2086,1806,FastAPI
2090,1806,Next.js
2091,1806,React
2093,1806,Vue.js
2094,1808,Spring Boot
2095,1809,Spring Boot
2097,1812,Node.js
2099,1814,ASP.NET CORE
2104,1817,Express
2105,1817,React
2106,1817,Svelte
2107,1818,Express
2108,1818,Node.js
2109,1831,Angular
2110,1831,Spring Boot
2111,1832,ASP.NET CORE
2112,1832,React
2113,1834,Angular
2114,1834,Node.js
2115,1834,Svelte
2116,1837,Express
2118,1837,Next.js
2119,1837,Node.js
2120,1837,React
2122,1837,Vue.js
2123,1841,Next.js
2124,1841,React
2125,1843,Node.js
2126,1843,React
2127,1843,Spring Boot
2129,1844,Express
2130,1844,Next.js
2131,1844,Node.js
2132,1844,React
2133,1844,Spring Boot
2141,1851,FastAPI
2142,1851,Spring Boot
2144,1854,ASP.NET CORE
2145,1854,Node.js
2146,1854,Svelte
2147,1856,Angular
2148,1856,ASP.NET CORE
2153,1866,ASP.NET CORE
2155,1869,Express
2157,1869,Next.js
2158,1869,Node.js
2159,1869,React
2162,1870,Svelte
2163,1870,Vue.js
2165,1876,Express
2166,1876,Next.js
2167,1876,React
2175,1901,Angular
2180,1905,ASP.NET CORE
2183,1905,React
2185,1905,Svelte
2187,1907,ASP.NET CORE
2192,1908,React
2193,1908,Svelte
2197,1912,Node.js
2201,1921,Node.js
2203,1921,React
2205,1925,Vue.js
2206,1926,React
2208,1928,FastAPI
2209,1928,Node.js
2213,1929,Node.js
2214,1929,Svelte
2220,1934,Svelte
2221,1934,Vue.js
2222,1938,ASP.NET CORE
2224,1938,FastAPI
2226,1938,React
2228,1940,Vue.js
2230,1943,Express
2232,1943,Node.js
2233,1943,React
2234,1943,Svelte
2236,1944,Svelte
2237,1946,Express
2240,1946,Node.js
2241,1946,React
2244,1955,Vue.js
2246,1957,Express
2247,1957,FastAPI
2249,1957,Next.js
2250,1957,Node.js
2251,1957,React
2252,1958,Node.js
2254,1959,Node.js
2255,1959,Vue.js
2256,1962,Angular
2258,1962,ASP.NET CORE
2261,1962,Node.js
2262,1962,Svelte
2264,1963,Node.js
2267,1964,Angular
2269,1964,Express
2271,1964,Node.js
2273,1971,Express
2275,1971,Node.js
2276,1971,React
2277,1971,Vue.js
2278,1972,Angular
2280,1972,FastAPI
2282,1972,React
2283,1972,Spring Boot
2285,1974,FastAPI
2286,1974,React
2287,1975,Node.js
2288,1975,Svelte
2289,1976,Node.js
2294,1979,Spring Boot
2295,1980,React
2296,1985,Express
2297,1985,FastAPI
2300,1985,Node.js
2302,1985,Svelte
2305,1986,Spring Boot
2308,1991,Express
2309,1991,FastAPI
2310,1991,Next.js
2311,1991,Node.js
2312,1991,React
2313,1993,Node.js
2315,1993,Svelte
2318,1994,FastAPI
2321,1994,React
2322,1996,Express
2324,1996,Next.js
2325,1996,Node.js
2326,1996,React
2329,2015,FastAPI
2333,2016,Express
2334,2016,FastAPI
2335,2016,Next.js
2336,2016,Node.js
2337,2016,React
2338,2016,Svelte
2339,2016,Vue.js
2342,2019,Express
2343,2019,Node.js
2346,2022,Vue.js
2347,2031,Angular
2349,2031,ASP.NET CORE
2351,2031,Next.js
2352,2031,Node.js
2354,2031,Vue.js
2357,2034,FastAPI
2360,2038,Angular
2361,2038,ASP.NET CORE
2365,2038,Express
2368,2038,Next.js
2369,2038,Node.js
2371,2038,React
2374,2038,Svelte
2375,2038,Vue.js
2376,2042,ASP.NET CORE
2379,2045,Node.js
2380,2045,React
2384,2054,ASP.NET CORE
2386,2054,Svelte
2387,2057,FastAPI
2388,2059,FastAPI
2389,2059,Node.js
2390,2059,Svelte
2391,2060,Express
2392,2060,Node.js
2394,2062,React
2398,2071,Node.js
2399,2071,React
2400,2081,Angular
2401,2081,ASP.NET CORE
2404,2082,Node.js
2406,2083,ASP.NET CORE
2407,2088,Svelte
2408,2089,ASP.NET CORE
2410,2093,FastAPI
2417,2095,Node.js
2424,2100,FastAPI
2425,2100,Node.js
2426,2100,Vue.js
2428,2103,React
2432,2110,Express
2433,2110,FastAPI
2435,2110,Next.js
2436,2110,Node.js
2438,2110,React
2439,2113,Express
2442,2113,Node.js
2443,2113,React
2445,2116,Node.js
2446,2116,React
2449,2116,Svelte
2453,2118,FastAPI
2454,2118,React
2456,2120,Svelte
2457,2122,ASP.NET CORE
2462,2123,Node.js
2465,2128,ASP.NET CORE
2466,2128,React
2467,2128,Vue.js
2468,2139,Angular
2470,2139,Node.js
2471,2140,Svelte
2472,2141,ASP.NET CORE
2474,2142,Vue.js
2476,2147,Node.js
2477,2147,React
2478,2153,React
2479,2154,Angular
2480,2154,Express
2481,2154,Next.js
2482,2154,React
2483,2154,Spring Boot
2484,2154,Vue.js
2486,2156,Svelte
2487,2156,Vue.js
2490,2158,Node.js
2491,2158,Svelte
2493,2159,Next.js
2494,2159,Node.js
2495,2159,React
2497,2159,Svelte
2498,2161,Next.js
2499,2161,Node.js
2500,2161,React
2502,2164,Angular
2504,2164,React
2505,2165,Express
2506,2165,Next.js
2507,2165,Node.js
2508,2165,React
2511,2171,Angular
2512,2171,ASP.NET CORE
2513,2171,React
2514,2171,Svelte
2515,2172,FastAPI
2516,2172,React
2517,2173,Angular
2519,2173,Node.js
2520,2173,Svelte
2524,2176,Angular
2525,2176,ASP.NET CORE
2526,2176,Node.js
2528,2178,Next.js
2529,2178,React
2530,2178,Spring Boot
2531,2180,Angular
2532,2180,React
2534,2181,Express
2535,2181,Node.js
2537,2182,Express
2538,2182,React
2539,2183,Svelte
2542,2187,Svelte
2543,2189,ASP.NET CORE
2545,2189,FastAPI
2547,2190,ASP.NET CORE
2550,2191,Next.js
2551,2191,React
2553,2193,Svelte
2555,2194,FastAPI
2556,2194,Svelte
2557,2196,ASP.NET CORE
2559,2199,Node.js
2560,2199,Svelte
2561,2203,Next.js
2562,2203,Vue.js
2563,2204,React
2564,2204,Spring Boot
2565,2213,Next.js
2566,2213,Node.js
2567,2213,React
2568,2215,Angular
2569,2215,ASP.NET CORE
2570,2215,Express
2573,2215,Next.js
2574,2215,Node.js
2575,2215,React
2577,2215,Vue.js
2578,2219,Angular
2580,2219,ASP.NET CORE
2583,2219,React
2584,2221,Express
2585,2221,Node.js
2586,2221,React
2587,2222,ASP.NET CORE
2588,2222,React
2589,2222,Spring Boot
2591,2224,Next.js
2592,2224,Node.js
2593,2224,Spring Boot
2594,2224,Svelte
2598,2226,Next.js
2599,2226,Node.js
2601,2226,React
2604,2226,Svelte
2605,2226,Vue.js
2608,2228,Node.js
2612,2236,Next.js
2613,2236,Svelte
2614,2246,FastAPI
2616,2248,ASP.NET CORE
2618,2248,React
2619,2248,Vue.js
2621,2255,FastAPI
2622,2255,React
2625,2257,Svelte
2626,2259,Express
2628,2259,Node.js
2629,2259,React
2630,2261,React
2631,2264,ASP.NET CORE
2634,2264,Node.js
2635,2264,Vue.js
2636,2267,Angular
2637,2267,ASP.NET CORE
2638,2267,Node.js
2639,2267,Svelte
2641,2269,Express
2644,2269,Node.js
2645,2269,React
2647,2276,FastAPI
2648,2276,React
2649,2284,Express
2651,2285,Express
2652,2285,Node.js
2653,2285,React
2655,2286,Node.js
2656,2286,React
2657,2287,Next.js
2658,2287,React
2659,2288,Node.js
2661,2293,Express
2662,2293,Next.js
2663,2293,Node.js
2664,2293,React
2665,2294,ASP.NET CORE
2666,2294,Next.js
2667,2294,React
2669,2295,ASP.NET CORE
2670,2295,React
2673,2303,ASP.NET CORE
2675,2304,ASP.NET CORE
2677,2304,Node.js
2678,2304,Vue.js
2679,2306,Vue.js
2680,2308,Spring Boot
2681,2309,Angular
2684,2309,React
2685,2309,Spring Boot
2686,2309,Vue.js
2688,2312,Node.js
2692,2312,Vue.js
2697,2315,Node.js
2698,2315,Svelte
2699,2316,Next.js
2701,2323,ASP.NET CORE
2703,2323,Spring Boot
2704,2323,Vue.js
2705,2326,ASP.NET CORE
2706,2326,Node.js
2707,2326,Svelte
2709,2329,React
2711,2334,Express
2713,2334,Next.js
2714,2334,Node.js
2715,2334,React
2718,2334,Svelte
2719,2335,Svelte
2724,2340,Next.js
2725,2340,Node.js
2726,2340,Svelte
2729,2352,Express
2730,2352,Node.js
2731,2354,ASP.NET CORE
2732,2355,Angular
2734,2355,ASP.NET CORE
2736,2355,Express
2738,2355,Node.js
2740,2355,Svelte
2741,2356,Svelte
2742,2359,Angular
2743,2359,Express
2745,2359,Node.js
2747,2359,React
2748,2359,Spring Boot
2749,2359,Vue.js
2751,2363,Svelte
2752,2365,Spring Boot
2755,2367,Angular
2756,2367,Spring Boot
2757,2367,Svelte
2758,2369,Angular
2759,2369,Next.js
2760,2369,Node.js
2765,2381,React
2766,2381,Svelte
2768,2384,FastAPI
2769,2384,Svelte
2771,2390,ASP.NET CORE
2773,2390,FastAPI
2774,2390,React
2779,2395,React
2780,2398,React
2785,2400,Node.js
2786,2400,Svelte
2787,2402,FastAPI
2788,2402,Node.js
2789,2404,ASP.NET CORE
2791,2404,Vue.js
2793,2416,Express
2794,2416,FastAPI
2795,2416,Next.js
2796,2416,Node.js
2797,2416,React
2799,2419,FastAPI
2803,2419,Vue.js
2806,2421,React
2807,2422,Next.js
2808,2422,Node.js
2809,2422,React
2812,2427,Express
2814,2427,Next.js
2815,2427,Node.js
2816,2427,React
2817,2430,FastAPI
2818,2430,Node.js
2819,2430,Svelte
2821,2434,FastAPI
2824,2450,React
2825,2450,Svelte
2826,2451,Vue.js
2830,2457,React
2831,2457,Spring Boot
2835,2471,Next.js
2836,2471,Node.js
2838,2471,React
2841,2491,Node.js
2842,2491,Vue.js
2843,2492,ASP.NET CORE
2845,2492,Vue.js
2846,2493,ASP.NET CORE
2848,2493,Svelte
2849,2494,ASP.NET CORE
2850,2494,Svelte
2853,2501,Express
2854,2501,Node.js
2855,2501,React
2856,2502,FastAPI
2859,2511,Next.js
2860,2511,Node.js
2861,2511,React
2862,2515,Angular
2864,2515,Express
2866,2515,Next.js
2867,2515,Node.js
2868,2515,React
2872,2518,Svelte
2873,2520,Angular
2874,2520,Next.js
2875,2520,Node.js
2876,2520,React
2878,2520,Svelte
2880,2525,React
2887,2527,React
2888,2527,Svelte
2889,2527,Vue.js
2890,2528,React
2894,2529,Express
2895,2529,FastAPI
2898,2529,Next.js
2899,2529,Node.js
2900,2529,React
2902,2529,Svelte
2903,2530,React
2905,2531,Node.js
2906,2531,React
2907,2533,Express
2908,2533,Next.js
2909,2533,Node.js
2910,2533,React
2911,2535,React
2912,2536,Express
2913,2536,Node.js
2914,2536,React
2915,2537,Angular
2916,2537,ASP.NET CORE
2917,2537,Node.js
2918,2537,React
2921,2544,FastAPI
2923,2544,Vue.js
2924,2546,FastAPI
2925,2546,Node.js
2926,2546,React
2927,2546,Vue.js
2928,2547,Express
2932,2553,Next.js
2934,2553,React
2936,2553,Svelte
2938,2556,Svelte
2939,2558,Next.js
2940,2558,Node.js
2941,2564,Node.js
2942,2567,ASP.NET CORE
2945,2567,Next.js
2947,2567,Vue.js
2949,2568,Node.js
2950,2568,React
2952,2569,Svelte
2953,2572,FastAPI
2954,2572,Next.js
2955,2572,React
2956,2575,Angular
2962,2576,ASP.NET CORE
2965,2576,Express
2966,2576,Next.js
2967,2576,Node.js
2968,2576,React
2970,2576,Svelte
2971,2579,Angular
2972,2579,Express
2975,2579,Next.js
2976,2579,Node.js
2977,2579,React
2980,2580,ASP.NET CORE
2982,2580,Next.js
2985,2587,ASP.NET CORE
2989,2588,React
2992,2592,Next.js
2993,2592,Node.js
2994,2592,React
2996,2593,Node.js
2997,2593,Svelte
2998,2595,Express
2999,2595,Node.js
3000,2595,React
3003,2600,Node.js
3004,2600,React
3005,2600,Svelte
3006,2606,Node.js
3007,2606,Vue.js
3008,2607,ASP.NET CORE
3011,2607,FastAPI
3013,2607,Next.js
3014,2607,Node.js
3015,2607,React
3016,2609,ASP.NET CORE
3019,2609,Next.js
3020,2609,React
3021,2610,Angular
3023,2610,ASP.NET CORE
3025,2610,Express
3026,2610,Next.js
3027,2610,React
3028,2612,Node.js
3030,2616,React
3033,2624,React
3038,2625,Node.js
3040,2632,ASP.NET CORE
3042,2632,Svelte
3043,2636,FastAPI
3044,2636,Svelte
3046,2639,Svelte
3047,2641,Angular
3050,2641,Express
3051,2641,FastAPI
3054,2641,Node.js
3055,2641,Svelte
3056,2641,Vue.js
3057,2644,Express
3060,2644,Next.js
3061,2644,Node.js
3062,2644,React
3064,2646,FastAPI
3066,2646,Svelte
3067,2648,Svelte
3069,2651,React
3070,2656,Angular
3071,2657,Express
3074,2659,ASP.NET CORE
3075,2659,Node.js
3076,2663,Express
3078,2663,Node.js
3079,2663,React
3080,2666,Angular
3081,2666,ASP.NET CORE
3083,2667,ASP.NET CORE
3084,2667,FastAPI
3085,2667,React
3087,2673,FastAPI
3090,2674,Node.js
3091,2674,Spring Boot
3092,2674,Vue.js
3093,2676,ASP.NET CORE
3098,2676,Svelte
3101,2679,Angular
3103,2679,Express
3104,2679,FastAPI
3107,2679,Node.js
3113,2683,React
3114,2683,Spring Boot
3115,2684,ASP.NET CORE
3117,2685,Angular
3120,2688,ASP.NET CORE
3122,2688,Next.js
3123,2688,Node.js
3124,2688,React
3125,2690,Node.js
3127,2698,React
3128,2702,Angular
3130,2702,Express
3133,2702,Node.js
3134,2702,Spring Boot
3135,2702,Vue.js
3138,2706,FastAPI
3142,2706,Next.js
3144,2706,Vue.js
3147,2719,Angular
3148,2719,Node.js
3149,2721,Angular
3150,2721,Spring Boot
3153,2723,Vue.js
3156,2724,ASP.NET CORE
3159,2725,ASP.NET CORE
3161,2725,Next.js
3162,2726,Angular
3164,2726,ASP.NET CORE
3166,2726,Next.js
3167,2726,Node.js
3168,2726,React
3170,2726,Vue.js
3172,2731,Express
3173,2731,Node.js
3174,2731,Svelte
3176,2732,React
3178,2735,Vue.js
3180,2737,Next.js
3181,2737,Node.js
3182,2737,React
3183,2738,Express
3184,2738,Next.js
3185,2738,Node.js
3186,2738,React
3187,2740,Node.js
3189,2743,Express
3190,2743,Next.js
3191,2743,Node.js
3192,2743,React
3194,2743,Vue.js
3195,2744,Angular
3197,2744,Express
3199,2744,Next.js
3200,2744,Node.js
3201,2744,React
3204,2744,Vue.js
3205,2747,React
3207,2747,Spring Boot
3208,2748,Next.js
3209,2748,Node.js
3212,2751,Node.js
3213,2751,React
3214,2752,Node.js
3215,2754,Angular
3216,2754,React
3217,2755,FastAPI
3218,2755,Svelte
3219,2757,Angular
3221,2759,Angular
3222,2759,ASP.NET CORE
3226,2764,Node.js
3230,2764,Svelte
3231,2769,ASP.NET CORE
3233,2769,React
3235,2771,Express
3239,2771,Next.js
3240,2771,Node.js
3241,2771,React
3245,2771,Svelte
3247,2773,ASP.NET CORE
3251,2782,FastAPI
3252,2784,Express
3253,2784,Next.js
3254,2784,Node.js
3256,2784,React
3257,2784,Vue.js
3262,2785,Svelte
3263,2785,Vue.js
3266,2787,Vue.js
3267,2788,ASP.NET CORE
3269,2788,FastAPI
3272,2788,Node.js
3275,2788,Svelte
3276,2788,Vue.js
3277,2790,Next.js
3278,2790,Spring Boot
3279,2798,Svelte
3281,2801,ASP.NET CORE
3282,2801,Next.js
3283,2803,Angular
3285,2803,React
3287,2803,Vue.js
3288,2808,ASP.NET CORE
3294,2813,Node.js
3296,2813,Vue.js
3297,2822,Next.js
3298,2822,Spring Boot
3299,2831,React
3300,2831,Spring Boot
3301,2832,Next.js
3302,2832,Node.js
3303,2832,React
3305,2838,Express
3307,2838,Next.js
3308,2838,Node.js
3309,2838,React
3310,2842,Angular
3312,2842,ASP.NET CORE
3313,2842,Node.js
3314,2842,Spring Boot
3319,2846,Svelte
3321,2852,Express
3322,2852,Next.js
3323,2852,Node.js
3324,2852,Svelte
3325,2856,ASP.NET CORE
3329,2859,Express
3330,2859,FastAPI
3333,2859,Next.js
3334,2859,Node.js
3335,2859,React
3337,2860,ASP.NET CORE
3338,2860,React
3340,2863,React
3342,2867,FastAPI
3344,2867,React
3345,2868,FastAPI
3347,2874,Angular
3350,2874,Express
3351,2874,FastAPI
3353,2874,Next.js
3354,2874,Node.js
3355,2874,React
3357,2876,FastAPI
3358,2877,ASP.NET CORE
3359,2877,Vue.js
3360,2879,Spring Boot
3361,2880,Angular
3365,2880,Node.js
3366,2880,React
3368,2880,Svelte
3369,2882,Express
3371,2882,Next.js
3372,2882,Node.js
3373,2882,React
3374,2882,Vue.js
3376,2884,React
3377,2886,ASP.NET CORE
3378,2886,FastAPI
3379,2892,Angular
3380,2892,React
3383,2896,Node.js
3384,2896,React
3385,2903,Express
3387,2903,Node.js
3388,2903,React
3391,2904,Next.js
3392,2904,React
3395,2909,FastAPI
3396,2910,Express
3397,2910,Node.js
3398,2910,React
3400,2913,Next.js
3401,2913,Node.js
3402,2913,React
3403,2914,ASP.NET CORE
3405,2914,Next.js
3406,2914,React
3410,2919,ASP.NET CORE
3414,2919,Node.js
3415,2919,React
3417,2919,Svelte
3418,2920,Angular
3420,2920,Next.js
3421,2920,Node.js
3422,2920,React
3424,2920,Spring Boot
3425,2920,Svelte
3426,2923,Express
3428,2923,Node.js
3429,2928,Angular
3433,2928,Node.js
3434,2928,React
3435,2928,Vue.js
3436,2931,Angular
3437,2931,ASP.NET CORE
3438,2931,Node.js
3439,2931,React
3440,2934,FastAPI
3441,2934,Next.js
3442,2934,Node.js
3443,2934,React
3445,2947,Angular
3449,2956,Express
3450,2956,FastAPI
3453,2956,Next.js
3454,2956,Node.js
3455,2956,React
3456,2956,Vue.js
3459,2957,Node.js
3461,2957,Svelte
3462,2959,FastAPI
3463,2961,Angular
3465,2961,Express
3468,2961,Node.js
3469,2961,Spring Boot
3470,2963,Angular
3474,2963,FastAPI
3481,2963,Node.js
3485,2963,React
3489,2963,Spring Boot
3491,2963,Svelte
3493,2963,Vue.js
3496,2966,Next.js
3497,2966,Node.js
3498,2966,React
3499,2967,Next.js
3500,2967,Node.js
3501,2967,React
3504,2968,Node.js
3505,2968,React
3506,2968,Svelte
3507,2970,Angular
3508,2970,FastAPI
3510,2972,Next.js
3511,2972,React
3512,2972,Spring Boot
3513,2981,Angular
3515,2981,Spring Boot
3518,2982,Node.js
3519,2982,Spring Boot
3522,2983,Express
3523,2983,Next.js
3524,2983,Node.js
3525,2983,React
3526,2986,ASP.NET CORE
3529,2987,FastAPI
3535,2997,Node.js
3536,2997,Svelte
3537,2999,ASP.NET CORE
3539,2999,FastAPI
3541,2999,Node.js
3542,2999,Vue.js
3544,3000,Angular
3545,3000,ASP.NET CORE
3546,3000,Node.js
3548,3005,React
3549,3005,Spring Boot
3550,3009,ASP.NET CORE
3552,3009,Express
3555,3009,Next.js
3556,3009,Node.js
3558,3009,React
3561,3009,Svelte
3562,3009,Vue.js
3564,3020,Angular
3566,3020,Node.js
3567,3020,React
3568,3020,Vue.js
3571,3024,Express
3574,3024,Svelte
3575,3028,ASP.NET CORE
3578,3030,Node.js
3582,3030,Svelte
3583,3030,Vue.js
3585,3033,Node.js
3587,3034,FastAPI
3588,3039,FastAPI
3589,3039,React
3590,3040,FastAPI
3594,3044,FastAPI
3595,3045,Angular
3598,3045,Node.js
3599,3045,Spring Boot
3600,3045,Vue.js
3601,3050,FastAPI
3602,3050,Svelte
3605,3051,Next.js
3606,3051,Node.js
3608,3052,React
3609,3052,Spring Boot
3610,3053,Angular
3612,3055,Svelte
3614,3058,Express
3615,3058,FastAPI
3617,3058,Node.js
3618,3059,Express
3620,3059,Next.js
3621,3059,React
3622,3061,Svelte
3623,3064,Spring Boot
3624,3065,Angular
3627,3065,Express
3628,3065,FastAPI
3631,3065,Node.js
3632,3065,Vue.js
3634,3067,ASP.NET CORE
3637,3067,Next.js
3638,3067,React
3640,3069,FastAPI
3642,3069,React
3644,3074,ASP.NET CORE
3647,3074,Next.js
3648,3074,Node.js
3649,3074,React
3650,3074,Svelte
3652,3076,Angular
3654,3076,FastAPI
3655,3076,React
3656,3078,ASP.NET CORE
3657,3079,Angular
3658,3079,Node.js
3659,3082,Angular
3661,3082,Spring Boot
3666,3087,FastAPI
3667,3087,React
3669,3089,React
3671,3091,ASP.NET CORE
3673,3091,Next.js
3674,3093,Angular
3675,3093,ASP.NET CORE
3677,3093,Node.js
3678,3097,Next.js
3679,3097,Node.js
3680,3097,React
3681,3097,Svelte
3683,3100,Vue.js
3684,3103,Angular
3685,3103,Node.js
3686,3104,Node.js
3688,3104,Svelte
3689,3104,Vue.js
3692,3105,Vue.js
3693,3107,Spring Boot
3694,3109,Express
3695,3109,Node.js
3696,3109,React
3697,3109,Spring Boot
3698,3110,Node.js
3699,3110,React
3702,3113,FastAPI
3703,3113,Svelte
3704,3117,ASP.NET CORE
3708,3117,React
3709,3119,Node.js
3710,3119,Vue.js
3713,3129,Node.js
3714,3130,Express
3717,3130,Next.js
3718,3130,Node.js
3719,3130,React
3720,3133,Angular
3721,3133,ASP.NET CORE
3723,3133,Svelte
3724,3138,Angular
3726,3138,ASP.NET CORE
3728,3138,Express
3730,3138,React
3733,3138,Vue.js
3734,3139,FastAPI
3735,3139,React
3738,3141,Next.js
3739,3141,React
3740,3141,Svelte
3741,3141,Vue.js
3742,3144,ASP.NET CORE
3743,3147,Angular
3744,3147,Express
3746,3147,Next.js
3747,3147,Node.js
3749,3147,React
3750,3147,Spring Boot
3752,3149,ASP.NET CORE
3753,3149,Node.js
3754,3149,React
3755,3150,Angular
3759,3150,Node.js
3760,3150,React
3761,3157,Angular
3768,3157,Next.js
3769,3157,Node.js
3771,3157,React
3773,3157,Vue.js
3776,3161,ASP.NET CORE
3779,3163,FastAPI
3781,3163,React
3782,3172,Angular
3784,3172,Next.js
3785,3172,React
3786,3174,Next.js
3787,3174,Node.js
3789,3174,Svelte
3793,3175,Vue.js
3795,3178,FastAPI
3796,3178,React
3797,3179,Node.js
3798,3191,Angular
3800,3191,ASP.NET CORE
3802,3191,Node.js
3804,3196,ASP.NET CORE
3805,3198,Spring Boot
3807,3200,FastAPI
3810,3201,Node.js
3811,3207,Node.js
3812,3209,Express
3814,3209,Next.js
3815,3209,Node.js
3816,3209,React
3818,3209,Spring Boot
3820,3212,React
3821,3212,Vue.js
3822,3213,Node.js
3824,3215,Node.js
3825,3215,React
3826,3215,Svelte
3829,3216,FastAPI
3831,3216,Next.js
3832,3216,React
3833,3217,FastAPI
3834,3217,Next.js
3835,3217,Node.js
3836,3217,React
3837,3218,ASP.NET CORE
3839,3221,Angular
3840,3221,ASP.NET CORE
3841,3223,Spring Boot
3843,3225,Express
3844,3225,Next.js
3845,3225,Node.js
3846,3225,React
3847,3225,Svelte
3849,3228,FastAPI
3851,3228,Node.js
3852,3228,React
3854,3228,Spring Boot
3858,3230,Node.js
3859,3230,Svelte
3860,3231,Node.js
3861,3231,React
3863,3232,Express
3866,3232,Next.js
3867,3232,Node.js
3868,3232,React
3870,3233,ASP.NET CORE
3872,3239,ASP.NET CORE
3874,3239,Svelte
3876,3240,FastAPI
3878,3242,ASP.NET CORE
3880,3249,Node.js
3881,3249,React
3882,3249,Spring Boot
3883,3252,Express
3884,3252,Next.js
3885,3252,Node.js
3886,3252,Spring Boot
3888,3254,ASP.NET CORE
3889,3258,Node.js
3890,3258,Svelte
3891,3260,Express
3892,3260,FastAPI
3894,3260,Next.js
3895,3260,Node.js
3896,3260,Vue.js
3897,3265,FastAPI
3899,3269,React
3900,3277,ASP.NET CORE
3902,3278,Angular
3903,3278,Next.js
3904,3278,Node.js
3905,3278,Spring Boot
3908,3282,Node.js
3909,3282,Spring Boot
3910,3285,Express
3911,3285,Next.js
3912,3285,Node.js
3913,3285,React
3914,3287,ASP.NET CORE
3917,3288,FastAPI
3918,3288,React
3920,3293,Node.js
3921,3297,Node.js
3922,3297,React
3923,3297,Spring Boot
3924,3303,ASP.NET CORE
3927,3303,React
3928,3304,Angular
3929,3304,ASP.NET CORE
3934,3304,Svelte
3936,3305,Angular
3937,3305,ASP.NET CORE
3938,3306,Angular
3939,3306,ASP.NET CORE
3943,3306,Spring Boot
3944,3306,Vue.js
3946,3308,Svelte
3947,3309,Express
3949,3309,Next.js
3950,3309,Node.js
3951,3309,React
3953,3309,Vue.js
3954,3310,Node.js
3957,3313,Express
3959,3313,Next.js
3960,3313,Node.js
3961,3313,React
3964,3314,Next.js
3965,3314,Node.js
3966,3314,React
3967,3315,ASP.NET CORE
3968,3315,React
3969,3316,Angular
3970,3316,FastAPI
3972,3317,Angular
3974,3317,Next.js
3975,3317,React
3976,3317,Spring Boot
3977,3318,Angular
3980,3318,Express
3981,3318,Next.js
3982,3318,Node.js
3983,3318,React
3984,3318,Vue.js
3985,3327,Express
3988,3327,Next.js
3989,3327,Node.js
3990,3327,React
3991,3328,Node.js
3993,3331,React
3994,3331,Spring Boot
3996,3332,React
3998,3336,React
4001,3340,Node.js
4004,3342,Node.js
4005,3342,React
4007,3346,Angular
4008,3346,Node.js
4009,3346,Spring Boot
4012,3349,FastAPI
4013,3351,Angular
4016,3351,Next.js
4017,3351,Node.js
4018,3351,React
4020,3360,Angular
4022,3360,Node.js
4023,3362,FastAPI
4024,3365,Express
4025,3365,Next.js
4026,3365,Node.js
4027,3365,React
4028,3371,Angular
4030,3371,Node.js
4031,3371,Spring Boot
4035,3375,Node.js
4037,3375,Spring Boot
4038,3375,Svelte
4039,3375,Vue.js
4041,3377,ASP.NET CORE
4046,3377,Vue.js
4048,3379,ASP.NET CORE
4049,3379,React
4052,3386,React
4053,3386,Svelte
4054,3390,FastAPI
4057,3390,Vue.js
4060,3393,Express
4062,3393,Node.js
4064,3395,Node.js
4065,3397,Node.js
4068,3398,React
4070,3408,ASP.NET CORE
4071,3408,Vue.js
4072,3410,Angular
4073,3410,ASP.NET CORE
4076,3412,Node.js
4077,3412,React
4078,3413,Angular
4079,3413,ASP.NET CORE
4080,3413,Next.js
4081,3413,React
4082,3413,Svelte
4083,3414,ASP.NET CORE
4085,3417,ASP.NET CORE
4086,3417,Next.js
4087,3417,React
4088,3419,Node.js
4090,3427,Angular
4092,3427,ASP.NET CORE
4094,3427,React
4098,3428,Node.js
4100,3428,Svelte
4101,3435,ASP.NET CORE
4102,3435,Node.js
4103,3435,Vue.js
4104,3436,Angular
4109,3438,Next.js
4111,3440,ASP.NET CORE
4114,3440,React
4115,3442,Angular
4117,3442,React
4118,3442,Spring Boot
4119,3442,Vue.js
4120,3448,Express
4121,3448,Spring Boot
4123,3454,ASP.NET CORE
4127,3455,Spring Boot
4128,3459,React
4130,3459,Spring Boot
4131,3459,Svelte
4132,3460,Angular
4134,3467,ASP.NET CORE
4136,3468,Spring Boot
4137,3468,Svelte
4139,3470,Express
4140,3470,FastAPI
4142,3470,Node.js
4143,3470,React
4144,3470,Spring Boot
4145,3473,Node.js
4146,3473,React
4147,3474,ASP.NET CORE
4150,3474,Svelte
4152,3475,Angular
4155,3475,ASP.NET CORE
4158,3475,Next.js
4159,3475,Node.js
4160,3475,React
4162,3480,ASP.NET CORE
4167,3481,Spring Boot
4168,3481,Svelte
4169,3484,Angular
4170,3484,Spring Boot
4171,3487,Node.js
4173,3487,Vue.js
4174,3488,Express
4175,3488,Node.js
4176,3488,React
4177,3491,ASP.NET CORE
4179,3491,Node.js
4180,3501,Angular
4181,3501,Node.js
4183,3503,Angular
4184,3503,Spring Boot
4188,3505,React
4189,3505,Spring Boot
4190,3505,Vue.js
4191,3509,Express
4192,3509,FastAPI
4193,3509,Next.js
4194,3509,Node.js
4195,3509,React
4198,3510,Next.js
4199,3510,Node.js
4200,3510,React
4201,3510,Svelte
4202,3511,ASP.NET CORE
4203,3511,Spring Boot
4204,3514,FastAPI
4206,3517,Vue.js
4207,3518,Node.js
4209,3518,Vue.js
4211,3519,React
4212,3526,Angular
4214,3526,Next.js
4215,3526,Node.js
4217,3526,React
4219,3526,Vue.js
4220,3528,Node.js
4221,3528,React
4222,3530,Express
4223,3530,Node.js
4224,3530,React
4226,3532,FastAPI
4227,3532,Node.js
4228,3532,React
4229,3532,Spring Boot
4230,3540,Angular
4232,3540,ASP.NET CORE
4233,3546,Angular
4234,3546,Node.js
4235,3546,React
4236,3546,Vue.js
4239,3549,Node.js
4240,3549,React
4241,3553,Node.js
4242,3554,Angular
4243,3554,ASP.NET CORE
4245,3554,React
4246,3554,Svelte
4248,3556,Node.js
4249,3556,React
4250,3562,Angular
4252,3562,Node.js
4255,3564,Express
4256,3564,Node.js
4257,3564,React
4258,3564,Spring Boot
4259,3569,ASP.NET CORE
4261,3570,FastAPI
4262,3571,Angular
4264,3571,Node.js
4265,3571,Spring Boot
4266,3572,Angular
4267,3572,ASP.NET CORE
4268,3572,React
4269,3576,Angular
4272,3576,Next.js
4273,3576,Node.js
4274,3576,React
4276,3586,Angular
4277,3586,ASP.NET CORE
4281,3588,Spring Boot
4282,3588,Svelte
4286,3592,Node.js
4287,3592,React
4288,3592,Vue.js
4289,3595,Angular
4290,3595,FastAPI
4291,3595,React
4292,3595,Svelte
4295,3603,Angular
4297,3603,ASP.NET CORE
4299,3603,React
4300,3604,Node.js
4301,3604,React
4302,3604,Vue.js
4306,3607,Vue.js
4309,3610,Next.js
4310,3610,Node.js
4311,3610,Svelte
4312,3610,Vue.js
4313,3613,Svelte
4315,3618,ASP.NET CORE
4317,3618,React
4320,3620,ASP.NET CORE
4323,3621,Spring Boot
4326,3624,Express
4327,3624,FastAPI
4329,3624,Node.js
4332,3624,Vue.js
4335,3629,FastAPI
4338,3629,React
4342,3635,Express
4343,3635,FastAPI
4347,3635,Node.js
4349,3635,React
4350,3635,Vue.js
4351,3636,ASP.NET CORE
4352,3636,Next.js
4353,3636,Node.js
4354,3636,React
4358,3642,React
4360,3643,Spring Boot
4364,3644,Svelte
4365,3647,ASP.NET CORE
4366,3648,FastAPI
4367,3648,Next.js
4368,3648,Node.js
4369,3648,React
4370,3649,Express
4373,3649,Next.js
4374,3649,Node.js
4375,3649,React
4376,3649,Vue.js
4378,3651,Express
4379,3651,FastAPI
4385,3651,Next.js
4386,3651,Node.js
4387,3651,React
4389,3651,Svelte
4391,3651,Vue.js
4394,3662,FastAPI
4396,3663,Spring Boot
4398,3664,ASP.NET CORE
4399,3664,Node.js
4400,3672,Node.js
4402,3675,Angular
4405,3675,FastAPI
4409,3675,Node.js
4410,3675,Spring Boot
4411,3675,Vue.js
4412,3677,Angular
4414,3677,Node.js
4416,3677,Spring Boot
4419,3678,React
4422,3680,Node.js
4426,3687,ASP.NET CORE
4427,3687,Express
4429,3687,Node.js
4430,3687,React
4431,3692,Express
4432,3692,Node.js
4434,3693,FastAPI
4435,3693,Next.js
4436,3693,Svelte
4438,3695,Node.js
4440,3695,Vue.js
4441,3697,Angular
4444,3697,ASP.NET CORE
4447,3697,Node.js
4448,3697,React
4449,3704,Angular
4451,3705,Angular
4453,3705,React
4454,3705,Spring Boot
4455,3706,ASP.NET CORE
4457,3716,Angular
4458,3716,ASP.NET CORE
4459,3716,React
4460,3721,Express
4462,3721,Node.js
4463,3721,React
4467,3724,React
4469,3724,Spring Boot
4470,3727,Node.js
4471,3727,React
4473,3728,Vue.js
4474,3733,Spring Boot
4475,3734,Express
4476,3734,Svelte
4477,3735,FastAPI
4478,3735,Next.js
4480,3735,Svelte
4482,3736,ASP.NET CORE
4483,3738,Angular
4486,3738,ASP.NET CORE
4491,3738,Node.js
4492,3738,React
4493,3738,Vue.js
4494,3740,Angular
4495,3740,ASP.NET CORE
4496,3746,Next.js
4497,3746,React
4499,3747,ASP.NET CORE
4502,3747,React
4503,3749,ASP.NET CORE
4505,3749,Node.js
4507,3749,Svelte
4508,3749,Vue.js
4509,3751,Spring Boot
4510,3754,Next.js
4511,3754,Node.js
4512,3754,React
4514,3754,Vue.js
4516,3755,Express
4517,3755,Node.js
4518,3755,Vue.js
4520,3756,Svelte
4521,3758,ASP.NET CORE
4522,3758,React
4523,3759,ASP.NET CORE
4526,3760,FastAPI
4529,3762,Node.js
4531,3764,Express
4532,3764,FastAPI
4536,3764,Next.js
4537,3764,Node.js
4539,3764,React
4540,3764,Spring Boot
4541,3766,React
4542,3766,Vue.js
4544,3771,Node.js
4545,3771,React
4546,3771,Spring Boot
4547,3772,React
4549,3772,Svelte
4550,3773,FastAPI
4551,3773,Svelte
4552,3774,Angular
4554,3779,Angular
4555,3779,Express
4557,3779,Next.js
4558,3779,Node.js
4559,3779,React
4562,3781,Angular
4564,3785,Angular
4567,3785,ASP.NET CORE
4569,3785,Next.js
4570,3785,Node.js
4572,3790,Angular
4575,3790,Next.js
4576,3790,Node.js
4577,3790,React
4583,3793,Svelte
4586,3796,ASP.NET CORE
4588,3797,FastAPI
4590,3798,Next.js
4592,3803,Angular
4593,3803,Express
4594,3803,Node.js
4595,3803,Svelte
4597,3809,FastAPI
4599,3809,Vue.js
4600,3810,Express
4602,3810,Node.js
4604,3810,Svelte
4606,3813,ASP.NET CORE
4607,3813,Express
4609,3813,Next.js
4610,3813,Node.js
4611,3813,React
4612,3816,Angular
4613,3816,Express
4614,3816,Node.js
4615,3816,Spring Boot
4616,3817,ASP.NET CORE
4617,3819,Node.js
4619,3821,ASP.NET CORE
4620,3821,Node.js
4621,3821,React
4622,3827,Angular
4625,3827,ASP.NET CORE
4627,3827,FastAPI
4630,3827,Next.js
4631,3827,Node.js
4633,3827,React
4634,3827,Vue.js
4635,3829,FastAPI
4638,3834,ASP.NET CORE
4640,3834,Node.js
4642,3837,Next.js
4643,3837,React
4644,3837,Spring Boot
4645,3838,ASP.NET CORE
4648,3840,ASP.NET CORE
4651,3840,React
4652,3840,Vue.js
4653,3845,Express
4656,3845,Node.js
4657,3845,React
4659,3845,Svelte
4660,3845,Vue.js
4661,3850,Express
4662,3850,Next.js
4663,3850,Node.js
4664,3850,React
4666,3857,FastAPI
4670,3858,Svelte
4671,3860,ASP.NET CORE
4673,3860,Svelte
4674,3863,ASP.NET CORE
4676,3866,ASP.NET CORE
4677,3866,Node.js
4678,3868,FastAPI
4680,3868,Svelte
4681,3880,ASP.NET CORE
4682,3881,Angular
4683,3881,FastAPI
4685,3881,React
4686,3881,Spring Boot
4689,3886,Node.js
4690,3886,Svelte
4692,3889,ASP.NET CORE
4694,3889,Next.js
4695,3889,React
4696,3889,Svelte
4697,3889,Vue.js
4700,3895,Express
4703,3895,Node.js
4704,3895,React
4706,3895,Vue.js
4708,3898,FastAPI
4709,3898,React
4710,3901,Spring Boot
4711,3903,Next.js
4712,3903,Node.js
4713,3903,React
4714,3903,Vue.js
4715,3904,Angular
4716,3904,ASP.NET CORE
4717,3904,Express
4718,3904,Node.js
4719,3904,React
4720,3904,Spring Boot
4721,3904,Vue.js
4723,3906,ASP.NET CORE
4725,3910,React
4726,3910,Spring Boot
4727,3910,Svelte
4728,3915,Angular
4729,3915,Express
4730,3915,Node.js
4731,3917,Angular
4732,3918,ASP.NET CORE
4733,3918,Svelte
4735,3919,React
4736,3919,Spring Boot
4738,3923,Spring Boot
4739,3923,Svelte
4741,3934,ASP.NET CORE
4743,3934,Vue.js
4744,3937,ASP.NET CORE
4748,3937,Next.js
4749,3937,Node.js
4750,3937,React
4753,3937,Svelte
4756,3941,Node.js
4757,3941,React
4759,3941,Svelte
4760,3941,Vue.js
4762,3946,React
4763,3959,Angular
4766,3961,Express
4767,3961,Next.js
4768,3961,Spring Boot
4773,3969,Next.js
4774,3969,Node.js
4775,3969,React
4777,3969,Svelte
4780,3972,Express
4783,3972,Node.js
4784,3972,React
4787,3973,Node.js
4788,3973,React
4790,3974,ASP.NET CORE
4793,3974,Express
4794,3974,FastAPI
4795,3974,Next.js
4796,3974,React
4797,3974,Svelte
4799,3984,FastAPI
4800,3987,Angular
4801,3987,ASP.NET CORE
4802,3987,React
4804,3992,ASP.NET CORE
4805,3996,Vue.js
4806,4003,FastAPI
4808,4003,Node.js
4812,4006,Node.js
4814,4006,Svelte
4816,4008,ASP.NET CORE
4819,4010,Spring Boot
4821,4016,Angular
4822,4016,Express
4823,4016,Node.js
4825,4017,FastAPI
4827,4019,Express
4830,4019,Node.js
4833,4019,Svelte
4834,4019,Vue.js
4837,4026,Angular
4839,4026,Next.js
4841,4026,React
4842,4026,Svelte
4843,4026,Vue.js
4845,4027,ASP.NET CORE
4847,4027,Node.js
4848,4027,Spring Boot
4849,4027,Vue.js
4851,4029,ASP.NET CORE
4853,4031,Node.js
4854,4035,Spring Boot
4856,4044,Express
4858,4047,ASP.NET CORE
4862,4050,Angular
4863,4050,Node.js
4864,4050,React
4865,4050,Vue.js
4866,4054,Express
4868,4054,Spring Boot
4869,4054,Vue.js
4871,4055,ASP.NET CORE
4873,4055,Express
4874,4055,Node.js
4879,4058,Express
4880,4058,Next.js
4881,4058,Node.js
4882,4058,React
4883,4058,Spring Boot
4884,4064,ASP.NET CORE
4885,4064,React
4887,4067,Spring Boot
4888,4067,Svelte
4889,4067,Vue.js
4891,4068,Express
4892,4068,FastAPI
4893,4068,React
4894,4071,Svelte
4896,4072,React
4898,4073,ASP.NET CORE
4899,4073,React
4901,4075,React
4904,4083,ASP.NET CORE
4906,4083,Next.js
4907,4083,Node.js
4908,4085,ASP.NET CORE
4909,4085,Next.js
4910,4085,Node.js
4911,4085,React
4914,4086,Next.js
4918,4089,Next.js
4919,4089,Node.js
4921,4089,React
4922,4089,Spring Boot
4923,4089,Vue.js
4924,4091,ASP.NET CORE
4925,4091,Express
4926,4091,FastAPI
4927,4091,Node.js
4928,4091,React
4929,4091,Spring Boot
4930,4095,Angular
4931,4095,Express
4933,4095,Node.js
4935,4096,ASP.NET CORE
4936,4096,React
4940,4103,ASP.NET CORE
4941,4103,Node.js
4942,4113,FastAPI
4943,4113,Svelte
4947,4114,Next.js
4948,4114,Node.js
4950,4114,React
4951,4114,Svelte
4952,4114,Vue.js
4953,4115,ASP.NET CORE
4954,4117,ASP.NET CORE
4955,4117,Node.js
4956,4117,Svelte
4958,4118,ASP.NET CORE
4959,4121,Angular
4962,4121,ASP.NET CORE
4964,4121,Node.js
4965,4121,React
4968,4126,FastAPI
4969,4131,Node.js
4970,4131,Svelte
4971,4133,React
4972,4134,ASP.NET CORE
4973,4134,React
4975,4135,Spring Boot
4976,4138,ASP.NET CORE
4977,4138,Express
4980,4138,Next.js
4981,4138,React
4982,4141,Angular
4985,4141,Node.js
4988,4141,Vue.js
4989,4145,Node.js
4990,4145,Svelte
4994,4148,React
4997,4151,Express
4999,4151,Node.js
5000,4151,React
5001,4153,ASP.NET CORE
5004,4154,Angular
5006,4154,ASP.NET CORE
5007,4154,Express
5008,4154,Node.js
5009,4154,Vue.js
5010,4173,Node.js
5011,4173,React
5012,4173,Spring Boot
5013,4175,Express
5015,4175,Node.js
5016,4175,React
5017,4175,Vue.js
5018,4179,Angular
5019,4179,Next.js
5020,4179,Node.js
5021,4179,React
5023,4184,Next.js
5024,4184,React
5026,4184,Svelte
5028,4197,React
5030,4198,Angular
5031,4198,ASP.NET CORE
5033,4200,FastAPI
5037,4204,Node.js
5038,4204,React
5040,4205,Node.js
5041,4206,ASP.NET CORE
5042,4206,FastAPI
5044,4206,Next.js
5045,4206,Node.js
5048,4206,React
5049,4206,Svelte
5050,4206,Vue.js
5053,4207,FastAPI
5055,4207,Next.js
5056,4207,Node.js
5057,4207,React
5059,4207,Vue.js
5061,4208,FastAPI
5062,4208,Node.js
5063,4208,Vue.js
5064,4209,ASP.NET CORE
5065,4211,Vue.js
5068,4212,ASP.NET CORE
5071,4212,FastAPI
5073,4212,Next.js
5074,4212,Node.js
5075,4212,React
5077,4212,Svelte
5078,4212,Vue.js
5080,4214,ASP.NET CORE
5081,4214,Express
5083,4214,Next.js
5084,4214,Node.js
5085,4214,React
5088,4227,ASP.NET CORE
5089,4227,Vue.js
5090,4228,Angular
5091,4228,ASP.NET CORE
5092,4231,Angular
5094,4231,ASP.NET CORE
5096,4231,Node.js
5098,4232,Express
5099,4232,FastAPI
5101,4232,Node.js
5102,4232,React
5103,4232,Spring Boot
5104,4232,Vue.js
5106,4233,ASP.NET CORE
5108,4233,Express
5110,4233,Svelte
5111,4234,Angular
5112,4234,ASP.NET CORE
5114,4234,Next.js
5117,4235,FastAPI
5124,4235,Next.js
5125,4235,Node.js
5127,4235,React
5129,4235,Spring Boot
5131,4235,Svelte
5132,4235,Vue.js
5133,4236,Angular
5134,4236,Express
5136,4236,Next.js
5137,4236,Node.js
5138,4236,React
5142,4243,Express
5143,4243,FastAPI
5147,4243,Next.js
5148,4243,Node.js
5149,4243,React
5151,4243,Spring Boot
5153,4246,Angular
5155,4246,Spring Boot
5158,4249,Vue.js
5159,4251,Vue.js
5160,4255,Spring Boot
5161,4258,Angular
5163,4258,ASP.NET CORE
5165,4258,Next.js
5166,4258,Node.js
5167,4258,React
5168,4259,FastAPI
5170,4259,Next.js
5171,4259,Svelte
5174,4263,Next.js
5175,4263,React
5179,4264,Node.js
5181,4264,React
5183,4264,Svelte
5184,4264,Vue.js
5186,4268,Next.js
5187,4268,Node.js
5189,4268,React
5191,4268,Svelte
5192,4268,Vue.js
5194,4269,Svelte
5196,4270,Next.js
5197,4270,React
5199,4277,React
5204,4280,React
5205,4283,ASP.NET CORE
5206,4283,React
5208,4284,ASP.NET CORE
5210,4284,FastAPI
5211,4284,Node.js
5212,4284,React
5213,4285,Angular
5214,4285,ASP.NET CORE
5215,4285,Node.js
5216,4285,Svelte
5217,4286,Angular
5218,4286,ASP.NET CORE
5220,4286,Vue.js
5221,4293,ASP.NET CORE
5222,4293,Node.js
5223,4293,Vue.js
5224,4294,ASP.NET CORE
5227,4297,FastAPI
5229,4297,Next.js
5230,4297,Node.js
5231,4303,Angular
5233,4303,ASP.NET CORE
5234,4303,Express
5235,4303,Node.js
5236,4304,Angular
5239,4304,Next.js
5240,4304,Node.js
5242,4304,React
5243,4304,Vue.js
5245,4307,ASP.NET CORE
5246,4307,Express
5247,4307,Node.js
5248,4311,Angular
5249,4311,Node.js
5250,4311,Spring Boot
5251,4312,FastAPI
5252,4313,Spring Boot
5255,4316,Node.js
5256,4317,Angular
5257,4317,Vue.js
5259,4318,Next.js
5261,4318,Svelte
5262,4318,Vue.js
5263,4319,ASP.NET CORE
5267,4320,Vue.js
5268,4327,Express
5269,4327,FastAPI
5272,4327,Next.js
5273,4327,Node.js
5274,4327,React
5275,4333,Angular
5276,4333,Spring Boot
5277,4335,Angular
5280,4335,Express
5281,4335,FastAPI
5283,4335,Node.js
5284,4335,React
5287,4339,Next.js
5288,4339,Node.js
5290,4339,React
5291,4339,Svelte
5295,4345,FastAPI
5297,4345,Next.js
5298,4345,React
5299,4345,Spring Boot
5300,4347,Angular
5302,4347,ASP.NET CORE
5304,4347,Express
5305,4347,Next.js
5306,4347,Node.js
5307,4347,React
5308,4347,Spring Boot
5309,4347,Vue.js
5312,4349,FastAPI
5315,4349,Next.js
5316,4349,React
5317,4349,Spring Boot
5318,4354,Node.js
5319,4354,React
5320,4354,Spring Boot
5321,4354,Vue.js
5323,4356,FastAPI
5326,4356,React
5328,4356,Vue.js
5330,4359,Angular
5333,4359,ASP.NET CORE
5335,4359,Node.js
5336,4359,React
5337,4359,Vue.js
5339,4362,ASP.NET CORE
5343,4367,Svelte
5344,4374,Angular
5345,4374,Vue.js
5347,4375,ASP.NET CORE
5349,4376,Node.js
5350,4376,React
5351,4376,Svelte
5357,4391,ASP.NET CORE
5358,4391,Svelte
5362,4397,Node.js
5363,4397,Vue.js
5364,4400,ASP.NET CORE
5366,4401,Express
5368,4401,Next.js
5369,4401,Node.js
5370,4401,React
5373,4403,Next.js
5375,4403,React
5376,4408,ASP.NET CORE
5379,4412,Express
5384,4412,Next.js
5385,4412,Node.js
5386,4412,React
5388,4414,Angular
5390,4414,Express
5393,4414,Next.js
5394,4414,Node.js
5395,4414,Spring Boot
5396,4418,Spring Boot
5397,4418,Vue.js
5399,4420,Next.js
5400,4420,Node.js
5402,4420,React
5403,4420,Vue.js
5410,4421,Express
5417,4421,Svelte
5421,4422,Express
5422,4422,FastAPI
5425,4422,Next.js
5426,4422,Node.js
5427,4422,React
5428,4422,Svelte
5429,4422,Vue.js
5431,4423,Express
5432,4423,Node.js
5433,4423,React
5435,4437,Svelte
5436,4437,Vue.js
5437,4438,Express
5438,4438,Node.js
5440,4439,ASP.NET CORE
5442,4439,Node.js
5443,4439,React
5446,4440,Angular
5447,4440,Spring Boot
5449,4443,ASP.NET CORE
5450,4443,Node.js
5452,4443,Vue.js
5453,4444,Angular
5455,4444,Node.js
5456,4444,React
5457,4444,Vue.js
5459,4447,Spring Boot
5461,4448,Vue.js
5462,4452,Node.js
5464,4454,ASP.NET CORE
5466,4454,FastAPI
5470,4454,Next.js
5471,4454,Spring Boot
5472,4455,Angular
5473,4455,ASP.NET CORE
5475,4455,React
5476,4455,Vue.js
5479,4460,Spring Boot
5482,4461,Express
5484,4461,Next.js
5485,4461,Node.js
5487,4461,React
5488,4461,Spring Boot
5489,4461,Vue.js
5490,4465,ASP.NET CORE
5492,4467,Angular
5495,4467,ASP.NET CORE
5497,4467,Express
5501,4467,Next.js
5502,4467,Node.js
5503,4467,React
5504,4467,Spring Boot
5505,4467,Vue.js
5506,4468,ASP.NET CORE
5508,4475,FastAPI
5510,4475,Next.js
5511,4475,Node.js
5513,4475,React
5515,4480,FastAPI
5518,4480,Node.js
5521,4480,Vue.js
5522,4481,Next.js
5523,4481,Node.js
5524,4481,React
5525,4482,Node.js
5526,4484,ASP.NET CORE
5527,4484,Vue.js
5529,4486,FastAPI
5530,4486,Next.js
5531,4486,Node.js
5532,4486,React
5533,4487,React
5534,4487,Svelte
5535,4488,FastAPI
5536,4488,Node.js
5538,4488,Svelte
5539,4488,Vue.js
5543,4490,Next.js
5544,4490,Node.js
5545,4490,React
5547,4490,Svelte
5551,4494,React
5552,4497,React
5554,4498,Angular
5556,4499,Svelte
5559,4510,Svelte
5560,4510,Vue.js
5561,4516,React
5562,4516,Svelte
5563,4517,Express
5565,4517,Next.js
5566,4517,Node.js
5567,4517,React
5569,4517,Svelte
5571,4518,React
5573,4519,Express
5574,4519,Node.js
5575,4519,React
5577,4520,Spring Boot
5578,4520,Svelte
5579,4520,Vue.js
5582,4523,Spring Boot
5583,4523,Svelte
5584,4523,Vue.js
5585,4528,ASP.NET CORE
5587,4528,Node.js
5588,4528,React
5589,4529,Next.js
5590,4529,React
5591,4537,Express
5592,4537,FastAPI
5593,4537,Node.js
5594,4537,React
5595,4538,FastAPI
5599,4538,Next.js
5600,4538,React
5602,4540,Express
5604,4540,Node.js
5606,4540,Vue.js
5608,4542,FastAPI
5609,4542,Next.js
5610,4542,Node.js
5611,4542,Spring Boot
5612,4542,Vue.js
5616,4550,Node.js
5617,4550,Svelte
5618,4550,Vue.js
5620,4553,ASP.NET CORE
5623,4553,FastAPI
5627,4553,Next.js
5628,4553,Node.js
5630,4553,React
5632,4553,Vue.js
5634,4555,ASP.NET CORE
5635,4555,Express
5637,4555,Node.js
5639,4557,Next.js
5640,4557,React
5642,4560,Vue.js
5643,4561,Express
5645,4561,Node.js
5647,4561,React
5648,4561,Vue.js
5649,4564,Express
5651,4564,Node.js
5653,4564,Vue.js
5655,4566,Svelte
5656,4568,Node.js
5657,4568,Svelte
5660,4569,Node.js
5661,4569,React
5662,4569,Spring Boot
5663,4569,Svelte
5664,4569,Vue.js
5667,4575,Express
5668,4575,Node.js
5669,4575,Vue.js
5671,4581,FastAPI
5673,4581,Next.js
5674,4581,Node.js
5675,4581,Spring Boot
5676,4583,Express
5677,4583,Node.js
5680,4584,Node.js
5681,4584,React
5684,4586,Next.js
5685,4586,Node.js
5687,4586,Vue.js
5691,4592,ASP.NET CORE
5693,4600,ASP.NET CORE
5694,4602,Angular
5695,4602,React
5697,4602,Spring Boot
5699,4613,Node.js
5700,4613,Vue.js
5701,4614,Svelte
5702,4614,Vue.js
5703,4617,Angular
5704,4617,Next.js
5705,4617,Node.js
5706,4617,React
5708,4619,Next.js
5709,4619,Node.js
5711,4619,React
5713,4619,Svelte
5716,4628,Angular
5718,4629,React
5719,4629,Spring Boot
5720,4629,Vue.js
5721,4630,Spring Boot
5722,4631,Angular
5723,4633,ASP.NET CORE
5724,4634,Spring Boot
5725,4636,Spring Boot
5726,4641,Spring Boot
5729,4646,Node.js
5730,4646,React
5732,4648,Node.js
5733,4648,Spring Boot
5734,4655,ASP.NET CORE
5737,4656,Express
5738,4656,FastAPI
5739,4656,Node.js
5740,4656,Svelte
5741,4657,Angular
5742,4657,ASP.NET CORE
5746,4663,Node.js
5748,4663,Svelte
5749,4664,Express
5751,4664,Next.js
5752,4664,Node.js
5753,4664,React
5755,4668,Next.js
5756,4668,Node.js
5758,4668,React
5759,4668,Vue.js
5761,4673,Svelte
5762,4674,Spring Boot
5763,4675,Node.js
5765,4676,ASP.NET CORE
5767,4681,Node.js
5768,4681,Svelte
5769,4683,ASP.NET CORE
5770,4683,Svelte
5771,4683,Vue.js
5772,4684,Next.js
5773,4684,Node.js
5774,4684,React
5776,4688,Node.js
5777,4694,Express
5778,4694,Node.js
5779,4694,Vue.js
5780,4696,Next.js
5781,4696,Node.js
5782,4696,React
5784,4704,Express
5786,4704,Node.js
5787,4704,Vue.js
5788,4707,Express
5790,4707,Node.js
5791,4707,React
5794,4708,Next.js
5795,4708,Node.js
5796,4708,React
5797,4714,Angular
5800,4715,Svelte
5801,4715,Vue.js
5802,4717,React
5804,4719,React
5805,4724,Node.js
5806,4724,React
5807,4726,Angular
5808,4726,FastAPI
5809,4726,Spring Boot
5810,4731,Express
5811,4731,Next.js
5812,4731,Node.js
5813,4731,React
5814,4731,Spring Boot
5815,4732,Spring Boot
5816,4734,Spring Boot
5817,4737,React
5818,4739,ASP.NET CORE
5821,4739,Node.js
5824,4739,Svelte
5825,4739,Vue.js
5827,4742,React
5828,4742,Spring Boot
5829,4748,Angular
5831,4748,ASP.NET CORE
5834,4748,Next.js
5835,4748,Node.js
5836,4748,React
5837,4748,Vue.js
5838,4750,ASP.NET CORE
5839,4757,Spring Boot
5841,4759,ASP.NET CORE
5843,4759,Svelte
5844,4759,Vue.js
5846,4762,Next.js
5847,4762,Node.js
5848,4762,React
5852,4771,Next.js
5853,4771,React
5854,4772,Angular
5856,4772,Node.js
5857,4772,Spring Boot
5859,4772,Svelte
5860,4779,FastAPI
5861,4780,FastAPI
5863,4780,Vue.js
5868,4782,Express
5869,4782,FastAPI
5871,4782,Next.js
5872,4782,Node.js
5873,4782,React
5875,4784,Angular
5878,4784,FastAPI
5882,4784,Node.js
5883,4784,React
5885,4787,React
5886,4787,Spring Boot
5887,4790,Angular
5889,4790,React
5890,4794,Angular
5891,4794,ASP.NET CORE
5892,4794,Node.js
5893,4798,ASP.NET CORE
5894,4798,React
5896,4802,Express
5897,4802,Node.js
5898,4803,Angular
5899,4803,Spring Boot
5900,4807,Angular
5902,4807,ASP.NET CORE
5903,4807,Node.js
5904,4807,React
5905,4807,Vue.js
5907,4811,Express
5910,4811,Node.js
5913,4816,Svelte
5914,4816,Vue.js
5915,4817,Angular
5916,4817,ASP.NET CORE
5917,4828,Next.js
5919,4829,Express
5922,4829,Next.js
5923,4829,Node.js
5924,4829,Svelte
5925,4832,Angular
5926,4832,ASP.NET CORE
5928,4832,Next.js
5929,4832,Node.js
5930,4832,React
5931,4832,Vue.js
5932,4834,ASP.NET CORE
5934,4835,Node.js
5935,4835,React
5936,4835,Vue.js
5937,4837,Angular
5938,4837,Express
5939,4837,Node.js
5940,4842,Angular
5941,4842,ASP.NET CORE
5942,4842,Next.js
5943,4842,Node.js
5944,4843,ASP.NET CORE
5946,4843,React
5947,4846,ASP.NET CORE
5949,4850,Angular
5955,4852,Node.js
5957,4852,React
5958,4854,ASP.NET CORE
5961,4854,Svelte
5962,4856,Angular
5963,4865,ASP.NET CORE
5964,4870,Next.js
5965,4870,React
5966,4870,Svelte
5971,4873,FastAPI
5974,4884,ASP.NET CORE
5975,4884,Express
5977,4884,Node.js
5978,4884,React
5979,4884,Svelte
5982,4888,Express
5983,4888,Node.js
5985,4888,Svelte
5987,4889,Next.js
5988,4889,React
5989,4893,ASP.NET CORE
5990,4893,Vue.js
5991,4897,ASP.NET CORE
5992,4898,Next.js
5994,4898,React
5995,4899,Spring Boot
5996,4902,ASP.NET CORE
5998,4902,FastAPI
6000,4903,Angular
6002,4903,ASP.NET CORE
6004,4903,FastAPI
6005,4903,Node.js
6007,4903,Vue.js
6008,4908,FastAPI
6010,4908,Node.js
6011,4908,React
6018,4915,Next.js
6019,4915,Node.js
6020,4915,React
6024,4919,Next.js
6025,4919,Node.js
6027,4919,React
6029,4919,Spring Boot
6030,4922,ASP.NET CORE
6032,4923,Express
6036,4923,Spring Boot
6037,4923,Vue.js
6041,4924,Vue.js
6045,4925,Next.js
6046,4925,Node.js
6048,4925,Svelte
6049,4926,ASP.NET CORE
6051,4926,React
6054,4930,Svelte
6055,4930,Vue.js
6056,4931,ASP.NET CORE
6057,4933,Express
6059,4933,Next.js
6060,4933,Node.js
6061,4933,React
6064,4938,Express
6067,4938,Next.js
6068,4938,Node.js
6069,4940,Express
6070,4940,FastAPI
6072,4940,Node.js
6073,4940,React
6075,4942,Next.js
6076,4942,Node.js
6077,4942,React
6079,4950,Next.js
6081,4950,React
6082,4950,Vue.js
6084,4951,ASP.NET CORE
6086,4951,React
6087,4952,Angular
6088,4952,Spring Boot
6089,4953,Next.js
6090,4953,React
6092,4956,Express
6094,4956,Next.js
6095,4956,Node.js
6096,4956,React
6098,4960,Spring Boot
6102,4961,Next.js
6104,4961,Svelte
6106,4962,Next.js
6107,4962,Node.js
6108,4962,React
6109,4963,Express
6111,4973,Spring Boot
6113,4976,React
6115,4983,Vue.js
6116,4985,Express
6118,4985,Next.js
6119,4985,Node.js
6120,4985,React
6122,4986,ASP.NET CORE
6124,4990,ASP.NET CORE
6125,4990,Node.js
6126,4990,React
6127,4991,Angular
6129,4991,ASP.NET CORE
6131,4993,ASP.NET CORE
6132,4999,Express
6134,4999,Node.js
6135,4999,React
6136,4999,Vue.js
6137,5005,ASP.NET CORE
6142,5013,ASP.NET CORE
6143,5013,Next.js
6144,5013,Node.js
6145,5013,Spring Boot
6148,5018,ASP.NET CORE
6151,5019,Node.js
6153,5019,React
6154,5019,Vue.js
6156,5021,FastAPI
6159,5021,Next.js
6160,5021,React
6162,5027,Node.js
6164,5030,Node.js
6165,5030,Vue.js
6166,5032,ASP.NET CORE
6168,5032,React
6170,5033,Node.js
6171,5033,React
6174,5036,Angular
6176,5036,ASP.NET CORE
6177,5036,FastAPI
6178,5036,React
6179,5036,Svelte
6180,5036,Vue.js
6181,5042,Angular
6182,5042,FastAPI
6183,5042,Node.js
6185,5046,ASP.NET CORE
6187,5046,FastAPI
6189,5046,Node.js
6192,5047,React
6193,5050,Node.js
6194,5050,React
6195,5051,ASP.NET CORE
6199,5053,Node.js
6200,5053,React
6202,5066,React
6203,5070,FastAPI
6204,5070,Node.js
6205,5070,Svelte
6206,5074,ASP.NET CORE
6207,5074,React
6208,5074,Spring Boot
6209,5075,Express
6210,5075,Next.js
6211,5075,Node.js
6212,5075,React
6213,5076,React
6214,5079,Angular
6215,5079,Express
6217,5079,Next.js
6218,5079,Node.js
6219,5079,React
6222,5084,Next.js
6223,5084,Node.js
6224,5084,React
6228,5087,Svelte
6229,5093,Node.js
6230,5093,React
6231,5096,Angular
6234,5096,Next.js
6236,5097,Node.js
6237,5097,React
6238,5097,Svelte
6240,5098,Express
6243,5098,Node.js
6244,5098,React
6245,5100,Spring Boot
6247,5101,FastAPI
6250,5109,Node.js
6251,5109,Svelte
6252,5109,Vue.js
6255,5110,Node.js
6256,5110,React
6257,5111,Express
6259,5111,Next.js
6260,5111,Node.js
6261,5111,React
6263,5111,Spring Boot
6265,5112,ASP.NET CORE
6268,5114,Express
6269,5114,React
6270,5114,Spring Boot
6271,5121,Express
6272,5121,Node.js
6273,5121,React
6275,5122,Next.js
6276,5122,Svelte
6277,5122,Vue.js
6278,5124,Angular
6280,5124,FastAPI
6281,5124,React
6284,5131,Next.js
6285,5131,Node.js
6286,5131,React
6288,5134,Express
6290,5134,Node.js
6291,5135,Angular
6293,5135,Node.js
6294,5138,Angular
6295,5138,Spring Boot
6297,5139,ASP.NET CORE
6299,5139,React
6300,5139,Svelte
6302,5141,Express
6303,5141,Node.js
6306,5142,ASP.NET CORE
6308,5145,Express
6311,5145,Next.js
6312,5145,Node.js
6313,5145,React
6314,5145,Vue.js
6316,5151,React
6319,5158,Node.js
6320,5158,React
6323,5161,Node.js
6324,5161,React
6325,5169,React
6328,5176,Express
6331,5176,Next.js
6332,5176,Node.js
6333,5176,React
6334,5180,FastAPI
6335,5181,Angular
6336,5181,ASP.NET CORE
6340,5182,ASP.NET CORE
6344,5184,ASP.NET CORE
6346,5184,FastAPI
6348,5188,Express
6349,5188,Next.js
6350,5188,Node.js
6352,5188,React
6353,5188,Vue.js
6355,5198,FastAPI
6357,5199,Angular
6359,5199,ASP.NET CORE
6361,5199,React
6366,5201,Next.js
6367,5201,Node.js
6368,5201,React
6369,5201,Spring Boot
6371,5202,Angular
6372,5202,ASP.NET CORE
6375,5202,Vue.js
6376,5209,Angular
6378,5209,ASP.NET CORE
6382,5209,React
6383,5209,Spring Boot
6384,5209,Vue.js
6385,5210,Angular
6386,5210,ASP.NET CORE
6388,5210,Express
6389,5210,Next.js
6390,5210,Node.js
6391,5210,React
6392,5211,Express
6394,5211,Node.js
6397,5215,FastAPI
6402,5215,Node.js
6404,5220,FastAPI
6405,5220,Vue.js
6406,5224,Node.js
6407,5224,React
6409,5226,Node.js
6411,5227,ASP.NET CORE
6413,5227,Node.js
6414,5227,React
6417,5229,Express
6419,5229,Node.js
6420,5229,React
6421,5229,Spring Boot
6423,5235,Next.js
6425,5235,Vue.js
6430,5238,Next.js
6431,5238,Svelte
6433,5239,Spring Boot
6435,5241,Spring Boot
6436,5243,Angular
6439,5243,Next.js
6440,5243,Node.js
6441,5243,React
6442,5243,Svelte
6443,5243,Vue.js
6445,5245,React
6446,5245,Vue.js
6447,5249,Express
6448,5249,Node.js
6449,5249,React
6450,5253,Angular
6452,5253,Express
6453,5253,Next.js
6454,5253,Node.js
6457,5255,FastAPI
6459,5257,ASP.NET CORE
6462,5257,Node.js
6464,5257,Vue.js
6465,5263,Angular
6469,5266,Next.js
6470,5266,React
6473,5271,Node.js
6476,5272,Node.js
6478,5272,Vue.js
6479,5276,FastAPI
6481,5279,FastAPI
6483,5279,Spring Boot
6484,5279,Svelte
6485,5284,Node.js
6486,5285,Angular
6489,5285,ASP.NET CORE
6493,5285,Express
6496,5285,Next.js
6497,5285,Node.js
6498,5285,React
6500,5285,Vue.js
6502,5292,ASP.NET CORE
6503,5292,Express
6505,5292,Next.js
6506,5292,Node.js
6507,5292,React
6508,5292,Spring Boot
6510,5296,ASP.NET CORE
6511,5296,Express
6513,5296,Node.js
6514,5296,React
6516,5297,Express
6517,5297,FastAPI
6520,5297,Node.js
6522,5297,Svelte
6526,5303,Vue.js
6527,5305,Angular
6528,5305,Next.js
6529,5305,Node.js
6530,5305,React
6531,5305,Spring Boot
6532,5305,Vue.js
6533,5308,Vue.js
6535,5309,FastAPI
6537,5309,Next.js
6538,5309,React
6539,5309,Vue.js
6541,5311,ASP.NET CORE
6543,5311,FastAPI
6545,5312,Express
6546,5312,Node.js
6547,5315,Angular
6549,5315,ASP.NET CORE
6553,5320,Angular
6555,5320,ASP.NET CORE
6557,5320,React
6559,5322,Angular
6560,5322,ASP.NET CORE
6565,5322,Next.js
6566,5322,Node.js
6568,5322,React
6569,5322,Svelte
6570,5322,Vue.js
6573,5323,FastAPI
6577,5330,ASP.NET CORE
6578,5333,Angular
6579,5333,Express
6581,5333,Node.js
6583,5334,Node.js
6585,5334,Vue.js
6586,5337,Node.js
6588,5337,Spring Boot
6589,5337,Vue.js
6591,5338,FastAPI
6592,5338,Next.js
6593,5338,Node.js
6594,5338,React
6595,5338,Svelte
6596,5338,Vue.js
6598,5344,ASP.NET CORE
6600,5344,Express
6602,5344,Node.js
6603,5344,React
6604,5344,Spring Boot
6605,5348,Angular
6607,5348,ASP.NET CORE
6609,5349,Angular
6614,5361,ASP.NET CORE
6618,5364,Node.js
6619,5364,Vue.js
6621,5367,Next.js
6622,5368,React
6623,5368,Spring Boot
6625,5372,ASP.NET CORE
6630,5381,Node.js
6633,5381,Vue.js
6634,5382,Svelte
6635,5382,Vue.js
6637,5384,FastAPI
6638,5384,Next.js
6639,5384,Node.js
6640,5384,React
6643,5385,FastAPI
6647,5387,Next.js
6648,5387,Node.js
6649,5387,React
6652,5387,Svelte
6653,5387,Vue.js
6655,5390,FastAPI
6659,5390,Next.js
6660,5390,React
6662,5390,Svelte
6663,5390,Vue.js
6667,5391,React
6669,5391,Svelte
6670,5391,Vue.js
6671,5399,Angular
6673,5399,Express
6675,5399,Next.js
6676,5399,Node.js
6678,5399,Spring Boot
6679,5399,Vue.js
6680,5400,Node.js
6684,5401,Svelte
6685,5405,FastAPI
6688,5407,FastAPI
6689,5407,Next.js
6690,5407,Node.js
6691,5407,React
6692,5408,React
6695,5409,Node.js
6696,5411,Angular
6697,5411,Spring Boot
6700,5423,Express
6701,5423,FastAPI
6703,5423,Node.js
6708,5425,Node.js
6709,5430,FastAPI
6711,5431,Node.js
6712,5431,Svelte
6713,5433,ASP.NET CORE
6715,5433,Node.js
6716,5435,Angular
6719,5435,ASP.NET CORE
6721,5435,Node.js
6723,5436,Express
6727,5436,Next.js
6728,5436,Node.js
6729,5436,Vue.js
6734,5438,Svelte
6736,5440,FastAPI
6739,5442,FastAPI
6741,5442,Next.js
6742,5442,Node.js
6743,5442,React
6744,5443,Angular
6746,5443,Node.js
6747,5443,React
6748,5443,Spring Boot
6750,5450,Svelte
6754,5459,Angular
6755,5459,ASP.NET CORE
6758,5459,Vue.js
6759,5468,FastAPI
6760,5470,FastAPI
6763,5470,Node.js
6765,5470,Spring Boot
6767,5475,Express
6768,5475,Next.js
6769,5475,Node.js
6770,5475,React
6772,5477,Express
6773,5477,FastAPI
6775,5477,Node.js
6776,5479,ASP.NET CORE
6777,5479,Next.js
6778,5479,Node.js
6779,5479,React
6780,5483,Angular
6782,5483,ASP.NET CORE
6784,5484,ASP.NET CORE
6785,5484,Express
6787,5484,Vue.js
6789,5489,ASP.NET CORE
6792,5490,Angular
6793,5490,Express
6794,5490,Node.js
6795,5490,React
6798,5493,Vue.js
6800,5494,Angular
6802,5494,Express
6806,5494,Node.js
6808,5494,React
6811,5494,Spring Boot
6812,5494,Svelte
6813,5501,Spring Boot
6814,5504,Angular
6815,5504,Next.js
6816,5504,Node.js
6817,5504,Spring Boot
6818,5505,ASP.NET CORE
6824,5505,Svelte
6826,5505,Vue.js
6830,5511,Next.js
6831,5511,Node.js
6833,5511,React
6834,5511,Svelte
6835,5511,Vue.js
6837,5515,Node.js
6838,5519,ASP.NET CORE
6839,5519,Vue.js
6840,5520,Node.js
6842,5520,Vue.js
6844,5521,React
6845,5521,Vue.js
6846,5523,Angular
6850,5523,FastAPI
6852,5523,Next.js
6853,5523,Node.js
6854,5523,React
6855,5526,Next.js
6856,5526,React
6859,5527,Express
6862,5527,Node.js
6863,5527,React
6865,5527,Svelte
6869,5529,Node.js
6870,5529,React
6871,5529,Vue.js
6873,5531,ASP.NET CORE
6876,5536,FastAPI
6878,5536,Node.js
6879,5536,React
6881,5537,Express
6884,5537,Node.js
6885,5537,React
6891,5541,FastAPI
6893,5541,Next.js
6896,5541,Vue.js
6898,5543,React
6899,5543,Svelte
6901,5545,FastAPI
6902,5545,React
6903,5545,Svelte
6906,5546,Express
6907,5546,FastAPI
6911,5546,React
6913,5546,Spring Boot
6915,5558,Node.js
6916,5558,React
6917,5558,Vue.js
6918,5559,Node.js
6920,5559,React
6921,5559,Svelte
6922,5560,Node.js
6923,5560,React
6925,5560,Vue.js
6926,5561,ASP.NET CORE
6928,5561,React
6929,5561,Vue.js
6933,5567,ASP.NET CORE
6935,5569,Node.js
6936,5569,React
6938,5572,Angular
6939,5572,ASP.NET CORE
6940,5572,Express
6941,5572,Next.js
6942,5572,Node.js
6943,5572,React
6944,5572,Svelte
6947,5575,Express
6948,5575,FastAPI
6950,5575,Node.js
6951,5575,React
6952,5575,Vue.js
6953,5576,Angular
6954,5576,ASP.NET CORE
6956,5578,Spring Boot
6957,5578,Vue.js
6958,5579,Express
6961,5579,Node.js
6962,5579,React
6964,5580,FastAPI
6969,5587,Svelte
6970,5587,Vue.js
6975,5593,ASP.NET CORE
6977,5593,Express
6978,5593,Next.js
6979,5593,Node.js
6980,5593,React
6981,5593,Spring Boot
6982,5593,Vue.js
6984,5599,FastAPI
6990,5601,Next.js
6991,5601,Node.js
6992,5601,React
6995,5602,Next.js
6996,5602,Node.js
6997,5602,React
6999,5605,Spring Boot
7000,5606,Express
7001,5606,React
7002,5606,Svelte
7006,5610,Next.js
7007,5610,Node.js
7008,5610,React
7011,5611,Next.js
7012,5611,Node.js
7014,5618,Svelte
7015,5618,Vue.js
7017,5621,Next.js
7018,5621,React
7020,5623,Svelte
7022,5624,Next.js
7023,5624,React
7024,5624,Spring Boot
7026,5627,Vue.js
7027,5630,Svelte
7029,5631,Express
7030,5631,FastAPI
7031,5631,React
7035,5632,Node.js
7036,5632,React
7037,5632,Vue.js
7043,5639,Express
7044,5639,Next.js
7045,5639,Node.js
7046,5639,React
7047,5639,Spring Boot
7048,5639,Vue.js
7049,5640,Angular
7053,5640,Next.js
7054,5640,Node.js
7055,5640,React
7056,5640,Vue.js
7057,5642,FastAPI
7060,5642,Spring Boot
7063,5643,Svelte
7064,5647,Node.js
7065,5648,ASP.NET CORE
7071,5649,Node.js
7072,5650,ASP.NET CORE
7076,5651,ASP.NET CORE
7080,5651,Node.js
7081,5651,Spring Boot
7082,5654,ASP.NET CORE
7085,5657,Angular
7086,5658,ASP.NET CORE
7087,5658,Next.js
7088,5660,Angular
7090,5660,Node.js
7091,5660,React
7092,5660,Spring Boot
7094,5664,FastAPI
7099,5665,React
7102,5667,Next.js
7103,5667,React
7105,5668,Express
7108,5668,Node.js
7109,5668,React
7113,5670,Next.js
7114,5670,Node.js
7116,5670,React
7118,5670,Svelte
7119,5670,Vue.js
7120,5672,Spring Boot
7121,5674,ASP.NET CORE
7122,5680,Next.js
7123,5680,Node.js
7124,5680,React
7126,5683,FastAPI
7133,5684,Next.js
7134,5684,Node.js
7136,5684,React
7138,5684,Spring Boot
7139,5684,Vue.js
7140,5685,ASP.NET CORE
7143,5688,React
7144,5689,Angular
7146,5689,ASP.NET CORE
7149,5689,Next.js
7150,5689,Node.js
7152,5689,React
7154,5693,FastAPI
7161,5697,ASP.NET CORE
7164,5697,Node.js
7165,5697,React
7166,5697,Vue.js
7167,5699,Angular
7169,5699,ASP.NET CORE
7171,5699,Next.js
7172,5699,Node.js
7173,5699,React
7174,5699,Svelte
7176,5701,Next.js
7177,5701,Node.js
7178,5701,React
7179,5702,Express
7181,5702,Node.js
7183,5705,Express
7184,5705,Node.js
7186,5707,Express
7187,5707,Node.js
7188,5707,Spring Boot
7189,5709,React
7191,5711,Angular
7192,5711,Express
7193,5711,FastAPI
7194,5711,Next.js
7195,5711,Node.js
7196,5711,React
7199,5712,FastAPI
7204,5712,Node.js
7205,5712,Svelte
7206,5713,Express
7207,5713,Next.js
7208,5713,Node.js
7209,5713,React
7210,5721,FastAPI
7211,5721,Svelte
7213,5722,Next.js
7214,5722,Node.js
7217,5729,Express
7218,5729,Next.js
7219,5729,Node.js
7220,5729,React
7223,5730,Vue.js
7224,5732,FastAPI
7226,5732,Node.js
7227,5732,React
7228,5732,Vue.js
7232,5735,Next.js
7233,5735,Node.js
7234,5735,React
7238,5740,Svelte
7239,5740,Vue.js
7240,5742,Svelte
7242,5745,Vue.js
7244,5746,Express
7245,5746,Next.js
7246,5746,Node.js
7247,5746,React
7250,5749,React
7254,5752,Angular
7256,5757,Express
7260,5757,Next.js
7261,5757,Node.js
7263,5757,React
7265,5757,Vue.js
7267,5758,FastAPI
7270,5761,Node.js
7272,5761,Svelte
7273,5764,Next.js
7274,5764,Node.js
7275,5764,React
7276,5764,Vue.js
7277,5766,Angular
7280,5766,Node.js
7281,5769,ASP.NET CORE
7285,5770,React
7288,5771,Svelte
7291,5777,Vue.js
7292,5778,Express
7293,5778,Node.js
7294,5778,React
7301,5792,Spring Boot
7303,5802,Angular
7304,5802,Express
7305,5802,FastAPI
7307,5802,Next.js
7308,5802,Node.js
7309,5802,React
7310,5802,Svelte
7311,5802,Vue.js
7312,5803,Angular
7314,5804,Angular
7315,5804,ASP.NET CORE
7316,5806,ASP.NET CORE
7320,5806,Node.js
7321,5806,React
7324,5812,FastAPI
7328,5815,Spring Boot
7329,5815,Svelte
7330,5818,Angular
7332,5818,Node.js
7334,5818,Spring Boot
7338,5821,React
7339,5821,Vue.js
7341,5822,FastAPI
7345,5822,Vue.js
7346,5826,ASP.NET CORE
7348,5834,ASP.NET CORE
7350,5834,Node.js
7351,5834,React
7352,5839,Spring Boot
7354,5840,Node.js
7355,5840,React
7356,5840,Vue.js
7357,5843,Angular
7359,5843,Next.js
7360,5843,Node.js
7361,5843,React
7362,5845,ASP.NET CORE
7363,5845,Vue.js
7366,5851,FastAPI
7368,5851,Node.js
7369,5851,React
7370,5851,Spring Boot
7371,5851,Vue.js
7372,5852,Next.js
7373,5852,Node.js
7374,5852,React
7377,5854,Angular
7379,5860,FastAPI
7386,5872,Express
7388,5872,React
7390,5876,React
7391,5881,Next.js
7401,5892,Svelte
7402,5892,Vue.js
7406,5896,ASP.NET CORE
7407,5896,Next.js
7408,5896,React
7409,5896,Vue.js
7410,5897,ASP.NET CORE
7411,5897,Spring Boot
7412,5899,Spring Boot
7413,5899,Vue.js
7414,5902,FastAPI
7419,5910,Vue.js
7420,5911,Express
7422,5911,Next.js
7423,5911,Node.js
7424,5911,React
7426,5912,Next.js
7427,5912,Node.js
7428,5912,React
7431,5917,Vue.js
7432,5919,React
7433,5920,ASP.NET CORE
7434,5920,Node.js
7435,5920,React
7436,5921,Node.js
7437,5921,React
7438,5922,FastAPI
7439,5922,Next.js
7440,5922,Svelte
7442,5923,ASP.NET CORE
7443,5923,React
7444,5924,ASP.NET CORE
7445,5925,Angular
7449,5925,Node.js
7450,5925,React
7452,5928,FastAPI
7453,5928,Node.js
7454,5928,Svelte
7456,5929,Node.js
7457,5929,React
7458,5931,ASP.NET CORE
7459,5931,Express
7460,5931,FastAPI
7462,5931,Node.js
7464,5931,Vue.js
7466,5933,Express
7467,5933,Node.js
7468,5933,Svelte
7470,5934,Node.js
7471,5936,Angular
7472,5936,ASP.NET CORE
7474,5941,Express
7478,5941,Node.js
7481,5941,Vue.js
7483,5942,Node.js
7484,5942,Spring Boot
7485,5942,Vue.js
7488,5944,Vue.js
7489,5945,ASP.NET CORE
7490,5945,React
7491,5946,FastAPI
7493,5946,Next.js
7494,5946,Node.js
7495,5946,React
7496,5953,Express
7497,5953,Node.js
7498,5953,React
7500,5955,Express
7503,5955,Next.js
7504,5955,Node.js
7505,5955,React
7506,5955,Spring Boot
7507,5960,Next.js
7508,5960,Node.js
7509,5960,React
7511,5963,Next.js
7512,5963,React
7515,5970,Spring Boot
7516,5971,Vue.js
7518,5975,Svelte
7520,5977,Next.js
7521,5977,Node.js
7523,5977,React
7525,5977,Svelte
7526,5977,Vue.js
7528,5980,Spring Boot
7529,5980,Vue.js
7530,5984,Angular
7534,5984,Svelte
7535,5986,Vue.js
7537,5994,Node.js
7538,5994,React
7540,5995,Next.js
7541,5995,Node.js
7542,5995,React
7545,5998,Next.js
7546,5998,React
7547,5998,Svelte
7549,6003,Node.js
7552,6003,Vue.js
7554,6005,Svelte
7555,6013,Angular
7556,6013,Node.js
7559,6014,Node.js
7562,6015,FastAPI
7566,6018,Angular
7568,6018,Next.js
7570,6018,React
7571,6018,Svelte
7572,6018,Vue.js
7573,6019,Node.js
7574,6019,Spring Boot
7575,6019,Svelte
7578,6021,Express
7580,6021,Next.js
7581,6021,Node.js
7582,6021,React
7584,6021,Vue.js
7586,6025,Angular
7588,6025,ASP.NET CORE
7591,6032,FastAPI
7593,6036,ASP.NET CORE
7596,6036,Node.js
7597,6036,Vue.js
7599,6042,Vue.js
7600,6046,Spring Boot
7603,6047,Node.js
7605,6047,Vue.js
7607,6051,Vue.js
7609,6056,FastAPI
7610,6057,Angular
7611,6057,ASP.NET CORE
7613,6057,React
7614,6057,Vue.js
7617,6058,Express
7618,6058,React
7621,6058,Spring Boot
7622,6058,Svelte
7624,6059,Angular
7625,6059,Spring Boot
7628,6060,Svelte
7629,6064,ASP.NET CORE
7630,6064,Express
7631,6064,React
7632,6064,Vue.js
7633,6067,ASP.NET CORE
7636,6067,Vue.js
7637,6072,Angular
7639,6072,ASP.NET CORE
7640,6073,Angular
7641,6073,ASP.NET CORE
7643,6073,Node.js
7644,6073,React
7645,6073,Vue.js
7646,6079,Express
7647,6079,Next.js
7648,6079,React
7650,6082,Express
7651,6082,Next.js
7652,6082,Node.js
7653,6082,React
7658,6089,React
7662,6094,Vue.js
7663,6095,Node.js
7665,6097,Vue.js
7666,6103,Angular
7668,6103,Express
7670,6103,Next.js
7671,6103,Node.js
7672,6103,React
7674,6104,React
7675,6104,Spring Boot
7682,6109,React
7683,6109,Svelte
7685,6111,ASP.NET CORE
7688,6115,Spring Boot
7691,6118,Vue.js
7692,6121,Express
7693,6121,Node.js
7694,6121,React
7698,6122,React
7699,6122,Spring Boot
7701,6124,FastAPI
7703,6125,Angular
7704,6125,Express
7705,6125,FastAPI
7707,6125,Node.js
7708,6129,Angular
7710,6129,Node.js
7715,6131,Svelte
7716,6133,Express
7720,6133,Node.js
7722,6133,React
7725,6133,Vue.js
7726,6135,Angular
7728,6135,Express
7730,6135,Node.js
7731,6135,Spring Boot
7732,6135,Svelte
7739,6149,Svelte
7742,6156,Node.js
7744,6156,Vue.js
7745,6159,Angular
7747,6159,FastAPI
7748,6159,React
7749,6160,Express
7750,6160,Next.js
7751,6160,Node.js
7752,6160,React
7753,6160,Svelte
7754,6160,Vue.js
7755,6161,React
7757,6162,Vue.js
7758,6163,FastAPI
7759,6168,ASP.NET CORE
7761,6168,FastAPI
7762,6168,React
7764,6169,ASP.NET CORE
7770,6173,React
7772,6173,Svelte
7773,6174,ASP.NET CORE
7777,6178,Svelte
7778,6179,ASP.NET CORE
7779,6179,React
7780,6180,Spring Boot
7782,6187,ASP.NET CORE
7784,6187,Node.js
7785,6187,Vue.js
7786,6192,Angular
7787,6192,ASP.NET CORE
7789,6192,FastAPI
7792,6194,Next.js
7793,6194,React
7794,6194,Spring Boot
7795,6197,Node.js
7798,6197,Svelte
7800,6202,ASP.NET CORE
7801,6204,Angular
7802,6204,ASP.NET CORE
7804,6211,Angular
7807,6211,ASP.NET CORE
7810,6213,FastAPI
7811,6213,Svelte
7812,6214,Express
7813,6214,Node.js
7814,6214,React
7816,6215,Node.js
7818,6216,ASP.NET CORE
7819,6216,Node.js
7820,6220,Angular
7821,6220,ASP.NET CORE
7822,6220,Express
7824,6220,Node.js
7825,6225,Angular
7826,6225,Express
7831,6225,Next.js
7832,6225,Node.js
7834,6225,React
7835,6225,Svelte
7836,6225,Vue.js
7838,6234,Next.js
7839,6234,Node.js
7840,6236,Node.js
7841,6236,Svelte
7842,6238,ASP.NET CORE
7847,6238,Node.js
7851,6238,Svelte
7852,6241,Angular
7854,6246,Express
7855,6246,Next.js
7856,6246,Node.js
7857,6246,React
7858,6247,Express
7860,6247,Next.js
7861,6247,Node.js
7862,6247,React
7863,6249,ASP.NET CORE
7864,6251,ASP.NET CORE
7865,6252,ASP.NET CORE
7867,6253,Express
7868,6253,FastAPI
7870,6253,Node.js
7871,6253,React
7872,6257,Angular
7874,6257,Node.js
7876,6258,FastAPI
7878,6258,Node.js
7879,6258,Vue.js
7880,6259,Express
7881,6259,Next.js
7882,6259,Node.js
7883,6259,React
7884,6262,FastAPI
7885,6266,FastAPI
7886,6266,React
7887,6266,Spring Boot
7889,6268,Express
7891,6268,Next.js
7892,6268,Node.js
7894,6268,React
7895,6269,Next.js
7896,6269,Node.js
7897,6269,React
7899,6271,Angular
7902,6271,ASP.NET CORE
7904,6271,Express
7905,6271,FastAPI
7908,6271,Node.js
7909,6271,React
7911,6271,Spring Boot
7912,6271,Vue.js
7914,6279,Vue.js
7916,6282,ASP.NET CORE
7918,6282,Next.js
7919,6284,Node.js
7920,6284,React
7921,6284,Spring Boot
7922,6288,Angular
7925,6288,ASP.NET CORE
7926,6288,React
7927,6289,ASP.NET CORE
7928,6289,Express
7932,6290,Spring Boot
7933,6290,Svelte
7937,6292,Vue.js
7939,6301,Angular
7941,6301,React
7942,6302,Angular
7943,6302,ASP.NET CORE
7944,6302,Vue.js
7948,6307,FastAPI
7953,6314,Node.js
7954,6314,React
7955,6316,ASP.NET CORE
7959,6317,ASP.NET CORE
7962,6319,Angular
7964,6319,React
7965,6319,Svelte
7967,6321,Spring Boot
7968,6326,Angular
7969,6326,Express
7970,6326,FastAPI
7972,6326,Next.js
7973,6326,Node.js
7974,6326,Svelte
7975,6330,ASP.NET CORE
7977,6330,Express
7979,6330,Node.js
7980,6330,React
7981,6330,Spring Boot
7982,6330,Svelte
7985,6331,Express
7986,6331,Next.js
7987,6331,Node.js
7988,6331,React
7990,6331,Svelte
7994,6332,Node.js
7995,6332,React
7997,6332,Vue.js
8000,6336,Express
8001,6336,FastAPI
8002,6336,Node.js
8003,6336,React
8005,6337,Express
8006,6337,Next.js
8007,6337,Node.js
8009,6337,Vue.js
8010,6340,React
8011,6340,Vue.js
8013,6343,ASP.NET CORE
8015,6344,Angular
8019,6344,FastAPI
8021,6344,Next.js
8022,6344,Node.js
8023,6344,React
8025,6344,Svelte
8026,6344,Vue.js
8033,6353,Express
8034,6353,FastAPI
8036,6353,React
8039,6354,FastAPI
8041,6357,Next.js
8042,6357,Node.js
8043,6357,React
8045,6357,Svelte
8046,6363,Angular
8048,6363,Node.js
8049,6363,React
8050,6363,Vue.js
8051,6364,ASP.NET CORE
8054,6364,Express
8056,6364,Next.js
8057,6364,Node.js
8059,6364,React
8060,6364,Vue.js
8061,6367,ASP.NET CORE
8064,6367,Express
8068,6367,Node.js
8069,6367,React
8070,6367,Vue.js
8072,6368,FastAPI
8074,6368,Vue.js
8075,6372,Spring Boot
8076,6375,Angular
8078,6375,React
8079,6375,Spring Boot
8080,6376,ASP.NET CORE
8081,6376,Express
8082,6376,Node.js
8083,6376,React
8085,6382,Express
8086,6382,FastAPI
8089,6382,Next.js
8090,6382,Node.js
8092,6382,React
8094,6382,Vue.js
8097,6385,ASP.NET CORE
8098,6386,Next.js
8099,6386,Node.js
8100,6386,React
8101,6386,Vue.js
8102,6395,Angular
8103,6395,FastAPI
8104,6395,Next.js
8105,6395,Node.js
8106,6395,React
8107,6395,Spring Boot
8108,6395,Vue.js
8110,6398,Express
8111,6398,Node.js
8112,6398,Svelte
8114,6399,Svelte
8115,6400,React
8116,6400,Svelte
8118,6402,Express
8119,6402,Next.js
8120,6402,Node.js
8121,6402,React
8124,6402,Svelte
8125,6403,Express
8126,6403,Node.js
8127,6409,Express
8128,6409,Node.js
8129,6409,React
8130,6411,ASP.NET CORE
8131,6411,Express
8132,6414,Angular
8134,6414,ASP.NET CORE
8136,6415,Spring Boot
8137,6416,Angular
8138,6416,ASP.NET CORE
8139,6416,React
8144,6423,FastAPI
8146,6424,ASP.NET CORE
8148,6425,Angular
8151,6425,ASP.NET CORE
8152,6425,Node.js
8153,6426,Spring Boot
8155,6434,Angular
8156,6434,FastAPI
8158,6434,Next.js
8159,6434,Node.js
8160,6441,ASP.NET CORE
8161,6443,Angular
8162,6443,Express
8164,6443,Next.js
8165,6443,React
8167,6443,Svelte
8168,6443,Vue.js
8171,6444,Svelte
8172,6450,Angular
8173,6450,Express
8175,6450,Node.js
8177,6454,React
8178,6455,Express
8179,6455,Next.js
8180,6455,Node.js
8181,6455,React
8182,6460,FastAPI
8184,6460,Node.js
8185,6460,Svelte
8186,6460,Vue.js
8187,6467,Node.js
8188,6467,React
8189,6467,Vue.js
8191,6468,ASP.NET CORE
8196,6470,Next.js
8199,6470,Svelte
8200,6473,Node.js
8201,6473,React
8203,6474,ASP.NET CORE
8205,6474,Next.js
8206,6474,Node.js
8208,6474,Vue.js
8209,6476,Express
8210,6476,Next.js
8212,6476,React
8213,6476,Svelte
8214,6476,Vue.js
8216,6478,Node.js
8218,6478,Vue.js
8223,6480,Node.js
8224,6480,Svelte
8226,6482,ASP.NET CORE
8229,6482,React
8230,6482,Vue.js
8236,6485,Next.js
8237,6485,Node.js
8238,6485,React
8240,6485,Svelte
8244,6491,Svelte
8245,6493,Node.js
8246,6493,Vue.js
8249,6503,React
8250,6503,Svelte
8251,6503,Vue.js
8254,6510,Node.js
8258,6515,React
8261,6515,Svelte
8264,6516,Node.js
8268,6528,Svelte
8269,6535,React
8271,6538,Node.js
8272,6538,React
8273,6546,React
8274,6552,Node.js
8275,6552,React
8276,6552,Spring Boot
8277,6554,Angular
8278,6554,ASP.NET CORE
8280,6555,Next.js
8281,6555,Node.js
8282,6555,React
8284,6555,Svelte
8285,6558,Node.js
8286,6558,React
8287,6561,ASP.NET CORE
8289,6561,FastAPI
8293,6567,FastAPI
8296,6568,Next.js
8297,6568,Node.js
8298,6568,React
8300,6569,Next.js
8301,6569,React
8302,6571,FastAPI
8303,6571,React
8304,6571,Spring Boot
8305,6581,Express
8307,6581,Next.js
8308,6581,Node.js
8309,6581,React
8310,6584,FastAPI
8311,6584,Next.js
8312,6584,Node.js
8313,6584,Svelte
8318,6589,Node.js
8319,6589,Vue.js
8322,6594,ASP.NET CORE
8324,6594,React
8325,6594,Vue.js
8326,6595,FastAPI
8330,6596,Vue.js
8331,6604,React
8332,6609,Angular
8335,6609,Express
8339,6609,Next.js
8341,6616,React
8342,6616,Spring Boot
8345,6631,Node.js
8347,6631,Svelte
8348,6633,Node.js
8351,6639,ASP.NET CORE
8354,6639,Svelte
8355,6644,Next.js
8356,6644,Node.js
8357,6644,React
8358,6647,Angular
8359,6647,Express
8360,6647,Next.js
8361,6647,Node.js
8364,6650,React
8367,6651,Node.js
8371,6653,Node.js
8372,6653,Vue.js
8374,6655,React
8376,6659,Express
8377,6659,Node.js
8378,6659,React
8381,6660,Node.js
8382,6660,Vue.js
8385,6669,Express
8386,6669,Node.js
8390,6676,Express
8392,6676,Next.js
8393,6676,React
8394,6676,Vue.js
8395,6678,Express
8398,6678,Next.js
8399,6678,Node.js
8400,6678,React
8403,6678,Svelte
8404,6679,Angular
8406,6679,ASP.NET CORE
8409,6679,Node.js
8410,6680,Angular
8411,6680,ASP.NET CORE
8413,6680,Next.js
8414,6680,Node.js
8415,6680,React
8416,6680,Vue.js
8418,6682,Express
8421,6682,Next.js
8422,6682,Node.js
8423,6682,React
8424,6682,Vue.js
8425,6683,ASP.NET CORE
8426,6683,Next.js
8427,6683,Node.js
8428,6683,React
8429,6685,Angular
8431,6685,Express
8434,6685,Next.js
8435,6685,Node.js
8437,6685,React
8439,6685,Vue.js
8442,6687,Express
8443,6687,FastAPI
8445,6687,Next.js
8446,6687,Node.js
8447,6687,React
8448,6687,Svelte
8449,6687,Vue.js
8450,6689,Angular
8451,6689,Express
8452,6689,Node.js
8453,6689,React
8454,6689,Spring Boot
8456,6690,Svelte
8457,6690,Vue.js
8458,6693,Express
8459,6693,FastAPI
8461,6693,Next.js
8462,6693,React
8463,6693,Spring Boot
8464,6693,Vue.js
8465,6694,FastAPI
8466,6696,Angular
8467,6696,ASP.NET CORE
8468,6696,Next.js
8469,6696,Node.js
8470,6696,React
8473,6701,FastAPI
8474,6701,Next.js
8475,6701,React
8476,6701,Svelte
8479,6709,FastAPI
8480,6715,Svelte
8481,6724,Next.js
8482,6725,Angular
8483,6725,ASP.NET CORE
8484,6730,FastAPI
8487,6733,Node.js
8489,6734,ASP.NET CORE
8493,6735,Next.js
8494,6735,Node.js
8495,6735,React
8497,6740,Angular
8500,6740,Node.js
8501,6740,Vue.js
8503,6745,Vue.js
8505,6746,Express
8506,6746,FastAPI
8509,6746,Next.js
8510,6746,Node.js
8511,6746,React
8512,6746,Spring Boot
8513,6747,Next.js
8514,6747,Node.js
8515,6747,React
8519,6748,Next.js
8520,6748,Node.js
8522,6748,React
8525,6753,Next.js
8526,6753,Node.js
8527,6753,React
8529,6759,Spring Boot
8531,6761,Svelte
8535,6766,Express
8536,6766,Next.js
8537,6766,Node.js
8538,6766,React
8542,6772,Next.js
8543,6772,Node.js
8544,6772,React
8547,6776,Vue.js
8548,6778,Angular
8550,6778,Next.js
8551,6778,Node.js
8552,6778,React
8555,6781,Node.js
8556,6781,Vue.js
8557,6785,Next.js
8558,6785,Node.js
8559,6785,React
8561,6792,Express
8563,6792,Next.js
8564,6792,Node.js
8565,6792,React
8566,6795,Angular
8569,6795,ASP.NET CORE
8571,6795,FastAPI
8573,6795,Node.js
8574,6795,React
8576,6795,Spring Boot
8577,6798,Angular
8579,6798,ASP.NET CORE
8580,6798,Express
8581,6798,Node.js
8582,6798,React
8584,6801,ASP.NET CORE
8585,6801,Vue.js
8587,6804,React
8592,6805,Vue.js
8593,6810,Angular
8596,6810,Node.js
8597,6812,Express
8598,6812,Next.js
8599,6812,Node.js
8601,6812,React
8602,6812,Spring Boot
8604,6813,ASP.NET CORE
8609,6818,React
8610,6823,ASP.NET CORE
8614,6828,Next.js
8615,6828,React
8616,6828,Svelte
8619,6830,Svelte
8621,6831,Next.js
8622,6831,Node.js
8623,6831,React
8624,6831,Svelte
8626,6834,React
8627,6835,Svelte
8629,6837,Vue.js
8632,6839,Next.js
8633,6839,Node.js
8634,6839,React
8636,6840,Node.js
8638,6840,Svelte
8640,6841,Svelte
8642,6846,FastAPI
8643,6846,Next.js
8644,6846,React
8645,6848,ASP.NET CORE
8649,6848,Svelte
8650,6848,Vue.js
8652,6851,ASP.NET CORE
8654,6851,Express
8655,6851,Next.js
8656,6851,Node.js
8658,6851,React
8659,6851,Spring Boot
8660,6851,Vue.js
8662,6852,Node.js
8663,6852,React
8664,6859,Angular
8666,6868,Svelte
8667,6870,ASP.NET CORE
8671,6874,Node.js
8673,6876,Angular
8678,6878,ASP.NET CORE
8680,6878,Node.js
8681,6878,React
8683,6882,Node.js
8684,6882,Svelte
8685,6883,Angular
8688,6883,Express
8689,6883,Node.js
8693,6887,Node.js
8695,6887,React
8697,6891,Node.js
8698,6891,Spring Boot
8701,6893,Next.js
8702,6893,Node.js
8705,6893,Spring Boot
8709,6896,Express
8710,6896,FastAPI
8713,6896,Svelte
8725,6904,Express
8726,6904,Svelte
8727,6910,ASP.NET CORE
8729,6910,Svelte
8730,6913,Angular
8733,6913,ASP.NET CORE
8735,6913,Node.js
8737,6913,Vue.js
8738,6916,Express
8741,6916,Node.js
8742,6916,React
8743,6918,Express
8744,6918,Next.js
8748,6919,Vue.js
8749,6920,Angular
8751,6920,Express
8754,6920,Next.js
8755,6920,Node.js
8756,6920,React
8757,6920,Spring Boot
8758,6920,Vue.js
8759,6921,Next.js
8760,6921,React
8764,6923,Next.js
8765,6923,Node.js
8767,6923,React
8769,6923,Svelte
8770,6924,FastAPI
8771,6924,React
8772,6929,Angular
8774,6929,Express
8775,6929,FastAPI
8777,6929,Node.js
8778,6929,React
8780,6937,React
8783,6953,Next.js
8784,6953,Node.js
8785,6953,React
8787,6954,React
8788,6955,FastAPI
8789,6957,FastAPI
8791,6958,Next.js
8792,6958,Node.js
8793,6958,Svelte
8797,6962,Node.js
8798,6962,Svelte
8800,6967,ASP.NET CORE
8801,6967,React
8802,6969,Express
8803,6969,Node.js
8804,6969,Svelte
8805,6969,Vue.js
8808,6971,Next.js
8809,6971,React
8810,6977,Angular
8812,6977,Next.js
8813,6977,Node.js
8814,6977,React
8815,6977,Spring Boot
8816,6980,ASP.NET CORE
8818,6980,Next.js
8819,6980,React
8820,6981,Angular
8821,6981,ASP.NET CORE
8822,6981,Node.js
8823,6982,Angular
8825,6982,React
8826,6982,Spring Boot
8827,6983,FastAPI
8828,6983,React
8830,6989,Next.js
8831,6989,Node.js
8832,6989,React
8834,6991,ASP.NET CORE
8835,6991,React
8836,6998,React
8837,6998,Spring Boot
8839,7002,Spring Boot
8840,7003,ASP.NET CORE
8843,7007,Angular
8844,7007,Express
8845,7007,Node.js
8846,7007,Svelte
8847,7009,Express
8850,7009,Next.js
8851,7009,Node.js
8853,7009,React
8856,7022,FastAPI
8857,7022,Node.js
8858,7022,Svelte
8859,7026,Angular
8860,7026,Express
8861,7026,Next.js
8862,7026,Node.js
8863,7026,Vue.js
8864,7027,FastAPI
8867,7034,Express
8868,7034,FastAPI
8870,7034,Node.js
8871,7034,React
8872,7041,Angular
8875,7041,Express
8876,7041,FastAPI
8881,7041,Next.js
8882,7041,Node.js
8884,7041,React
8887,7041,Spring Boot
8888,7041,Vue.js
8890,7042,Angular
8891,7042,ASP.NET CORE
8893,7043,Node.js
8894,7044,Angular
8895,7047,Angular
8899,7054,Angular
8902,7054,Node.js
8904,7055,Angular
8906,7055,ASP.NET CORE
8911,7055,Express
8912,7055,FastAPI
8917,7055,Next.js
8918,7055,Node.js
8920,7055,React
8923,7055,Spring Boot
8925,7055,Svelte
8928,7061,Next.js
8929,7061,Node.js
8930,7061,React
8932,7065,Node.js
8933,7065,React
8935,7069,FastAPI
8937,7070,Svelte
8938,7073,Next.js
8939,7073,React
8942,7080,Node.js
8943,7080,React
8944,7087,FastAPI
8945,7087,Svelte
8946,7089,ASP.NET CORE
8948,7092,ASP.NET CORE
8949,7095,ASP.NET CORE
8953,7099,Next.js
8954,7099,React
8956,7100,Angular
8957,7100,ASP.NET CORE
8958,7101,Angular
8960,7101,Spring Boot
8961,7104,Angular
8962,7104,ASP.NET CORE
8963,7104,Svelte
8965,7105,Express
8966,7105,Next.js
8967,7105,Node.js
8968,7105,React
8971,7108,Express
8972,7108,Node.js
8973,7108,React
8975,7108,Svelte
8976,7109,ASP.NET CORE
8980,7109,Node.js
8981,7109,React
8985,7112,Next.js
8988,7121,Svelte
8989,7125,Express
8990,7125,Next.js
8991,7125,Node.js
8992,7126,Express
8994,7126,Node.js
8995,7126,Vue.js
8998,7127,Node.js
9001,7128,Next.js
9002,7128,React
9003,7128,Vue.js
9004,7136,ASP.NET CORE
9005,7136,React
9006,7140,Next.js
9007,7140,React
9008,7140,Vue.js
9014,7146,Node.js
9015,7146,Svelte
9016,7156,Angular
9017,7156,Next.js
9018,7156,Node.js
9019,7156,Spring Boot
9027,7157,Svelte
9028,7157,Vue.js
9029,7158,Express
9030,7158,Node.js
9031,7160,Angular
9034,7160,Node.js
9037,7161,React
9038,7164,Angular
9039,7164,Express
9040,7164,Node.js
9041,7167,Angular
9042,7167,Express
9045,7167,Next.js
9046,7167,Node.js
9048,7167,React
9050,7167,Svelte
9051,7167,Vue.js
9052,7171,Angular
9054,7171,ASP.NET CORE
9056,7171,Next.js
9057,7171,React
9058,7175,Angular
9060,7175,ASP.NET CORE
9063,7185,Express
9065,7185,Next.js
9066,7185,Node.js
9068,7185,React
9071,7185,Spring Boot
9072,7185,Vue.js
9073,7186,Next.js
9074,7186,React
9078,7187,Node.js
9080,7187,Vue.js
9082,7193,Express
9083,7193,Spring Boot
9085,7195,Node.js
9086,7195,React
9087,7196,Spring Boot
9091,7200,Angular
9092,7200,Node.js
9093,7200,React
9094,7200,Spring Boot
9095,7201,ASP.NET CORE
9096,7205,Svelte
9097,7208,Express
9100,7208,Node.js
9101,7208,React
9104,7210,Angular
9105,7210,Next.js
9106,7210,Node.js
9107,7210,React
9108,7211,Express
9111,7211,React
9112,7211,Spring Boot
9113,7211,Vue.js
9115,7219,Spring Boot
9117,7222,Angular
9118,7222,ASP.NET CORE
9121,7222,FastAPI
9122,7222,Node.js
9123,7223,Node.js
9124,7223,React
9125,7223,Spring Boot
9126,7224,Angular
9127,7224,Spring Boot
9129,7225,FastAPI
9135,7227,Next.js
9136,7227,Node.js
9139,7227,Vue.js
9141,7231,Express
9143,7231,Next.js
9144,7231,Node.js
9145,7231,React
9147,7232,Angular
9148,7232,ASP.NET CORE
9150,7232,Svelte
9151,7237,Node.js
9153,7237,Vue.js
9155,7238,Next.js
9156,7238,Node.js
9157,7238,React
9158,7238,Svelte
9159,7243,Angular
9160,7243,ASP.NET CORE
9161,7243,React
9164,7249,Spring Boot
9165,7251,React
9166,7256,Next.js
9167,7256,React
9173,7264,ASP.NET CORE
9175,7264,React
9176,7264,Spring Boot
9177,7264,Svelte
9179,7266,ASP.NET CORE
9181,7266,Node.js
9182,7266,React
9184,7269,ASP.NET CORE
9185,7269,FastAPI
9188,7269,Svelte
9189,7269,Vue.js
9190,7270,ASP.NET CORE
9192,7271,ASP.NET CORE
9193,7271,Node.js
9194,7271,React
9196,7274,Node.js
9197,7274,Vue.js
9201,7278,ASP.NET CORE
9202,7278,Express
9203,7278,Next.js
9204,7278,Node.js
9205,7278,React
9207,7283,Next.js
9208,7283,Node.js
9209,7283,React
9211,7283,Svelte
9212,7288,FastAPI
9215,7290,Express
9218,7290,Next.js
9219,7290,Node.js
9220,7290,React
9221,7290,Spring Boot
9223,7290,Svelte
9224,7290,Vue.js
9227,7293,Next.js
9229,7298,Express
9230,7298,Node.js
9231,7298,Vue.js
9236,7300,Next.js
9237,7300,Node.js
9239,7300,React
9242,7300,Svelte
9243,7300,Vue.js
9245,7303,ASP.NET CORE
9246,7303,Vue.js
9249,7307,FastAPI
9253,7309,Node.js
9254,7309,React
9256,7316,Next.js
9257,7316,Node.js
9258,7316,React
9261,7319,FastAPI
9263,7319,Next.js
9264,7319,Node.js
9266,7319,React
9268,7319,Vue.js
9269,7321,Angular
9271,7321,ASP.NET CORE
9274,7321,Next.js
9276,7324,Next.js
9277,7324,React
9279,7324,Svelte
9280,7325,Angular
9283,7326,Angular
9284,7326,FastAPI
9286,7326,Next.js
9287,7326,Node.js
9288,7326,React
9289,7326,Spring Boot
9292,7332,Spring Boot
9295,7334,ASP.NET CORE
9297,7334,Next.js
9298,7334,Node.js
9300,7334,React
9301,7334,Vue.js
9302,7339,Express
9304,7339,Node.js
9305,7339,React
9306,7339,Vue.js
9307,7341,Node.js
9308,7341,React
9310,7346,Node.js
9311,7346,React
9312,7346,Vue.js
9313,7350,Svelte
9314,7351,Spring Boot
9315,7363,Node.js
9316,7363,React
9317,7367,Angular
9320,7369,Angular
9322,7369,ASP.NET CORE
9324,7369,React
9328,7375,Next.js
9329,7375,Node.js
9330,7375,React
9331,7381,Spring Boot
9332,7385,Angular
9333,7385,ASP.NET CORE
9335,7386,ASP.NET CORE
9337,7386,Express
9338,7386,FastAPI
9339,7386,Next.js
9340,7386,Node.js
9341,7386,React
9342,7388,Express
9343,7388,Next.js
9344,7388,Node.js
9345,7388,React
9347,7391,Express
9350,7391,Next.js
9351,7391,Node.js
9353,7391,React
9356,7391,Vue.js
9359,7397,Node.js
9363,7397,Vue.js
9364,7398,Express
9366,7398,Next.js
9367,7398,Node.js
9368,7398,React
9369,7398,Spring Boot
9373,7404,Node.js
9375,7404,React
9377,7404,Vue.js
9378,7406,Node.js
9379,7406,Spring Boot
9380,7406,Svelte
9381,7406,Vue.js
9382,7410,Angular
9385,7410,Node.js
9386,7410,React
9387,7410,Spring Boot
9388,7410,Vue.js
9390,7412,ASP.NET CORE
9393,7412,Node.js
9395,7418,Angular
9396,7418,ASP.NET CORE
9398,7418,Express
9400,7418,Next.js
9401,7418,Node.js
9403,7418,React
9405,7418,Vue.js
9407,7421,ASP.NET CORE
9409,7424,Express
9410,7424,Next.js
9411,7424,Node.js
9415,7426,Next.js
9416,7426,React
9420,7427,ASP.NET CORE
9421,7427,Next.js
9422,7427,React
9423,7429,Angular
9424,7429,Spring Boot
9425,7430,Next.js
9426,7430,React
9428,7431,Express
9429,7431,FastAPI
9431,7431,Node.js
9433,7431,Vue.js
9434,7435,Angular
9435,7435,Node.js
9436,7435,Spring Boot
9438,7436,Angular
9440,7436,React
9441,7436,Svelte
9444,7437,Node.js
9445,7437,React
9446,7446,Angular
9448,7446,FastAPI
9451,7446,Next.js
9452,7446,Node.js
9453,7446,React
9454,7446,Spring Boot
9455,7447,FastAPI
9457,7447,Node.js
9459,7447,Vue.js
9460,7451,Angular
9461,7451,ASP.NET CORE
9462,7451,Next.js
9463,7451,Node.js
9464,7451,React
9466,7455,ASP.NET CORE
9469,7455,React
9472,7456,Express
9473,7456,FastAPI
9475,7456,Node.js
9476,7456,Vue.js
9479,7460,FastAPI
9482,7460,Next.js
9483,7460,Node.js
9484,7460,React
9488,7460,Svelte
9489,7461,Express
9491,7461,Node.js
9492,7461,Spring Boot
9493,7465,ASP.NET CORE
9494,7465,React
9495,7468,Angular
9496,7468,Express
9499,7468,Next.js
9500,7468,Node.js
9501,7468,React
9504,7474,Express
9507,7474,Node.js
9508,7474,Vue.js
9511,7475,ASP.NET CORE
9513,7477,ASP.NET CORE
9514,7477,React
9516,7482,Express
9517,7482,FastAPI
9519,7482,Next.js
9520,7482,Node.js
9521,7482,React
9522,7482,Vue.js
9525,7483,Next.js
9526,7483,React
9528,7485,Node.js
9530,7485,React
9531,7490,ASP.NET CORE
9532,7499,Angular
9533,7499,ASP.NET CORE
9534,7499,React
9535,7500,Express
9536,7500,Node.js
9537,7500,React
9538,7500,Spring Boot
9540,7502,ASP.NET CORE
9542,7502,React
9543,7504,Express
9546,7504,Next.js
9548,7504,Vue.js
9549,7506,Express
9550,7506,Node.js
9551,7506,React
9552,7513,Angular
9554,7513,FastAPI
9556,7513,Next.js
9558,7513,React
9559,7513,Vue.js
9560,7514,Angular
9561,7514,ASP.NET CORE
9565,7516,FastAPI
9567,7516,Next.js
9568,7516,Node.js
9569,7516,React
9570,7516,Spring Boot
9571,7516,Vue.js
9573,7517,Angular
9576,7518,Node.js
9577,7518,React
9578,7521,ASP.NET CORE
9580,7521,FastAPI
9581,7521,Next.js
9582,7521,Node.js
9584,7524,Svelte
9585,7525,Express
9587,7525,Next.js
9588,7525,Node.js
9589,7525,React
9591,7526,FastAPI
9592,7530,ASP.NET CORE
9593,7534,FastAPI
9597,7534,Svelte
9598,7534,Vue.js
9599,7535,ASP.NET CORE
9600,7535,React
9601,7537,Angular
9605,7537,Express
9608,7537,Next.js
9609,7537,Node.js
9610,7537,React
9612,7537,Spring Boot
9614,7537,Svelte
9615,7542,Node.js
9616,7543,FastAPI
9620,7546,ASP.NET CORE
9622,7549,ASP.NET CORE
9624,7549,Vue.js
9626,7555,ASP.NET CORE
9627,7555,React
9629,7574,Spring Boot
9632,7576,React
9633,7577,Angular
9634,7581,Next.js
9635,7581,Node.js
9636,7582,Angular
9637,7582,ASP.NET CORE
9638,7582,React
9641,7586,ASP.NET CORE
9643,7589,FastAPI
9644,7590,Angular
9645,7590,Express
9647,7590,Node.js
9648,7590,React
9649,7590,Spring Boot
9651,7590,Vue.js
9655,7602,ASP.NET CORE
9656,7602,Node.js
9657,7602,React
9658,7603,Angular
9661,7603,Next.js
9662,7603,Node.js
9663,7603,React
9666,7604,React
9668,7608,Next.js
9669,7608,Node.js
9671,7610,Angular
9673,7610,Express
9674,7610,Next.js
9675,7610,Node.js
9676,7610,React
9677,7610,Spring Boot
9678,7610,Vue.js
9680,7612,ASP.NET CORE
9686,7613,Svelte
9687,7613,Vue.js
9688,7614,Angular
9690,7614,ASP.NET CORE
9691,7614,Express
9693,7614,Next.js
9694,7614,Node.js
9695,7614,React
9697,7614,Vue.js
9700,7617,Vue.js
9701,7618,Next.js
9702,7618,Node.js
9703,7618,React
9711,7623,Node.js
9712,7623,Svelte
9713,7623,Vue.js
9715,7625,Express
9716,7625,Node.js
9717,7625,React
9718,7625,Svelte
9719,7627,Spring Boot
9720,7629,Angular
9722,7629,React
9723,7629,Vue.js
9725,7631,FastAPI
9730,7634,React
9731,7634,Vue.js
9734,7643,ASP.NET CORE
9736,7643,Node.js
9737,7644,Angular
9740,7644,Node.js
9742,7648,Next.js
9743,7648,Node.js
9744,7648,React
9745,7648,Svelte
9748,7653,FastAPI
9751,7653,Node.js
9752,7653,Svelte
9756,7657,Node.js
9759,7663,FastAPI
9760,7663,React
9763,7663,Vue.js
9764,7668,React
9765,7668,Spring Boot
9768,7670,Node.js
9769,7670,React
9770,7671,Node.js
9771,7671,React
9772,7672,Angular
9773,7672,React
9774,7672,Spring Boot
9775,7672,Svelte
9776,7672,Vue.js
9782,7675,Next.js
9783,7675,Node.js
9784,7675,React
9785,7675,Vue.js
9788,7681,Next.js
9789,7681,React
9790,7683,Next.js
9791,7683,React
9792,7685,Next.js
9793,7685,Node.js
9794,7685,React
9795,7685,Spring Boot
9799,7687,React
9800,7687,Vue.js
9801,7690,Angular
9804,7690,ASP.NET CORE
9812,7690,Express
9813,7690,FastAPI
9821,7690,Next.js
9822,7690,Node.js
9826,7690,React
9830,7690,Spring Boot
9832,7690,Svelte
9834,7690,Vue.js
9837,7692,Node.js
9839,7693,Spring Boot
9840,7693,Svelte
9847,7699,Vue.js
9850,7702,Node.js
9851,7702,React
9854,7703,ASP.NET CORE
9855,7703,React
9856,7704,Angular
9857,7704,ASP.NET CORE
9858,7704,React
9859,7704,Spring Boot
9860,7711,Angular
9863,7711,Vue.js
9868,7712,React
9869,7712,Vue.js
9873,7713,Svelte
9877,7719,Angular
9879,7719,Next.js
9880,7719,Node.js
9881,7719,React
9882,7719,Spring Boot
9883,7723,ASP.NET CORE
9884,7726,Express
9885,7726,Next.js
9886,7726,React
9888,7729,Node.js
9889,7729,React
9890,7729,Spring Boot
9892,7735,ASP.NET CORE
9893,7735,FastAPI
9895,7741,ASP.NET CORE
9898,7745,Next.js
9899,7745,React
9901,7746,Express
9903,7746,Node.js
9904,7746,React
9906,7752,React
9907,7752,Svelte
9910,7755,ASP.NET CORE
9911,7755,React
9916,7773,Vue.js
9917,7774,Node.js
9918,7774,Svelte
9919,7776,Spring Boot
9920,7778,FastAPI
9922,7781,Angular
9924,7781,Next.js
9925,7781,Node.js
9926,7782,Spring Boot
9927,7783,FastAPI
9929,7784,Spring Boot
9930,7784,Vue.js
9931,7785,FastAPI
9932,7785,React
9933,7789,ASP.NET CORE
9938,7789,Next.js
9939,7789,Node.js
9940,7789,React
9942,7791,ASP.NET CORE
9943,7791,Express
9944,7791,Next.js
9945,7791,Node.js
9946,7791,React
9947,7792,Angular
9948,7792,ASP.NET CORE
9949,7792,Node.js
9951,7793,Spring Boot
9953,7796,Next.js
9954,7796,Node.js
9955,7796,React
9956,7801,Next.js
9957,7801,Node.js
9959,7801,React
9960,7801,Svelte
9961,7802,Next.js
9962,7802,React
9963,7802,Spring Boot
9964,7803,Angular
9966,7803,Express
9967,7803,Next.js
9968,7803,Node.js
9969,7806,Next.js
9970,7806,Node.js
9971,7806,React
9974,7808,React
9976,7809,Next.js
9977,7809,Node.js
9979,7809,React
9980,7809,Vue.js
9982,7811,Next.js
9983,7811,Node.js
9984,7811,React
9988,7812,Vue.js
9991,7816,Next.js
9992,7816,Node.js
9993,7816,React
9994,7823,ASP.NET CORE
9995,7825,ASP.NET CORE
9997,7825,Node.js
9998,7825,React
9999,7825,Vue.js
10002,7826,Vue.js
10004,7828,Svelte
10005,7831,FastAPI
10007,7831,Vue.js
10008,7833,Express
10009,7833,Node.js
10010,7833,Vue.js
10012,7836,Next.js
10013,7836,Node.js
10014,7836,React
10017,7839,FastAPI
10018,7839,Next.js
10019,7839,Node.js
10020,7839,React
10022,7843,ASP.NET CORE
10023,7844,FastAPI
10025,7844,Node.js
10026,7844,React
10028,7848,Express
10031,7848,Next.js
10032,7848,Node.js
10033,7848,React
10035,7856,Node.js
10039,7857,Next.js
10040,7857,Node.js
10041,7857,React
10046,7863,Node.js
10048,7863,Spring Boot
10049,7863,Svelte
10050,7863,Vue.js
10051,7864,Node.js
10052,7864,Spring Boot
10053,7864,Vue.js
10054,7868,Angular
10055,7868,ASP.NET CORE
10057,7868,FastAPI
10060,7868,Vue.js
10062,7869,ASP.NET CORE
10063,7869,Express
10064,7869,Node.js
10065,7869,React
10069,7873,Next.js
10070,7873,Node.js
10071,7873,React
10072,7875,Next.js
10073,7877,Angular
10074,7877,Express
10078,7878,FastAPI
10080,7882,Express
10081,7882,Node.js
10085,7884,Next.js
10087,7884,React
10088,7884,Svelte
10090,7884,Vue.js
10092,7885,FastAPI
10093,7886,FastAPI
10098,7887,React
10100,7891,Next.js
10101,7891,Node.js
10102,7891,React
10103,7892,Angular
10104,7892,ASP.NET CORE
10105,7900,ASP.NET CORE
10106,7900,Next.js
10107,7900,Node.js
10108,7900,React
10109,7903,FastAPI
10115,7906,Node.js
10116,7906,React
10118,7910,Node.js
10119,7910,React
10121,7914,Angular
10124,7914,Node.js
10125,7915,Angular
10129,7915,Vue.js
10130,7917,Node.js
10131,7921,ASP.NET CORE
10132,7922,React
10135,7923,FastAPI
10137,7923,Svelte
10138,7923,Vue.js
10139,7924,FastAPI
10141,7924,Node.js
10142,7927,Next.js
10143,7927,Node.js
10147,7933,Express
10148,7933,Next.js
10149,7933,Node.js
10150,7933,React
10151,7935,Angular
10154,7935,Express
10159,7935,Next.js
10160,7935,Node.js
10162,7935,React
10164,7935,Vue.js
10165,7936,Spring Boot
10167,7938,Node.js
10169,7938,Svelte
10170,7938,Vue.js
10172,7939,Spring Boot
10174,7943,ASP.NET CORE
10176,7943,Svelte
10178,7944,ASP.NET CORE
10181,7944,Spring Boot
10182,7948,Express
10186,7948,Next.js
10187,7948,Node.js
10188,7948,React
10189,7948,Spring Boot
10191,7955,Angular
10192,7955,Spring Boot
10193,7955,Vue.js
10194,7958,Angular
10196,7958,Spring Boot
10197,7963,ASP.NET CORE
10200,7964,Node.js
10201,7964,React
10204,7975,Node.js
10206,7975,Vue.js
10210,7978,Node.js
10213,7978,Vue.js
10214,7979,Angular
10217,7979,Next.js
10218,7979,Node.js
10219,7979,React
10223,7981,Node.js
10226,7982,React
10227,7985,Angular
10228,7985,Spring Boot
10230,7988,ASP.NET CORE
10232,7992,ASP.NET CORE
10235,7992,Express
10236,7998,FastAPI
10237,7998,Next.js
10238,7998,React
10239,8000,FastAPI
10241,8001,Express
10242,8001,FastAPI
10244,8001,Next.js
10245,8001,Node.js
10246,8001,React
10247,8004,ASP.NET CORE
10248,8004,FastAPI
10251,8007,Next.js
10253,8007,React
10254,8007,Vue.js
10256,8008,Node.js
10257,8008,React
10258,8014,Node.js
10259,8014,React
10260,8015,Node.js
10261,8015,React
10262,8015,Vue.js
10263,8016,Angular
10266,8020,FastAPI
10268,8020,React
10270,8023,ASP.NET CORE
10272,8023,Node.js
10273,8023,Vue.js
10274,8025,ASP.NET CORE
10276,8026,FastAPI
10278,8026,Node.js
10279,8026,React
10280,8026,Spring Boot
10281,8028,Angular
10282,8028,ASP.NET CORE
10283,8029,Angular
10284,8029,Node.js
10285,8029,Spring Boot
10286,8030,Angular
10288,8030,Node.js
10289,8032,Angular
10290,8032,Spring Boot
10291,8034,Node.js
10292,8034,Spring Boot
10294,8038,Node.js
10296,8038,React
10298,8038,Spring Boot
10301,8040,Vue.js
10302,8043,Angular
10303,8045,FastAPI
10305,8049,Node.js
10309,8054,Node.js
10310,8054,React
10311,8058,Express
10312,8058,Next.js
10313,8058,Node.js
10314,8058,React
10317,8066,Angular
10319,8066,ASP.NET CORE
10320,8066,Node.js
10321,8066,React
10322,8069,Angular
10323,8069,ASP.NET CORE
10324,8069,Next.js
10325,8071,FastAPI
10326,8077,Next.js
10327,8077,React
10328,8080,Express
10329,8080,Node.js
10330,8080,Svelte
10332,8081,Vue.js
10333,8082,Angular
10336,8082,FastAPI
10337,8082,Next.js
10339,8082,React
10341,8082,Svelte
10342,8082,Vue.js
10343,8083,ASP.NET CORE
10344,8085,Express
10346,8085,Next.js
10347,8085,Node.js
10348,8085,React
10349,8087,Angular
10350,8087,ASP.NET CORE
10352,8090,Vue.js
10354,8091,ASP.NET CORE
10356,8094,Next.js
10357,8094,Node.js
10358,8094,React
10361,8098,FastAPI
10364,8098,Spring Boot
10365,8100,Angular
10366,8100,Next.js
10367,8100,Node.js
10368,8100,React
10370,8101,Vue.js
10371,8106,Angular
10372,8106,ASP.NET CORE
10374,8106,Node.js
10375,8106,React
10376,8106,Vue.js
10377,8112,Angular
10379,8112,ASP.NET CORE
10381,8112,React
10382,8115,Express
10384,8115,Next.js
10385,8115,Node.js
10386,8115,React
10387,8121,Angular
10389,8121,ASP.NET CORE
10393,8126,FastAPI
10396,8126,Node.js
10397,8126,React
10398,8126,Spring Boot
10399,8128,FastAPI
10404,8128,Svelte
10405,8129,FastAPI
10406,8129,Next.js
10407,8129,Node.js
10408,8129,React
10410,8131,Spring Boot
10413,8133,Express
10416,8133,Next.js
10417,8133,Node.js
10418,8133,React
10419,8133,Svelte
10420,8133,Vue.js
10422,8140,Vue.js
10424,8141,Vue.js
10425,8151,ASP.NET CORE
10427,8151,Express
10429,8151,React
10430,8152,Node.js
10431,8152,React
10432,8152,Vue.js
10433,8153,Express
10434,8153,Node.js
10435,8153,React
10437,8159,Express
10438,8159,Next.js
10439,8159,Node.js
10440,8159,React
10443,8161,Node.js
10444,8161,React
10445,8161,Spring Boot
10446,8162,ASP.NET CORE
10447,8163,FastAPI
10448,8163,React
10449,8165,React
10450,8167,Next.js
10451,8167,React
10452,8176,ASP.NET CORE
10454,8180,React
10456,8181,Angular
10459,8181,ASP.NET CORE
10462,8181,Express
10467,8181,Node.js
10468,8181,React
10470,8181,Vue.js
10474,8186,ASP.NET CORE
10476,8186,FastAPI
10480,8189,FastAPI
10482,8189,Node.js
10483,8189,React
10484,8189,Vue.js
10488,8191,React
10490,8191,Svelte
10492,8194,Express
10495,8194,Node.js
10497,8194,Svelte
10499,8196,Express
10500,8196,Node.js
10501,8196,React
10502,8200,ASP.NET CORE
10503,8200,React
10504,8205,Angular
10506,8205,ASP.NET CORE
10507,8205,Node.js
10508,8205,React
10509,8205,Vue.js
10510,8207,Angular
10511,8207,ASP.NET CORE
10513,8207,Express
10514,8207,Node.js
10516,8207,Svelte
10518,8209,Express
10519,8209,FastAPI
10521,8209,Node.js
10524,8209,Vue.js
10525,8211,Angular
10526,8211,ASP.NET CORE
10528,8211,Node.js
10529,8213,FastAPI
10535,8220,Spring Boot
10536,8220,Vue.js
10537,8222,Angular
10538,8222,Express
10539,8222,Node.js
10540,8222,React
10541,8223,Express
10542,8223,React
10545,8225,Next.js
10546,8225,Node.js
10547,8225,React
10548,8231,FastAPI
10550,8233,Angular
10551,8233,ASP.NET CORE
10552,8233,Express
10554,8233,Next.js
10555,8233,Node.js
10556,8233,React
10558,8235,Svelte
10559,8236,Node.js
10560,8236,Spring Boot
10561,8236,Vue.js
10564,8239,Node.js
10565,8239,Vue.js
10568,8241,Node.js
10570,8241,Svelte
10571,8243,ASP.NET CORE
10572,8243,React
10573,8251,Express
10575,8251,Node.js
10576,8251,React
10578,8253,ASP.NET CORE
10581,8261,ASP.NET CORE
10584,8261,Node.js
10585,8263,Next.js
10586,8263,Node.js
10588,8263,Svelte
10589,8264,FastAPI
10590,8264,React
10592,8268,React
10595,8270,Node.js
10596,8270,React
10597,8271,Angular
10599,8271,ASP.NET CORE
10602,8271,Next.js
10605,8275,Next.js
10606,8275,React
10607,8279,ASP.NET CORE
10610,8282,Spring Boot
10612,8283,Node.js
10613,8283,Spring Boot
10614,8283,Svelte
10620,8296,FastAPI
10622,8296,Next.js
10623,8296,Node.js
10624,8296,React
10625,8298,ASP.NET CORE
10628,8301,ASP.NET CORE
10631,8302,ASP.NET CORE
10632,8308,Express
10634,8311,ASP.NET CORE
10638,8312,Angular
10641,8312,Spring Boot
10642,8313,Node.js
10643,8314,Express
10645,8314,Node.js
10646,8314,React
10647,8314,Vue.js
10649,8321,React
10650,8322,FastAPI
10651,8325,ASP.NET CORE
10653,8325,Svelte
10654,8332,Next.js
10655,8332,React
10658,8335,FastAPI
10660,8337,Angular
10664,8337,Next.js
10665,8337,Node.js
10666,8337,React
10667,8337,Svelte
10670,8339,FastAPI
10674,8340,Next.js
10676,8344,Next.js
10677,8344,Node.js
10678,8344,React
10680,8350,Vue.js
10682,8357,ASP.NET CORE
10685,8357,Vue.js
10686,8358,ASP.NET CORE
10690,8359,React
10692,8360,ASP.NET CORE
10695,8366,Express
10697,8366,Next.js
10698,8366,Node.js
10699,8366,React
10702,8367,Node.js
10704,8368,ASP.NET CORE
10708,8368,Express
10709,8368,FastAPI
10712,8368,Next.js
10713,8368,Node.js
10716,8368,React
10720,8368,Spring Boot
10721,8368,Vue.js
10723,8372,Angular
10725,8372,ASP.NET CORE
10726,8372,Express
10727,8372,Node.js
10728,8372,React
10729,8373,Express
10730,8373,Node.js
10731,8373,React
10737,8384,Angular
10738,8384,ASP.NET CORE
10740,8389,Express
10741,8389,FastAPI
10746,8389,Next.js
10747,8389,Node.js
10748,8389,React
10751,8389,Svelte
10752,8389,Vue.js
10754,8392,Vue.js
10757,8395,Express
10758,8395,FastAPI
10761,8395,Node.js
10762,8395,React
10763,8395,Vue.js
10765,8407,Express
10766,8407,Next.js
10767,8407,Node.js
10769,8407,React
10771,8407,Vue.js
10773,8409,ASP.NET CORE
10775,8410,Express
10776,8410,FastAPI
10778,8410,Next.js
10779,8410,Node.js
10780,8410,React
10781,8410,Vue.js
10785,8413,Node.js
10786,8413,Svelte
10787,8413,Vue.js
10788,8415,React
10790,8420,FastAPI
10793,8423,FastAPI
10796,8423,Node.js
10797,8423,React
10798,8423,Vue.js
10799,8424,Angular
10801,8424,FastAPI
10804,8424,Next.js
10805,8424,Node.js
10806,8424,React
10807,8424,Vue.js
10808,8426,Next.js
10809,8426,React
10810,8426,Spring Boot
10811,8426,Vue.js
10813,8429,ASP.NET CORE
10816,8438,Angular
10818,8438,ASP.NET CORE
10821,8438,React
10822,8438,Vue.js
10823,8446,Next.js
10824,8446,Node.js
10825,8446,React
10830,8449,React
10832,8450,Vue.js
10834,8451,FastAPI
10837,8451,Svelte
10838,8451,Vue.js
10839,8454,Express
10840,8454,Next.js
10841,8454,Node.js
10842,8454,React
10843,8455,ASP.NET CORE
10844,8455,Node.js
10845,8455,Svelte
10846,8457,Angular
10847,8457,Express
10848,8457,FastAPI
10851,8457,Next.js
10852,8457,Node.js
10853,8457,React
10854,8457,Spring Boot
10855,8457,Svelte
10856,8457,Vue.js
10857,8460,React
10858,8460,Vue.js
10859,8468,Angular
10861,8468,Express
10863,8468,Next.js
10864,8468,Node.js
10866,8468,React
10867,8468,Spring Boot
10869,8468,Svelte
10871,8469,Spring Boot
10872,8469,Vue.js
10873,8470,Angular
10877,8470,Express
10878,8470,FastAPI
10881,8470,Next.js
10882,8470,Node.js
10884,8470,Svelte
10885,8470,Vue.js
10886,8472,React
10887,8472,Spring Boot
10892,8477,Node.js
10893,8477,React
10894,8477,Vue.js
10898,8480,Vue.js
10899,8483,FastAPI
10900,8483,Next.js
10901,8486,Angular
10902,8486,ASP.NET CORE
10906,8490,FastAPI
10910,8492,Node.js
10912,8495,Next.js
10913,8495,Node.js
10914,8495,React
10917,8499,React
10918,8502,Express
10921,8502,Next.js
10922,8502,Node.js
10923,8502,React
10926,8504,ASP.NET CORE
10927,8504,Node.js
10928,8504,React
10929,8507,FastAPI
10930,8507,Next.js
10931,8508,Next.js
10932,8508,Node.js
10933,8508,React
10935,8514,Angular
10936,8514,Spring Boot
10937,8518,Express
10939,8518,Next.js
10940,8518,Node.js
10941,8518,React
10942,8520,Express
10943,8520,Node.js
10944,8520,Vue.js
10946,8521,React
10949,8524,Angular
10952,8524,Express
10955,8524,React
10956,8527,Node.js
10958,8529,FastAPI
10961,8529,React
10962,8529,Vue.js
10963,8531,FastAPI
10964,8531,Next.js
10965,8531,Node.js
10966,8531,Svelte
10967,8531,Vue.js
10968,8537,Angular
10969,8537,Node.js
10970,8537,React
10972,8538,FastAPI
10978,8548,Node.js
10980,8553,ASP.NET CORE
10984,8553,Node.js
10985,8553,React
10986,8553,Vue.js
10988,8559,React
10994,8560,Node.js
10995,8560,React
10996,8560,Vue.js
10997,8563,Angular
10998,8563,ASP.NET CORE
11001,8563,Node.js
11002,8563,React
11005,8564,FastAPI
11007,8564,React
11008,8564,Vue.js
11009,8565,Angular
11010,8565,Node.js
11011,8565,React
11013,8569,Angular
11015,8569,Express
11016,8569,Node.js
11018,8570,FastAPI
11020,8570,Spring Boot
11021,8571,ASP.NET CORE
11022,8574,Angular
11025,8574,Next.js
11026,8574,Node.js
11028,8574,React
11029,8574,Spring Boot
11030,8574,Svelte
11031,8574,Vue.js
11032,8576,ASP.NET CORE
11037,8580,Next.js
11039,8580,React
11040,8580,Vue.js
11042,8581,Express
11044,8581,Next.js
11045,8581,Node.js
11047,8583,ASP.NET CORE
11048,8583,Express
11049,8583,FastAPI
11051,8583,Node.js
11052,8583,React
11053,8583,Svelte
11054,8586,Node.js
11055,8586,React
11056,8587,Express
11057,8587,FastAPI
11059,8587,Node.js
11060,8587,Vue.js
11062,8588,Vue.js
11063,8590,Angular
11064,8590,ASP.NET CORE
11066,8590,Node.js
11067,8591,FastAPI
11068,8591,React
11069,8592,Angular
11070,8592,ASP.NET CORE
11072,8592,React
11073,8592,Vue.js
11075,8593,Express
11076,8593,Node.js
11077,8593,React
11079,8595,Angular
11082,8595,Node.js
11083,8595,React
11084,8597,Spring Boot
11085,8598,Express
11086,8598,Node.js
11087,8598,Spring Boot
11088,8598,Svelte
11089,8598,Vue.js
11091,8601,ASP.NET CORE
11094,8602,ASP.NET CORE
11096,8602,Node.js
11097,8602,React
11098,8603,Node.js
11099,8603,Vue.js
11100,8606,Svelte
11103,8611,Spring Boot
11104,8613,FastAPI
11107,8613,Next.js
11108,8613,React
11112,8618,Angular
11113,8618,Node.js
11114,8618,React
11115,8618,Spring Boot
11116,8619,Spring Boot
11118,8621,FastAPI
11120,8621,Next.js
11121,8621,Svelte
11122,8622,Express
11124,8622,Node.js
11125,8628,Node.js
11127,8628,Svelte
11128,8628,Vue.js
11129,8630,ASP.NET CORE
11132,8632,Next.js
11133,8632,Node.js
11134,8632,React
11135,8634,Express
11136,8634,Next.js
11137,8634,React
11138,8635,Spring Boot
11140,8637,Node.js
11141,8637,Vue.js
11146,8643,Vue.js
11148,8648,FastAPI
11149,8648,Next.js
11150,8648,Node.js
11151,8648,Svelte
11152,8648,Vue.js
11153,8650,ASP.NET CORE
11156,8650,Express
11157,8650,Next.js
11158,8650,Node.js
11159,8650,React
11160,8653,Angular
11161,8653,Express
11162,8656,Angular
11165,8656,Next.js
11166,8656,React
11167,8656,Svelte
11168,8656,Vue.js
11169,8657,Spring Boot
11171,8661,ASP.NET CORE
11174,8667,React
11175,8667,Spring Boot
11176,8669,Node.js
11177,8669,React
11178,8670,Express
11179,8670,Node.js
11181,8670,Vue.js
11182,8672,Angular
11183,8672,ASP.NET CORE
11184,8672,Next.js
11185,8672,React
11186,8672,Svelte
11187,8672,Vue.js
11190,8674,ASP.NET CORE
11191,8675,ASP.NET CORE
11195,8677,Vue.js
11196,8678,FastAPI
11200,8682,Node.js
11201,8682,React
11202,8685,Express
11205,8685,Next.js
11206,8685,Node.js
11208,8685,Vue.js
11209,8689,Next.js
11210,8689,Node.js
11211,8689,React
11213,8689,Svelte
11214,8689,Vue.js
11215,8690,Angular
11216,8690,ASP.NET CORE
11219,8690,React
11221,8691,Vue.js
11226,8700,Next.js
11227,8700,React
11228,8700,Vue.js
11231,8703,Svelte
11232,8704,Node.js
11233,8708,Node.js
11235,8714,Spring Boot
11236,8717,Angular
11243,8717,Node.js
11244,8717,Vue.js
11246,8718,Next.js
11247,8718,Node.js
11248,8718,React
11249,8720,Spring Boot
11251,8721,Next.js
11252,8722,ASP.NET CORE
11253,8722,Vue.js
11254,8723,Next.js
11255,8726,FastAPI
11257,8735,Express
11258,8735,FastAPI
11260,8735,Next.js
11261,8735,Node.js
11262,8735,React
11264,8735,Vue.js
11265,8750,Angular
11268,8750,ASP.NET CORE
11269,8751,Node.js
11270,8751,React
11271,8751,Spring Boot
11272,8751,Svelte
11273,8751,Vue.js
11279,8755,Next.js
11280,8755,Node.js
11281,8755,React
11284,8759,ASP.NET CORE
11285,8759,React
11286,8763,Angular
11288,8763,Node.js
11289,8763,React
11291,8763,Spring Boot
11294,8764,ASP.NET CORE
11296,8764,React
11297,8776,Angular
11298,8776,ASP.NET CORE
11300,8776,React
11301,8778,Express
11305,8778,Next.js
11306,8778,Node.js
11307,8778,React
11308,8778,Vue.js
11309,8780,Angular
11311,8780,ASP.NET CORE
11313,8780,React
11316,8783,Angular
11317,8783,ASP.NET CORE
11319,8786,Next.js
11320,8786,React
11321,8786,Svelte
11322,8786,Vue.js
11325,8787,React
11326,8789,ASP.NET CORE
11329,8791,Express
11331,8791,Next.js
11332,8791,Node.js
11333,8791,React
11337,8793,Express
11341,8793,Node.js
11342,8793,React
11343,8793,Vue.js
11344,8794,FastAPI
11347,8795,Next.js
11350,8797,ASP.NET CORE
11351,8797,React
11352,8797,Vue.js
11353,8802,Angular
11354,8802,Express
11355,8802,Next.js
11356,8802,Node.js
11358,8802,React
11359,8802,Vue.js
11363,8803,Express
11364,8803,FastAPI
11371,8803,Next.js
11372,8803,Node.js
11375,8803,React
11380,8803,Svelte
11381,8803,Vue.js
11382,8809,ASP.NET CORE
11383,8810,Angular
11384,8810,ASP.NET CORE
11386,8810,Express
11388,8810,Node.js
11389,8816,Angular
11392,8816,ASP.NET CORE
11397,8821,Express
11399,8821,Next.js
11400,8821,Node.js
11401,8821,React
11403,8821,Svelte
11404,8822,FastAPI
11405,8822,React
11407,8824,ASP.NET CORE
11408,8824,React
11410,8825,Svelte
11411,8827,Express
11412,8827,FastAPI
11416,8827,Node.js
11417,8827,Svelte
11418,8833,FastAPI
11420,8836,ASP.NET CORE
11422,8836,Svelte
11426,8843,Next.js
11427,8843,React
11429,8850,Angular
11432,8850,ASP.NET CORE
11435,8850,Next.js
11436,8850,Node.js
11437,8850,React
11438,8850,Vue.js
11439,8852,Angular
11443,8852,Express
11444,8852,FastAPI
11448,8852,Next.js
11449,8852,Node.js
11450,8852,React
11452,8853,ASP.NET CORE
11454,8853,React
11455,8858,FastAPI
11456,8858,Node.js
11457,8858,React
11459,8860,ASP.NET CORE
11460,8860,Next.js
11461,8860,Node.js
11462,8860,React
11463,8862,Node.js
11464,8862,React
11467,8863,React
11468,8864,ASP.NET CORE
11469,8864,React
11471,8866,Next.js
11472,8866,Node.js
11473,8866,React
11474,8867,Angular
11476,8867,Express
11478,8867,Next.js
11479,8867,Node.js
11480,8867,React
11481,8867,Spring Boot
11482,8869,Angular
11486,8871,Node.js
11487,8875,FastAPI
11488,8875,Next.js
11489,8875,React
11491,8876,Next.js
11492,8876,Svelte
11499,8878,Svelte
11500,8878,Vue.js
11501,8880,ASP.NET CORE
11504,8889,Node.js
11506,8892,Express
11508,8892,Next.js
11509,8892,Node.js
11510,8892,React
11512,8892,Spring Boot
11513,8894,Angular
11516,8894,Node.js
11517,8897,ASP.NET CORE
11518,8897,Node.js
11519,8897,React
11521,8902,Angular
11522,8902,ASP.NET CORE
11525,8908,ASP.NET CORE
11527,8912,Vue.js
11530,8914,Vue.js
11531,8915,React
11532,8918,React
11537,8920,Node.js
11538,8920,React
11539,8923,Express
11541,8923,Node.js
11543,8928,ASP.NET CORE
11546,8931,React
11547,8931,Spring Boot
11548,8937,ASP.NET CORE
11550,8937,Vue.js
11551,8938,Express
11552,8938,Node.js
11555,8939,Node.js
11556,8939,Svelte
11557,8946,Angular
11559,8946,Spring Boot
11561,8950,ASP.NET CORE
11564,8953,FastAPI
11568,8955,ASP.NET CORE
11570,8960,Angular
11571,8960,Node.js
11572,8960,Spring Boot
11573,8962,ASP.NET CORE
11576,8969,FastAPI
11578,8969,Next.js
11579,8969,Node.js
11580,8969,React
11581,8969,Vue.js
11582,8971,FastAPI
11583,8972,React
11584,8975,Next.js
11585,8975,Node.js
11586,8975,React
11587,8984,Express
11588,8984,Node.js
11589,8984,React
11590,8985,React
11591,8985,Spring Boot
11592,8990,Angular
11594,8990,ASP.NET CORE
11597,8990,Express
11598,8990,Spring Boot
11599,8990,Vue.js
11601,8993,FastAPI
11603,8996,Express
11605,8996,Next.js
11606,8996,Node.js
11607,8996,React
11610,8998,Next.js
11611,8998,Node.js
11612,8998,React
11613,8998,Svelte
11615,9000,React
11618,9010,Spring Boot
11619,9011,ASP.NET CORE
11621,9014,FastAPI
11622,9015,Angular
11623,9015,Spring Boot
11624,9018,Node.js
11625,9018,Svelte
11627,9020,ASP.NET CORE
11629,9021,Express
11631,9021,Node.js
11632,9021,React
11634,9021,Spring Boot
11637,9022,Next.js
11638,9022,Node.js
11639,9022,React
11640,9022,Vue.js
11641,9026,React
11642,9026,Spring Boot
11643,9032,React
11646,9033,React
11650,9034,Node.js
11651,9034,Spring Boot
11652,9037,ASP.NET CORE
11654,9037,Vue.js
11655,9038,FastAPI
11656,9038,Node.js
11657,9038,React
11658,9038,Svelte
11659,9038,Vue.js
11660,9040,React
11663,9041,Next.js
11664,9041,Node.js
11666,9041,React
11668,9041,Vue.js
11670,9051,Next.js
11671,9051,Node.js
11673,9051,React
11677,9053,Node.js
11678,9053,Svelte
11679,9057,Node.js
11680,9057,React
11681,9057,Svelte
11684,9062,FastAPI
11686,9062,Next.js
11687,9062,React
11689,9065,ASP.NET CORE
11695,9068,Angular
11696,9068,Node.js
11698,9078,Express
11702,9078,Svelte
11703,9079,Angular
11707,9079,Next.js
11710,9079,React
11713,9079,Vue.js
11717,9082,Next.js
11718,9082,Node.js
11719,9082,React
11720,9082,Svelte
11721,9085,Express
11724,9085,Node.js
11726,9085,React
11727,9085,Spring Boot
11728,9085,Vue.js
11731,9089,FastAPI
11733,9089,Node.js
11738,9090,Angular
11739,9090,ASP.NET CORE
11741,9093,Node.js
11742,9093,React
11744,9095,Next.js
11745,9095,Node.js
11746,9095,React
11747,9095,Vue.js
11748,9098,Node.js
11750,9098,React
11751,9098,Svelte
11752,9098,Vue.js
11753,9101,Express
11755,9101,Node.js
11756,9108,Node.js
11757,9108,React
11758,9108,Spring Boot
11760,9109,Express
11761,9109,FastAPI
11764,9109,Node.js
11765,9109,Spring Boot
11768,9112,React
11769,9112,Vue.js
11771,9113,React
11773,9114,Next.js
11774,9114,React
11775,9114,Spring Boot
11777,9115,Next.js
11778,9115,Node.js
11779,9115,React
11780,9115,Vue.js
11781,9116,Next.js
11782,9116,Node.js
11783,9116,React
11784,9118,ASP.NET CORE
11785,9118,React
11787,9119,FastAPI
11788,9119,Next.js
11789,9119,React
11790,9120,Angular
11793,9120,React
11794,9120,Vue.js
11795,9124,Angular
11796,9124,React
11797,9124,Spring Boot
11798,9124,Svelte
11799,9127,Node.js
11800,9127,React
11802,9128,Node.js
11803,9128,Svelte
11805,9132,FastAPI
11807,9132,Next.js
11808,9132,React
11810,9133,Next.js
11811,9133,Node.js
11812,9133,React
11814,9135,Next.js
11815,9135,React
11816,9138,Spring Boot
11817,9141,Angular
11818,9141,ASP.NET CORE
11819,9141,Node.js
11820,9143,Angular
11821,9143,ASP.NET CORE
11822,9143,Express
11823,9143,React
11824,9145,Node.js
11825,9145,React
11826,9145,Svelte
11828,9148,React
11830,9150,Angular
11832,9151,ASP.NET CORE
11835,9151,React
11836,9152,FastAPI
11838,9152,Next.js
11839,9152,React
11841,9152,Svelte
11842,9152,Vue.js
11844,9153,FastAPI
11848,9161,Next.js
11849,9161,React
11850,9161,Spring Boot
11852,9166,Node.js
11853,9170,FastAPI
11854,9170,React
11855,9170,Vue.js
11857,9173,Node.js
11858,9173,Vue.js
11859,9175,Express
11860,9175,Node.js
11861,9175,React
11862,9177,Svelte
11863,9179,ASP.NET CORE
11864,9180,Angular
11869,9180,Node.js
11871,9180,Svelte
11872,9182,Express
11873,9182,Next.js
11875,9182,React
11877,9184,Angular
11878,9184,Node.js
11879,9184,Spring Boot
11880,9185,Node.js
11881,9185,React
11883,9187,ASP.NET CORE
11884,9188,Angular
11885,9188,Express
11888,9188,Next.js
11889,9188,Node.js
11890,9188,React
11892,9190,Angular
11893,9190,Express
11895,9190,Node.js
11897,9190,Vue.js
11898,9191,Angular
11899,9191,Node.js
11900,9191,React
11902,9196,Next.js
11903,9196,Node.js
11904,9196,React
11907,9200,Vue.js
11909,9213,ASP.NET CORE
11911,9213,Express
11912,9213,Node.js
11913,9213,React
11915,9214,Next.js
11916,9214,Svelte
11917,9222,React
11920,9226,ASP.NET CORE
11925,9230,Spring Boot
11927,9233,ASP.NET CORE
11931,9235,Vue.js
11932,9238,FastAPI
11933,9239,Angular
11934,9239,Node.js
11935,9240,Angular
11937,9240,ASP.NET CORE
11938,9240,Node.js
11939,9243,Angular
11941,9243,Next.js
11942,9248,ASP.NET CORE
11943,9257,Angular
11945,9259,FastAPI
11948,9260,Node.js
11949,9260,React
11955,9267,React
11958,9268,ASP.NET CORE
11960,9271,Angular
11961,9271,Spring Boot
11962,9273,Angular
11963,9273,FastAPI
11964,9274,Angular
11966,9274,FastAPI
11967,9274,Next.js
11968,9274,Node.js
11969,9274,React
11970,9274,Spring Boot
11971,9274,Vue.js
11973,9275,Svelte
11976,9290,FastAPI
11978,9290,Spring Boot
11979,9290,Svelte
11980,9292,FastAPI
11981,9295,Angular
11982,9295,Express
11984,9295,Node.js
11985,9297,Spring Boot
11986,9297,Vue.js
11988,9298,Node.js
11989,9299,Express
11990,9299,Next.js
11992,9303,Node.js
11993,9304,ASP.NET CORE
11995,9308,ASP.NET CORE
11998,9309,ASP.NET CORE
12000,9314,FastAPI
12002,9314,Spring Boot
12003,9314,Vue.js
12004,9319,Angular
12007,9319,ASP.NET CORE
12011,9319,Express
12012,9319,FastAPI
12018,9319,Next.js
12019,9319,Node.js
12022,9319,React
12023,9319,Spring Boot
12024,9319,Svelte
12025,9319,Vue.js
12028,9322,ASP.NET CORE
12031,9324,Node.js
12033,9325,React
12034,9326,ASP.NET CORE
12040,9332,Svelte
12042,9343,FastAPI
12047,9349,Spring Boot
12048,9349,Vue.js
12049,9351,Angular
12050,9351,Next.js
12051,9351,Node.js
12052,9351,React
12053,9351,Spring Boot
12055,9353,FastAPI
12057,9353,React
12059,9355,ASP.NET CORE
12062,9359,FastAPI
12063,9359,Spring Boot
12065,9363,Vue.js
12066,9366,ASP.NET CORE
12069,9370,Express
12071,9370,Next.js
12072,9370,Node.js
12074,9370,React
12077,9371,Node.js
12078,9371,React
12080,9372,Node.js
12082,9372,Vue.js
12083,9382,Angular
12084,9382,Express
12085,9382,Node.js
12086,9382,Spring Boot
12088,9383,Next.js
12089,9383,Node.js
12090,9383,React
12095,9390,Next.js
12096,9390,Node.js
12097,9390,React
12098,9390,Svelte
12100,9393,Express
12103,9393,Next.js
12104,9393,Node.js
12107,9393,React
12109,9393,Vue.js
12111,9395,FastAPI
12113,9396,Express
12116,9396,Node.js
12118,9396,React
12119,9396,Svelte
12120,9396,Vue.js
12121,9399,Next.js
12122,9399,Node.js
12123,9399,React
12124,9399,Spring Boot
12125,9400,React
12126,9400,Spring Boot
12127,9403,ASP.NET CORE
12129,9412,Vue.js
12132,9417,Spring Boot
12133,9426,Angular
12134,9426,Node.js
12135,9426,React
12136,9426,Spring Boot
12139,9429,Vue.js
12140,9437,Express
12143,9437,Next.js
12144,9437,Node.js
12145,9437,React
12146,9437,Vue.js
12148,9440,ASP.NET CORE
12149,9443,ASP.NET CORE
12152,9445,Node.js
12153,9445,Svelte
12154,9450,ASP.NET CORE
12159,9450,Express
12163,9450,Next.js
12164,9450,Node.js
12168,9450,React
12172,9450,Spring Boot
12173,9450,Svelte
12174,9450,Vue.js
12179,9455,React
12181,9460,Angular
12183,9460,ASP.NET CORE
12184,9460,React
12185,9460,Spring Boot
12186,9460,Vue.js
12190,9464,Express
12193,9464,Next.js
12194,9464,Node.js
12196,9464,React
12199,9465,Spring Boot
12200,9465,Vue.js
12202,9467,Vue.js
12206,9468,Node.js
12208,9468,Spring Boot
12209,9468,Vue.js
12210,9470,FastAPI
12211,9470,Next.js
12212,9470,Node.js
12213,9470,React
12214,9471,Node.js
12215,9471,React
12216,9471,Spring Boot
12219,9477,Spring Boot
12220,9478,ASP.NET CORE
12222,9480,FastAPI
12223,9480,Next.js
12224,9480,Node.js
12225,9480,React
12226,9480,Vue.js
12227,9481,Spring Boot
12228,9482,Angular
12229,9489,Angular
12230,9489,ASP.NET CORE
12234,9493,Express
12235,9493,Node.js
12236,9493,React
12237,9495,Spring Boot
12238,9502,Express
12239,9502,FastAPI
12240,9502,Node.js
12241,9502,React
12243,9504,Next.js
12245,9504,React
12248,9506,React
12249,9508,Angular
12251,9509,ASP.NET CORE
12253,9509,Vue.js
12254,9511,FastAPI
12257,9512,ASP.NET CORE
12258,9512,Node.js
12259,9512,React
12260,9515,Express
12261,9515,Node.js
12262,9515,Spring Boot
12263,9515,Vue.js
12266,9519,Node.js
12267,9522,Angular
12268,9522,Express
12270,9522,Node.js
12272,9522,React
12273,9523,Angular
12274,9523,Express
12276,9523,Next.js
12277,9523,Node.js
12278,9523,React
12280,9523,Spring Boot
12281,9524,Next.js
12282,9524,Node.js
12283,9524,React
12284,9524,Vue.js
12285,9526,Angular
12286,9526,React
12288,9526,Vue.js
12291,9527,Next.js
12292,9527,Node.js
12293,9527,React
12295,9529,Angular
12296,9529,Node.js
12297,9529,Vue.js
12301,9530,Next.js
12302,9530,Node.js
12304,9530,React
12305,9530,Spring Boot
12306,9530,Vue.js
12307,9533,Express
12308,9533,Node.js
12310,9533,Vue.js
12311,9534,FastAPI
12313,9540,Angular
12314,9540,ASP.NET CORE
12315,9540,React
12316,9542,Spring Boot
12318,9545,ASP.NET CORE
12319,9545,Node.js
12320,9545,React
12321,9549,ASP.NET CORE
12323,9551,Spring Boot
12325,9553,ASP.NET CORE
12326,9553,React
12327,9555,ASP.NET CORE
12329,9555,React
12330,9555,Vue.js
12331,9556,Next.js
12332,9558,Spring Boot
12333,9558,Vue.js
12334,9559,FastAPI
12335,9560,ASP.NET CORE
12339,9561,Next.js
12341,9561,Svelte
12343,9563,ASP.NET CORE
12344,9563,React
12346,9563,Svelte
12347,9564,Angular
12349,9564,ASP.NET CORE
12351,9564,Node.js
12352,9564,React
12353,9566,Angular
12355,9566,ASP.NET CORE
12357,9567,Angular
12361,9567,Node.js
12362,9567,React
12364,9568,ASP.NET CORE
12366,9579,Express
12367,9579,Next.js
12368,9579,Node.js
12369,9579,React
12371,9581,Express
12372,9581,Next.js
12373,9581,Node.js
12374,9581,Vue.js
12375,9585,Svelte
12376,9586,Express
12378,9586,Next.js
12379,9586,Node.js
12380,9586,React
12381,9587,React
12382,9587,Spring Boot
12383,9592,React
12384,9594,Node.js
12385,9597,FastAPI
12389,9597,React
12390,9599,Angular
12392,9599,Express
12394,9599,Next.js
12395,9599,Node.js
12396,9599,React
12397,9599,Spring Boot
12398,9601,Angular
12400,9601,Express
12401,9601,FastAPI
12403,9601,Node.js
12406,9603,FastAPI
12407,9605,ASP.NET CORE
12409,9605,React
12414,9608,Svelte
12415,9608,Vue.js
12416,9610,Svelte
12419,9611,Node.js
12420,9611,React
12423,9613,React
12424,9624,Express
12425,9624,React
12426,9626,React
12427,9629,Angular
12429,9632,Angular
12431,9632,Node.js
12432,9632,React
12433,9632,Vue.js
12434,9638,Angular
12436,9638,Express
12439,9638,Node.js
12441,9642,Next.js
12442,9642,Node.js
12443,9642,React
12444,9645,Next.js
12445,9645,Node.js
12446,9645,React
12447,9645,Vue.js
12448,9646,Angular
12449,9646,Node.js
12450,9646,React
12451,9649,Angular
12456,9649,Express
12457,9649,FastAPI
12461,9649,Node.js
12462,9649,React
12464,9649,Svelte
12468,9652,ASP.NET CORE
12470,9652,React
12471,9654,ASP.NET CORE
12472,9654,React
12473,9654,Vue.js
12474,9659,React
12476,9660,Next.js
12477,9660,Node.js
12482,9668,Next.js
12486,9672,Svelte
12487,9677,ASP.NET CORE
12488,9677,React
12489,9678,Next.js
12490,9678,React
12491,9679,Node.js
12492,9681,Angular
12494,9684,Node.js
12495,9684,React
12496,9684,Spring Boot
12497,9686,Angular
12499,9686,Express
12503,9686,Next.js
12504,9686,Node.js
12505,9686,React
12508,9686,Vue.js
12509,9688,Next.js
12510,9688,React
12512,9692,Vue.js
12513,9696,Angular
12515,9696,Express
12517,9696,Node.js
12518,9696,Spring Boot
12519,9700,Angular
12521,9700,Express
12522,9700,React
12524,9704,Node.js
12525,9704,Spring Boot
12526,9704,Vue.js
12529,9710,Svelte
12530,9710,Vue.js
12531,9714,Angular
12533,9714,ASP.NET CORE
12535,9714,Next.js
12536,9714,Node.js
12537,9714,React
12538,9715,Angular
12540,9717,Node.js
12541,9717,React
12543,9718,ASP.NET CORE
12547,9722,Express
12548,9722,Next.js
12549,9722,Node.js
12550,9722,React
12552,9722,Svelte
12554,9724,Express
12556,9724,Next.js
12557,9724,Node.js
12558,9724,React
12560,9725,ASP.NET CORE
12563,9727,Svelte
12565,9732,React
12566,9732,Vue.js
12568,9734,ASP.NET CORE
12569,9734,Express
12571,9734,Node.js
12572,9734,React
12573,9735,React
12577,9737,Next.js
12578,9737,Node.js
12579,9737,React
12580,9738,Express
12582,9738,Next.js
12583,9738,Node.js
12584,9738,React
12585,9739,ASP.NET CORE
12586,9739,React
12588,9743,Vue.js
12589,9745,Next.js
12590,9745,React
12591,9745,Vue.js
12592,9750,Angular
12594,9750,ASP.NET CORE
12595,9750,Node.js
12596,9750,React
12597,9752,ASP.NET CORE
12598,9752,Node.js
12599,9752,React
12600,9753,React
12601,9753,Vue.js
12602,9754,ASP.NET CORE
12603,9755,Angular
12608,9757,Express
12610,9757,Node.js
12611,9757,Vue.js
12612,9759,Express
12614,9759,Node.js
12616,9760,React
12617,9760,Vue.js
12618,9761,Angular
12620,9761,ASP.NET CORE
12623,9761,Express
12624,9761,FastAPI
12628,9761,Next.js
12629,9761,Node.js
12631,9761,React
12633,9761,Vue.js
12635,9762,Node.js
12636,9762,React
12637,9762,Spring Boot
12639,9763,Node.js
12640,9763,React
12643,9765,Express
12644,9765,FastAPI
12646,9765,Next.js
12647,9765,Node.js
12648,9765,React
12652,9766,Vue.js
12655,9774,Express
12656,9774,Next.js
12657,9774,Node.js
12658,9774,React
12659,9774,Vue.js
12663,9776,Node.js
12664,9776,React
12667,9777,Next.js
12668,9777,Node.js
12669,9777,React
12670,9777,Vue.js
12676,9794,Vue.js
12677,9798,Next.js
12678,9798,Node.js
12679,9799,ASP.NET CORE
12685,9799,Svelte
12687,9805,Next.js
12688,9805,React
12689,9805,Svelte
12690,9808,FastAPI
12693,9809,Next.js
12694,9809,Node.js
12695,9809,React
12696,9814,Express
12698,9814,Next.js
12699,9814,Node.js
12700,9814,React
12701,9818,ASP.NET CORE
12703,9818,Node.js
12704,9819,React
12705,9819,Spring Boot
12707,9821,Express
12708,9821,Node.js
12713,9828,Express
12715,9828,Next.js
12716,9828,Node.js
12717,9828,React
12718,9831,Angular
12720,9831,Next.js
12721,9831,Node.js
12722,9832,React
12723,9841,Express
12725,9841,Node.js
12726,9841,Vue.js
12729,9845,Angular
12730,9845,Express
12731,9845,Node.js
12732,9845,React
12733,9845,Spring Boot
12734,9846,FastAPI
12736,9848,FastAPI
12739,9848,Next.js
12740,9848,Node.js
12741,9848,React
12744,9849,Express
12747,9852,Node.js
12749,9853,FastAPI
12751,9856,Express
12752,9856,Node.js
12753,9856,Vue.js
12755,9861,Express
12757,9861,Node.js
12758,9861,React
12759,9861,Spring Boot
12760,9862,Angular
12761,9862,ASP.NET CORE
12762,9865,Spring Boot
12763,9870,ASP.NET CORE
12764,9870,FastAPI
12766,9873,Express
12768,9873,Next.js
12769,9873,React
12771,9873,Vue.js
12772,9874,ASP.NET CORE
12774,9878,Angular
12775,9878,Express
12778,9878,Next.js
12779,9878,Node.js
12780,9878,React
12781,9879,FastAPI
12782,9884,ASP.NET CORE
12785,9884,Express
12786,9884,FastAPI
12790,9884,Next.js
12791,9884,Node.js
12793,9884,React
12795,9884,Spring Boot
12796,9884,Svelte
12799,9888,ASP.NET CORE
12801,9888,Vue.js
12802,9891,React
12804,9901,ASP.NET CORE
12807,9906,Node.js
12808,9906,Svelte
12809,9908,FastAPI
12810,9914,ASP.NET CORE
12811,9916,Angular
12813,9916,Node.js
12814,9916,Svelte
12815,9918,Express
12816,9918,Next.js
12817,9918,Node.js
12819,9918,React
12820,9920,Express
12821,9920,Next.js
12822,9920,Node.js
12823,9920,React
12826,9926,FastAPI
12829,9926,Next.js
12830,9926,React
12832,9926,Spring Boot
12833,9926,Vue.js
12836,9930,Node.js
12838,9930,React
12840,9938,Angular
12842,9938,Express
12846,9938,Next.js
12847,9938,Node.js
12848,9938,React
12849,9938,Vue.js
12851,9939,Node.js
12853,9943,Next.js
12856,9945,Next.js
12857,9945,Node.js
12858,9945,React
12860,9947,Angular
12861,9948,Express
12862,9948,Node.js
12863,9949,Angular
12864,9949,Express
12866,9949,Next.js
12867,9949,Node.js
12870,9953,Spring Boot
12871,9954,Angular
12873,9954,FastAPI
12879,9955,Express
12883,9955,Next.js
12884,9955,Node.js
12886,9955,React
12887,9957,ASP.NET CORE
12890,9957,React
12891,9957,Svelte
12893,9960,Next.js
12894,9960,Node.js
12895,9960,React
12896,9960,Spring Boot
12898,9963,Vue.js
12899,9964,ASP.NET CORE
12900,9964,Express
12901,9964,Next.js
12902,9964,Node.js
12903,9964,React
12905,9977,Next.js
12906,9977,React
12908,9982,FastAPI
12910,9984,Next.js
12911,9984,Node.js
12912,9984,React
12913,9987,Angular
12914,9987,ASP.NET CORE
12916,9988,ASP.NET CORE
12918,9988,Node.js
12919,9988,React
12920,9991,React
12921,9993,Angular
12922,9993,Express
12923,9993,Node.js
12924,9993,React
12925,9994,Express
12928,9994,Next.js
12929,9994,Node.js
12930,9994,React
12933,9997,Angular
12934,9997,ASP.NET CORE
12936,9998,Node.js
12937,9998,React
12938,9999,React
12940,10002,ASP.NET CORE
12941,10005,Angular
12942,10014,ASP.NET CORE
12945,10014,Next.js
12946,10014,Node.js
12947,10014,React
12948,10014,Spring Boot
12949,10023,Express
12950,10023,FastAPI
12951,10023,Node.js
12952,10027,Angular
12953,10027,ASP.NET CORE
12954,10028,Angular
12956,10028,Express
12958,10028,Next.js
12959,10028,Node.js
12960,10028,React
12961,10028,Spring Boot
12964,10032,Angular
12965,10032,FastAPI
12966,10032,Node.js
12967,10032,React
12970,10034,React
12974,10040,Express
12977,10040,Next.js
12978,10040,Node.js
12979,10045,Express
12981,10045,Node.js
12982,10045,React
12985,10048,Angular
12986,10048,ASP.NET CORE
12987,10052,Node.js
12988,10052,React
12989,10052,Spring Boot
12992,10056,ASP.NET CORE
12996,10056,React
12997,10060,Express
12998,10060,Next.js
12999,10060,Node.js
13000,10060,React
13002,10063,Express
13003,10063,Next.js
13004,10063,Node.js
13005,10063,React
13007,10063,Svelte
13008,10066,Node.js
13010,10066,Svelte
13011,10072,Next.js
13012,10072,Node.js
13013,10072,React
13015,10075,ASP.NET CORE
13017,10075,Node.js
13019,10079,Node.js
13022,10082,React
13023,10082,Spring Boot
13025,10088,ASP.NET CORE
13026,10088,Next.js
13027,10088,React
13028,10088,Spring Boot
13032,10093,Node.js
13033,10094,Express
13034,10094,Next.js
13035,10094,Node.js
13036,10094,React
13038,10095,FastAPI
13040,10095,Node.js
13041,10095,React
13042,10098,ASP.NET CORE
13043,10098,FastAPI
13044,10098,React
13045,10099,Angular
13047,10099,ASP.NET CORE
13049,10099,Express
13051,10099,Next.js
13052,10099,Node.js
13053,10099,React
13054,10099,Spring Boot
13055,10099,Vue.js
13056,10102,Node.js
13057,10102,React
13058,10102,Spring Boot
13059,10102,Vue.js
13060,10104,Node.js
13061,10104,React
13065,10108,ASP.NET CORE
13066,10108,Vue.js
13067,10116,ASP.NET CORE
13068,10116,FastAPI
13069,10116,React
13071,10129,FastAPI
13073,10130,Node.js
13074,10130,React
13075,10130,Spring Boot
13078,10136,Svelte
13079,10142,ASP.NET CORE
13081,10144,Angular
13084,10144,Express
13085,10144,FastAPI
13086,10144,Node.js
13088,10144,Svelte
13089,10145,Angular
13090,10145,Express
13091,10145,Next.js
13092,10145,Node.js
13093,10145,React
13096,10151,Next.js
13097,10151,Node.js
13098,10151,React
13099,10152,ASP.NET CORE
13100,10152,Express
13101,10152,Next.js
13102,10152,Node.js
13104,10152,React
13106,10152,Spring Boot
13107,10152,Vue.js
13108,10155,ASP.NET CORE
13114,10157,Next.js
13115,10157,Node.js
13116,10157,React
13119,10158,Node.js
13120,10158,Vue.js
13121,10161,ASP.NET CORE
13125,10162,Node.js
13126,10162,Spring Boot
13129,10166,Node.js
13130,10168,Svelte
13132,10169,FastAPI
13134,10169,Spring Boot
13137,10176,Angular
13141,10176,Node.js
13142,10177,Node.js
13143,10178,Node.js
13144,10178,Svelte
13145,10179,ASP.NET CORE
13147,10179,React
13149,10181,Express
13152,10181,Next.js
13153,10181,Node.js
13154,10181,React
13155,10181,Svelte
13156,10190,Node.js
13158,10191,Angular
13160,10191,React
13161,10191,Vue.js
13163,10193,FastAPI
13168,10199,ASP.NET CORE
13170,10199,Next.js
13171,10199,Node.js
13173,10199,React
13174,10199,Vue.js
13176,10204,Angular
13178,10204,ASP.NET CORE
13180,10204,React
13182,10205,Express
13183,10205,Node.js
13185,10205,Vue.js
13187,10208,Next.js
13188,10208,Node.js
13189,10208,React
13190,10210,Express
13192,10210,Node.js
13193,10211,Express
13194,10211,Next.js
13195,10211,Node.js
13196,10211,React
13197,10211,Svelte
13198,10211,Vue.js
13199,10213,Angular
13200,10213,Next.js
13201,10213,Spring Boot
13203,10215,Svelte
13205,10217,ASP.NET CORE
13206,10219,Angular
13207,10219,ASP.NET CORE
13210,10219,Next.js
13211,10219,React
13212,10223,Angular
13214,10223,ASP.NET CORE
13217,10223,Express
13218,10223,FastAPI
13220,10223,Next.js
13221,10223,Node.js
13223,10223,React
13224,10223,Spring Boot
13227,10229,Angular
13232,10229,Next.js
13233,10229,React
13234,10230,Node.js
13235,10235,Angular
13236,10235,ASP.NET CORE
13240,10235,Next.js
13241,10235,Node.js
13242,10235,React
13244,10236,Angular
13247,10236,Next.js
13248,10236,Node.js
13249,10236,React
13251,10236,Spring Boot
13253,10237,Express
13254,10237,Next.js
13255,10237,Node.js
13256,10237,React
13259,10238,Node.js
13260,10238,Spring Boot
13261,10241,Next.js
13262,10241,Node.js
13263,10241,React
13264,10242,Express
13265,10242,FastAPI
13267,10242,Next.js
13268,10242,Node.js
13270,10242,Spring Boot
13271,10248,Angular
13273,10248,ASP.NET CORE
13274,10248,Next.js
13275,10248,Node.js
13276,10248,React
13277,10254,Angular
13278,10254,ASP.NET CORE
13279,10254,Node.js
13281,10256,Node.js
13282,10259,FastAPI
13283,10259,React
13284,10262,Angular
13285,10262,ASP.NET CORE
13288,10267,FastAPI
13289,10267,React
13290,10267,Vue.js
13293,10269,Express
13295,10269,Next.js
13296,10272,Express
13297,10272,FastAPI
13299,10272,Node.js
13300,10273,Express
13302,10273,Node.js
13303,10275,Angular
13304,10275,FastAPI
13305,10275,Next.js
13306,10275,Node.js
13307,10275,React
13308,10278,ASP.NET CORE
13310,10281,ASP.NET CORE
13312,10281,Vue.js
13314,10286,ASP.NET CORE
13316,10289,Next.js
13317,10289,Spring Boot
13320,10291,Express
13322,10291,Next.js
13323,10291,Node.js
13325,10291,React
13327,10291,Svelte
13328,10291,Vue.js
13330,10293,Node.js
13331,10293,Spring Boot
13332,10298,Angular
13333,10298,ASP.NET CORE
13335,10298,Next.js
13336,10298,React
13337,10302,React
13338,10302,Spring Boot
13340,10305,React
13341,10305,Vue.js
13343,10308,Node.js
13344,10310,ASP.NET CORE
13351,10314,Next.js
13352,10314,React
13355,10315,Next.js
13356,10315,Node.js
13357,10315,React
13358,10324,Angular
13360,10324,ASP.NET CORE
13364,10324,Express
13367,10324,Next.js
13368,10324,Node.js
13370,10324,React
13372,10324,Svelte
13373,10324,Vue.js
13375,10326,Next.js
13377,10326,React
13378,10326,Spring Boot
13379,10332,Next.js
13380,10332,Node.js
13381,10332,React
13382,10334,FastAPI
13384,10334,Next.js
13385,10334,React
13386,10336,Angular
13389,10336,ASP.NET CORE
13394,10336,Next.js
13395,10336,Node.js
13397,10336,React
13398,10336,Vue.js
13403,10339,Next.js
13404,10339,React
13406,10339,Vue.js
13407,10340,Angular
13408,10340,ASP.NET CORE
13409,10353,Angular
13412,10353,Express
13414,10353,Next.js
13417,10353,Spring Boot
13418,10353,Vue.js
13420,10366,FastAPI
13422,10366,React
13423,10366,Spring Boot
13426,10369,Express
13428,10369,Node.js
13429,10369,React
13430,10369,Svelte
13431,10369,Vue.js
13432,10376,Vue.js
13434,10377,Vue.js
13435,10379,Spring Boot
13436,10380,FastAPI
13438,10380,Node.js
13439,10380,React
13443,10383,Next.js
13444,10383,Node.js
13446,10383,React
13448,10390,Angular
13449,10390,Spring Boot
13452,10394,Spring Boot
13453,10394,Vue.js
13454,10397,Angular
13455,10397,ASP.NET CORE
13456,10397,React
13457,10398,Angular
13459,10398,Express
13460,10398,FastAPI
13464,10398,Next.js
13465,10398,Node.js
13466,10398,React
13469,10400,ASP.NET CORE
13472,10400,Next.js
13473,10400,React
13474,10400,Vue.js
13475,10402,ASP.NET CORE
13479,10404,ASP.NET CORE
13481,10405,FastAPI
13483,10405,Next.js
13484,10405,Node.js
13485,10405,React
13487,10405,Vue.js
13490,10407,ASP.NET CORE
13492,10407,Vue.js
13493,10408,Angular
13494,10408,Node.js
13495,10408,Spring Boot
13498,10414,Express
13499,10414,Node.js
13500,10414,React
13501,10415,Angular
13502,10415,ASP.NET CORE
13504,10418,Node.js
13505,10419,FastAPI
13506,10420,Node.js
13507,10420,React
13509,10435,Node.js
13510,10435,React
13512,10435,Svelte
13514,10439,FastAPI
13518,10439,Node.js
13519,10439,Vue.js
13521,10452,ASP.NET CORE
13522,10452,Node.js
13523,10454,ASP.NET CORE
13524,10454,React
13525,10456,Angular
13531,10456,Node.js
13532,10456,React
13536,10461,Svelte
13537,10461,Vue.js
13539,10464,Node.js
13540,10464,React
13544,10467,Next.js
13545,10467,Node.js
13546,10467,React
13547,10474,FastAPI
13549,10474,Vue.js
13550,10479,React
13553,10481,Express
13554,10481,Next.js
13555,10481,Node.js
13556,10481,React
13558,10486,ASP.NET CORE
13560,10486,React
13563,10500,Angular
13565,10500,ASP.NET CORE
13570,10500,Next.js
13573,10500,Spring Boot
13574,10500,Svelte
13575,10500,Vue.js
13577,10501,Node.js
13578,10503,Spring Boot
13579,10503,Vue.js
13580,10504,FastAPI
13583,10504,Vue.js
13584,10506,Angular
13586,10506,ASP.NET CORE
13589,10506,Node.js
13590,10506,React
13593,10507,Next.js
13594,10507,React
13597,10511,Express
13600,10511,Next.js
13601,10511,Node.js
13602,10511,React
13603,10512,Express
13605,10512,Node.js
13606,10512,React
13608,10515,Spring Boot
13609,10515,Vue.js
13614,10518,Node.js
13617,10518,Vue.js
13618,10522,Angular
13619,10522,Express
13620,10522,FastAPI
13622,10522,Next.js
13623,10522,Node.js
13624,10522,React
13625,10522,Vue.js
13626,10524,Next.js
13628,10525,Vue.js
13629,10526,Angular
13630,10526,Spring Boot
13631,10527,React
13633,10529,Next.js
13634,10529,Node.js
13635,10534,Next.js
13636,10534,Node.js
13637,10534,React
13638,10535,Express
13640,10535,Node.js
13642,10535,Vue.js
13643,10536,ASP.NET CORE
13644,10536,Vue.js
13645,10539,Node.js
13646,10539,Spring Boot
13647,10541,ASP.NET CORE
13648,10541,Next.js
13649,10541,React
13650,10542,ASP.NET CORE
13653,10544,React
13654,10546,ASP.NET CORE
13657,10546,React
13660,10550,Node.js
13661,10550,Svelte
13662,10560,React
13664,10561,Node.js
13665,10561,Spring Boot
13666,10563,Express
13667,10563,Next.js
13668,10563,Node.js
13669,10563,React
13671,10565,ASP.NET CORE
13673,10568,React
13674,10568,Spring Boot
13676,10569,Node.js
13678,10569,Spring Boot
13679,10569,Svelte
13680,10569,Vue.js
13681,10574,React
13682,10574,Spring Boot
13684,10580,Next.js
13685,10580,Node.js
13686,10580,React
13687,10580,Svelte
13688,10581,FastAPI
13690,10587,Angular
13691,10587,ASP.NET CORE
13693,10587,React
13694,10587,Svelte
13695,10588,Next.js
13696,10588,Node.js
13698,10588,Spring Boot
13699,10593,Spring Boot
13702,10596,FastAPI
13706,10596,Next.js
13707,10596,Node.js
13708,10596,React
13710,10597,Next.js
13711,10597,React
13714,10599,Next.js
13717,10600,Node.js
13718,10600,React
13719,10600,Vue.js
13720,10602,ASP.NET CORE
13722,10604,Express
13723,10604,Next.js
13724,10604,Node.js
13725,10604,React
13726,10606,Angular
13730,10606,Express
13731,10606,FastAPI
13733,10606,Next.js
13734,10606,Node.js
13736,10606,React
13738,10606,Vue.js
13739,10607,Express
13740,10607,Next.js
13741,10607,Node.js
13742,10607,React
13743,10610,Angular
13745,10610,Node.js
13746,10612,FastAPI
13747,10612,React
13748,10612,Spring Boot
13749,10621,Express
13751,10621,Node.js
13752,10621,React
13753,10621,Vue.js
13756,10623,Node.js
13758,10623,Svelte
13759,10623,Vue.js
13762,10624,Spring Boot
13763,10626,ASP.NET CORE
13764,10626,React
13768,10627,Express
13769,10627,Node.js
13771,10627,React
13772,10627,Svelte
13773,10627,Vue.js
13775,10628,Vue.js
13776,10632,Angular
13777,10632,ASP.NET CORE
13780,10632,Node.js
13786,10636,ASP.NET CORE
13788,10636,Node.js
13789,10636,React
13791,10642,FastAPI
13792,10642,React
13796,10653,Node.js
13797,10655,Node.js
13798,10655,React
13799,10655,Spring Boot
13800,10658,Spring Boot
13801,10667,Next.js
13802,10667,Svelte
13804,10668,Next.js
13805,10668,React
13806,10672,Angular
13808,10672,ASP.NET CORE
13812,10672,Node.js
13813,10677,Next.js
13814,10677,React
13815,10677,Svelte
13817,10678,FastAPI
13820,10678,Node.js
13821,10678,React
13823,10678,Vue.js
13824,10679,Spring Boot
13826,10681,ASP.NET CORE
13829,10681,FastAPI
13831,10681,Svelte
13832,10683,Angular
13833,10683,ASP.NET CORE
13835,10683,Node.js
13836,10683,React
13838,10689,Next.js
13839,10689,React
13842,10691,Angular
13844,10691,FastAPI
13846,10691,Node.js
13847,10691,React
13848,10691,Vue.js
13850,10699,ASP.NET CORE
13852,10700,Angular
13854,10700,ASP.NET CORE
13856,10700,Vue.js
13859,10704,Vue.js
13860,10705,Angular
13862,10705,Node.js
13863,10705,Spring Boot
13865,10710,Node.js
13866,10710,React
13867,10710,Svelte
13868,10710,Vue.js
13870,10712,FastAPI
13872,10714,Node.js
13874,10714,Vue.js
13875,10721,Vue.js
13877,10722,React
13878,10727,Express
13881,10727,Next.js
13882,10727,Node.js
13883,10727,React
13885,10727,Spring Boot
13887,10728,FastAPI
13888,10728,Vue.js
13893,10738,Next.js
13894,10738,Node.js
13895,10738,React
13896,10738,Vue.js
13900,10744,ASP.NET CORE
13901,10744,Express
13903,10744,Node.js
13904,10744,React
13905,10744,Svelte
13906,10744,Vue.js
13908,10746,ASP.NET CORE
13911,10746,Node.js
13913,10747,Angular
13916,10747,Express
13917,10747,FastAPI
13920,10747,Node.js
13921,10747,Vue.js
13927,10753,Next.js
13928,10753,Node.js
13931,10755,FastAPI
13933,10761,Next.js
13934,10761,Node.js
13935,10761,React
13937,10769,ASP.NET CORE
13940,10771,Spring Boot
13941,10773,ASP.NET CORE
13942,10773,React
13943,10775,Angular
13944,10775,Node.js
13947,10777,Next.js
13948,10777,Node.js
13949,10777,React
13950,10779,Spring Boot
13951,10779,Svelte
13953,10783,ASP.NET CORE
13954,10783,FastAPI
13955,10783,Vue.js
13956,10785,Node.js
13957,10785,React
13958,10785,Svelte
13960,10787,Node.js
13962,10787,Spring Boot
13963,10787,Svelte
13965,10787,Vue.js
13966,10790,Node.js
13967,10790,React
13969,10791,FastAPI
13972,10799,ASP.NET CORE
13973,10799,Express
13976,10799,Next.js
13977,10799,Node.js
13979,10799,React
13982,10799,Svelte
13983,10799,Vue.js
13984,10808,Express
13985,10808,Node.js
13986,10808,React
13987,10810,Angular
13989,10810,ASP.NET CORE
13991,10810,FastAPI
13993,10810,Next.js
13994,10810,Node.js
13995,10810,React
13996,10810,Svelte
13997,10810,Vue.js
13999,10811,FastAPI
14001,10812,ASP.NET CORE
14002,10812,React
14003,10814,Angular
14004,10814,ASP.NET CORE
14005,10814,Express
14007,10814,Node.js
14008,10816,Angular
14009,10816,Node.js
14011,10819,ASP.NET CORE
14015,10819,Svelte
14016,10820,Angular
14019,10820,Node.js
14020,10820,React
14022,10820,Spring Boot
14023,10821,React
14025,10824,Angular
14026,10824,Next.js
14027,10824,React
14028,10824,Spring Boot
14029,10825,Spring Boot
14030,10825,Svelte
14031,10826,Angular
14032,10826,React
14033,10826,Vue.js
14034,10828,ASP.NET CORE
14036,10828,React
14037,10828,Svelte
14038,10828,Vue.js
14039,10829,ASP.NET CORE
14040,10829,Vue.js
14042,10831,FastAPI
14043,10831,Next.js
14044,10831,Node.js
14045,10831,React
14046,10839,Next.js
14047,10839,React
14049,10843,Node.js
14052,10847,FastAPI
14054,10847,React
14055,10847,Vue.js
14056,10849,Angular
14057,10849,FastAPI
14058,10849,Spring Boot
14059,10851,Angular
14060,10851,ASP.NET CORE
14061,10851,FastAPI
14066,10858,Angular
14068,10858,Node.js
14070,10863,ASP.NET CORE
14072,10865,Angular
14076,10865,Express
14079,10865,Node.js
14081,10865,Spring Boot
14082,10865,Vue.js
14083,10871,Express
14084,10871,Next.js
14085,10871,Node.js
14086,10871,React
14087,10871,Spring Boot
14089,10873,Express
14091,10873,Next.js
14092,10873,Node.js
14093,10873,React
14095,10874,Angular
14098,10874,Express
14099,10874,FastAPI
14100,10874,Next.js
14101,10874,Node.js
14102,10874,React
14103,10874,Vue.js
14104,10878,Angular
14105,10878,ASP.NET CORE
14107,10878,Svelte
14110,10880,Next.js
14111,10880,React
14113,10880,Vue.js
14115,10881,FastAPI
14117,10881,Next.js
14118,10881,React
14123,10889,ASP.NET CORE
14131,10889,Vue.js
14133,10892,Next.js
14134,10892,Node.js
14138,10896,Express
14139,10896,Next.js
14140,10896,Node.js
14141,10896,React
14142,10896,Vue.js
14144,10898,FastAPI
14145,10900,Angular
14147,10900,ASP.NET CORE
14150,10900,Node.js
14151,10900,React
14152,10906,Next.js
14153,10907,Angular
14155,10907,ASP.NET CORE
14156,10909,Angular
14160,10909,Node.js
14161,10912,Express
14162,10912,Node.js
14163,10912,Vue.js
14164,10915,Angular
14165,10915,Express
14167,10915,Node.js
14168,10915,React
14171,10917,Next.js
14172,10917,Node.js
14173,10918,ASP.NET CORE
14175,10922,FastAPI
14176,10922,Svelte
14177,10923,Angular
14179,10923,Next.js
14180,10923,Node.js
14181,10923,React
14182,10923,Spring Boot
14183,10923,Svelte
14184,10923,Vue.js
14185,10925,Angular
14186,10925,ASP.NET CORE
14187,10925,FastAPI
14190,10925,Node.js
14192,10930,React
14198,10932,React
14201,10938,FastAPI
14203,10938,React
14204,10942,Vue.js
14205,10948,Angular
14207,10948,ASP.NET CORE
14209,10948,FastAPI
14211,10948,Spring Boot
14212,10949,Angular
14213,10949,ASP.NET CORE
14216,10950,Next.js
14217,10950,Node.js
14218,10950,React
14219,10950,Svelte
14220,10951,Express
14224,10951,Next.js
14225,10951,Node.js
14228,10951,Svelte
14229,10951,Vue.js
14230,10952,Express
14231,10952,Next.js
14232,10952,Node.js
14233,10952,React
14236,10958,Next.js
14237,10958,Node.js
14238,10958,React
14239,10959,Express
14240,10959,Next.js
14242,10968,Vue.js
14243,10971,Next.js
14244,10971,Svelte
14245,10972,Angular
14248,10972,ASP.NET CORE
14251,10972,Node.js
14252,10972,React
14254,10977,Express
14255,10977,Next.js
14256,10977,Node.js
14257,10977,React
14259,10983,Angular
14262,10983,ASP.NET CORE
14266,10983,Express
14267,10983,FastAPI
14271,10983,Next.js
14272,10983,Node.js
14273,10983,React
14274,10983,Spring Boot
14275,10983,Vue.js
14278,10989,Node.js
14280,10991,React
14282,10993,Angular
14285,10993,ASP.NET CORE
14293,10993,Express
14294,10993,FastAPI
14302,10993,Next.js
14303,10993,Node.js
14307,10993,React
14311,10993,Spring Boot
14313,10993,Svelte
14315,10993,Vue.js
14319,10995,Node.js
14320,10995,React
14321,10995,Vue.js
14322,10996,Angular
14324,10996,Express
14326,10996,Next.js
14327,10996,Node.js
14328,10996,React
14331,10998,ASP.NET CORE
14333,11000,ASP.NET CORE
14334,11000,Node.js
14335,11000,Vue.js
14336,11002,React
14338,11009,ASP.NET CORE
14339,11009,Next.js
14340,11009,React
14341,11012,ASP.NET CORE
14345,11015,Node.js
14346,11020,ASP.NET CORE
14347,11024,Angular
14351,11024,Node.js
14352,11024,Vue.js
14353,11025,FastAPI
14354,11025,Node.js
14355,11025,React
14357,11027,ASP.NET CORE
14359,11038,Next.js
14360,11038,React
14361,11039,Express
14363,11039,Next.js
14364,11039,Node.js
14365,11039,React
14367,11044,Next.js
14368,11044,Node.js
14369,11044,React
14370,11044,Spring Boot
14371,11048,ASP.NET CORE
14374,11048,Vue.js
14375,11058,Angular
14377,11058,Spring Boot
14378,11061,Angular
14379,11061,ASP.NET CORE
14380,11061,FastAPI
14382,11065,Angular
14386,11070,React
14388,11070,Vue.js
14389,11078,ASP.NET CORE
14391,11078,Next.js
14392,11078,React
14395,11080,Node.js
14396,11080,React
14397,11080,Vue.js
14398,11082,FastAPI
14402,11086,Next.js
14403,11086,Node.js
14405,11086,React
14406,11086,Vue.js
14407,11089,Vue.js
14408,11095,Angular
14409,11095,Express
14410,11095,Node.js
14411,11097,FastAPI
14413,11097,React
14414,11097,Svelte
14415,11100,Node.js
14416,11100,React
14417,11102,Angular
14419,11102,ASP.NET CORE
14420,11102,React
14421,11102,Vue.js
14422,11110,Angular
14423,11110,ASP.NET CORE
14424,11110,FastAPI
14427,11110,React
14428,11112,Angular
14430,11112,FastAPI
14432,11112,Spring Boot
14440,11120,React
14447,11126,ASP.NET CORE
14449,11126,Node.js
14450,11126,React
14451,11127,React
14454,11143,Vue.js
14456,11144,Angular
14459,11144,ASP.NET CORE
14463,11144,Node.js
14464,11144,React
14467,11145,Express
14470,11145,Next.js
14471,11145,Node.js
14472,11145,React
14473,11145,Spring Boot
14475,11145,Vue.js
14477,11148,ASP.NET CORE
14481,11149,FastAPI
14484,11151,Next.js
14485,11157,Express
14486,11157,Node.js
14487,11157,React
14492,11167,Spring Boot
14494,11176,React
14496,11177,FastAPI
14500,11185,Angular
14502,11185,Node.js
14503,11185,Vue.js
14505,11188,React
14508,11191,FastAPI
14510,11191,Next.js
14511,11191,React
14513,11191,Vue.js
14514,11194,Angular
14516,11194,Node.js
14517,11194,React
14518,11207,Next.js
14519,11207,React
14522,11214,ASP.NET CORE
14525,11216,ASP.NET CORE
14527,11216,Express
14528,11216,FastAPI
14531,11216,Next.js
14532,11216,Node.js
14533,11216,React
14534,11216,Vue.js
14535,11217,Angular
14536,11223,ASP.NET CORE
14538,11223,React
14539,11226,FastAPI
14542,11226,Node.js
14544,11226,Vue.js
14545,11230,Angular
14546,11230,ASP.NET CORE
14547,11231,FastAPI
14548,11231,React
14550,11240,ASP.NET CORE
14554,11240,Express
14555,11240,Node.js
14556,11240,React
14558,11240,Vue.js
14561,11243,Node.js
14564,11245,ASP.NET CORE
14567,11245,Node.js
14568,11245,Vue.js
14570,11249,FastAPI
14571,11249,Node.js
14572,11249,React
14573,11250,Spring Boot
14575,11252,React
14576,11252,Vue.js
14577,11254,ASP.NET CORE
14578,11254,Node.js
14579,11254,Spring Boot
14580,11255,ASP.NET CORE
14582,11256,Angular
14584,11256,ASP.NET CORE
14586,11256,Node.js
14587,11256,React
14589,11259,ASP.NET CORE
14590,11259,React
14592,11260,Express
14593,11260,FastAPI
14595,11260,Next.js
14596,11260,Node.js
14597,11260,React
14600,11260,Spring Boot
14601,11260,Svelte
14602,11260,Vue.js
14603,11261,React
14604,11261,Spring Boot
14605,11264,Angular
14606,11264,Express
14607,11264,FastAPI
14609,11264,Node.js
14610,11264,React
14611,11264,Spring Boot
14612,11265,ASP.NET CORE
14615,11265,Node.js
14616,11265,React
14619,11267,Spring Boot
14620,11267,Vue.js
14621,11270,FastAPI
14623,11272,FastAPI
14627,11272,Next.js
14628,11272,React
14629,11272,Spring Boot
14631,11275,FastAPI
14633,11276,Node.js
14635,11277,Angular
14637,11277,ASP.NET CORE
14641,11283,Node.js
14643,11284,FastAPI
14645,11284,Node.js
14646,11284,React
14647,11291,React
14648,11293,Angular
14649,11293,Express
14651,11293,Node.js
14652,11293,React
14653,11293,Vue.js
14654,11297,Express
14655,11297,FastAPI
14657,11297,Node.js
14658,11297,React
14660,11299,Angular
14663,11300,Next.js
14665,11301,Angular
14669,11301,Express
14670,11301,FastAPI
14673,11301,Node.js
14674,11301,React
14675,11301,Vue.js
14676,11303,Node.js
14677,11303,React
14679,11305,Next.js
14680,11305,Node.js
14681,11307,FastAPI
14682,11307,React
14683,11307,Vue.js
14685,11309,Next.js
14688,11311,FastAPI
14690,11311,Node.js
14691,11311,React
14694,11312,FastAPI
14696,11312,Next.js
14697,11312,Node.js
14700,11317,FastAPI
14702,11317,Next.js
14703,11317,Node.js
14705,11317,React
14708,11320,ASP.NET CORE
14711,11321,Node.js
14713,11321,Svelte
14715,11323,Express
14716,11323,FastAPI
14720,11323,Node.js
14721,11323,React
14722,11323,Spring Boot
14723,11326,Node.js
14724,11326,React
14725,11326,Spring Boot
14726,11327,Angular
14728,11327,ASP.NET CORE
14733,11327,Svelte
14734,11327,Vue.js
14735,11333,React
14736,11333,Svelte
14737,11333,Vue.js
14738,11337,Express
14739,11337,FastAPI
14742,11337,Next.js
14743,11337,Node.js
14744,11337,React
14745,11337,Vue.js
14749,11343,Node.js
14750,11343,React
14751,11344,Angular
14756,11344,Next.js
14757,11344,React
14758,11344,Vue.js
14759,11348,FastAPI
14760,11348,Next.js
14761,11356,Angular
14762,11356,Node.js
14765,11359,React
14768,11361,ASP.NET CORE
14772,11362,Express
14773,11362,FastAPI
14774,11362,Next.js
14775,11362,Node.js
14776,11362,React
14777,11362,Svelte
14778,11367,Node.js
14779,11367,React
14780,11370,Angular
14783,11370,FastAPI
14785,11370,Vue.js
14786,11373,Next.js
14787,11373,Node.js
14788,11373,React
14789,11380,Express
14790,11380,Next.js
14791,11380,Node.js
14792,11380,React
14796,11386,Vue.js
14798,11390,Node.js
14800,11390,Svelte
14802,11396,Node.js
14803,11396,Vue.js
14805,11398,Node.js
14806,11398,React
14807,11398,Spring Boot
14808,11401,Next.js
14809,11401,React
14812,11403,Express
14814,11403,Next.js
14815,11403,Node.js
14816,11403,React
14818,11404,ASP.NET CORE
14819,11404,Express
14821,11404,Next.js
14822,11404,Node.js
14823,11404,React
14824,11405,Angular
14825,11405,Next.js
14826,11405,Node.js
14827,11405,React
14829,11405,Svelte
14831,11406,Next.js
14832,11406,Node.js
14833,11406,React
14835,11407,ASP.NET CORE
14837,11412,React
14839,11412,Vue.js
14840,11414,Angular
14843,11415,ASP.NET CORE
14844,11415,Next.js
14845,11415,React
14846,11418,FastAPI
14848,11419,ASP.NET CORE
14850,11419,React
14852,11422,ASP.NET CORE
14853,11422,React
14854,11429,Express
14856,11429,Next.js
14857,11429,Node.js
14858,11429,React
14859,11429,Vue.js
14860,11431,Angular
14861,11431,Spring Boot
14863,11433,Spring Boot
14864,11444,Angular
14866,11444,ASP.NET CORE
14870,11444,Express
14871,11444,FastAPI
14875,11444,Next.js
14876,11444,Node.js
14878,11444,React
14881,11444,Spring Boot
14882,11444,Svelte
14883,11444,Vue.js
14886,11448,Svelte
14887,11448,Vue.js
14888,11449,Next.js
14889,11449,React
14890,11452,Angular
14891,11452,ASP.NET CORE
14892,11453,Angular
14893,11453,Express
14895,11453,Next.js
14896,11453,Node.js
14897,11453,React
14899,11455,FastAPI
14901,11461,Next.js
14902,11461,Node.js
14903,11461,React
14904,11461,Spring Boot
14906,11466,ASP.NET CORE
14907,11466,Node.js
14908,11466,React
14909,11466,Svelte
14910,11466,Vue.js
14911,11470,Node.js
14912,11470,React
14913,11470,Spring Boot
14915,11472,Node.js
14916,11472,React
14918,11472,Vue.js
14921,11475,FastAPI
14924,11475,React
14926,11478,Next.js
14927,11478,Node.js
14928,11478,React
14929,11480,ASP.NET CORE
14930,11480,Node.js
14931,11480,React
14933,11482,Vue.js
14935,11486,Node.js
14936,11486,React
14937,11486,Spring Boot
14939,11488,Node.js
14940,11488,React
14943,11494,Node.js
14946,11494,Vue.js
14947,11495,Angular
14949,11495,Node.js
14953,11498,Node.js
14954,11503,ASP.NET CORE
14956,11503,Node.js
14958,11503,React
14959,11503,Svelte
14960,11503,Vue.js
14964,11513,React
14965,11514,Angular
14970,11514,Next.js
14971,11514,Node.js
14974,11514,Svelte
14976,11514,Vue.js
14979,11523,Node.js
14981,11523,Spring Boot
14982,11527,Node.js
14984,11527,Vue.js
14987,11531,React
14988,11531,Spring Boot
14989,11538,Express
14992,11538,Next.js
14993,11538,Node.js
14994,11538,React
14995,11538,Spring Boot
14998,11543,Next.js
14999,11543,Node.js
15000,11543,React
15001,11543,Vue.js
15004,11544,FastAPI
15007,11544,Svelte
15008,11545,Spring Boot
15009,11549,Express
15011,11549,Node.js
15012,11550,Angular
15015,11552,Svelte
15016,11552,Vue.js
15017,11553,FastAPI
15018,11553,Spring Boot
15020,11556,Next.js
15021,11556,Node.js
15022,11556,React
15024,11559,Angular
15033,11559,Svelte
15035,11559,Vue.js
15038,11562,Node.js
15039,11562,Spring Boot
15041,11564,Angular
15042,11564,ASP.NET CORE
15045,11568,Node.js
15046,11568,React
15047,11571,Next.js
15048,11571,Node.js
15049,11571,React
15053,11575,React
15056,11576,Next.js
15057,11576,Node.js
15058,11576,React
15060,11577,FastAPI
15062,11577,Node.js
15063,11577,Spring Boot
15066,11581,React
15069,11581,Svelte
15071,11582,Express
15073,11582,Node.js
15074,11582,React
15076,11582,Vue.js
15078,11585,ASP.NET CORE
15080,11593,Node.js
15081,11593,React
15082,11593,Svelte
15084,11593,Vue.js
15085,11597,Next.js
15086,11597,Node.js
15087,11597,React
15088,11597,Spring Boot
15089,11599,Express
15090,11599,Node.js
15091,11599,React
15094,11599,Svelte
15096,11600,FastAPI
15099,11600,Node.js
15103,11601,Node.js
15104,11601,React
15105,11601,Vue.js
15106,11603,Spring Boot
15108,11609,Next.js
15109,11609,Node.js
15110,11609,React
15112,11619,React
15113,11625,Angular
15114,11625,ASP.NET CORE
15116,11625,Next.js
15117,11625,Node.js
15118,11625,React
15119,11625,Vue.js
15120,11627,Angular
15122,11627,React
15124,11629,Express
15125,11629,Node.js
15126,11629,React
15128,11630,Next.js
15129,11630,Node.js
15130,11630,React
15133,11643,Next.js
15134,11643,Node.js
15135,11643,React
15136,11644,Angular
15139,11644,Express
15141,11644,Next.js
15142,11644,Node.js
15143,11644,React
15144,11648,Node.js
15145,11648,React
15146,11653,FastAPI
15147,11653,React
15149,11671,Next.js
15150,11671,Node.js
15151,11671,React
15154,11671,Svelte
15156,11672,ASP.NET CORE
15160,11672,Next.js
15161,11672,Node.js
15162,11672,React
15166,11675,React
15170,11676,Node.js
15171,11676,React
15175,11681,Express
15176,11681,FastAPI
15181,11681,Node.js
15182,11681,React
15184,11681,Spring Boot
15185,11682,Next.js
15186,11682,Node.js
15187,11682,React
15189,11685,Node.js
15190,11685,React
15193,11687,ASP.NET CORE
15194,11687,Vue.js
15196,11688,FastAPI
15199,11688,Spring Boot
15200,11690,Angular
15201,11690,ASP.NET CORE
15204,11692,Express
15205,11692,Node.js
15206,11692,React
15207,11692,Vue.js
15208,11694,Spring Boot
15210,11698,ASP.NET CORE
15211,11702,Angular
15213,11702,ASP.NET CORE
15215,11703,FastAPI
15218,11703,Node.js
15219,11703,React
15220,11703,Spring Boot
15225,11706,Express
15226,11706,FastAPI
15231,11706,Next.js
15232,11706,Node.js
15233,11706,React
15237,11707,ASP.NET CORE
15238,11709,Angular
15240,11709,Express
15242,11709,Next.js
15243,11709,Node.js
15244,11709,React
15245,11709,Spring Boot
15248,11710,Express
15250,11710,Next.js
15251,11710,Node.js
15252,11710,React
15253,11710,Spring Boot
15255,11713,ASP.NET CORE
15259,11714,Vue.js
15260,11715,FastAPI
15261,11715,React
15262,11719,ASP.NET CORE
15263,11719,React
15266,11723,FastAPI
15267,11723,Next.js
15268,11723,Node.js
15269,11724,FastAPI
15271,11731,ASP.NET CORE
15272,11738,ASP.NET CORE
15274,11740,Node.js
15278,11744,Express
15279,11744,FastAPI
15282,11744,Next.js
15283,11744,Node.js
15284,11744,React
15286,11744,Svelte
15287,11744,Vue.js
15289,11748,ASP.NET CORE
15293,11748,FastAPI
15299,11748,Next.js
15300,11748,Node.js
15302,11748,React
15305,11748,Vue.js
15307,11752,Express
15309,11752,Next.js
15310,11752,Node.js
15311,11752,React
15314,11753,Vue.js
15315,11756,Angular
15316,11756,ASP.NET CORE
15317,11756,Node.js
15318,11759,ASP.NET CORE
15319,11759,Vue.js
15320,11762,FastAPI
15322,11762,Svelte
15323,11764,Express
15325,11764,Svelte
15327,11764,Vue.js
15328,11766,FastAPI
15329,11767,ASP.NET CORE
15331,11773,Angular
15333,11773,FastAPI
15334,11773,Spring Boot
15335,11773,Svelte
15337,11774,FastAPI
15340,11774,Node.js
15342,11774,Svelte
15343,11775,FastAPI
15346,11778,Next.js
15347,11778,Node.js
15348,11778,React
15349,11778,Svelte
15350,11779,ASP.NET CORE
15352,11782,ASP.NET CORE
15356,11793,Node.js
15358,11793,React
15359,11793,Vue.js
15361,11796,Angular
15363,11796,ASP.NET CORE
15365,11796,React
15366,11796,Vue.js
15367,11797,Express
15368,11797,Node.js
15369,11797,React
15370,11800,Angular
15372,11800,ASP.NET CORE
15373,11800,Node.js
15374,11800,React
15379,11801,Svelte
15380,11801,Vue.js
15381,11815,React
15383,11817,ASP.NET CORE
15388,11817,Svelte
15390,11825,Node.js
15391,11825,React
15392,11827,Angular
15397,11827,Next.js
15398,11827,Node.js
15399,11827,React
15401,11827,Vue.js
15405,11831,Next.js
15406,11831,Node.js
15407,11831,React
15408,11831,Vue.js
15411,11837,Express
15412,11837,Node.js
15414,11839,React
15415,11839,Vue.js
15418,11847,Angular
15421,11847,ASP.NET CORE
15422,11847,Node.js
15423,11847,React
15424,11847,Vue.js
15427,11852,FastAPI
15428,11856,Express
15429,11856,Node.js
15430,11856,React
15431,11856,Svelte
15432,11857,Angular
15433,11857,ASP.NET CORE
15434,11857,Node.js
15437,11862,Express
15438,11862,Node.js
15439,11862,React
15441,11864,Express
15444,11864,Next.js
15445,11864,Node.js
15447,11864,React
15449,11864,Vue.js
15451,11869,Node.js
15455,11873,React
15456,11884,Express
15457,11884,FastAPI
15460,11884,Next.js
15461,11884,Node.js
15464,11884,Spring Boot
15465,11884,Svelte
15466,11889,Angular
15469,11889,ASP.NET CORE
15477,11889,Express
15478,11889,FastAPI
15486,11889,Next.js
15487,11889,Node.js
15491,11889,React
15495,11889,Spring Boot
15497,11889,Svelte
15499,11889,Vue.js
15504,11899,Next.js
15505,11899,Node.js
15507,11901,Express
15510,11901,Next.js
15511,11901,Node.js
15513,11901,React
15515,11901,Svelte
15517,11901,Vue.js
15521,11905,Node.js
15522,11905,Vue.js
15524,11909,ASP.NET CORE
15525,11909,FastAPI
15527,11909,React
15528,11909,Spring Boot
15531,11919,Express
15534,11919,Next.js
15535,11919,Node.js
15536,11919,React
15537,11919,Vue.js
15540,11924,Node.js
15541,11924,React
15542,11924,Svelte
15544,11925,Node.js
15546,11925,Vue.js
15548,11930,Express
15551,11930,Next.js
15552,11930,Node.js
15553,11930,React
15555,11935,React
15556,11935,Vue.js
15557,11936,ASP.NET CORE
15562,11938,ASP.NET CORE
15565,11938,Express
15567,11938,Node.js
15575,11942,Express
15576,11942,Next.js
15577,11942,Node.js
15578,11942,React
15584,11944,Svelte
15585,11944,Vue.js
15586,11948,Angular
15587,11948,ASP.NET CORE
15589,11948,Next.js
15590,11948,Node.js
15591,11949,Angular
15593,11949,ASP.NET CORE
15595,11950,Next.js
15596,11953,Angular
15597,11953,ASP.NET CORE
15599,11953,React
15600,11953,Vue.js
15601,11959,Node.js
15602,11959,React
15603,11971,Angular
15604,11971,Express
15605,11971,Node.js
15606,11971,React
15608,11973,Node.js
15609,11973,React
15611,11974,React
15612,11978,Express
15613,11978,Node.js
15614,11978,React
15615,11982,Express
15617,11982,Next.js
15618,11982,Node.js
15619,11982,React
15621,11983,Angular
15622,11983,Vue.js
15625,11989,FastAPI
15628,11989,Vue.js
15629,11992,Node.js
15630,11992,React
15633,11998,Express
15634,11998,FastAPI
15636,11998,Next.js
15637,11998,Node.js
15638,11998,React
15640,12000,Next.js
15641,12000,Node.js
15642,12000,React
15643,12000,Svelte
15645,12010,Svelte
15647,12013,Next.js
15648,12014,Angular
15651,12014,Next.js
15652,12014,Node.js
15653,12014,React
15656,12015,Express
15658,12015,Node.js
15659,12015,Svelte
15660,12015,Vue.js
15661,12016,Node.js
15667,12021,Next.js
15668,12021,Node.js
15669,12022,Angular
15670,12022,Spring Boot
15672,12031,Node.js
15674,12031,Svelte
15675,12034,ASP.NET CORE
15678,12038,FastAPI
15680,12038,Svelte
15681,12038,Vue.js
15683,12049,Express
15684,12049,React
15685,12052,ASP.NET CORE
15688,12055,React
15689,12055,Svelte
15690,12058,ASP.NET CORE
15691,12062,Angular
15692,12062,Express
15693,12063,ASP.NET CORE
15698,12065,Angular
15701,12065,Express
15702,12065,FastAPI
15706,12065,Next.js
15707,12065,Node.js
15709,12065,React
15710,12065,Spring Boot
15711,12065,Vue.js
15712,12076,Express
15714,12076,Node.js
15715,12076,React
15717,12078,Next.js
15718,12078,React
15719,12078,Svelte
15723,12086,Node.js
15724,12087,Vue.js
15725,12092,Angular
15726,12092,Next.js
15727,12092,React
15729,12093,Angular
15732,12093,Express
15734,12093,Next.js
15735,12093,Node.js
15736,12093,React
15738,12095,Node.js
15739,12095,Vue.js
15741,12096,ASP.NET CORE
15743,12096,Node.js
15744,12096,React
15745,12096,Spring Boot
15747,12099,Angular
15749,12099,ASP.NET CORE
15751,12099,Next.js
15752,12099,Node.js
15754,12099,React
15755,12099,Vue.js
15756,12101,FastAPI
15759,12101,Vue.js
15760,12105,Angular
15761,12105,Express
15765,12105,Next.js
15766,12105,Node.js
15767,12105,React
15768,12105,Vue.js
15769,12109,React
15772,12114,ASP.NET CORE
15773,12125,Next.js
15774,12125,Node.js
15775,12125,React
15776,12126,Angular
15779,12126,Node.js
15780,12130,Angular
15781,12130,ASP.NET CORE
15785,12130,React
15786,12130,Vue.js
15789,12132,Node.js
15790,12132,React
15792,12134,Express
15793,12134,FastAPI
15796,12134,Next.js
15797,12134,Node.js
15798,12134,React
15799,12135,Angular
15800,12135,Express
15802,12135,Next.js
15803,12135,Node.js
15805,12135,React
15809,12139,FastAPI
15811,12139,Next.js
15812,12139,Node.js
15814,12139,React
15815,12140,Angular
15818,12140,Vue.js
15819,12142,Spring Boot
15820,12142,Svelte
15821,12145,Spring Boot
15823,12148,React
15825,12148,Vue.js
15826,12151,React
15829,12164,Angular
15830,12164,React
15831,12164,Spring Boot
15834,12167,React
15835,12167,Spring Boot
15836,12172,Express
15837,12172,FastAPI
15838,12172,Next.js
15839,12172,Node.js
15840,12172,React
15844,12178,Express
15847,12178,Node.js
15849,12178,React
15850,12178,Svelte
15852,12178,Vue.js
15855,12179,Express
15857,12179,Next.js
15858,12179,Node.js
15859,12179,React
15861,12184,Node.js
15863,12184,React
15864,12189,Angular
15867,12190,Next.js
15869,12191,Node.js
15870,12191,React
15871,12192,Vue.js
15872,12200,Angular
15876,12202,Node.js
15877,12202,React
15882,12205,Angular
15884,12205,ASP.NET CORE
15887,12210,Express
15889,12210,Next.js
15890,12210,Node.js
15891,12210,React
15892,12212,Angular
15893,12212,React
15894,12212,Spring Boot
15895,12213,Angular
15896,12213,ASP.NET CORE
15897,12218,FastAPI
15898,12222,Angular
15899,12222,Express
15900,12222,Node.js
15901,12222,React
15902,12222,Spring Boot
15903,12222,Svelte
15904,12222,Vue.js
15905,12224,Angular
15906,12224,Next.js
15907,12224,React
15908,12224,Spring Boot
15910,12226,Next.js
15911,12226,Node.js
15912,12226,React
15914,12227,Next.js
15915,12227,Node.js
15916,12227,React
15917,12227,Vue.js
15919,12228,FastAPI
15921,12228,Spring Boot
15922,12231,Angular
15924,12231,Express
15927,12231,React
15929,12231,Spring Boot
15930,12231,Vue.js
15932,12232,Next.js
15933,12232,Node.js
15935,12232,Vue.js
15937,12234,Angular
15940,12234,Node.js
15941,12234,React
15943,12234,Vue.js
15946,12236,Spring Boot
15947,12236,Svelte
15949,12236,Vue.js
15950,12237,Angular
15951,12239,React
15952,12239,Spring Boot
15955,12243,Angular
15960,12243,Express
15966,12243,Next.js
15967,12243,Node.js
15969,12243,React
15972,12243,Vue.js
15977,12260,Angular
15978,12260,Node.js
15979,12260,React
15980,12260,Spring Boot
15981,12280,Angular
15982,12280,ASP.NET CORE
15984,12280,Svelte
15985,12282,React
15989,12288,Express
15990,12288,FastAPI
15993,12288,Next.js
15994,12288,Node.js
15995,12288,React
15996,12288,Spring Boot
15997,12288,Svelte
15999,12294,ASP.NET CORE
16001,12294,Svelte
16002,12295,Express
16003,12295,Node.js
16004,12295,React
16006,12297,FastAPI
16007,12298,Angular
16008,12299,Angular
16009,12299,Spring Boot
16010,12301,Node.js
16011,12301,React
16012,12302,React
16013,12303,FastAPI
16015,12309,Angular
16017,12309,Express
16020,12309,Next.js
16021,12309,React
16025,12313,Svelte
16026,12317,Angular
16027,12317,ASP.NET CORE
16029,12317,React
16030,12318,Angular
16031,12318,ASP.NET CORE
16032,12318,Next.js
16033,12318,Node.js
16034,12318,React
16035,12318,Svelte
16036,12322,Express
16037,12322,Node.js
16038,12322,Vue.js
16040,12323,Express
16041,12323,Node.js
16043,12323,Svelte
16044,12323,Vue.js
16046,12326,Svelte
16047,12327,Spring Boot
16049,12331,Angular
16050,12331,Spring Boot
16052,12336,Angular
16055,12336,Node.js
16056,12336,Spring Boot
16057,12340,Express
16060,12340,Next.js
16061,12340,Node.js
16062,12340,React
16063,12347,Node.js
16064,12347,React
16067,12354,Angular
16068,12354,FastAPI
16069,12354,Next.js
16070,12354,Svelte
16073,12355,Node.js
16075,12361,Express
16076,12361,Next.js
16077,12361,Node.js
16078,12361,React
16079,12364,Next.js
16080,12364,Node.js
16081,12364,React
16082,12364,Spring Boot
16084,12365,Next.js
16085,12365,Node.js
16086,12365,React
16090,12368,FastAPI
16092,12370,ASP.NET CORE
16093,12370,Spring Boot
16094,12374,FastAPI
16096,12374,React
16097,12376,Angular
16098,12376,Spring Boot
16099,12376,Svelte
16100,12378,Angular
16104,12378,Node.js
16105,12378,React
16108,12383,Angular
16109,12383,Node.js
16110,12383,React
16111,12383,Spring Boot
16112,12386,Angular
16113,12386,Express
16114,12386,FastAPI
16116,12386,Next.js
16117,12386,React
16119,12388,Node.js
16120,12388,React
16121,12394,Angular
16123,12394,ASP.NET CORE
16125,12394,Next.js
16126,12394,Vue.js
16130,12402,Express
16134,12402,Node.js
16135,12402,React
16138,12402,Svelte
16139,12402,Vue.js
16141,12405,ASP.NET CORE
16147,12408,FastAPI
16149,12408,Vue.js
16151,12410,Node.js
16152,12411,ASP.NET CORE
16154,12411,Vue.js
16157,12413,Node.js
16159,12414,Express
16160,12414,Node.js
16162,12414,Vue.js
16165,12419,ASP.NET CORE
16167,12420,Vue.js
16168,12421,Angular
16171,12421,ASP.NET CORE
16179,12421,Express
16180,12421,FastAPI
16188,12421,Next.js
16189,12421,Node.js
16193,12421,React
16197,12421,Spring Boot
16199,12421,Svelte
16201,12421,Vue.js
16206,12425,FastAPI
16208,12428,Next.js
16209,12428,Vue.js
16210,12429,ASP.NET CORE
16212,12430,ASP.NET CORE
16213,12431,Node.js
16214,12438,Express
16216,12438,Spring Boot
16217,12441,ASP.NET CORE
16218,12446,Next.js
16219,12446,Node.js
16220,12446,React
16221,12447,Express
16222,12447,FastAPI
16223,12447,Node.js
16224,12447,React
16225,12451,Node.js
16227,12451,Vue.js
16229,12464,Angular
16230,12464,ASP.NET CORE
16231,12468,Angular
16232,12468,Node.js
16233,12471,Angular
16234,12471,Node.js
16235,12471,React
16236,12471,Spring Boot
16237,12471,Svelte
16238,12472,Express
16239,12472,Next.js
16240,12472,Node.js
16241,12472,React
16243,12479,FastAPI
16245,12479,Next.js
16246,12479,Node.js
16247,12479,React
16248,12481,Angular
16251,12481,ASP.NET CORE
16254,12481,Express
16255,12481,FastAPI
16260,12481,Next.js
16261,12481,Node.js
16262,12481,React
16263,12481,Spring Boot
16264,12481,Svelte
16265,12486,Vue.js
16266,12488,Express
16269,12488,Next.js
16270,12488,Node.js
16271,12488,Vue.js
16273,12489,Express
16274,12489,Next.js
16275,12489,Node.js
16277,12489,Spring Boot
16278,12489,Vue.js
16279,12490,Angular
16281,12490,FastAPI
16285,12493,Node.js
16286,12493,React
16287,12493,Vue.js
16290,12503,ASP.NET CORE
16292,12503,Node.js
16293,12503,React
16296,12507,Node.js
16297,12507,React
16299,12507,Svelte
16300,12507,Vue.js
16301,12508,ASP.NET CORE
16302,12508,Next.js
16303,12508,React
16304,12518,FastAPI
16305,12518,Node.js
16308,12518,Svelte
16309,12518,Vue.js
16310,12519,Angular
16311,12519,Spring Boot
16314,12526,Node.js
16316,12526,React
16319,12526,Vue.js
16320,12529,Next.js
16321,12529,Spring Boot
16322,12530,Next.js
16323,12530,React
16325,12533,Node.js
16326,12533,Spring Boot
16327,12533,Vue.js
16328,12534,Node.js
16329,12540,Node.js
16330,12540,Spring Boot
16331,12540,Vue.js
16332,12546,Angular
16334,12547,ASP.NET CORE
16337,12548,Node.js
16338,12548,React
16340,12549,Next.js
16341,12549,Node.js
16342,12549,React
16344,12550,Angular
16346,12550,Express
16347,12550,FastAPI
16352,12550,Next.js
16353,12550,Node.js
16354,12550,React
16356,12550,Spring Boot
16357,12550,Vue.js
16359,12552,Node.js
16360,12552,React
16361,12552,Svelte
16362,12554,FastAPI
16363,12558,Angular
16364,12558,FastAPI
16365,12558,Node.js
16368,12561,Express
16371,12561,Next.js
16372,12561,Node.js
16374,12561,React
16375,12561,Spring Boot
16377,12561,Vue.js
16378,12562,ASP.NET CORE
16380,12566,ASP.NET CORE
16382,12568,Express
16385,12568,Next.js
16386,12568,Node.js
16387,12568,React
16388,12569,Angular
16389,12569,Spring Boot
16390,12574,React
16391,12574,Spring Boot
16395,12575,React
16396,12575,Vue.js
16399,12576,Vue.js
16400,12577,Angular
16401,12577,Spring Boot
16403,12580,FastAPI
16406,12585,Node.js
16407,12585,Svelte
16408,12588,Angular
16410,12588,Next.js
16411,12588,Node.js
16412,12588,React
16415,12589,ASP.NET CORE
16416,12593,Spring Boot
16417,12600,Angular
16418,12600,Spring Boot
16421,12606,Express
16422,12606,Node.js
16424,12606,Vue.js
16425,12611,Next.js
16426,12611,Node.js
16427,12611,React
16429,12615,Next.js
16430,12615,Node.js
16431,12615,React
16434,12618,Svelte
16435,12620,Angular
16437,12620,ASP.NET CORE
16438,12620,Node.js
16439,12620,React
16441,12620,Svelte
16442,12622,React
16444,12624,ASP.NET CORE
16445,12624,Next.js
16446,12624,Node.js
16447,12624,React
16450,12624,Vue.js
16451,12627,Angular
16453,12627,Next.js
16454,12627,React
16455,12627,Svelte
16457,12634,FastAPI
16458,12634,Node.js
16459,12634,React
16460,12634,Spring Boot
16462,12643,Next.js
16463,12643,Node.js
16464,12643,Svelte
16465,12643,Vue.js
16466,12646,ASP.NET CORE
16467,12646,Vue.js
16474,12647,Next.js
16475,12647,Node.js
16477,12647,React
16478,12647,Svelte
16479,12647,Vue.js
16483,12650,Node.js
16484,12650,React
16485,12651,ASP.NET CORE
16488,12651,Express
16489,12651,Next.js
16490,12651,Node.js
16491,12651,React
16493,12651,Svelte
16494,12652,Express
16495,12652,Node.js
16496,12652,React
16497,12664,Next.js
16498,12664,React
16500,12664,Spring Boot
16501,12666,ASP.NET CORE
16504,12671,Express
16506,12671,React
16509,12673,React
16510,12673,Spring Boot
16511,12677,ASP.NET CORE
16512,12677,Express
16513,12677,Node.js
16514,12677,React
16515,12679,Angular
16517,12679,React
16519,12681,ASP.NET CORE
16521,12691,Angular
16522,12691,ASP.NET CORE
16524,12691,FastAPI
16525,12691,React
16526,12693,Next.js
16527,12693,Node.js
16528,12693,React
16529,12697,Spring Boot
16531,12698,React
16532,12698,Vue.js
16534,12699,ASP.NET CORE
16535,12704,Angular
16537,12704,ASP.NET CORE
16540,12705,Next.js
16541,12705,Node.js
16542,12708,Next.js
16543,12708,Node.js
16545,12708,Vue.js
16550,12720,Vue.js
16556,12729,Node.js
16557,12729,React
16558,12736,Spring Boot
16562,12745,ASP.NET CORE
16563,12745,React
16565,12746,ASP.NET CORE
16568,12750,FastAPI
16571,12750,React
16572,12750,Svelte
16574,12759,Angular
16576,12759,Node.js
16577,12759,React
16578,12760,Angular
16580,12761,Svelte
16581,12762,FastAPI
16582,12762,Next.js
16583,12762,React
16585,12769,ASP.NET CORE
16588,12770,Next.js
16589,12770,Node.js
16590,12770,React
16592,12771,Angular
16594,12771,Node.js
16597,12780,Express
16598,12780,Next.js
16599,12780,Node.js
16600,12780,React
16601,12782,Express
16603,12782,Node.js
16604,12782,React
16605,12782,Spring Boot
16608,12783,FastAPI
16610,12789,Express
16612,12789,Node.js
16613,12789,React
16617,12796,Express
16618,12796,React
16620,12799,Angular
16623,12799,ASP.NET CORE
16630,12799,Express
16631,12799,FastAPI
16639,12799,Next.js
16640,12799,Node.js
16644,12799,React
16648,12799,Spring Boot
16650,12799,Svelte
16652,12799,Vue.js
16655,12801,ASP.NET CORE
16656,12801,Svelte
16657,12801,Vue.js
16658,12804,Angular
16659,12804,Node.js
16660,12804,React
16663,12807,Spring Boot
16665,12818,Node.js
16666,12818,React
16667,12818,Svelte
16668,12824,Angular
16669,12824,ASP.NET CORE
16673,12833,Spring Boot
16675,12835,Node.js
16676,12835,Spring Boot
16677,12836,ASP.NET CORE
16679,12837,Express
16680,12837,Node.js
16682,12842,Node.js
16683,12847,Express
16684,12847,Node.js
16686,12847,Vue.js
16690,12850,Node.js
16691,12850,React
16693,12856,Angular
16694,12856,ASP.NET CORE
16695,12857,Express
16696,12857,Node.js
16697,12857,React
16699,12862,Express
16700,12862,Next.js
16701,12862,Node.js
16702,12862,React
16703,12862,Svelte
16704,12872,Spring Boot
16706,12880,ASP.NET CORE
16707,12880,React
16709,12882,Express
16711,12882,Node.js
16712,12888,Express
16714,12888,Next.js
16715,12888,Node.js
16716,12888,React
16717,12891,Spring Boot
16718,12893,Angular
16720,12893,Express
16722,12893,Next.js
16723,12893,Node.js
16724,12893,React
16728,12896,Express
16732,12896,Next.js
16733,12896,Node.js
16735,12896,React
16737,12896,Svelte
16738,12896,Vue.js
16741,12897,Node.js
16742,12897,React
16744,12898,Angular
16746,12898,Next.js
16747,12898,Node.js
16748,12898,React
16750,12899,Node.js
16751,12899,React
16753,12900,Angular
16755,12900,Node.js
16756,12900,React
16758,12905,React
16759,12909,Angular
16762,12909,ASP.NET CORE
16765,12909,Vue.js
16766,12910,Angular
16768,12910,ASP.NET CORE
16769,12910,Node.js
16770,12910,Svelte
16771,12910,Vue.js
16773,12911,React
16776,12914,Next.js
16777,12914,Node.js
16778,12914,React
16779,12917,Angular
16785,12917,Next.js
16786,12917,Node.js
16788,12917,React
16790,12917,Spring Boot
16791,12917,Vue.js
16792,12920,Angular
16795,12920,ASP.NET CORE
16797,12920,FastAPI
16800,12922,Angular
16801,12922,ASP.NET CORE
16803,12924,ASP.NET CORE
16804,12924,Spring Boot
16807,12926,Angular
16810,12926,React
16811,12926,Vue.js
16813,12928,Express
16814,12928,Next.js
16815,12928,React
16818,12929,Express
16819,12929,Next.js
16820,12929,Node.js
16821,12929,React
16822,12929,Svelte
16823,12936,ASP.NET CORE
16825,12939,ASP.NET CORE
16826,12939,Vue.js
16827,12942,Next.js
16828,12942,Node.js
16829,12942,React
16831,12944,React
16832,12947,Angular
16834,12947,ASP.NET CORE
16836,12947,Express
16837,12947,Node.js
16838,12947,Svelte
16839,12948,ASP.NET CORE
16841,12949,ASP.NET CORE
16842,12950,Node.js
16843,12950,Svelte
16845,12956,Next.js
16846,12956,Node.js
16848,12956,React
16849,12956,Spring Boot
16850,12962,Spring Boot
16851,12965,Express
16852,12965,Node.js
16853,12965,React
16854,12971,Angular
16855,12971,ASP.NET CORE
16858,12971,Spring Boot
16859,12971,Vue.js
16861,12980,Angular
16862,12980,ASP.NET CORE
16864,12980,Node.js
16866,12981,Next.js
16867,12981,Node.js
16868,12981,React
16870,12981,Vue.js
16872,12982,Angular
16875,12982,ASP.NET CORE
16883,12982,Express
16884,12982,FastAPI
16892,12982,Next.js
16893,12982,Node.js
16897,12982,React
16901,12982,Spring Boot
16903,12982,Svelte
16905,12982,Vue.js
16908,12986,ASP.NET CORE
16911,12986,React
16912,12989,Express
16914,12989,Node.js
16915,12989,React
16916,12989,Spring Boot
16917,12989,Svelte
16918,12989,Vue.js
16920,12990,Express
16921,12990,Next.js
16922,12990,Node.js
16923,12990,React
16924,12997,Angular
16926,12997,Svelte
16928,12999,Svelte
16930,13002,ASP.NET CORE
16931,13002,React
16932,13003,ASP.NET CORE
16933,13003,React
16935,13004,Node.js
16936,13004,Vue.js
16937,13009,Node.js
16938,13011,Angular
16939,13011,Node.js
16940,13015,FastAPI
16943,13015,Next.js
16944,13015,Node.js
16945,13015,React
16948,13019,Next.js
16949,13019,React
16952,13020,React
16954,13022,Angular
16956,13022,React
16957,13022,Spring Boot
16958,13022,Svelte
16959,13022,Vue.js
16960,13024,Angular
16963,13024,FastAPI
16964,13024,Node.js
16967,13028,Angular
16968,13028,ASP.NET CORE
16970,13030,Svelte
16971,13030,Vue.js
16974,13036,Angular
16976,13036,Express
16979,13036,Node.js
16980,13036,React
16981,13037,Angular
16985,13037,Express
16989,13037,Next.js
16990,13037,Node.js
16991,13037,React
16994,13038,React
16995,13038,Spring Boot
16999,13045,Node.js
17000,13045,React
17002,13049,Next.js
17003,13054,Angular
17005,13054,ASP.NET CORE
17009,13054,Next.js
17010,13054,Node.js
17011,13054,React
17013,13054,Spring Boot
17015,13055,Spring Boot
17017,13061,Node.js
17019,13062,Next.js
17020,13062,React
17021,13065,ASP.NET CORE
17023,13065,Spring Boot
17025,13074,Next.js
17026,13074,React
17027,13074,Svelte
17028,13076,Angular
17029,13076,ASP.NET CORE
17030,13076,React
17032,13079,Next.js
17033,13079,React
17034,13080,ASP.NET CORE
17036,13080,Node.js
17037,13080,React
17039,13081,React
17040,13081,Vue.js
17042,13095,FastAPI
17043,13095,Next.js
17045,13103,Node.js
17046,13103,React
17047,13103,Spring Boot
17050,13111,Node.js
17051,13111,Svelte
17055,13115,ASP.NET CORE
17057,13115,Express
17060,13115,Next.js
17061,13115,Node.js
17062,13115,React
17063,13116,ASP.NET CORE
17066,13117,Angular
17068,13117,Node.js
17069,13117,React
17070,13117,Vue.js
17073,13121,Angular
17075,13121,ASP.NET CORE
17076,13121,Express
17077,13121,Next.js
17078,13121,Node.js
17079,13121,React
17081,13129,Angular
17083,13129,ASP.NET CORE
17085,13130,Next.js
17086,13130,React
17087,13132,FastAPI
17090,13132,Next.js
17091,13132,Node.js
17092,13132,React
17094,13134,Express
17096,13137,Angular
17099,13137,Node.js
17100,13137,React
17101,13137,Spring Boot
17102,13137,Vue.js
17105,13144,FastAPI
17106,13144,Node.js
17107,13144,React
17109,13146,Express
17112,13146,Node.js
17113,13146,React
17115,13146,Vue.js
17116,13147,React
17119,13149,React
17120,13149,Vue.js
17121,13150,Angular
17122,13150,Express
17124,13150,Next.js
17125,13150,Node.js
17126,13150,React
17127,13150,Spring Boot
17128,13152,Angular
17130,13152,ASP.NET CORE
17133,13152,Next.js
17134,13152,Node.js
17135,13152,React
17137,13156,Spring Boot
17138,13163,ASP.NET CORE
17139,13163,Svelte
17142,13175,Express
17144,13175,Next.js
17145,13175,Node.js
17146,13175,React
17148,13183,ASP.NET CORE
17149,13183,Next.js
17150,13183,Node.js
17151,13183,React
17152,13183,Spring Boot
17155,13185,Express
17156,13185,Next.js
17157,13185,Node.js
17158,13185,React
17159,13190,FastAPI
17160,13190,React
17161,13190,Vue.js
17162,13194,Express
17165,13194,Node.js
17166,13194,Vue.js
17167,13197,Angular
17170,13197,Next.js
17172,13197,Spring Boot
17174,13199,ASP.NET CORE
17176,13199,Express
17179,13199,Next.js
17180,13199,Node.js
17181,13199,React
17183,13206,FastAPI
17184,13206,Node.js
17186,13216,Express
17187,13216,Node.js
17188,13216,React
17189,13216,Spring Boot
17191,13219,FastAPI
17192,13219,Svelte
17195,13220,Vue.js
17199,13231,Next.js
17200,13231,Node.js
17201,13231,React
17204,13231,Svelte
17205,13233,ASP.NET CORE
17208,13233,FastAPI
17212,13233,React
17215,13236,React
17218,13241,FastAPI
17221,13241,Node.js
17222,13242,FastAPI
17223,13243,FastAPI
17224,13255,ASP.NET CORE
17228,13255,Svelte
17229,13265,Express
17230,13265,Node.js
17231,13268,ASP.NET CORE
17234,13270,Next.js
17235,13270,React
17238,13270,Svelte
17239,13272,Express
17241,13272,React
17244,13273,ASP.NET CORE
17245,13273,Express
17246,13273,FastAPI
17247,13273,Next.js
17248,13273,Node.js
17250,13273,React
17251,13275,FastAPI
17252,13275,React
17254,13275,Vue.js
17255,13277,Next.js
17256,13281,ASP.NET CORE
17258,13281,Vue.js
17260,13283,FastAPI
17263,13283,Next.js
17264,13283,Node.js
17265,13283,React
17266,13284,Node.js
17267,13293,Node.js
17268,13293,React
17272,13295,Express
17274,13295,Next.js
17275,13295,Node.js
17277,13295,React
17278,13295,Vue.js
17279,13299,ASP.NET CORE
17280,13299,Next.js
17281,13299,React
17284,13310,Next.js
17285,13310,Node.js
17286,13317,ASP.NET CORE
17287,13317,Express
17288,13317,Node.js
17289,13317,React
17293,13319,Express
17294,13319,FastAPI
17295,13319,React
17297,13320,Spring Boot
17299,13321,ASP.NET CORE
17300,13323,Angular
17302,13323,ASP.NET CORE
17303,13323,React
17304,13325,Angular
17306,13325,ASP.NET CORE
17310,13325,Next.js
17311,13325,Node.js
17312,13325,React
17314,13325,Svelte
17315,13326,Node.js
17316,13326,React
17317,13326,Spring Boot
17318,13329,Angular
17321,13332,Node.js
17322,13332,Vue.js
17324,13333,Node.js
17326,13333,Svelte
17327,13339,FastAPI
17328,13340,ASP.NET CORE
17330,13340,Next.js
17331,13340,Node.js
17332,13340,React
17334,13345,Vue.js
17335,13351,Next.js
17336,13351,Node.js
17337,13351,React
17338,13352,Angular
17339,13355,Angular
17340,13355,Express
17343,13355,Node.js
17344,13355,Spring Boot
17345,13358,Express
17346,13358,Node.js
17347,13358,Vue.js
17352,13360,Next.js
17353,13360,Node.js
17354,13360,React
17356,13360,Svelte
17359,13370,Express
17360,13370,Next.js
17361,13370,Node.js
17362,13370,React
17363,13371,Node.js
17365,13373,Node.js
17366,13373,Svelte
17367,13377,Angular
17368,13377,ASP.NET CORE
17369,13377,Node.js
17371,13378,Express
17372,13378,Node.js
17374,13378,React
17376,13378,Svelte
17378,13378,Vue.js
17380,13381,ASP.NET CORE
17382,13381,Next.js
17383,13381,React
17384,13382,ASP.NET CORE
17385,13382,Node.js
17386,13382,React
17387,13383,React
17388,13388,Angular
17389,13388,ASP.NET CORE
17392,13388,Express
17393,13388,FastAPI
17394,13388,Node.js
17395,13388,React
17396,13390,Angular
17397,13390,ASP.NET CORE
17399,13390,Next.js
17400,13390,Node.js
17401,13390,React
17402,13401,Angular
17404,13401,Express
17405,13403,ASP.NET CORE
17407,13406,FastAPI
17409,13406,Spring Boot
17411,13410,Angular
17414,13410,Next.js
17415,13410,Node.js
17416,13410,Spring Boot
17418,13410,Vue.js
17421,13413,Vue.js
17422,13414,Angular
17424,13414,Express
17425,13414,Node.js
17426,13415,ASP.NET CORE
17429,13421,ASP.NET CORE
17431,13421,Express
17436,13421,Next.js
17437,13421,Node.js
17439,13421,React
17440,13421,Vue.js
17441,13423,Angular
17443,13423,ASP.NET CORE
17445,13423,FastAPI
17447,13433,Next.js
17448,13433,Node.js
17450,13434,FastAPI
17451,13435,Express
17452,13435,Next.js
17453,13435,Node.js
17454,13435,React
17456,13436,ASP.NET CORE
17457,13436,Node.js
17458,13436,Svelte
17459,13437,Node.js
17460,13437,Vue.js
17463,13439,Node.js
17464,13439,React
17465,13439,Spring Boot
17466,13443,Express
17467,13443,FastAPI
17469,13443,Next.js
17470,13443,Node.js
17471,13446,FastAPI
17473,13446,Node.js
17474,13446,React
17476,13448,Node.js
17477,13448,React
17478,13456,Node.js
17479,13456,Vue.js
17481,13457,Express
17483,13457,Node.js
17485,13457,Vue.js
17486,13459,Angular
17489,13459,Express
17490,13459,Next.js
17491,13459,Node.js
17493,13459,React
17495,13459,Spring Boot
17496,13459,Svelte
17497,13459,Vue.js
17498,13461,FastAPI
17500,13461,Node.js
17501,13461,React
17503,13468,ASP.NET CORE
17505,13476,FastAPI
17511,13477,Express
17512,13477,FastAPI
17516,13477,Next.js
17517,13477,Node.js
17520,13477,Spring Boot
17521,13477,Svelte
17522,13477,Vue.js
17523,13478,Angular
17524,13478,ASP.NET CORE
17525,13478,React
17526,13481,FastAPI
17527,13483,Angular
17528,13483,ASP.NET CORE
17531,13483,Node.js
17532,13483,React
17533,13483,Vue.js
17534,13484,Angular
17536,13484,FastAPI
17537,13484,React
17538,13488,ASP.NET CORE
17541,13488,Vue.js
17542,13493,Angular
17544,13493,Express
17546,13493,Next.js
17547,13493,Node.js
17549,13493,React
17550,13496,ASP.NET CORE
17551,13496,Next.js
17552,13496,React
17554,13498,React
17555,13502,ASP.NET CORE
17557,13503,Vue.js
17558,13504,Spring Boot
17560,13506,Express
17563,13506,Next.js
17564,13506,Node.js
17566,13506,React
17570,13506,Svelte
17571,13506,Vue.js
17573,13508,FastAPI
17574,13516,Next.js
17575,13516,Node.js
17576,13516,React
17577,13516,Spring Boot
17578,13516,Svelte
17579,13516,Vue.js
17580,13518,React
17582,13527,ASP.NET CORE
17584,13528,ASP.NET CORE
17585,13528,Vue.js
17588,13532,Express
17590,13532,Node.js
17592,13532,Vue.js
17594,13534,Svelte
17595,13536,FastAPI
17597,13536,Node.js
17600,13537,Node.js
17601,13537,Spring Boot
17602,13545,Node.js
17603,13545,Vue.js
17606,13549,Express
17607,13549,FastAPI
17609,13549,React
17611,13550,ASP.NET CORE
17613,13550,Node.js
17614,13550,React
17619,13556,React
17620,13556,Vue.js
17622,13561,Express
17623,13561,Next.js
17624,13561,Node.js
17626,13563,Vue.js
17627,13564,Angular
17629,13564,Express
17631,13564,Node.js
17632,13564,React
17634,13564,Vue.js
17635,13565,FastAPI
17636,13565,Next.js
17637,13565,Node.js
17638,13565,React
17639,13567,Angular
17640,13567,Node.js
17641,13567,React
17642,13567,Spring Boot
17644,13568,Express
17645,13568,Node.js
17646,13568,React
17648,13569,Node.js
17649,13569,Svelte
17653,13573,Next.js
17654,13573,Node.js
17655,13573,React
17657,13575,FastAPI
17658,13575,Node.js
17660,13577,ASP.NET CORE
17662,13584,Angular
17663,13584,Express
17664,13584,Next.js
17665,13584,Node.js
17666,13584,React
17668,13587,Express
17669,13587,Next.js
17670,13587,Node.js
17672,13587,React
17674,13587,Vue.js
17676,13593,FastAPI
17677,13593,Node.js
17678,13593,React
17679,13595,Node.js
17680,13595,Svelte
17681,13601,ASP.NET CORE
17687,13601,Next.js
17688,13601,React
17689,13601,Svelte
17690,13603,Angular
17691,13607,Angular
17692,13607,Next.js
17693,13607,Node.js
17694,13607,Spring Boot
17695,13607,Vue.js
17701,13619,Node.js
17703,13621,React
17704,13621,Svelte
17709,13632,Vue.js
17711,13644,React
17712,13644,Svelte
17713,13653,Angular
17721,13653,React
17722,13653,Vue.js
17723,13654,Angular
17726,13654,Express
17728,13654,Next.js
17729,13654,Node.js
17730,13654,React
17731,13654,Svelte
17732,13654,Vue.js
17736,13657,Spring Boot
17737,13659,ASP.NET CORE
17740,13662,ASP.NET CORE
17742,13662,Node.js
17743,13662,Spring Boot
17747,13665,Next.js
17748,13665,Node.js
17749,13665,React
17751,13671,Express
17752,13671,React
17754,13673,Svelte
17755,13679,Angular
17756,13679,ASP.NET CORE
17757,13679,Node.js
17760,13692,ASP.NET CORE
17761,13692,FastAPI
17762,13692,Spring Boot
17763,13693,ASP.NET CORE
17764,13693,FastAPI
17765,13693,Vue.js
17766,13698,Angular
17768,13702,ASP.NET CORE
17769,13702,Next.js
17770,13702,React
17771,13703,Angular
17777,13703,Next.js
17778,13703,Node.js
17779,13703,React
17781,13703,Vue.js
17784,13704,Vue.js
17785,13705,Express
17788,13705,Next.js
17789,13705,Node.js
17791,13705,Vue.js
17793,13708,Next.js
17794,13708,Node.js
17796,13708,React
17798,13708,Vue.js
17799,13713,React
17800,13713,Spring Boot
17802,13714,ASP.NET CORE
17803,13714,React
17804,13715,ASP.NET CORE
17807,13715,Svelte
17808,13715,Vue.js
17813,13716,Express
17814,13716,Next.js
17815,13716,Node.js
17816,13716,React
17817,13716,Spring Boot
17818,13718,Next.js
17819,13718,Node.js
17820,13718,React
17822,13718,Spring Boot
17825,13721,ASP.NET CORE
17829,13722,Angular
17833,13722,FastAPI
17836,13722,Next.js
17837,13722,Node.js
17839,13722,React
17841,13722,Spring Boot
17842,13722,Vue.js
17843,13723,ASP.NET CORE
17847,13723,Svelte
17848,13723,Vue.js
17849,13724,Next.js
17850,13724,Node.js
17851,13724,React
17852,13726,FastAPI
17855,13726,Vue.js
17858,13728,FastAPI
17859,13728,Next.js
17860,13728,Node.js
17861,13728,React
17863,13728,Svelte
17864,13729,Angular
17867,13729,ASP.NET CORE
17868,13729,Express
17869,13729,Next.js
17870,13729,Node.js
17871,13733,Angular
17873,13733,ASP.NET CORE
17876,13733,Node.js
17877,13733,React
17878,13733,Vue.js
17880,13747,Spring Boot
17884,13756,React
17886,13757,ASP.NET CORE
17889,13757,Express
17890,13757,Node.js
17894,13757,Spring Boot
17895,13757,Svelte
17896,13757,Vue.js
17897,13761,Express
17899,13761,Node.js
17900,13761,Spring Boot
17901,13763,Angular
17902,13763,FastAPI
17903,13763,Node.js
17906,13764,Express
17907,13764,Node.js
17908,13764,React
17910,13766,Node.js
17911,13766,Spring Boot
17912,13766,Vue.js
17916,13767,Svelte
17918,13770,Svelte
17919,13771,ASP.NET CORE
17922,13771,Next.js
17923,13771,Node.js
17924,13771,React
17925,13772,Angular
17926,13772,Node.js
17927,13772,React
17928,13772,Spring Boot
17929,13772,Vue.js
17930,13782,FastAPI
17931,13782,Next.js
17932,13782,Node.js
17933,13782,React
17936,13787,Express
17937,13787,FastAPI
17940,13787,Next.js
17941,13787,Node.js
17942,13787,React
17943,13789,Node.js
17944,13789,React
17945,13793,Spring Boot
17946,13795,ASP.NET CORE
17947,13799,Node.js
17948,13799,React
17949,13806,FastAPI
17951,13813,Angular
17953,13813,Node.js
17954,13813,React
17955,13814,Express
17956,13814,Next.js
17957,13814,React
17962,13819,Svelte
17965,13821,React
17966,13821,Spring Boot
17969,13825,Next.js
17970,13825,React
17973,13833,React
17979,13839,Angular
17981,13839,Spring Boot
17986,13846,Spring Boot
17990,13847,Next.js
17991,13847,Node.js
17993,13847,React
17994,13847,Svelte
17995,13848,React
17996,13850,Next.js
17997,13850,Node.js
17998,13850,React
17999,13854,Angular
18001,13854,React
18002,13854,Spring Boot
18003,13854,Vue.js
18005,13856,ASP.NET CORE
18010,13857,Node.js
18011,13857,React
18013,13857,Spring Boot
18015,13857,Svelte
18017,13858,Next.js
18018,13858,Node.js
18019,13858,React
18021,13858,Svelte
18022,13859,FastAPI
18025,13859,Next.js
18026,13859,Node.js
18027,13859,React
18028,13861,Angular
18031,13861,Node.js
18033,13863,React
18035,13863,Svelte
18037,13865,Vue.js
18038,13866,Angular
18039,13866,ASP.NET CORE
18040,13871,Vue.js
18042,13872,React
18043,13872,Svelte
18045,13873,FastAPI
18046,13873,Next.js
18047,13873,React
18051,13874,Svelte
18052,13878,Angular
18053,13878,ASP.NET CORE
18063,13879,Svelte
18064,13885,Angular
18067,13885,Express
18068,13885,FastAPI
18070,13885,Node.js
18073,13888,Svelte
18075,13895,Express
18079,13895,Next.js
18080,13895,Node.js
18081,13895,React
18083,13895,Vue.js
18085,13897,FastAPI
18086,13897,React
18090,13904,Vue.js
18093,13909,Node.js
18094,13909,React
18095,13914,Express
18097,13914,Node.js
18101,13915,Next.js
18102,13915,Node.js
18103,13915,React
18104,13915,Spring Boot
18105,13915,Vue.js
18107,13917,Spring Boot
18108,13918,Express
18109,13918,Next.js
18110,13918,Node.js
18111,13918,React
18113,13921,Svelte
18115,13924,FastAPI
18117,13924,React
18119,13925,Angular
18120,13925,Spring Boot
18121,13931,Angular
18122,13931,Spring Boot
18124,13936,Angular
18125,13936,Node.js
18126,13936,Spring Boot
18127,13937,Node.js
18128,13937,React
18129,13939,Node.js
18131,13939,Svelte
18132,13939,Vue.js
18133,13943,ASP.NET CORE
18134,13943,Node.js
18135,13945,Svelte
18136,13949,Angular
18138,13949,Express
18139,13949,Node.js
18141,13949,Vue.js
18142,13951,FastAPI
18144,13951,Next.js
18145,13951,Node.js
18146,13951,React
18147,13951,Spring Boot
18148,13953,Vue.js
18149,13954,Express
18152,13954,Next.js
18153,13954,Node.js
18154,13954,React
18157,13959,FastAPI
18159,13960,Next.js
18160,13960,React
18161,13961,Express
18163,13961,Next.js
18164,13961,Node.js
18165,13961,React
18167,13962,Spring Boot
18168,13969,ASP.NET CORE
18170,13969,Node.js
18171,13969,React
18172,13969,Svelte
18173,13969,Vue.js
18175,13971,React
18176,13971,Vue.js
18177,13978,Express
18178,13978,Node.js
18179,13978,React
18180,13980,Express
18184,13980,Node.js
18185,13980,React
18188,13981,Node.js
18190,13981,React
18192,13981,Vue.js
18193,13987,FastAPI
18194,13987,Spring Boot
18198,13989,Express
18199,13989,FastAPI
18202,13989,Next.js
18203,13989,Node.js
18204,13989,React
18205,13989,Svelte
18206,13991,ASP.NET CORE
18208,13991,React
18210,13994,Node.js
18212,13994,Svelte
18214,13999,FastAPI
18216,13999,React
18219,14006,Svelte
18220,14009,Angular
18222,14009,Node.js
18223,14009,React
18224,14010,Express
18225,14010,Next.js
18226,14010,Node.js
18228,14010,React
18229,14010,Vue.js
18235,14015,Vue.js
18237,14017,FastAPI
18240,14017,Next.js
18245,14021,Next.js
18246,14021,React
18248,14021,Svelte
18249,14022,Spring Boot
18250,14023,Spring Boot
18251,14024,ASP.NET CORE
18254,14031,Angular
18256,14031,Next.js
18257,14031,Node.js
18258,14031,React
18261,14035,Node.js
18262,14039,ASP.NET CORE
18264,14039,React
18265,14046,Angular
18267,14046,Node.js
18268,14046,React
18270,14050,Express
18271,14050,FastAPI
18275,14050,Node.js
18276,14050,React
18279,14052,React
18281,14052,Vue.js
18283,14055,Vue.js
18284,14059,Node.js
18285,14063,Angular
18286,14063,ASP.NET CORE
18290,14063,Next.js
18292,14066,FastAPI
18294,14066,React
18299,14080,Node.js
18300,14080,React
18302,14084,Express
18303,14084,Node.js
18304,14084,React
18305,14084,Svelte
18307,14092,ASP.NET CORE
18308,14092,Express
18309,14092,Node.js
18311,14092,Svelte
18317,14093,Next.js
18318,14093,Node.js
18319,14093,React
18320,14093,Svelte
18321,14093,Vue.js
18324,14100,ASP.NET CORE
18326,14100,Express
18328,14100,Node.js
18329,14100,React
18331,14100,Svelte
18332,14100,Vue.js
18333,14101,FastAPI
18336,14101,Node.js
18337,14101,Svelte
18339,14104,FastAPI
18343,14109,React
18344,14109,Vue.js
18347,14112,FastAPI
18349,14112,React
18350,14118,Next.js
18351,14118,React
18354,14120,React
18355,14120,Spring Boot
18356,14127,FastAPI
18357,14127,Next.js
18358,14127,React
18359,14130,Angular
18360,14130,FastAPI
18361,14136,ASP.NET CORE
18363,14137,Angular
18366,14137,FastAPI
18369,14137,Next.js
18370,14137,Node.js
18371,14137,React
18374,14146,Angular
18377,14153,Node.js
18379,14153,React
18380,14156,Angular
18383,14156,Svelte
18384,14166,Vue.js
18386,14168,Node.js
18387,14168,React
18391,14169,Node.js
18395,14169,Svelte
18396,14169,Vue.js
18400,14172,ASP.NET CORE
18402,14172,Node.js
18403,14172,React
18404,14177,Spring Boot
18406,14179,Next.js
18410,14186,FastAPI
18412,14187,Next.js
18413,14187,Node.js
18414,14187,React
18415,14190,Spring Boot
18418,14201,Node.js
18419,14201,React
18420,14201,Spring Boot
18421,14202,Express
18423,14202,Node.js
18424,14202,React
18425,14203,Angular
18426,14203,ASP.NET CORE
18428,14203,FastAPI
18432,14203,Node.js
18433,14203,Svelte
18434,14203,Vue.js
18437,14205,Spring Boot
18440,14210,Vue.js
18441,14212,FastAPI
18444,14224,React
18445,14224,Spring Boot
18446,14224,Svelte
18447,14225,Express
18448,14225,Node.js
18450,14225,Vue.js
18453,14236,Vue.js
18454,14241,Next.js
18455,14241,Node.js
18456,14241,React
18457,14242,Angular
18458,14242,ASP.NET CORE
18459,14242,Node.js
18461,14243,FastAPI
18462,14243,React
18463,14247,React
18464,14247,Spring Boot
18466,14250,Node.js
18468,14253,Next.js
18469,14259,Angular
18472,14259,Node.js
18474,14260,Angular
18475,14260,Express
18477,14260,Next.js
18478,14260,Node.js
18479,14260,React
18480,14260,Svelte
18481,14261,Angular
18484,14261,Express
18488,14261,Next.js
18489,14261,Node.js
18491,14261,React
18493,14261,Spring Boot
18495,14261,Vue.js
18497,14265,Angular
18500,14265,ASP.NET CORE
18501,14265,Next.js
18502,14265,Node.js
18503,14265,React
18504,14265,Spring Boot
18505,14265,Vue.js
18508,14267,React
18509,14267,Svelte
18510,14267,Vue.js
18512,14268,Next.js
18513,14268,Node.js
18514,14268,React
18517,14268,Svelte
18519,14269,Next.js
18520,14269,Node.js
18521,14269,React
18522,14278,Next.js
18523,14278,Node.js
18524,14278,React
18525,14279,React
18526,14279,Svelte
18527,14279,Vue.js
18529,14282,Node.js
18530,14282,React
18531,14282,Svelte
18532,14282,Vue.js
18534,14295,Node.js
18535,14295,React
18537,14295,Vue.js
18538,14297,Spring Boot
18540,14298,Node.js
18541,14298,React
18545,14302,Express
18546,14302,FastAPI
18547,14302,Next.js
18548,14302,Node.js
18549,14302,React
18550,14302,Vue.js
18551,14304,Angular
18554,14304,Next.js
18555,14304,React
18558,14305,React
18559,14305,Spring Boot
18560,14315,React
18561,14315,Spring Boot
18565,14319,Next.js
18566,14319,Node.js
18568,14319,Vue.js
18569,14320,Angular
18570,14320,ASP.NET CORE
18572,14321,ASP.NET CORE
18575,14321,React
18576,14324,FastAPI
18578,14331,Spring Boot
18579,14336,Angular
18580,14336,ASP.NET CORE
18582,14336,React
18583,14336,Spring Boot
18585,14338,FastAPI
18588,14338,Node.js
18589,14338,Svelte
18590,14338,Vue.js
18592,14342,ASP.NET CORE
18593,14342,Express
18594,14342,Next.js
18595,14342,React
18596,14347,FastAPI
18597,14348,Angular
18598,14349,Angular
18599,14349,ASP.NET CORE
18601,14349,React
18602,14354,React
18604,14357,FastAPI
18609,14359,Express
18610,14359,Next.js
18611,14359,Node.js
18612,14359,React
18613,14361,Angular
18615,14361,FastAPI
18616,14361,React
18617,14361,Spring Boot
18618,14362,Angular
18619,14362,ASP.NET CORE
18624,14366,Spring Boot
18626,14375,ASP.NET CORE
18627,14375,Express
18629,14375,Next.js
18630,14375,Node.js
18631,14375,React
18637,14376,Express
18643,14376,Svelte
18644,14376,Vue.js
18645,14379,Angular
18646,14379,ASP.NET CORE
18648,14380,Svelte
18649,14381,Spring Boot
18650,14382,FastAPI
18651,14382,Next.js
18652,14382,Node.js
18653,14382,React
18655,14385,Next.js
18656,14385,Node.js
18657,14385,React
18658,14385,Svelte
18660,14388,Next.js
18661,14388,React
18664,14388,Svelte
18666,14401,ASP.NET CORE
18667,14401,Express
18668,14401,FastAPI
18669,14401,Node.js
18671,14401,React
18672,14401,Spring Boot
18674,14402,Node.js
18678,14405,Vue.js
18679,14406,Node.js
18680,14406,Spring Boot
18681,14411,Express
18683,14411,Node.js
18684,14413,Angular
18685,14413,Express
18686,14413,Node.js
18687,14413,React
18689,14417,Express
18690,14417,React
18693,14423,Vue.js
18696,14426,FastAPI
18697,14426,Svelte
18698,14427,ASP.NET CORE
18700,14427,Spring Boot
18703,14435,Node.js
18704,14435,React
18705,14435,Svelte
18706,14443,ASP.NET CORE
18708,14443,Vue.js
18710,14444,React
18716,14446,Next.js
18717,14446,Node.js
18719,14446,React
18721,14446,Svelte
18723,14449,Node.js
18724,14451,Angular
18725,14451,ASP.NET CORE
18727,14451,FastAPI
18729,14454,Express
18730,14454,FastAPI
18732,14454,Node.js
18733,14454,React
18735,14457,Express
18736,14457,Next.js
18737,14457,Node.js
18738,14457,React
18739,14457,Spring Boot
18741,14462,Next.js
18742,14462,React
18743,14462,Spring Boot
18744,14462,Svelte
18746,14467,Node.js
18750,14473,Vue.js
18751,14474,Angular
18753,14474,Express
18754,14474,FastAPI
18755,14474,Next.js
18756,14474,React
18757,14474,Spring Boot
18758,14474,Vue.js
18760,14475,FastAPI
18761,14475,Next.js
18762,14475,React
18763,14478,Express
18765,14478,Node.js
18766,14478,React
18767,14478,Vue.js
18768,14488,Angular
18771,14489,Spring Boot
18774,14495,Svelte
18775,14495,Vue.js
18777,14509,Node.js
18778,14509,Vue.js
18779,14513,Angular
18780,14513,ASP.NET CORE
18783,14524,React
18785,14529,Angular
18788,14529,FastAPI
18790,14529,React
18791,14529,Spring Boot
18793,14534,Next.js
18794,14534,React
18797,14535,Express
18798,14535,Next.js
18799,14535,React
18800,14538,Angular
18801,14538,ASP.NET CORE
18802,14539,FastAPI
18805,14540,Express
18806,14540,Node.js
18807,14541,Express
18808,14541,Node.js
18810,14542,Node.js
18811,14542,React
18815,14543,Next.js
18816,14543,Node.js
18817,14543,React
18819,14553,Angular
18820,14554,Angular
18821,14554,Express
18823,14554,Next.js
18824,14554,Node.js
18825,14554,React
18826,14555,Node.js
18827,14555,React
18828,14556,FastAPI
18830,14556,Next.js
18831,14556,Node.js
18832,14556,Spring Boot
18835,14559,Next.js
18836,14559,Node.js
18838,14559,React
18840,14559,Svelte
18841,14559,Vue.js
18842,14560,Next.js
18843,14560,React
18844,14564,FastAPI
18845,14564,React
18846,14564,Spring Boot
18847,14565,FastAPI
18848,14565,Vue.js
18849,14566,Angular
18851,14566,ASP.NET CORE
18854,14566,Next.js
18855,14566,Node.js
18857,14566,React
18858,14571,Angular
18860,14572,Next.js
18861,14572,Node.js
18862,14572,React
18864,14572,Svelte
18866,14575,ASP.NET CORE
18870,14576,FastAPI
18871,14576,Vue.js
18872,14577,Express
18873,14577,Next.js
18874,14577,Node.js
18875,14577,React
18876,14579,Angular
18880,14579,Node.js
18881,14579,Spring Boot
18883,14580,Next.js
18884,14580,Node.js
18886,14580,React
18887,14580,Svelte
18888,14581,Next.js
18889,14581,Node.js
18890,14581,React
18891,14583,Angular
18894,14588,FastAPI
18897,14590,ASP.NET CORE
18898,14590,Node.js
18900,14590,Vue.js
18902,14598,ASP.NET CORE
18903,14598,Node.js
18904,14598,React
18906,14599,Angular
18907,14599,ASP.NET CORE
18908,14601,Next.js
18909,14601,Node.js
18910,14601,Spring Boot
18911,14602,React
18912,14605,ASP.NET CORE
18914,14607,Angular
18916,14607,ASP.NET CORE
18917,14608,Express
18918,14608,Next.js
18919,14608,Node.js
18920,14608,Svelte
18921,14612,ASP.NET CORE
18922,14612,Node.js
18924,14613,React
18925,14614,Angular
18927,14614,ASP.NET CORE
18930,14614,React
18931,14614,Spring Boot
18933,14617,ASP.NET CORE
18937,14617,FastAPI
18941,14617,Next.js
18942,14617,Node.js
18945,14617,React
18949,14617,Spring Boot
18951,14617,Vue.js
18952,14625,Node.js
18953,14625,Vue.js
18954,14629,Angular
18956,14629,React
18957,14629,Vue.js
18959,14630,Next.js
18960,14630,Node.js
18961,14630,React
18962,14633,Node.js
18964,14633,Vue.js
18965,14635,Node.js
18966,14639,Express
18967,14639,Next.js
18968,14639,Node.js
18969,14639,React
18970,14642,Express
18972,14642,Node.js
18973,14645,Express
18974,14645,Next.js
18975,14645,Node.js
18976,14645,React
18978,14657,Angular
18979,14657,ASP.NET CORE
18981,14657,Node.js
18982,14667,Next.js
18983,14667,Node.js
18984,14667,React
18986,14669,Angular
18989,14669,ASP.NET CORE
18994,14669,Express
18995,14669,FastAPI
19003,14669,Next.js
19004,14669,Node.js
19008,14669,React
19012,14669,Spring Boot
19014,14669,Svelte
19016,14669,Vue.js
19020,14672,React
19021,14672,Vue.js
19023,14673,Express
19026,14673,Next.js
19027,14673,Node.js
19028,14673,React
19029,14673,Svelte
19030,14673,Vue.js
19031,14674,Vue.js
19032,14675,Node.js
19033,14678,Node.js
19037,14680,Node.js
19042,14690,FastAPI
19043,14690,Node.js
19044,14696,Next.js
19045,14696,React
19047,14696,Svelte
19050,14698,Express
19052,14698,Next.js
19053,14698,Node.js
19055,14698,Svelte
19056,14698,Vue.js
19057,14699,Angular
19059,14699,Spring Boot
19060,14699,Vue.js
19061,14700,React
19062,14700,Spring Boot
19063,14702,Next.js
19064,14702,Node.js
19065,14702,React
19066,14705,ASP.NET CORE
19068,14705,Express
19069,14705,Node.js
19070,14705,Spring Boot
19071,14705,Vue.js
19072,14712,ASP.NET CORE
19074,14712,React
19075,14712,Svelte
19076,14713,FastAPI
19078,14714,Spring Boot
19079,14719,FastAPI
19080,14719,Next.js
19081,14719,Svelte
19082,14720,ASP.NET CORE
19083,14720,Next.js
19084,14720,Node.js
19085,14720,React
19086,14724,Angular
19090,14724,Node.js
19091,14724,React
19092,14724,Spring Boot
19093,14729,Angular
19094,14729,Node.js
19095,14729,Spring Boot
19096,14730,FastAPI
19097,14737,Express
19098,14737,FastAPI
19100,14737,Node.js
19101,14737,React
19103,14738,ASP.NET CORE
19105,14738,FastAPI
19107,14738,Node.js
19108,14738,React
19111,14740,Spring Boot
19112,14741,ASP.NET CORE
19114,14741,React
19116,14742,Next.js
19117,14742,Node.js
19118,14742,React
19120,14743,Express
19121,14743,Next.js
19122,14743,Node.js
19123,14743,React
19124,14744,FastAPI
19127,14744,Next.js
19128,14744,Node.js
19129,14744,React
19130,14749,Spring Boot
19131,14751,Angular
19133,14751,ASP.NET CORE
19135,14751,Vue.js
19136,14752,Angular
19138,14752,Node.js
19139,14752,Spring Boot
19140,14752,Svelte
19144,14754,Next.js
19147,14757,Angular
19148,14757,ASP.NET CORE
19149,14757,Next.js
19150,14757,React
19151,14760,FastAPI
19152,14760,React
19153,14761,Node.js
19155,14766,FastAPI
19157,14766,Node.js
19158,14766,React
19159,14766,Spring Boot
19160,14772,Angular
19161,14772,ASP.NET CORE
19162,14772,Node.js
19163,14772,React
19165,14774,Node.js
19166,14774,Vue.js
19169,14778,FastAPI
19173,14778,Node.js
19174,14778,Vue.js
19176,14779,Angular
19177,14779,ASP.NET CORE
19178,14780,Angular
19184,14780,React
19188,14780,Svelte
19189,14780,Vue.js
19192,14784,Node.js
19193,14787,Node.js
19196,14790,Next.js
19197,14790,Node.js
19198,14790,React
19200,14790,Spring Boot
19201,14790,Svelte
19202,14792,ASP.NET CORE
19203,14792,Next.js
19204,14792,React
19205,14794,FastAPI
19207,14796,Angular
19209,14796,Next.js
19210,14796,Node.js
19211,14796,React
19213,14797,FastAPI
19216,14798,ASP.NET CORE
19218,14804,Node.js
19220,14804,Vue.js
19222,14806,FastAPI
19223,14810,FastAPI
19224,14810,React
19226,14812,FastAPI
19228,14812,Node.js
19229,14812,React
19231,14812,Svelte
19232,14813,React
19233,14816,ASP.NET CORE
19236,14819,ASP.NET CORE
19240,14822,Express
19242,14822,Next.js
19243,14822,Node.js
19244,14822,React
19247,14822,Svelte
19248,14822,Vue.js
19249,14826,Angular
19252,14826,ASP.NET CORE
19255,14826,FastAPI
19258,14826,Next.js
19259,14826,Node.js
19260,14826,React
19262,14826,Spring Boot
19263,14826,Svelte
19264,14826,Vue.js
19268,14832,Spring Boot
19271,14834,Express
19272,14834,FastAPI
19274,14834,Next.js
19275,14834,Node.js
19276,14834,React
19277,14837,Svelte
19279,14844,Next.js
19280,14844,Node.js
19281,14844,React
19283,14844,Spring Boot
19287,14849,Next.js
19288,14849,Svelte
19291,14851,Next.js
19292,14851,React
19294,14861,ASP.NET CORE
19295,14861,FastAPI
19297,14861,Spring Boot
19298,14862,Express
19299,14862,Node.js
19300,14862,React
19301,14865,Angular
19303,14866,ASP.NET CORE
19306,14867,ASP.NET CORE
19308,14867,Express
19309,14867,Node.js
19310,14867,React
19311,14867,Svelte
19312,14867,Vue.js
19315,14869,Next.js
19316,14869,Node.js
19317,14869,React
19319,14869,Svelte
19320,14869,Vue.js
19323,14875,Vue.js
19324,14876,Express
19326,14876,Next.js
19327,14876,Node.js
19328,14876,React
19331,14877,React
19332,14877,Spring Boot
19333,14878,Angular
19335,14878,ASP.NET CORE
19337,14878,Express
19338,14878,Next.js
19339,14878,Node.js
19341,14886,Vue.js
19344,14898,Next.js
19345,14898,Node.js
19346,14898,React
19348,14900,Next.js
19349,14900,Node.js
19350,14900,React
19352,14902,ASP.NET CORE
19353,14902,Next.js
19354,14902,React
19356,14904,FastAPI
19357,14904,React
19360,14906,FastAPI
19362,14906,Next.js
19363,14906,React
19366,14906,Svelte
19367,14906,Vue.js
19368,14908,Express
19369,14908,Next.js
19370,14908,Node.js
19372,14917,Spring Boot
19373,14918,Angular
19375,14918,FastAPI
19376,14918,Node.js
19377,14918,React
19378,14920,Angular
19381,14920,ASP.NET CORE
19382,14920,Node.js
19383,14920,React
19384,14922,React
19385,14931,React
19387,14934,Express
19389,14934,Node.js
19390,14934,React
19391,14935,Angular
19392,14935,Express
19394,14935,Next.js
19395,14935,Node.js
19396,14935,React
19398,14935,Vue.js
19399,14942,Angular
19401,14942,Next.js
19402,14942,Node.js
19404,14942,React
19406,14943,FastAPI
19407,14943,React
19412,14944,Node.js
19414,14944,Vue.js
19418,14950,Express
19420,14950,Next.js
19422,14950,React
19426,14950,Spring Boot
19428,14950,Svelte
19429,14950,Vue.js
19430,14951,FastAPI
19432,14951,Node.js
19434,14953,React
19437,14960,FastAPI
19439,14960,Spring Boot
19440,14966,React
19441,14967,Node.js
19442,14970,Angular
19445,14970,ASP.NET CORE
19449,14970,Express
19450,14970,FastAPI
19458,14970,Next.js
19459,14970,Node.js
19461,14970,React
19465,14970,Spring Boot
19467,14970,Svelte
19468,14970,Vue.js
19471,14974,Express
19472,14974,Next.js
19473,14974,Node.js
19474,14974,React
19475,14975,Next.js
19476,14975,Node.js
19477,14975,React
19480,14980,FastAPI
19481,14980,Next.js
19483,14980,React
19484,14980,Svelte
19485,14980,Vue.js
19487,14981,ASP.NET CORE
19488,14981,Express
19489,14981,Node.js
19491,14986,Express
19492,14986,FastAPI
19496,14986,Node.js
19497,14986,React
19498,14989,Angular
19500,14989,ASP.NET CORE
19502,14990,ASP.NET CORE
19504,14990,Node.js
19507,14992,Express
19508,14992,FastAPI
19510,14992,Node.js
19512,14992,React
19514,14993,ASP.NET CORE
19516,14994,Angular
19517,14994,ASP.NET CORE
19520,14994,Express
19521,14994,FastAPI
19523,15002,Angular
19526,15002,Node.js
19530,15004,Node.js
19532,15004,Svelte
19534,15006,Node.js
19535,15010,React
19537,15011,Express
19538,15011,FastAPI
19540,15011,Node.js
19541,15011,Spring Boot
19542,15011,Svelte
19543,15012,ASP.NET CORE
19545,15018,FastAPI
19548,15018,React
19549,15018,Spring Boot
19550,15020,Angular
19551,15020,Node.js
19552,15021,Angular
19553,15021,ASP.NET CORE
19554,15021,React
19555,15023,ASP.NET CORE
19557,15023,React
19559,15024,FastAPI
19561,15024,Node.js
19562,15024,Vue.js
19563,15031,FastAPI
19568,15038,Svelte
19570,15052,Express
19573,15052,Next.js
19574,15052,Node.js
19576,15052,React
19577,15052,Vue.js
19578,15059,Next.js
19579,15059,Node.js
19580,15059,React
19581,15059,Svelte
19582,15063,ASP.NET CORE
19585,15065,React
19588,15078,ASP.NET CORE
19589,15080,FastAPI
19591,15082,ASP.NET CORE
19594,15083,Vue.js
19595,15085,Spring Boot
19597,15094,Svelte
19598,15094,Vue.js
19599,15096,ASP.NET CORE
19600,15096,Svelte
19602,15097,FastAPI
19604,15097,React
19605,15097,Svelte
19607,15102,Spring Boot
19609,15108,Angular
19611,15109,ASP.NET CORE
19613,15109,React
19618,15120,Angular
19620,15120,Node.js
19621,15120,React
19622,15120,Vue.js
19623,15122,Express
19625,15122,Node.js
19626,15122,React
19627,15122,Vue.js
19628,15127,Angular
19629,15127,Node.js
19630,15127,Vue.js
19634,15131,ASP.NET CORE
19637,15131,Node.js
19640,15133,Express
19642,15133,Next.js
19643,15133,Node.js
19644,15133,React
19646,15139,ASP.NET CORE
19649,15144,Next.js
19650,15144,Node.js
19651,15144,React
19652,15144,Svelte
19653,15148,ASP.NET CORE
19654,15148,Node.js
19655,15148,React
19657,15152,FastAPI
19659,15152,Next.js
19660,15152,Node.js
19661,15152,React
19663,15152,Vue.js
19664,15156,Angular
19667,15156,ASP.NET CORE
19669,15156,Express
19671,15156,Node.js
19672,15156,React
19675,15157,Node.js
19677,15157,Svelte
19678,15157,Vue.js
19684,15173,Node.js
19686,15173,Vue.js
19687,15174,Angular
19692,15177,Svelte
19695,15179,Node.js
19698,15180,ASP.NET CORE
19702,15184,FastAPI
19703,15184,React
19704,15185,Next.js
19705,15185,Node.js
19706,15185,React
19708,15189,Express
19709,15189,Node.js
19710,15189,React
19711,15195,Next.js
19712,15195,React
19715,15198,FastAPI
19718,15198,Next.js
19719,15198,Node.js
19720,15198,React
19721,15198,Svelte
19722,15198,Vue.js
19725,15200,Node.js
19726,15200,React
19727,15200,Vue.js
19730,15202,FastAPI
19732,15202,React
19733,15203,ASP.NET CORE
19741,15203,Svelte
19742,15203,Vue.js
19745,15204,Vue.js
19747,15206,Next.js
19748,15206,React
19749,15208,Angular
19751,15208,ASP.NET CORE
19754,15208,Svelte
19755,15208,Vue.js
19756,15209,Angular
19758,15209,Next.js
19759,15209,Node.js
19760,15209,React
19761,15209,Spring Boot
19762,15210,Angular
19763,15210,ASP.NET CORE
19767,15214,Express
19768,15214,FastAPI
19769,15214,Node.js
19770,15214,Svelte
19772,15216,ASP.NET CORE
19776,15226,FastAPI
19777,15226,Spring Boot
19779,15229,ASP.NET CORE
19781,15232,FastAPI
19782,15232,Svelte
19786,15234,Express
19787,15234,Next.js
19788,15234,Node.js
19789,15234,React
19790,15235,Express
19792,15235,Node.js
19793,15235,Vue.js
19794,15236,React
19796,15237,Node.js
19797,15237,Svelte
19798,15237,Vue.js
19799,15244,Angular
19800,15246,FastAPI
19801,15246,Vue.js
19803,15249,Svelte
19805,15250,Express
19807,15250,Next.js
19808,15250,Node.js
19809,15250,React
19811,15250,Svelte
19812,15250,Vue.js
19813,15256,ASP.NET CORE
19814,15256,React
19819,15257,Node.js
19820,15257,React
19823,15258,Next.js
19824,15258,Node.js
19825,15258,React
19826,15260,FastAPI
19828,15260,Svelte
19829,15262,Next.js
19830,15262,Node.js
19831,15262,React
19834,15264,Svelte
19836,15266,Express
19837,15266,Node.js
19838,15266,React
19840,15267,ASP.NET CORE
19843,15270,Express
19844,15270,FastAPI
19845,15270,Next.js
19846,15270,Node.js
19847,15270,React
19849,15270,Vue.js
19851,15275,FastAPI
19854,15276,ASP.NET CORE
19857,15276,React
19861,15279,Node.js
19862,15279,Vue.js
19863,15282,Angular
19864,15282,React
19865,15282,Spring Boot
19866,15288,Next.js
19867,15288,React
19869,15290,Express
19871,15290,Node.js
19872,15290,React
19875,15294,Express
19876,15294,FastAPI
19879,15294,Node.js
19880,15294,React
19882,15296,Next.js
19883,15296,Node.js
19885,15296,React
19888,15296,Vue.js
19890,15297,Svelte
19893,15300,React
19894,15300,Svelte
19896,15306,Express
19898,15306,Next.js
19899,15306,Node.js
19900,15306,React
19902,15306,Svelte
19903,15306,Vue.js
19904,15309,Angular
19905,15309,Spring Boot
19906,15309,Vue.js
19907,15314,ASP.NET CORE
19911,15322,Angular
19912,15322,Spring Boot
19914,15323,Next.js
19915,15323,React
19916,15323,Svelte
19918,15329,FastAPI
19920,15329,Node.js
19921,15329,React
19924,15331,Node.js
19925,15331,React
19926,15341,Next.js
19927,15341,Node.js
19928,15341,React
19930,15343,Next.js
19932,15348,Express
19933,15348,Node.js
19934,15348,React
19937,15351,Express
19939,15351,Next.js
19940,15351,Node.js
19941,15351,Svelte
19942,15353,ASP.NET CORE
19945,15353,Node.js
19946,15353,Vue.js
19947,15354,Express
19948,15354,Node.js
19949,15354,Vue.js
19952,15357,Vue.js
19953,15358,Angular
19955,15358,Spring Boot
19956,15359,Angular
19958,15359,React
19959,15359,Vue.js
19961,15360,ASP.NET CORE
19965,15363,Next.js
19966,15363,React
19967,15365,ASP.NET CORE
19970,15367,Next.js
19971,15367,Node.js
19972,15367,React
19975,15367,Svelte
19976,15368,Express
19977,15368,Node.js
19978,15368,React
19979,15368,Spring Boot
19980,15368,Vue.js
19981,15371,React
19983,15372,Express
19985,15372,Next.js
19986,15372,Node.js
19987,15372,React
19990,15373,React
19991,15373,Spring Boot
19993,15374,Svelte
19994,15375,Angular
19998,15375,Next.js
19999,15375,Node.js
20000,15375,React
20003,15381,Vue.js
20004,15382,Angular
20007,15382,ASP.NET CORE
20011,15382,Next.js
20012,15382,Node.js
20013,15382,Spring Boot
20016,15382,Vue.js
20017,15386,Angular
20019,15386,FastAPI
20021,15386,React
20022,15386,Vue.js
20023,15389,FastAPI
20025,15389,Vue.js
20028,15396,FastAPI
20033,15396,Node.js
20035,15398,React
20037,15399,Express
20039,15399,Next.js
20040,15399,Node.js
20042,15399,React
20044,15399,Vue.js
20046,15400,Node.js
20050,15407,Node.js
20052,15407,Spring Boot
20053,15407,Svelte
20054,15407,Vue.js
20055,15408,Angular
20056,15408,ASP.NET CORE
20057,15408,Node.js
20058,15409,Node.js
20059,15409,Vue.js
20060,15414,Next.js
20061,15414,Node.js
20062,15418,Next.js
20063,15418,React
20064,15418,Svelte
20065,15418,Vue.js
20066,15419,Next.js
20067,15419,Node.js
20068,15420,FastAPI
20069,15420,Vue.js
20070,15421,Express
20071,15421,Node.js
20073,15421,Vue.js
20077,15426,Angular
20080,15426,ASP.NET CORE
20083,15426,Node.js
20084,15426,React
20085,15426,Vue.js
20086,15430,FastAPI
20087,15431,FastAPI
20089,15433,Angular
20091,15433,ASP.NET CORE
20092,15433,Next.js
20093,15433,React
20094,15434,Express
20095,15434,FastAPI
20096,15434,Next.js
20097,15434,Node.js
20098,15434,Vue.js
20101,15435,Next.js
20102,15435,Node.js
20103,15435,React
20104,15435,Svelte
20105,15437,Spring Boot
20106,15437,Vue.js
20107,15439,FastAPI
20108,15439,Node.js
20109,15439,React
20110,15440,Angular
20111,15440,ASP.NET CORE
20112,15440,Node.js
20114,15441,Spring Boot
20116,15442,Express
20117,15442,FastAPI
20120,15442,Next.js
20121,15442,Node.js
20122,15442,React
20126,15443,ASP.NET CORE
20128,15443,Next.js
20129,15443,Node.js
20130,15443,React
20131,15443,Svelte
20133,15445,Express
20135,15445,Node.js
20136,15445,React
20137,15445,Spring Boot
20138,15445,Vue.js
20139,15450,ASP.NET CORE
20141,15463,Next.js
20142,15463,Svelte
20143,15463,Vue.js
20145,15464,Next.js
20146,15464,Node.js
20147,15464,React
20149,15469,Angular
20150,15469,Node.js
20151,15469,Spring Boot
20152,15471,Next.js
20153,15471,Node.js
20154,15471,React
20156,15472,Angular
20160,15472,React
20164,15473,React
20165,15473,Vue.js
20166,15475,Next.js
20167,15475,Node.js
20168,15475,React
20169,15475,Spring Boot
20171,15476,React
20172,15479,FastAPI
20176,15480,Next.js
20177,15480,Node.js
20178,15480,React
20179,15483,Node.js
20180,15485,Angular
20181,15485,React
20182,15485,Spring Boot
20183,15488,React
20184,15488,Vue.js
20185,15492,Angular
20187,15492,ASP.NET CORE
20188,15492,Node.js
20189,15493,Angular
20192,15493,FastAPI
20194,15493,Next.js
20195,15493,React
20197,15493,Vue.js
20198,15497,Angular
20199,15497,ASP.NET CORE
20200,15497,Svelte
20202,15500,React
20204,15501,ASP.NET CORE
20207,15501,Next.js
20208,15501,React
20209,15501,Vue.js
20215,15509,ASP.NET CORE
20216,15509,React
20217,15509,Spring Boot
20218,15512,ASP.NET CORE
20219,15512,Vue.js
20220,15517,Next.js
20221,15517,Node.js
20222,15517,React
20223,15517,Spring Boot
20226,15519,ASP.NET CORE
20227,15519,React
20229,15521,Angular
20233,15521,Express
20234,15521,FastAPI
20237,15521,Next.js
20238,15521,Node.js
20239,15521,React
20242,15523,Angular
20244,15523,ASP.NET CORE
20245,15523,Node.js
20246,15524,Spring Boot
20247,15528,ASP.NET CORE
20251,15529,React
20253,15531,Angular
20255,15531,React
20256,15531,Spring Boot
20258,15535,FastAPI
20260,15535,Next.js
20261,15535,Node.js
20262,15535,React
20263,15542,Angular
20264,15542,Express
20267,15542,Next.js
20268,15542,Node.js
20269,15542,React
20272,15542,Vue.js
20275,15548,React
20277,15552,ASP.NET CORE
20278,15552,Svelte
20280,15555,FastAPI
20282,15555,React
20283,15557,Next.js
20284,15557,React
20285,15557,Svelte
20286,15561,Angular
20290,15561,Node.js
20294,15567,ASP.NET CORE
20296,15567,React
20298,15578,Angular
20299,15578,React
20300,15578,Spring Boot
20301,15579,Angular
20302,15579,ASP.NET CORE
20303,15579,Express
20306,15579,Node.js
20307,15579,React
20309,15580,Node.js
20310,15580,Svelte
20313,15584,Next.js
20315,15584,React
20316,15585,Express
20317,15585,FastAPI
20320,15585,Node.js
20321,15585,React
20324,15595,Next.js
20325,15595,React
20328,15595,Svelte
20331,15604,Angular
20333,15604,ASP.NET CORE
20335,15604,Next.js
20336,15604,Node.js
20338,15604,React
20339,15604,Spring Boot
20340,15604,Svelte
20341,15604,Vue.js
20344,15608,Vue.js
20345,15609,Angular
20346,15609,ASP.NET CORE
20347,15609,Node.js
20348,15610,Spring Boot
20350,15613,Spring Boot
20353,15615,ASP.NET CORE
20355,15617,Express
20356,15617,Node.js
20358,15617,React
20359,15617,Vue.js
20360,15618,Angular
20361,15618,ASP.NET CORE
20367,15622,Next.js
20368,15622,Node.js
20370,15622,React
20371,15622,Spring Boot
20372,15622,Vue.js
20374,15623,React
20375,15623,Spring Boot
20376,15626,Angular
20379,15626,React
20382,15628,Express
20384,15628,Node.js
20385,15628,React
20386,15628,Spring Boot
20387,15632,Angular
20389,15632,ASP.NET CORE
20391,15632,React
20392,15632,Vue.js
20393,15634,Angular
20394,15634,Spring Boot
20396,15636,FastAPI
20397,15639,Next.js
20398,15639,React
20399,15639,Svelte
20400,15640,Angular
20402,15640,ASP.NET CORE
20403,15640,React
20405,15642,Vue.js
20406,15644,Angular
20409,15644,ASP.NET CORE
20417,15644,Express
20418,15644,FastAPI
20426,15644,Next.js
20427,15644,Node.js
20431,15644,React
20435,15644,Spring Boot
20437,15644,Svelte
20439,15644,Vue.js
20445,15646,React
20447,15648,FastAPI
20448,15648,Next.js
20449,15648,Node.js
20450,15648,React
20452,15648,Spring Boot
20454,15649,Vue.js
20457,15653,Angular
20458,15653,Express
20460,15653,Node.js
20463,15655,Angular
20466,15655,ASP.NET CORE
20469,15655,FastAPI
20471,15655,Next.js
20472,15655,Node.js
20473,15655,React
20476,15662,Angular
20480,15662,Node.js
20481,15662,Vue.js
20482,15664,ASP.NET CORE
20483,15664,Next.js
20484,15664,Node.js
20486,15664,React
20487,15666,Node.js
20488,15667,Angular
20490,15667,Node.js
20492,15668,Angular
20495,15668,ASP.NET CORE
20500,15668,Express
20501,15668,FastAPI
20509,15668,Next.js
20510,15668,Node.js
20512,15668,React
20514,15668,Spring Boot
20515,15668,Svelte
20516,15668,Vue.js
20517,15670,React
20522,15673,Angular
20524,15673,ASP.NET CORE
20525,15673,React
20526,15677,Angular
20527,15677,Spring Boot
20530,15678,Vue.js
20531,15682,FastAPI
20532,15682,Node.js
20533,15682,React
20534,15683,Express
20536,15684,Angular
20537,15684,ASP.NET CORE
20540,15684,Node.js
20541,15684,Vue.js
20542,15685,Express
20543,15685,FastAPI
20544,15685,Node.js
20545,15685,React
20547,15687,Express
20548,15687,FastAPI
20551,15687,Next.js
20552,15687,Node.js
20553,15687,React
20554,15687,Spring Boot
20555,15687,Svelte
20556,15698,Express
20557,15698,FastAPI
20558,15698,Next.js
20559,15698,Node.js
20560,15698,React
20561,15698,Svelte
20562,15700,Spring Boot
20564,15701,Node.js
20565,15706,Node.js
20567,15706,React
20570,15720,ASP.NET CORE
20571,15722,Next.js
20572,15722,Node.js
20573,15722,Svelte
20574,15724,Angular
20578,15724,FastAPI
20580,15724,React
20581,15724,Spring Boot
20584,15726,Next.js
20585,15726,Node.js
20586,15726,React
20588,15735,Next.js
20589,15735,Node.js
20590,15735,React
20591,15735,Spring Boot
20593,15745,Next.js
20594,15745,Node.js
20595,15745,React
20598,15748,React
20599,15760,Angular
20600,15760,ASP.NET CORE
20602,15761,ASP.NET CORE
20604,15763,Spring Boot
20606,15764,Express
20607,15764,FastAPI
20608,15764,Next.js
20609,15764,Node.js
20610,15764,React
20611,15764,Spring Boot
20613,15774,Node.js
20614,15774,React
20616,15779,ASP.NET CORE
20618,15780,Express
20619,15780,FastAPI
20622,15780,Next.js
20623,15780,Node.js
20624,15780,React
20626,15782,Next.js
20627,15782,Node.js
20628,15782,React
20630,15782,Svelte
20632,15782,Vue.js
20634,15788,Express
20635,15788,Node.js
20636,15788,React
20637,15789,React
20638,15794,ASP.NET CORE
20640,15794,Node.js
20641,15794,React
20642,15794,Svelte
20643,15794,Vue.js
20644,15798,Express
20646,15798,React
20648,15798,Svelte
20649,15800,Angular
20652,15801,FastAPI
20654,15801,Next.js
20656,15801,Vue.js
20657,15803,Angular
20658,15803,ASP.NET CORE
20659,15803,Express
20661,15803,Node.js
20663,15805,Express
20664,15805,FastAPI
20665,15805,Node.js
20667,15806,Express
20669,15806,Next.js
20670,15806,Node.js
20671,15806,React
20672,15806,Vue.js
20674,15807,Node.js
20677,15809,Vue.js
20679,15818,Next.js
20680,15818,Node.js
20681,15818,React
20682,15821,FastAPI
20683,15821,Spring Boot
20686,15822,Node.js
20687,15824,Angular
20688,15824,ASP.NET CORE
20691,15827,Vue.js
20693,15832,Next.js
20694,15832,Node.js
20695,15832,React
20697,15832,Vue.js
20698,15835,Express
20699,15835,Node.js
20700,15835,React
20702,15839,React
20703,15843,FastAPI
20704,15843,Node.js
20705,15843,React
20706,15854,Next.js
20708,15856,Node.js
20709,15856,Vue.js
20710,15857,ASP.NET CORE
20711,15857,React
20712,15859,ASP.NET CORE
20713,15859,Next.js
20714,15859,React
20715,15860,Node.js
20716,15860,Svelte
20717,15865,Angular
20719,15868,Angular
20721,15868,ASP.NET CORE
20724,15868,Node.js
20725,15868,React
20726,15868,Svelte
20727,15868,Vue.js
20731,15874,Node.js
20732,15874,React
20733,15874,Spring Boot
20736,15877,Spring Boot
20739,15878,ASP.NET CORE
20740,15878,Node.js
20742,15878,Vue.js
20744,15884,FastAPI
20745,15886,Express
20747,15886,Next.js
20748,15886,Node.js
20749,15886,React
20750,15889,Express
20751,15889,Next.js
20752,15889,Node.js
20753,15889,React
20755,15890,Node.js
20756,15892,Angular
20757,15892,Express
20758,15900,Express
20760,15900,Node.js
20761,15900,React
20763,15901,ASP.NET CORE
20765,15902,Spring Boot
20766,15903,Express
20769,15903,Node.js
20770,15903,React
20771,15904,Angular
20774,15912,FastAPI
20776,15919,React
20778,15921,Angular
20780,15921,ASP.NET CORE
20785,15925,Angular
20787,15925,Next.js
20788,15925,React
20789,15933,Angular
20790,15933,Express
20791,15933,Node.js
20792,15935,Express
20793,15935,Node.js
20795,15935,Vue.js
20796,15939,Node.js
20799,15940,Node.js
20800,15941,Express
20801,15941,Next.js
20802,15941,Node.js
20803,15941,React
20804,15941,Spring Boot
20805,15944,Node.js
20807,15948,ASP.NET CORE
20809,15948,React
20810,15949,ASP.NET CORE
20812,15958,Angular
20815,15958,ASP.NET CORE
20823,15958,Express
20824,15958,FastAPI
20831,15958,Next.js
20832,15958,Node.js
20836,15958,React
20840,15958,Spring Boot
20842,15958,Svelte
20844,15958,Vue.js
20847,15965,Angular
20849,15965,Express
20851,15965,Next.js
20852,15965,Node.js
20853,15965,React
20854,15965,Vue.js
20855,15967,Angular
20858,15967,ASP.NET CORE
20866,15967,Express
20867,15967,FastAPI
20875,15967,Next.js
20876,15967,Node.js
20880,15967,React
20884,15967,Spring Boot
20886,15967,Svelte
20888,15967,Vue.js
20892,15968,FastAPI
20894,15973,ASP.NET CORE
20895,15973,React
20897,15975,ASP.NET CORE
20899,15979,Angular
20902,15982,Angular
20903,15982,ASP.NET CORE
20906,15982,React
20908,15984,Angular
20910,15984,Node.js
20913,15985,React
20914,15986,FastAPI
20916,15996,ASP.NET CORE
20918,15996,React
20919,15996,Svelte
20920,15996,Vue.js
20922,15998,ASP.NET CORE
20923,16004,Spring Boot
20924,16007,Express
20926,16007,React
20927,16007,Svelte
20928,16008,FastAPI
20930,16008,Next.js
20931,16008,React
20933,16010,Vue.js
20934,16012,Node.js
20935,16012,Vue.js
20936,16014,Spring Boot
20939,16015,Node.js
20940,16015,React
20941,16015,Svelte
20943,16030,Next.js
20944,16030,React
20945,16030,Svelte
20946,16030,Vue.js
20947,16033,ASP.NET CORE
20949,16035,Angular
20950,16035,ASP.NET CORE
20951,16035,Next.js
20952,16035,Node.js
20953,16035,React
20954,16035,Svelte
20959,16054,React
20962,16057,Node.js
20965,16057,Vue.js
20966,16059,Node.js
20967,16060,Next.js
20968,16060,Node.js
20969,16060,React
20970,16067,Angular
20971,16067,ASP.NET CORE
20973,16067,React
20974,16068,Angular
20976,16068,ASP.NET CORE
20978,16069,Angular
20979,16069,ASP.NET CORE
20982,16073,Vue.js
20983,16077,Express
20984,16077,Next.js
20985,16077,Node.js
20986,16077,React
20987,16077,Spring Boot
20988,16078,ASP.NET CORE
20991,16078,Node.js
20992,16078,Svelte
20993,16078,Vue.js
20997,16087,React
20998,16093,Angular
21000,16093,Node.js
21002,16093,Spring Boot
21004,16094,FastAPI
21006,16097,Svelte
21007,16098,Angular
21008,16098,Express
21011,16098,Node.js
21012,16098,React
21013,16100,Spring Boot
21015,16111,Node.js
21017,16116,ASP.NET CORE
21019,16118,React
21021,16118,Vue.js
21022,16119,Next.js
21023,16119,React
21025,16122,Next.js
21026,16122,Node.js
21027,16122,React
21029,16125,Angular
21032,16125,ASP.NET CORE
21034,16125,Next.js
21035,16125,Node.js
21036,16125,React
21037,16127,Next.js
21038,16127,React
21040,16130,Express
21041,16130,Node.js
21043,16132,React
21044,16137,Angular
21047,16137,Next.js
21048,16137,Node.js
21049,16137,React
21050,16137,Vue.js
21051,16143,Express
21052,16143,Next.js
21053,16143,Node.js
21054,16143,React
21055,16143,Svelte
21056,16144,Angular
21060,16144,Node.js
21061,16144,React
21062,16144,Svelte
21063,16144,Vue.js
21064,16151,FastAPI
21067,16153,Express
21069,16153,Node.js
21072,16153,Vue.js
21073,16157,Angular
21074,16157,ASP.NET CORE
21075,16158,Angular
21078,16160,Express
21080,16160,Node.js
21081,16160,React
21083,16162,Node.js
21084,16162,Svelte
21085,16162,Vue.js
21086,16163,Angular
21087,16163,ASP.NET CORE
21088,16166,Angular
21091,16166,Express
21092,16166,FastAPI
21094,16166,Next.js
21095,16166,Node.js
21096,16166,React
21097,16166,Spring Boot
21098,16166,Vue.js
21099,16170,Express
21101,16170,Next.js
21102,16170,Node.js
21103,16170,React
21106,16170,Vue.js
21107,16172,Angular
21108,16172,Express
21110,16172,Next.js
21111,16172,Node.js
21112,16172,React
21113,16177,FastAPI
21114,16177,React
21115,16177,Vue.js
21116,16178,React
21117,16178,Vue.js
21118,16183,Angular
21119,16183,Spring Boot
21120,16184,Angular
21121,16184,React
21122,16186,Angular
21124,16187,Express
21125,16187,FastAPI
21129,16187,Next.js
21130,16187,Node.js
21131,16187,React
21133,16189,Spring Boot
21137,16194,Spring Boot
21138,16195,Node.js
21139,16195,React
21143,16199,Express
21144,16199,Next.js
21145,16199,React
21146,16204,Express
21149,16204,Node.js
21150,16204,React
21152,16206,FastAPI
21155,16206,Next.js
21156,16206,Node.js
21157,16206,React
21160,16207,Node.js
21161,16207,React
21164,16208,FastAPI
21165,16208,React
21167,16214,Angular
21169,16214,Node.js
21170,16214,Vue.js
21171,16220,Express
21172,16220,Node.js
21174,16220,Vue.js
21176,16230,Angular
21178,16230,ASP.NET CORE
21180,16233,Angular
21182,16233,Next.js
21184,16233,React
21185,16233,Vue.js
21186,16235,Express
21187,16235,FastAPI
21189,16235,Next.js
21190,16235,Node.js
21192,16235,React
21193,16235,Svelte
21194,16235,Vue.js
21195,16238,Next.js
21196,16238,Node.js
21197,16238,React
21198,16238,Spring Boot
21199,16238,Vue.js
21200,16243,FastAPI
21201,16243,Node.js
21203,16243,React
21204,16246,ASP.NET CORE
21206,16246,FastAPI
21209,16246,React
21210,16248,ASP.NET CORE
21212,16248,React
21214,16252,Next.js
21215,16252,Node.js
21216,16252,React
21217,16252,Spring Boot
21218,16252,Vue.js
21220,16255,React
21222,16260,Vue.js
21224,16264,React
21225,16269,FastAPI
21226,16270,Angular
21227,16270,Express
21230,16270,Node.js
21231,16270,React
21233,16270,Vue.js
21235,16280,Next.js
21236,16280,React
21238,16290,ASP.NET CORE
21241,16290,Svelte
21242,16290,Vue.js
21243,16295,Angular
21244,16295,Node.js
21246,16297,Node.js
21247,16297,React
21249,16297,Spring Boot
21251,16301,Express
21252,16301,Next.js
21253,16301,Node.js
21254,16301,React
21255,16301,Vue.js
21261,16303,Node.js
21262,16303,React
21265,16317,Node.js
21266,16317,Vue.js
21268,16321,Spring Boot
21269,16324,Angular
21270,16324,ASP.NET CORE
21272,16327,Angular
21273,16327,Spring Boot
21274,16327,Vue.js
21276,16328,ASP.NET CORE
21279,16333,Vue.js
21280,16335,ASP.NET CORE
21283,16336,ASP.NET CORE
21284,16336,React
21286,16338,FastAPI
21287,16338,Node.js
21288,16338,React
21289,16338,Vue.js
21290,16340,Node.js
21291,16340,React
21293,16340,Vue.js
21294,16343,FastAPI
21296,16343,Vue.js
21300,16345,Next.js
21302,16345,React
21303,16345,Svelte
21304,16345,Vue.js
21305,16350,Next.js
21307,16354,FastAPI
21309,16354,React
21310,16354,Vue.js
21311,16355,ASP.NET CORE
21313,16357,Next.js
21314,16357,Node.js
21315,16357,React
21318,16360,Next.js
21319,16360,Node.js
21320,16360,React
21322,16360,Svelte
21325,16361,Node.js
21327,16362,Angular
21328,16362,React
21329,16362,Vue.js
21331,16363,Node.js
21332,16363,React
21333,16367,Spring Boot
21335,16372,Node.js
21336,16372,Vue.js
21338,16374,Express
21342,16374,Next.js
21343,16374,React
21346,16374,Svelte
21348,16375,Express
21350,16379,ASP.NET CORE
21352,16379,React
21353,16379,Spring Boot
21354,16383,ASP.NET CORE
21355,16383,Express
21356,16383,Node.js
21357,16383,React
21358,16383,Vue.js
21359,16385,Next.js
21360,16385,React
21362,16386,Next.js
21363,16386,Node.js
21364,16386,React
21366,16387,Vue.js
21367,16391,Angular
21368,16391,Express
21369,16391,Node.js
21370,16391,React
21371,16392,Angular
21374,16392,Next.js
21375,16392,Node.js
21376,16392,React
21377,16392,Vue.js
21379,16395,React
21381,16401,Vue.js
21383,16408,Next.js
21384,16408,Node.js
21385,16408,React
21386,16408,Vue.js
21387,16410,Angular
21388,16410,ASP.NET CORE
21389,16410,Node.js
21390,16410,React
21392,16418,ASP.NET CORE
21393,16418,Vue.js
21394,16419,React
21395,16421,Next.js
21396,16421,Node.js
21397,16421,React
21399,16422,ASP.NET CORE
21401,16422,Node.js
21403,16428,Node.js
21404,16431,ASP.NET CORE
21406,16434,React
21408,16434,Vue.js
21409,16436,Angular
21414,16436,Node.js
21416,16436,Vue.js
21417,16440,Spring Boot
21418,16445,Angular
21420,16447,FastAPI
21421,16447,Node.js
21423,16447,Svelte
21424,16450,Angular
21426,16450,React
21427,16450,Spring Boot
21428,16452,Angular
21430,16452,Node.js
21431,16452,React
21432,16452,Spring Boot
21433,16452,Vue.js
21439,16461,ASP.NET CORE
21440,16461,Vue.js
21441,16462,Express
21444,16462,Next.js
21445,16462,Node.js
21446,16462,React
21449,16464,Next.js
21450,16464,Node.js
21451,16464,React
21453,16465,Node.js
21455,16471,Next.js
21456,16471,Node.js
21457,16471,React
21460,16478,Express
21461,16478,FastAPI
21464,16478,Next.js
21465,16478,Node.js
21466,16478,React
21467,16478,Svelte
21468,16488,Spring Boot
21470,16491,Angular
21471,16491,ASP.NET CORE
21473,16495,FastAPI
21474,16495,Node.js
21475,16496,FastAPI
21476,16498,ASP.NET CORE
21477,16498,React
21478,16506,Angular
21479,16506,ASP.NET CORE
21482,16506,Svelte
21483,16507,Angular
21484,16507,Node.js
21485,16507,React
21486,16507,Spring Boot
21487,16508,Angular
21488,16508,ASP.NET CORE
21489,16508,Next.js
21490,16508,Node.js
21491,16508,React
21492,16508,Spring Boot
21493,16508,Svelte
21494,16508,Vue.js
21496,16513,Angular
21497,16513,ASP.NET CORE
21498,16513,Node.js
21500,16513,Spring Boot
21501,16513,Vue.js
21502,16520,ASP.NET CORE
21504,16520,React
21506,16521,Next.js
21507,16521,Node.js
21508,16521,React
21509,16521,Svelte
21510,16523,ASP.NET CORE
21512,16523,Node.js
21513,16523,React
21514,16523,Svelte
21515,16526,Svelte
21516,16526,Vue.js
21517,16529,Angular
21519,16529,Spring Boot
21520,16530,ASP.NET CORE
21521,16530,Next.js
21522,16530,Node.js
21523,16530,React
21524,16538,Express
21525,16538,Node.js
21526,16538,React
21528,16541,React
21530,16541,Vue.js
21531,16542,Spring Boot
21533,16545,ASP.NET CORE
21535,16545,Express
21536,16545,Node.js
21537,16545,React
21538,16547,Express
21539,16547,Next.js
21540,16547,Node.js
21541,16549,ASP.NET CORE
21544,16550,Angular
21545,16551,Angular
21546,16551,ASP.NET CORE
21547,16551,React
21548,16553,Angular
21550,16553,Express
21552,16553,Node.js
21553,16553,React
21557,16566,Node.js
21559,16568,Express
21560,16568,Next.js
21561,16568,Node.js
21562,16568,React
21564,16570,Angular
21565,16570,ASP.NET CORE
21566,16572,Node.js
21567,16572,React
21568,16572,Spring Boot
21570,16575,FastAPI
21571,16575,Next.js
21572,16575,Node.js
21573,16576,Node.js
21574,16576,React
21575,16578,Angular
21576,16578,ASP.NET CORE
21580,16589,Node.js
21581,16589,React
21582,16589,Svelte
21583,16590,Express
21584,16590,FastAPI
21585,16590,Node.js
21586,16590,React
21587,16592,Angular
21589,16592,ASP.NET CORE
21590,16592,Next.js
21591,16592,Node.js
21594,16596,Next.js
21595,16596,Node.js
21596,16596,React
21599,16598,Express
21600,16598,Next.js
21601,16598,Node.js
21602,16598,React
21604,16598,Spring Boot
21605,16598,Svelte
21606,16599,FastAPI
21609,16600,Next.js
21610,16600,Node.js
21612,16600,React
21614,16600,Vue.js
21616,16604,Express
21617,16604,FastAPI
21618,16604,Node.js
21620,16608,Angular
21623,16608,ASP.NET CORE
21630,16610,React
21632,16610,Svelte
21633,16614,FastAPI
21634,16614,Next.js
21635,16614,Node.js
21636,16614,React
21638,16614,Svelte
21639,16618,ASP.NET CORE
21641,16618,React
21647,16623,React
21649,16628,Spring Boot
21651,16630,Spring Boot
21653,16638,ASP.NET CORE
21655,16638,Next.js
21656,16638,Node.js
21657,16638,React
21658,16643,Angular
21659,16644,Node.js
21661,16655,Next.js
21662,16655,Node.js
21664,16655,React
21666,16655,Svelte
21668,16656,Spring Boot
21670,16658,Next.js
21671,16658,Node.js
21672,16658,React
21674,16661,React
21675,16666,ASP.NET CORE
21678,16666,Next.js
21679,16666,React
21680,16667,FastAPI
21682,16671,Next.js
21683,16671,React
21685,16671,Svelte
21688,16682,Express
21689,16682,FastAPI
21690,16682,Node.js
21691,16682,React
21692,16686,ASP.NET CORE
21694,16686,Node.js
21695,16686,React
21696,16687,Angular
21697,16687,Node.js
21698,16687,Svelte
21699,16687,Vue.js
21704,16691,Next.js
21705,16691,Node.js
21706,16691,Svelte
21707,16692,Spring Boot
21708,16695,Angular
21709,16695,Next.js
21710,16695,Node.js
21711,16695,React
21712,16698,ASP.NET CORE
21714,16699,Angular
21715,16699,Express
21717,16699,React
21718,16699,Spring Boot
21719,16699,Svelte
21722,16705,Next.js
21723,16705,Node.js
21724,16705,React
21725,16707,Node.js
21726,16707,React
21727,16708,FastAPI
21728,16711,FastAPI
21729,16711,React
21730,16714,ASP.NET CORE
21733,16714,Svelte
21734,16723,Next.js
21735,16723,React
21738,16726,Node.js
21739,16730,Angular
21740,16730,ASP.NET CORE
21743,16730,React
21744,16730,Vue.js
21746,16731,ASP.NET CORE
21747,16733,Node.js
21748,16733,React
21749,16735,Angular
21754,16735,Express
21757,16735,Node.js
21758,16735,React
21759,16735,Spring Boot
21760,16735,Vue.js
21762,16736,Angular
21763,16736,Express
21766,16736,Node.js
21767,16736,React
21770,16740,Next.js
21771,16740,Node.js
21772,16740,React
21773,16742,FastAPI
21774,16742,Vue.js
21775,16745,Express
21777,16745,Next.js
21778,16745,Node.js
21780,16745,React
21782,16745,Spring Boot
21783,16745,Vue.js
21784,16750,Angular
21787,16750,ASP.NET CORE
21788,16751,FastAPI
21790,16753,Angular
21792,16753,FastAPI
21794,16753,Node.js
21795,16753,React
21796,16753,Vue.js
21798,16755,ASP.NET CORE
21800,16755,FastAPI
21805,16759,Express
21807,16759,Node.js
21808,16760,ASP.NET CORE
21811,16760,Vue.js
21812,16761,ASP.NET CORE
21815,16762,FastAPI
21816,16762,React
21818,16765,Angular
21819,16765,Spring Boot
21821,16769,Node.js
21822,16769,Vue.js
21823,16770,ASP.NET CORE
21826,16770,Next.js
21827,16770,Node.js
21828,16770,React
21829,16770,Spring Boot
21830,16770,Svelte
21831,16770,Vue.js
21832,16771,Spring Boot
21834,16776,Vue.js
21837,16787,Node.js
21838,16787,React
21839,16787,Svelte
21841,16790,ASP.NET CORE
21844,16790,React
21846,16790,Svelte
21848,16795,ASP.NET CORE
21850,16795,Node.js
21851,16795,React
21852,16795,Svelte
21853,16795,Vue.js
21856,16796,Node.js
21858,16796,Vue.js
21860,16798,FastAPI
21861,16802,Spring Boot
21862,16806,FastAPI
21864,16806,Next.js
21866,16808,FastAPI
21867,16808,Node.js
21868,16808,React
21870,16811,ASP.NET CORE
21872,16812,FastAPI
21874,16814,ASP.NET CORE
21876,16821,ASP.NET CORE
21877,16821,Express
21879,16821,Node.js
21880,16821,React
21881,16822,React
21882,16828,Angular
21885,16828,Node.js
21887,16828,React
21889,16828,Vue.js
21891,16829,Angular
21893,16829,ASP.NET CORE
21894,16829,FastAPI
21895,16829,React
21898,16836,Angular
21901,16836,Node.js
21902,16836,React
21903,16836,Svelte
21905,16836,Vue.js
21907,16837,Next.js
21908,16837,Node.js
21910,16838,Express
21911,16838,Node.js
21912,16838,React
21913,16848,Spring Boot
21914,16856,Express
21915,16856,Node.js
21917,16857,Express
21918,16857,Node.js
21920,16859,Angular
21921,16859,ASP.NET CORE
21922,16859,Express
21923,16859,Node.js
21926,16863,Vue.js
21928,16870,FastAPI
21929,16880,FastAPI
21932,16880,React
21933,16881,FastAPI
21935,16882,ASP.NET CORE
21937,16882,React
21940,16884,Express
21941,16884,React
21942,16884,Vue.js
21943,16885,ASP.NET CORE
21945,16885,Express
21946,16885,Next.js
21947,16885,Node.js
21948,16885,React
21949,16889,ASP.NET CORE
21950,16892,ASP.NET CORE
21952,16893,Angular
21953,16893,Spring Boot
21958,16896,Angular
21959,16896,Express
21960,16896,FastAPI
21962,16896,Node.js
21963,16896,Spring Boot
21964,16896,Svelte
21966,16898,Next.js
21967,16898,Node.js
21968,16898,React
21970,16898,Svelte
21971,16900,FastAPI
21973,16900,Node.js
21974,16900,React
21975,16905,Angular
21976,16905,Express
21980,16905,Next.js
21981,16905,Node.js
21983,16905,React
21986,16905,Vue.js
21987,16907,ASP.NET CORE
21989,16914,Angular
21990,16914,Express
21991,16914,React
21992,16918,Angular
21993,16918,Node.js
21994,16918,React
21995,16918,Spring Boot
21996,16918,Vue.js
21997,16919,Angular
21998,16919,React
21999,16919,Spring Boot
22001,16923,Spring Boot
22003,16923,Vue.js
22005,16924,Next.js
22006,16924,Node.js
22007,16924,React
22008,16925,React
22009,16925,Spring Boot
22011,16935,Node.js
22013,16936,Spring Boot
22015,16937,Node.js
22016,16937,React
22017,16938,React
22018,16940,ASP.NET CORE
22020,16943,Next.js
22021,16945,Angular
22024,16949,Next.js
22025,16949,Node.js
22026,16949,React
22027,16949,Svelte
22029,16949,Vue.js
22030,16952,Express
22033,16952,Node.js
22035,16955,ASP.NET CORE
22037,16955,Node.js
22038,16964,Spring Boot
22039,16968,Angular
22041,16968,Express
22042,16968,Next.js
22043,16968,Node.js
22045,16968,Spring Boot
22046,16968,Vue.js
22048,16971,Vue.js
22052,16972,Node.js
22055,16976,Angular
22057,16976,Next.js
22058,16976,Node.js
22059,16976,React
22060,16978,Express
22062,16978,Next.js
22063,16978,Node.js
22064,16978,React
22065,16978,Vue.js
22066,16980,Angular
22067,16980,Express
22068,16980,Node.js
22069,16980,React
22070,16983,Angular
22076,16986,Angular
22077,16986,React
22078,16986,Spring Boot
22079,16987,ASP.NET CORE
22082,16988,ASP.NET CORE
22083,16988,Express
22087,16988,Next.js
22088,16988,Node.js
22089,16988,React
22090,16988,Svelte
22091,16989,ASP.NET CORE
22095,16992,Next.js
22096,16992,Node.js
22097,16992,React
22098,16993,Angular
22099,16993,Express
22100,16993,Node.js
22101,16993,React
22102,16993,Svelte
22104,16994,Node.js
22105,16994,React
22106,16996,Angular
22107,16996,Express
22108,16996,FastAPI
22109,16996,Next.js
22110,16996,Node.js
22111,16996,React
22112,16996,Vue.js
22113,16997,Next.js
22114,16997,Node.js
22115,16997,React
22116,16997,Svelte
22117,17002,ASP.NET CORE
22119,17002,Vue.js
22121,17003,FastAPI
22123,17003,Next.js
22124,17003,Node.js
22125,17003,React
22129,17005,ASP.NET CORE
22130,17005,Node.js
22131,17005,React
22132,17007,Angular
22134,17007,React
22135,17007,Spring Boot
22136,17007,Svelte
22139,17009,Node.js
22140,17009,Vue.js
22141,17010,Angular
22143,17011,Express
22146,17011,Next.js
22147,17011,Node.js
22148,17011,React
22149,17012,ASP.NET CORE
22150,17012,Express
22151,17012,Next.js
22152,17012,Node.js
22153,17012,React
22154,17012,Spring Boot
22155,17015,Next.js
22156,17015,Node.js
22157,17015,React
22158,17015,Vue.js
22161,17020,Express
22163,17020,Node.js
22165,17023,Next.js
22166,17023,Node.js
22167,17023,Spring Boot
22169,17024,Node.js
22170,17024,React
22171,17027,Node.js
22173,17033,Express
22174,17033,FastAPI
22177,17033,Next.js
22178,17033,Node.js
22180,17033,React
22183,17033,Spring Boot
22184,17034,Express
22185,17034,Node.js
22187,17034,Vue.js
22190,17038,React
22191,17038,Vue.js
22194,17039,Svelte
22196,17039,Vue.js
22198,17041,ASP.NET CORE
22200,17041,Next.js
22201,17041,Node.js
22202,17041,React
22203,17043,Angular
22204,17043,Next.js
22205,17043,Node.js
22208,17044,FastAPI
22210,17044,React
22211,17045,Angular
22213,17045,Express
22216,17045,Next.js
22217,17045,Node.js
22218,17045,React
22219,17045,Spring Boot
22220,17045,Svelte
22221,17045,Vue.js
22222,17046,Node.js
22223,17046,React
22224,17047,Next.js
22225,17047,Vue.js
22226,17048,Angular
22228,17048,Node.js
22231,17048,Vue.js
22232,17050,ASP.NET CORE
22233,17050,Express
22234,17050,Next.js
22235,17050,Node.js
22236,17050,React
22237,17051,ASP.NET CORE
22240,17053,Express
22241,17053,Node.js
22242,17053,Vue.js
22243,17059,ASP.NET CORE
22245,17059,Node.js
22246,17059,Svelte
22248,17060,Node.js
22249,17060,Svelte
22250,17066,Express
22252,17066,Next.js
22253,17066,Node.js
22254,17066,React
22258,17068,Svelte
22260,17070,Next.js
22261,17070,Node.js
22262,17070,React
22263,17070,Vue.js
22264,17073,Angular
22267,17076,Next.js
22268,17076,Node.js
22269,17076,React
22270,17076,Spring Boot
22271,17078,Angular
22273,17078,React
22275,17078,Vue.js
22277,17082,ASP.NET CORE
22280,17083,Next.js
22281,17083,Node.js
22282,17083,React
22283,17085,Angular
22285,17085,ASP.NET CORE
22287,17088,Node.js
22290,17088,Svelte
22291,17088,Vue.js
22294,17097,FastAPI
22296,17097,Node.js
22298,17097,React
22300,17097,Svelte
22304,17098,Vue.js
22305,17099,Next.js
22306,17099,Node.js
22307,17099,React
22308,17104,Express
22309,17104,FastAPI
22312,17104,Next.js
22313,17104,Node.js
22314,17104,React
22316,17105,Express
22317,17105,Next.js
22318,17105,Node.js
22319,17105,React
22320,17108,ASP.NET CORE
22321,17108,React
22323,17109,React
22325,17110,Next.js
22326,17110,Node.js
22327,17110,React
22328,17110,Vue.js
22329,17111,Angular
22330,17111,Node.js
22331,17111,Spring Boot
22333,17119,Next.js
22334,17119,Node.js
22336,17119,Vue.js
22337,17120,Express
22338,17120,Next.js
22339,17120,Node.js
22340,17120,React
22341,17128,Next.js
22342,17128,Node.js
22343,17128,React
22345,17131,FastAPI
22347,17137,Next.js
22348,17137,Node.js
22349,17137,React
22350,17138,Angular
22352,17141,Express
22354,17141,Next.js
22355,17141,Node.js
22356,17141,React
22357,17143,Angular
22359,17143,Express
22360,17143,FastAPI
22364,17143,Node.js
22365,17143,React
22366,17143,Spring Boot
22369,17144,React
22371,17144,Vue.js
22372,17147,Next.js
22373,17147,Node.js
22374,17147,React
22376,17152,ASP.NET CORE
22377,17152,Express
22378,17152,Node.js
22379,17152,Spring Boot
22381,17153,Node.js
22382,17153,React
22383,17159,Spring Boot
22386,17163,Next.js
22387,17163,Node.js
22388,17163,React
22389,17164,Angular
22390,17164,ASP.NET CORE
22392,17166,React
22393,17166,Vue.js
22394,17168,Node.js
22396,17168,Vue.js
22397,17169,ASP.NET CORE
22398,17169,React
22400,17170,ASP.NET CORE
22401,17170,React
22402,17170,Vue.js
22403,17172,FastAPI
22405,17179,ASP.NET CORE
22411,17186,Node.js
22414,17187,Vue.js
22415,17189,ASP.NET CORE
22419,17193,ASP.NET CORE
22420,17193,Next.js
22421,17193,React
22422,17193,Spring Boot
22424,17196,Next.js
22425,17196,React
22427,17198,Angular
22429,17198,ASP.NET CORE
22431,17213,ASP.NET CORE
22432,17213,Node.js
22433,17213,Svelte
22434,17217,ASP.NET CORE
22436,17217,React
22437,17218,Next.js
22438,17218,Node.js
22439,17218,React
22444,17219,Vue.js
22445,17221,Express
22446,17221,Next.js
22447,17221,Node.js
22448,17221,React
22450,17222,Next.js
22451,17222,Node.js
22452,17222,React
22454,17222,Vue.js
22455,17226,Angular
22457,17226,Node.js
22458,17226,Spring Boot
22459,17228,Angular
22462,17228,Next.js
22463,17228,React
22465,17235,Express
22466,17235,Next.js
22467,17235,Node.js
22468,17235,React
22471,17236,Next.js
22472,17236,Node.js
22473,17236,React
22474,17236,Spring Boot
22475,17242,ASP.NET CORE
22479,17244,ASP.NET CORE
22483,17244,Express
22484,17244,FastAPI
22489,17244,Node.js
22492,17244,React
22495,17244,Spring Boot
22496,17244,Vue.js
22498,17245,ASP.NET CORE
22500,17245,Express
22501,17245,Node.js
22502,17245,React
22503,17249,Next.js
22505,17249,React
22506,17249,Vue.js
22507,17252,Express
22508,17252,FastAPI
22509,17252,Node.js
22511,17252,Vue.js
22513,17257,Next.js
22514,17257,Node.js
22515,17257,React
22516,17259,Angular
22517,17259,Svelte
22520,17267,Node.js
22522,17267,Vue.js
22523,17268,Angular
22524,17268,ASP.NET CORE
22526,17268,Vue.js
22527,17272,ASP.NET CORE
22530,17272,Node.js
22531,17272,React
22533,17272,Spring Boot
22534,17273,Express
22536,17273,Next.js
22537,17273,Node.js
22539,17273,React
22541,17273,Svelte
22542,17273,Vue.js
22544,17278,Angular
22545,17278,Svelte
22546,17279,Node.js
22547,17279,React
22548,17293,Node.js
22550,17293,Vue.js
22554,17295,Next.js
22555,17295,React
22557,17296,Spring Boot
22559,17297,Vue.js
22560,17300,Angular
22562,17300,ASP.NET CORE
22565,17300,Vue.js
22566,17301,Node.js
22567,17301,React
22568,17301,Svelte
22570,17309,ASP.NET CORE
22571,17309,Express
22573,17309,Node.js
22574,17309,React
22576,17320,Angular
22578,17322,Node.js
22583,17329,React
22585,17335,Next.js
22586,17335,Svelte
22588,17337,React
22589,17340,FastAPI
22592,17341,Vue.js
22594,17343,Next.js
22595,17343,Node.js
22596,17343,React
22597,17344,Angular
22598,17344,ASP.NET CORE
22599,17344,Next.js
22600,17344,Node.js
22601,17344,React
22602,17344,Vue.js
22603,17345,Spring Boot
22604,17354,FastAPI
22605,17354,Svelte
22609,17355,Node.js
22612,17358,Next.js
22613,17358,Node.js
22614,17358,React
22616,17359,Next.js
22617,17359,React
22619,17360,Node.js
22620,17360,React
22621,17360,Spring Boot
22624,17364,Express
22627,17364,Next.js
22628,17364,Node.js
22630,17364,React
22632,17364,Spring Boot
22633,17364,Svelte
22634,17364,Vue.js
22636,17368,FastAPI
22639,17370,Angular
22641,17370,ASP.NET CORE
22645,17376,Angular
22647,17376,Express
22648,17376,FastAPI
22650,17376,Node.js
22651,17378,Angular
22652,17378,Next.js
22653,17378,Node.js
22654,17378,React
22656,17380,Next.js
22657,17380,Node.js
22658,17380,React
22659,17384,Angular
22661,17384,Node.js
22662,17384,React
22663,17384,Spring Boot
22666,17385,Vue.js
22667,17388,Node.js
22669,17388,React
22673,17390,Node.js
22675,17391,Next.js
22676,17391,Node.js
22677,17391,React
22678,17392,ASP.NET CORE
22681,17392,Svelte
22682,17392,Vue.js
22683,17394,Node.js
22684,17394,React
22689,17401,Vue.js
22690,17403,Express
22691,17403,Node.js
22692,17403,React
22694,17404,FastAPI
22696,17404,Node.js
22697,17404,React
22699,17406,Angular
22700,17406,ASP.NET CORE
22701,17406,Node.js
22702,17408,Express
22703,17408,Vue.js
22708,17425,Vue.js
22712,17426,Node.js
22714,17438,React
22716,17440,ASP.NET CORE
22718,17442,FastAPI
22719,17442,Next.js
22720,17442,React
22721,17446,React
22722,17446,Svelte
22724,17449,FastAPI
22725,17449,Next.js
22726,17449,React
22727,17450,ASP.NET CORE
22729,17450,Node.js
22732,17455,Angular
22733,17455,Express
22735,17455,React
22736,17460,Angular
22737,17460,Spring Boot
22739,17462,Express
22740,17462,FastAPI
22744,17462,Next.js
22745,17462,Node.js
22746,17462,React
22747,17462,Svelte
22748,17462,Vue.js
22749,17474,Angular
22750,17474,Node.js
22751,17474,React
22752,17477,FastAPI
22754,17479,Express
22755,17479,Next.js
22756,17479,Node.js
22757,17479,React
22759,17481,ASP.NET CORE
22761,17481,Node.js
22763,17483,ASP.NET CORE
22768,17483,Next.js
22769,17483,React
22770,17486,React
22771,17490,FastAPI
22772,17491,ASP.NET CORE
22774,17493,ASP.NET CORE
22778,17496,ASP.NET CORE
22781,17496,Node.js
22783,17499,ASP.NET CORE
22786,17502,React
22787,17505,Node.js
22788,17505,React
22790,17511,React
22792,17512,FastAPI
22795,17512,Next.js
22796,17512,Node.js
22797,17512,Spring Boot
22798,17512,Svelte
22799,17515,ASP.NET CORE
22801,17515,Next.js
22802,17515,Node.js
22803,17515,React
22807,17517,Next.js
22809,17517,React
22811,17517,Vue.js
22812,17519,Angular
22813,17519,React
22814,17519,Spring Boot
22817,17520,React
22818,17520,Svelte
22819,17522,Angular
22821,17522,ASP.NET CORE
22822,17522,React
22823,17524,Svelte
22827,17540,Node.js
22829,17544,ASP.NET CORE
22831,17544,Next.js
22832,17544,React
22834,17545,FastAPI
22836,17545,React
22838,17550,FastAPI
22839,17550,React
22841,17558,ASP.NET CORE
22844,17569,Svelte
22847,17571,Next.js
22848,17571,Node.js
22849,17571,React
22852,17572,ASP.NET CORE
22853,17575,Angular
22854,17575,Next.js
22855,17575,React
22856,17575,Spring Boot
22860,17583,Express
22861,17583,FastAPI
22866,17583,Next.js
22867,17583,Node.js
22869,17583,React
22871,17583,Svelte
22872,17583,Vue.js
22879,17585,Spring Boot
22886,17598,Node.js
22887,17598,React
22889,17603,Angular
22890,17603,Spring Boot
22893,17604,Node.js
22894,17604,Svelte
22895,17611,ASP.NET CORE
22899,17611,React
22900,17612,ASP.NET CORE
22902,17618,Spring Boot
22903,17619,Spring Boot
22906,17620,Svelte
22908,17628,ASP.NET CORE
22910,17628,Svelte
22911,17630,ASP.NET CORE
22913,17630,Node.js
22914,17630,React
22915,17631,Angular
22916,17631,ASP.NET CORE
22918,17631,React
22919,17632,Angular
22920,17632,ASP.NET CORE
22922,17632,Next.js
22923,17632,Node.js
22925,17632,React
22927,17632,Vue.js
22928,17634,Angular
22930,17634,Next.js
22931,17634,Node.js
22933,17634,React
22934,17634,Svelte
22935,17634,Vue.js
22936,17636,Next.js
22937,17636,Node.js
22938,17636,React
22939,17638,Next.js
22940,17638,Node.js
22941,17638,React
22944,17643,Svelte
22947,17644,Svelte
22948,17644,Vue.js
22950,17648,FastAPI
22952,17648,Next.js
22953,17648,Node.js
22954,17648,React
22956,17651,Angular
22958,17651,ASP.NET CORE
22961,17651,Next.js
22962,17651,Node.js
22963,17651,React
22964,17653,Spring Boot
22965,17659,Node.js
22967,17659,React
22968,17659,Vue.js
22971,17665,Express
22972,17665,FastAPI
22976,17665,Next.js
22979,17665,Svelte
22980,17667,FastAPI
22981,17667,Node.js
22982,17667,Vue.js
22983,17672,Express
22985,17672,Next.js
22986,17672,Node.js
22987,17672,React
22989,17675,ASP.NET CORE
22991,17675,Node.js
22992,17675,Vue.js
22998,17684,React
22999,17684,Vue.js
23000,17688,Angular
23001,17688,ASP.NET CORE
23002,17688,Node.js
23003,17688,React
23004,17688,Vue.js
23005,17689,Angular
23007,17690,Node.js
23008,17690,React
23010,17693,FastAPI
23014,17693,React
23015,17693,Vue.js
23016,17697,Node.js
23017,17697,React
23018,17701,Angular
23019,17701,Node.js
23020,17701,React
23021,17701,Vue.js
23023,17702,Express
23024,17702,FastAPI
23028,17702,Next.js
23029,17702,Node.js
23031,17702,React
23035,17705,Vue.js
23036,17708,FastAPI
23038,17711,FastAPI
23039,17714,Angular
23041,17715,Spring Boot
23042,17717,Angular
23044,17717,FastAPI
23047,17717,Node.js
23050,17717,Spring Boot
23052,17720,FastAPI
23054,17722,Express
23056,17722,Node.js
23058,17729,ASP.NET CORE
23060,17729,FastAPI
23061,17729,React
23063,17730,Express
23065,17730,Node.js
23067,17730,React
23069,17731,Express
23071,17731,Next.js
23072,17731,Node.js
23073,17731,React
23075,17733,Next.js
23076,17733,Node.js
23078,17739,FastAPI
23081,17739,Node.js
23082,17739,React
23084,17739,Vue.js
23085,17740,Angular
23086,17742,Express
23087,17742,FastAPI
23089,17742,Node.js
23090,17742,React
23091,17743,Next.js
23092,17743,Node.js
23093,17743,React
23094,17748,ASP.NET CORE
23096,17748,Next.js
23097,17748,Vue.js
23098,17750,ASP.NET CORE
23105,17758,Next.js
23106,17758,Node.js
23108,17758,Svelte
23109,17758,Vue.js
23110,17760,Angular
23111,17760,Node.js
23112,17760,Vue.js
23113,17762,Node.js
23114,17762,React
23116,17768,Next.js
23117,17768,Node.js
23118,17768,React
23120,17776,ASP.NET CORE
23121,17776,Express
23122,17776,Node.js
23124,17777,Svelte
23125,17788,ASP.NET CORE
23128,17788,Svelte
23129,17789,FastAPI
23130,17789,React
23131,17790,Express
23132,17790,Node.js
23133,17790,React
23134,17791,FastAPI
23137,17795,Next.js
23138,17795,Spring Boot
23139,17799,Express
23140,17799,Node.js
23141,17799,React
23142,17802,Express
23143,17802,Node.js
23144,17802,React
23145,17804,ASP.NET CORE
23146,17811,Node.js
23147,17815,ASP.NET CORE
23148,17817,Angular
23149,17817,Express
23151,17817,Node.js
23152,17817,React
23153,17817,Spring Boot
23154,17818,ASP.NET CORE
23155,17818,React
23156,17822,ASP.NET CORE
23158,17824,React
23160,17826,Node.js
23161,17831,Angular
23163,17831,ASP.NET CORE
23164,17831,Node.js
23165,17831,Svelte
23166,17832,Angular
23169,17832,ASP.NET CORE
23173,17832,Node.js
23174,17832,React
23176,17836,Angular
23177,17836,ASP.NET CORE
23178,17837,ASP.NET CORE
23179,17837,Svelte
23180,17839,React
23184,17842,Express
23187,17842,Node.js
23191,17845,Svelte
23192,17846,Express
23193,17846,Node.js
23194,17846,React
23195,17848,ASP.NET CORE
23197,17848,Spring Boot
23200,17852,ASP.NET CORE
23205,17853,Vue.js
23207,17862,Next.js
23208,17862,Node.js
23209,17862,React
23210,17864,Express
23211,17864,Node.js
23212,17864,Spring Boot
23215,17865,Next.js
23216,17865,Node.js
23217,17865,React
23220,17869,FastAPI
23222,17872,Express
23224,17872,Next.js
23225,17872,Node.js
23226,17872,React
23227,17878,Angular
23231,17878,Next.js
23232,17878,Node.js
23233,17878,React
23234,17878,Spring Boot
23235,17878,Vue.js
23236,17881,Express
23237,17881,Node.js
23238,17889,React
23239,17891,Angular
23241,17891,Vue.js
23245,17895,Next.js
23246,17895,Node.js
23247,17895,React
23248,17895,Vue.js
23249,17898,Angular
23250,17898,ASP.NET CORE
23255,17911,Express
23257,17911,Next.js
23258,17911,Node.js
23259,17911,React
23261,17913,Node.js
23262,17913,React
23263,17918,Next.js
23264,17918,React
23266,17918,Svelte
23267,17918,Vue.js
23271,17939,Angular
23272,17941,ASP.NET CORE
23275,17943,Spring Boot
23276,17943,Svelte
23277,17944,Angular
23278,17944,Express
23280,17944,React
23282,17945,Node.js
23283,17945,Svelte
23284,17945,Vue.js
23285,17951,Express
23288,17951,Node.js
23289,17951,React
23290,17953,Angular
23292,17953,Express
23294,17953,Next.js
23295,17953,Node.js
23296,17953,React
23297,17953,Vue.js
23298,17954,ASP.NET CORE
23300,17955,Node.js
23301,17955,React
23303,17957,Vue.js
23305,17959,Node.js
23306,17959,React
23307,17961,React
23308,17967,Angular
23309,17967,FastAPI
23311,17968,React
23313,17970,Angular
23315,17970,Express
23317,17970,Node.js
23318,17970,React
23319,17970,Svelte
23320,17970,Vue.js
23321,17972,Express
23323,17972,Next.js
23324,17972,Node.js
23325,17972,React
23326,17972,Svelte
23327,17973,Angular
23329,17973,Express
23330,17973,FastAPI
23334,17973,Next.js
23335,17973,Node.js
23336,17973,React
23337,17973,Spring Boot
23338,17973,Svelte
23339,17973,Vue.js
23340,17974,ASP.NET CORE
23341,17974,Next.js
23342,17974,React
23343,17979,React
23345,17980,Angular
23346,17980,ASP.NET CORE
23348,17983,Spring Boot
23349,17984,React
23351,17987,ASP.NET CORE
23352,17988,Svelte
23353,17990,Express
23354,17990,Node.js
23356,17990,Vue.js
23357,17995,ASP.NET CORE
23359,17995,React
23360,17999,Node.js
23361,17999,React
23362,17999,Spring Boot
23365,18001,ASP.NET CORE
23367,18002,React
23368,18007,Angular
23371,18007,FastAPI
23373,18007,Node.js
23374,18007,Spring Boot
23376,18009,ASP.NET CORE
23378,18009,React
23379,18009,Vue.js
23380,18014,Express
23382,18014,Next.js
23383,18014,Node.js
23384,18014,React
23385,18015,Angular
23386,18015,Next.js
23387,18015,Node.js
23388,18015,React
23389,18015,Spring Boot
23390,18016,Node.js
23391,18016,React
23392,18021,Angular
23393,18021,ASP.NET CORE
23394,18021,Express
23395,18021,FastAPI
23396,18021,Node.js
23397,18021,Svelte
23398,18025,React
23399,18031,ASP.NET CORE
23400,18031,Node.js
23401,18031,React
23402,18035,Express
23404,18035,Node.js
23405,18035,React
23407,18036,Angular
23409,18038,ASP.NET CORE
23411,18038,React
23412,18043,React
23413,18044,Angular
23414,18044,React
23417,18047,Node.js
23418,18047,Svelte
23419,18051,Node.js
23422,18052,Node.js
23423,18052,Vue.js
23425,18060,Angular
23426,18060,Node.js
23427,18060,React
23428,18060,Spring Boot
23429,18062,Express
23431,18062,Next.js
23432,18062,Node.js
23433,18062,React
23435,18062,Spring Boot
23437,18062,Svelte
23439,18070,Node.js
23440,18070,Svelte
23441,18070,Vue.js
23442,18071,React
23445,18072,Vue.js
23448,18074,Node.js
23453,18077,Angular
23454,18077,Express
23456,18077,Node.js
23457,18078,Next.js
23458,18078,React
23459,18078,Spring Boot
23460,18082,Express
23464,18082,Next.js
23465,18082,Node.js
23466,18082,React
23467,18088,ASP.NET CORE
23469,18088,FastAPI
23472,18088,Node.js
23473,18088,React
23474,18091,ASP.NET CORE
23475,18092,Angular
23476,18092,Node.js
23477,18094,Express
23479,18095,Express
23481,18095,Next.js
23482,18095,React
23484,18097,Node.js
23485,18103,Express
23486,18103,Node.js
23487,18103,React
23489,18104,Angular
23492,18104,ASP.NET CORE
23496,18105,Express
23500,18105,Next.js
23501,18105,Node.js
23503,18105,React
23504,18105,Spring Boot
23506,18105,Vue.js
23508,18108,Express
23510,18108,Node.js
23511,18108,Spring Boot
23513,18109,ASP.NET CORE
23515,18109,Vue.js
23517,18112,ASP.NET CORE
23518,18112,FastAPI
23519,18112,Node.js
23521,18123,ASP.NET CORE
23523,18123,Spring Boot
23526,18126,Next.js
23527,18126,Node.js
23528,18126,React
23529,18126,Svelte
23530,18130,ASP.NET CORE
23531,18130,React
23532,18130,Vue.js
23533,18134,Angular
23534,18134,Spring Boot
23536,18135,Node.js
23537,18139,Angular
23541,18139,React
23542,18139,Spring Boot
23544,18143,Express
23545,18143,Node.js
23546,18143,Svelte
23547,18144,Angular
23549,18145,FastAPI
23551,18145,Svelte
23552,18146,Node.js
23554,18146,Vue.js
23556,18148,Next.js
23557,18148,Svelte
23558,18148,Vue.js
23561,18151,Node.js
23562,18151,Vue.js
23565,18153,Vue.js
23566,18159,FastAPI
23568,18160,Next.js
23569,18160,Node.js
23570,18160,React
23573,18162,Express
23574,18162,React
23575,18162,Vue.js
23577,18166,Next.js
23578,18166,React
23579,18172,Next.js
23580,18172,Node.js
23581,18172,React
23583,18173,React
23584,18173,Spring Boot
23586,18178,FastAPI
23587,18183,FastAPI
23588,18188,Express
23589,18188,Node.js
23591,18188,React
23592,18188,Vue.js
23594,18190,React
23595,18191,Next.js
23596,18191,Node.js
23597,18191,React
23601,18197,Angular
23602,18197,Express
23603,18197,Next.js
23604,18197,Node.js
23605,18197,React
23606,18197,Vue.js
23608,18202,React
23609,18202,Spring Boot
23610,18206,ASP.NET CORE
23613,18206,Next.js
23614,18206,Node.js
23615,18206,React
23617,18206,Svelte
23618,18206,Vue.js
23620,18208,Express
23622,18208,Next.js
23623,18208,Node.js
23624,18208,React
23626,18210,Next.js
23627,18210,React
23629,18211,Spring Boot
23630,18212,ASP.NET CORE
23632,18212,Express
23633,18212,Node.js
23634,18214,Express
23635,18214,FastAPI
23638,18214,Node.js
23639,18214,React
23640,18214,Spring Boot
23641,18214,Vue.js
23643,18222,React
23646,18224,FastAPI
23647,18228,Svelte
23648,18229,Node.js
23649,18229,React
23650,18240,React
23651,18242,Angular
23654,18242,Express
23655,18242,FastAPI
23658,18242,Node.js
23659,18242,React
23661,18242,Spring Boot
23662,18242,Svelte
23663,18242,Vue.js
23665,18245,Node.js
23666,18245,React
23667,18245,Vue.js
23669,18246,FastAPI
23671,18247,Node.js
23672,18247,React
23673,18247,Svelte
23675,18250,Express
23681,18250,Next.js
23682,18250,Node.js
23683,18250,React
23684,18251,Next.js
23685,18251,Node.js
23686,18251,React
23689,18254,ASP.NET CORE
23692,18255,Node.js
23694,18257,Vue.js
23696,18260,Express
23701,18266,React
23703,18272,React
23704,18278,Express
23706,18278,Node.js
23707,18278,React
23709,18278,Svelte
23710,18281,FastAPI
23711,18281,Node.js
23712,18285,Spring Boot
23714,18286,Next.js
23715,18286,Node.js
23716,18286,React
23719,18287,React
23720,18287,Vue.js
23721,18288,ASP.NET CORE
23722,18288,Express
23724,18288,Next.js
23725,18288,React
23726,18295,Node.js
23727,18295,React
23728,18298,ASP.NET CORE
23729,18298,Next.js
23730,18298,Node.js
23731,18298,React
23734,18299,Node.js
23735,18299,React
23738,18301,ASP.NET CORE
23739,18302,Express
23740,18302,Node.js
23741,18302,React
23743,18308,Vue.js
23744,18311,ASP.NET CORE
23749,18312,Node.js
23750,18312,React
23751,18312,Spring Boot
23753,18313,Next.js
23754,18313,Svelte
23755,18316,Angular
23756,18316,React
23758,18321,Express
23761,18321,Next.js
23762,18321,Node.js
23764,18321,React
23766,18321,Vue.js
23768,18324,Node.js
23769,18324,Spring Boot
23770,18324,Vue.js
23771,18326,Angular
23774,18326,ASP.NET CORE
23775,18326,Node.js
23776,18326,React
23777,18327,ASP.NET CORE
23779,18329,ASP.NET CORE
23781,18329,Next.js
23783,18329,React
23785,18331,Spring Boot
23786,18331,Svelte
23788,18337,Node.js
23789,18337,React
23791,18340,ASP.NET CORE
23793,18340,Node.js
23795,18341,FastAPI
23797,18341,Vue.js
23798,18342,Angular
23800,18342,Node.js
23801,18342,React
23804,18351,Next.js
23805,18351,Node.js
23806,18351,React
23807,18351,Spring Boot
23808,18358,FastAPI
23812,18359,Angular
23814,18361,FastAPI
23817,18361,Next.js
23818,18361,React
23819,18361,Vue.js
23820,18365,Express
23822,18365,Vue.js
23823,18366,ASP.NET CORE
23824,18366,React
23825,18366,Spring Boot
23826,18366,Vue.js
23827,18367,Express
23828,18367,Node.js
23829,18367,React
23831,18367,Svelte
23832,18374,ASP.NET CORE
23834,18374,React
23836,18375,ASP.NET CORE
23838,18375,Node.js
23844,18380,ASP.NET CORE
23845,18381,Next.js
23848,18381,Svelte
23850,18387,React
23851,18389,FastAPI
23853,18395,ASP.NET CORE
23856,18395,Node.js
23858,18396,Node.js
23859,18396,React
23863,18404,Node.js
23864,18404,React
23865,18404,Spring Boot
23866,18408,Angular
23867,18408,ASP.NET CORE
23869,18408,Next.js
23870,18408,Node.js
23871,18408,React
23873,18408,Svelte
23874,18414,Express
23879,18416,Node.js
23880,18416,Svelte
23881,18416,Vue.js
23883,18417,Angular
23884,18417,ASP.NET CORE
23885,18420,ASP.NET CORE
23887,18420,Node.js
23888,18420,React
23890,18423,Express
23891,18423,FastAPI
23894,18423,Next.js
23895,18423,Node.js
23896,18423,React
23897,18425,ASP.NET CORE
23899,18453,Next.js
23900,18453,React
23901,18456,Express
23902,18456,Node.js
23903,18456,React
23908,18461,Svelte
23909,18461,Vue.js
23910,18466,ASP.NET CORE
23912,18468,Next.js
23913,18468,Node.js
23914,18468,Svelte
23915,18469,Angular
23916,18469,ASP.NET CORE
23918,18469,Express
23919,18469,FastAPI
23922,18469,Node.js
23923,18469,Spring Boot
23924,18469,Vue.js
23928,18473,ASP.NET CORE
23929,18473,Node.js
23930,18473,React
23931,18474,Express
23934,18474,Next.js
23935,18474,Node.js
23936,18474,React
23937,18474,Spring Boot
23941,18475,Vue.js
23942,18478,Node.js
23943,18478,React
23944,18478,Spring Boot
23947,18480,Vue.js
23948,18486,Vue.js
23952,18491,Node.js
23953,18491,Spring Boot
23954,18493,FastAPI
23955,18493,Next.js
23956,18493,Node.js
23957,18496,Angular
23959,18496,ASP.NET CORE
23961,18496,React
23962,18496,Vue.js
23963,18502,React
23964,18502,Spring Boot
23965,18503,Angular
23966,18504,Spring Boot
23967,18506,Express
23969,18506,Node.js
23970,18506,Vue.js
23971,18507,Express
23974,18507,Node.js
23975,18507,React
23976,18507,Svelte
23977,18507,Vue.js
23979,18508,Spring Boot
23980,18510,Angular
23982,18510,Node.js
23984,18511,Express
23985,18511,FastAPI
23988,18511,Node.js
23989,18511,React
23990,18520,Next.js
23991,18520,Node.js
23992,18520,React
23995,18521,Express
23998,18521,Node.js
23999,18521,Svelte
24000,18521,Vue.js
24001,18526,Angular
24003,18526,ASP.NET CORE
24004,18526,Next.js
24006,18526,React
24007,18526,Spring Boot
24008,18529,Express
24010,18529,Node.js
24011,18529,React
24013,18532,ASP.NET CORE
24015,18532,React
24016,18533,Spring Boot
24017,18534,ASP.NET CORE
24018,18534,Next.js
24019,18534,React
24020,18536,Angular
24021,18536,ASP.NET CORE
24022,18536,Express
24024,18536,Node.js
24026,18539,Express
24027,18539,Next.js
24028,18539,Node.js
24029,18539,React
24030,18539,Svelte
24031,18539,Vue.js
24033,18540,ASP.NET CORE
24034,18540,React
24035,18541,Next.js
24036,18541,Node.js
24037,18541,React
24040,18542,ASP.NET CORE
24042,18543,Vue.js
24043,18544,ASP.NET CORE
24045,18544,Vue.js
24046,18553,Express
24048,18553,Next.js
24049,18553,Node.js
24051,18557,Express
24053,18557,Next.js
24054,18557,Node.js
24055,18557,React
24056,18557,Vue.js
24060,18559,Next.js
24061,18559,Node.js
24062,18559,React
24064,18559,Spring Boot
24066,18561,Next.js
24067,18561,Node.js
24068,18561,React
24069,18561,Svelte
24071,18563,Express
24072,18563,Next.js
24073,18563,Node.js
24074,18563,React
24075,18563,Spring Boot
24076,18564,FastAPI
24078,18565,ASP.NET CORE
24080,18565,FastAPI
24082,18565,React
24083,18566,Express
24084,18566,FastAPI
24086,18566,Next.js
24087,18566,Node.js
24088,18566,React
24092,18572,ASP.NET CORE
24093,18572,React
24094,18574,Node.js
24097,18581,Node.js
24099,18582,Express
24100,18582,FastAPI
24102,18582,Next.js
24103,18582,Node.js
24104,18582,React
24105,18582,Svelte
24106,18584,Angular
24109,18584,ASP.NET CORE
24111,18584,Node.js
24113,18591,FastAPI
24115,18591,Next.js
24116,18591,Svelte
24117,18593,ASP.NET CORE
24118,18593,Node.js
24119,18593,React
24120,18598,Express
24121,18598,Node.js
24122,18598,Vue.js
24123,18600,Node.js
24124,18601,React
24127,18603,Express
24128,18603,Next.js
24129,18603,Node.js
24130,18603,React
24132,18604,Express
24133,18604,FastAPI
24135,18604,Next.js
24136,18604,Node.js
24137,18604,React
24140,18604,Svelte
24144,18605,Node.js
24145,18605,Vue.js
24147,18607,Angular
24150,18607,ASP.NET CORE
24152,18607,Express
24155,18607,Svelte
24156,18607,Vue.js
24160,18608,Next.js
24161,18608,Node.js
24162,18608,React
24166,18609,Node.js
24167,18609,React
24168,18609,Svelte
24169,18611,Angular
24170,18611,Node.js
24172,18613,ASP.NET CORE
24175,18613,React
24176,18615,ASP.NET CORE
24178,18615,Next.js
24179,18615,Node.js
24180,18615,React
24181,18615,Svelte
24182,18615,Vue.js
24184,18616,Spring Boot
24185,18618,ASP.NET CORE
24186,18619,Angular
24187,18619,Express
24189,18619,Node.js
24191,18619,React
24192,18619,Spring Boot
24193,18619,Vue.js
24194,18621,FastAPI
24195,18622,ASP.NET CORE
24196,18622,Express
24198,18622,Node.js
24199,18622,React
24200,18627,Angular
24201,18627,ASP.NET CORE
24202,18628,ASP.NET CORE
24203,18628,React
24204,18628,Svelte
24206,18633,React
24208,18637,ASP.NET CORE
24213,18638,React
24215,18638,Vue.js
24216,18641,React
24218,18642,Express
24220,18642,Next.js
24221,18642,Node.js
24222,18642,React
24225,18651,Express
24226,18651,Node.js
24227,18651,React
24228,18656,ASP.NET CORE
24229,18656,Express
24230,18656,Next.js
24231,18656,React
24233,18656,Spring Boot
24234,18656,Vue.js
24236,18665,React
24238,18668,React
24239,18669,ASP.NET CORE
24241,18670,Vue.js
24242,18672,Angular
24244,18672,ASP.NET CORE
24245,18672,Express
24247,18672,Svelte
24248,18680,Node.js
24249,18680,Vue.js
24250,18688,ASP.NET CORE
24251,18688,Express
24254,18688,Node.js
24255,18688,React
24256,18692,Spring Boot
24257,18693,Svelte
24259,18696,Next.js
24260,18696,Node.js
24261,18696,React
24263,18703,ASP.NET CORE
24268,18703,Vue.js
24269,18706,Angular
24273,18706,Spring Boot
24274,18706,Svelte
24275,18706,Vue.js
24276,18707,ASP.NET CORE
24277,18708,Express
24280,18708,Node.js
24281,18708,Spring Boot
24282,18708,Svelte
24283,18708,Vue.js
24285,18714,Angular
24288,18714,ASP.NET CORE
24291,18714,React
24292,18714,Vue.js
24293,18715,FastAPI
24296,18715,Node.js
24297,18715,React
24299,18717,Next.js
24300,18717,Node.js
24302,18717,Svelte
24303,18717,Vue.js
24305,18721,ASP.NET CORE
24306,18721,Vue.js
24307,18729,Angular
24317,18729,Next.js
24318,18729,Node.js
24320,18729,React
24323,18729,Svelte
24326,18731,Express
24327,18731,Next.js
24328,18731,Node.js
24330,18731,React
24331,18731,Vue.js
24332,18735,Express
24334,18735,Node.js
24335,18735,React
24336,18735,Vue.js
24338,18736,Express
24340,18736,Next.js
24341,18736,Node.js
24342,18736,Vue.js
24343,18739,Next.js
24344,18739,React
24345,18739,Spring Boot
24346,18739,Svelte
24347,18739,Vue.js
24352,18744,Node.js
24353,18744,React
24354,18747,ASP.NET CORE
24355,18747,React
24357,18748,FastAPI
24360,18749,React
24364,18751,Node.js
24365,18763,Angular
24369,18763,Next.js
24370,18763,Node.js
24371,18763,React
24373,18763,Svelte
24374,18763,Vue.js
24375,18766,Angular
24376,18767,Express
24379,18767,Node.js
24380,18767,Vue.js
24381,18768,Angular
24382,18768,ASP.NET CORE
24384,18769,Express
24386,18769,Node.js
24387,18769,Svelte
24388,18770,Spring Boot
24391,18773,Node.js
24393,18773,React
24394,18773,Vue.js
24397,18775,Svelte
24398,18775,Vue.js
24400,18777,Angular
24402,18777,Node.js
24403,18777,Svelte
24404,18777,Vue.js
24405,18784,Angular
24407,18784,React
24408,18784,Vue.js
24409,18786,Express
24411,18786,Next.js
24412,18786,Node.js
24415,18786,Vue.js
24417,18788,FastAPI
24419,18790,ASP.NET CORE
24420,18790,Vue.js
24421,18799,FastAPI
24423,18799,React
24425,18804,ASP.NET CORE
24428,18804,Spring Boot
24429,18805,Spring Boot
24431,18807,Spring Boot
24432,18807,Svelte
24433,18808,Angular
24434,18808,ASP.NET CORE
24437,18808,FastAPI
24440,18813,Angular
24444,18813,Express
24446,18813,Node.js
24447,18813,React
24449,18813,Spring Boot
24450,18813,Vue.js
24452,18815,ASP.NET CORE
24453,18815,React
24454,18817,Angular
24456,18817,Express
24460,18817,Node.js
24462,18817,Vue.js
24464,18820,Node.js
24465,18823,Node.js
24467,18823,Vue.js
24474,18831,Next.js
24475,18831,Node.js
24476,18831,React
24478,18833,Node.js
24479,18833,Vue.js
24480,18836,Vue.js
24484,18838,ASP.NET CORE
24485,18839,Next.js
24486,18839,Svelte
24487,18840,Express
24488,18840,React
24491,18841,Node.js
24492,18843,ASP.NET CORE
24495,18844,FastAPI
24497,18854,Express
24498,18854,FastAPI
24500,18854,Node.js
24502,18854,Svelte
24503,18855,Node.js
24504,18858,Express
24505,18858,Next.js
24506,18858,Node.js
24507,18858,React
24512,18863,Next.js
24513,18863,React
24514,18864,ASP.NET CORE
24517,18870,ASP.NET CORE
24519,18870,Node.js
24521,18874,Node.js
24526,18877,Node.js
24528,18877,Vue.js
24529,18879,Spring Boot
24530,18879,Svelte
24532,18884,FastAPI
24533,18886,Angular
24534,18886,Node.js
24535,18886,Spring Boot
24536,18887,FastAPI
24541,18890,React
24542,18890,Svelte
24543,18891,React
24546,18892,ASP.NET CORE
24547,18892,Vue.js
24548,18906,ASP.NET CORE
24552,18910,Express
24553,18910,Node.js
24554,18910,React
24555,18915,ASP.NET CORE
24556,18923,ASP.NET CORE
24558,18924,Angular
24560,18924,Express
24561,18924,FastAPI
24566,18924,Next.js
24567,18924,Node.js
24568,18924,React
24571,18925,Angular
24572,18925,ASP.NET CORE
24574,18928,Vue.js
24575,18929,Angular
24577,18929,Node.js
24578,18934,FastAPI
24581,18934,React
24583,18935,ASP.NET CORE
24585,18935,Svelte
24586,18936,Spring Boot
24587,18941,Node.js
24591,18942,Vue.js
24592,18963,ASP.NET CORE
24594,18964,Spring Boot
24595,18967,Spring Boot
24596,18968,FastAPI
24598,18968,React
24599,18969,Angular
24605,18974,ASP.NET CORE
24606,18974,Vue.js
24607,18975,Express
24608,18975,Node.js
24609,18975,React
24610,18975,Spring Boot
24612,18978,ASP.NET CORE
24614,18979,Express
24615,18979,React
24617,18982,Vue.js
24618,18983,Spring Boot
24619,18986,ASP.NET CORE
24620,18987,Node.js
24622,18988,Vue.js
24624,18989,FastAPI
24627,18990,Svelte
24628,18990,Vue.js
24630,18992,Angular
24631,18992,Express
24634,18992,Node.js
24635,18996,Angular
24638,18996,Express
24639,18996,FastAPI
24641,18996,Next.js
24642,18996,Node.js
24644,18996,React
24647,18996,Svelte
24648,18996,Vue.js
24650,18997,Node.js
24651,18997,Vue.js
24652,18999,Next.js
24653,18999,Node.js
24654,18999,React
24656,19003,Express
24658,19003,Next.js
24659,19003,Node.js
24660,19003,React
24661,19006,Node.js
24664,19009,ASP.NET CORE
24665,19009,FastAPI
24667,19009,Vue.js
24671,19013,Angular
24673,19013,Express
24674,19013,Node.js
24675,19013,React
24677,19013,Svelte
24678,19020,Angular
24679,19020,ASP.NET CORE
24681,19021,ASP.NET CORE
24684,19021,Node.js
24685,19021,React
24686,19022,Vue.js
24692,19026,Node.js
24693,19026,React
24696,19026,Svelte
24697,19034,ASP.NET CORE
24699,19034,Vue.js
24700,19035,Angular
24702,19035,ASP.NET CORE
24705,19035,Node.js
24706,19038,Angular
24708,19038,ASP.NET CORE
24709,19038,FastAPI
24711,19038,React
24713,19040,Express
24714,19040,Node.js
24715,19040,Svelte
24717,19043,ASP.NET CORE
24721,19043,Node.js
24723,19043,React
24724,19043,Svelte
24725,19043,Vue.js
24729,19052,Vue.js
24733,19053,Express
24734,19053,Next.js
24735,19053,Node.js
24736,19053,React
24739,19058,Angular
24740,19058,ASP.NET CORE
24741,19058,Express
24743,19058,React
24744,19062,ASP.NET CORE
24748,19069,Angular
24749,19069,ASP.NET CORE
24750,19069,React
24752,19076,Spring Boot
24754,19079,ASP.NET CORE
24758,19081,ASP.NET CORE
24759,19081,Next.js
24760,19081,Node.js
24761,19081,React
24762,19083,Express
24764,19083,Node.js
24765,19083,Vue.js
24767,19084,Node.js
24769,19085,React
24771,19086,Express
24774,19086,Node.js
24775,19086,React
24776,19087,Angular
24777,19087,ASP.NET CORE
24778,19087,Express
24779,19087,Next.js
24780,19087,Node.js
24781,19087,React
24783,19088,Svelte
24786,19089,Spring Boot
24787,19089,Vue.js
24788,19092,Angular
24789,19092,Express
24791,19092,Node.js
24792,19092,Spring Boot
24793,19092,Vue.js
24794,19094,Node.js
24795,19094,Spring Boot
24797,19101,ASP.NET CORE
24798,19101,Express
24800,19101,Node.js
24802,19102,React
24805,19110,Angular
24806,19110,ASP.NET CORE
24808,19110,Node.js
24809,19110,React
24811,19114,Spring Boot
24813,19116,Express
24815,19116,Node.js
24816,19116,Vue.js
24818,19117,FastAPI
24819,19117,Next.js
24821,19117,Vue.js
24822,19118,Angular
24824,19118,Express
24827,19118,Node.js
24828,19118,React
24830,19120,Express
24831,19120,Node.js
24832,19120,React
24833,19125,Angular
24834,19126,Next.js
24835,19126,Node.js
24836,19126,React
24838,19133,Node.js
24839,19133,React
24844,19134,Next.js
24845,19134,Node.js
24846,19134,Svelte
24847,19135,Angular
24848,19135,ASP.NET CORE
24850,19135,Node.js
24851,19136,Angular
24852,19136,FastAPI
24853,19137,Svelte
24855,19139,Node.js
24856,19140,Angular
24858,19144,Express
24859,19144,FastAPI
24861,19144,Node.js
24863,19144,Vue.js
24864,19149,Express
24865,19149,FastAPI
24867,19149,Next.js
24868,19149,Node.js
24869,19149,React
24871,19150,Node.js
24872,19150,React
24874,19151,ASP.NET CORE
24876,19151,Svelte
24877,19152,React
24878,19153,FastAPI
24880,19153,Vue.js
24882,19157,ASP.NET CORE
24883,19157,Express
24884,19157,FastAPI
24885,19157,Next.js
24886,19157,Node.js
24887,19157,React
24888,19157,Svelte
24889,19158,Angular
24890,19158,Node.js
24891,19159,Express
24893,19159,Next.js
24894,19159,Node.js
24895,19159,React
24896,19162,Angular
24897,19162,Express
24900,19162,React
24902,19162,Vue.js
24904,19166,ASP.NET CORE
24908,19171,Spring Boot
24910,19173,Node.js
24911,19173,React
24912,19174,Angular
24913,19176,Node.js
24914,19176,React
24916,19176,Vue.js
24917,19177,Angular
24920,19177,Spring Boot
24922,19180,Next.js
24923,19180,Node.js
24924,19182,FastAPI
24926,19183,Angular
24929,19183,ASP.NET CORE
24932,19185,ASP.NET CORE
24933,19194,Angular
24934,19197,Express
24935,19197,Node.js
24936,19197,React
24938,19206,Angular
24940,19206,ASP.NET CORE
24942,19206,Node.js
24943,19207,Angular
24945,19207,ASP.NET CORE
24947,19209,Next.js
24948,19209,Node.js
24949,19209,React
24950,19210,Spring Boot
24955,19213,Next.js
24956,19215,Angular
24958,19215,Express
24959,19215,Node.js
24960,19215,React
24961,19215,Spring Boot
24962,19215,Vue.js
24964,19221,React
24965,19222,ASP.NET CORE
24968,19223,FastAPI
24974,19237,ASP.NET CORE
24975,19240,Next.js
24976,19240,React
24978,19243,FastAPI
24984,19244,FastAPI
24988,19244,Svelte
24989,19245,ASP.NET CORE
24991,19245,Node.js
24993,19245,Vue.js
24994,19249,Node.js
24995,19249,Svelte
24996,19250,React
24998,19253,FastAPI
24999,19253,React
25002,19258,Svelte
25004,19262,Node.js
25005,19262,React
25006,19262,Vue.js
25007,19264,Express
25008,19264,React
25012,19268,Next.js
25013,19268,Node.js
25015,19268,React
25016,19268,Svelte
25017,19268,Vue.js
25021,19271,ASP.NET CORE
25022,19271,Next.js
25023,19271,React
25024,19271,Vue.js
25025,19273,Node.js
25026,19273,React
25029,19273,Svelte
25030,19273,Vue.js
25032,19275,ASP.NET CORE
25035,19277,ASP.NET CORE
25038,19285,Angular
25040,19285,Spring Boot
25042,19290,React
25043,19293,Angular
25046,19293,React
25047,19293,Spring Boot
25048,19293,Vue.js
25050,19307,React
25054,19316,Angular
25056,19316,ASP.NET CORE
25057,19316,React
25058,19317,Spring Boot
25059,19321,Angular
25062,19321,Express
25063,19321,Next.js
25064,19321,Node.js
25065,19321,React
25067,19321,Spring Boot
25068,19321,Vue.js
25071,19322,Next.js
25072,19322,Node.js
25073,19322,React
25074,19322,Vue.js
25075,19325,ASP.NET CORE
25078,19330,ASP.NET CORE
25080,19330,Node.js
25081,19330,React
25083,19332,Node.js
25084,19335,ASP.NET CORE
25085,19335,React
25086,19336,Vue.js
25087,19337,ASP.NET CORE
25088,19337,React
25089,19337,Vue.js
25090,19338,Express
25092,19338,Next.js
25093,19338,Node.js
25094,19338,React
25095,19341,Angular
25097,19348,React
25098,19349,Express
25100,19349,Next.js
25101,19349,Node.js
25102,19349,React
25103,19351,React
25106,19352,React
25108,19357,FastAPI
25111,19357,Next.js
25112,19357,Node.js
25114,19357,Svelte
25116,19364,Angular
25117,19364,Express
25119,19364,Next.js
25120,19364,Node.js
25121,19364,React
25122,19364,Vue.js
25124,19366,ASP.NET CORE
25128,19366,Node.js
25129,19366,React
25130,19366,Svelte
25131,19366,Vue.js
25132,19372,ASP.NET CORE
25134,19372,React
25135,19374,FastAPI
25139,19376,Next.js
25140,19376,React
25141,19376,Svelte
25142,19376,Vue.js
25145,19386,Express
25146,19386,Next.js
25147,19386,Node.js
25148,19386,React
25149,19386,Spring Boot
25151,19391,ASP.NET CORE
25154,19395,ASP.NET CORE
25155,19395,Express
25156,19395,Node.js
25158,19395,Svelte
25159,19395,Vue.js
25161,19397,Spring Boot
25163,19403,Next.js
25164,19403,Node.js
25165,19403,React
25166,19404,Angular
25168,19404,Express
25169,19404,Next.js
25170,19404,Node.js
25171,19404,React
25172,19404,Spring Boot
25173,19405,Angular
25175,19405,Express
25176,19405,FastAPI
25179,19405,Node.js
25180,19405,React
25182,19406,Node.js
25184,19408,Angular
25187,19408,ASP.NET CORE
25190,19413,React
25191,19414,React
25192,19415,Next.js
25193,19415,Node.js
25194,19415,React
25195,19416,Express
25198,19416,Next.js
25199,19416,Node.js
25201,19416,React
25205,19416,Vue.js
25206,19421,ASP.NET CORE
25210,19422,ASP.NET CORE
25213,19423,Svelte
25214,19423,Vue.js
25216,19424,Next.js
25217,19424,Node.js
25218,19424,React
25224,19427,Express
25226,19427,Node.js
25227,19427,React
25228,19427,Vue.js
25231,19435,ASP.NET CORE
25234,19435,Vue.js
25235,19438,Angular
25238,19438,Node.js
25239,19438,Vue.js
25242,19439,Vue.js
25243,19440,Angular
25245,19440,ASP.NET CORE
25248,19443,Next.js
25249,19443,Node.js
25250,19443,React
25251,19443,Svelte
25252,19448,Angular
25254,19448,ASP.NET CORE
25257,19450,FastAPI
25259,19450,Node.js
25260,19452,Angular
25261,19452,ASP.NET CORE
25263,19453,React
25264,19454,FastAPI
25266,19455,React
25268,19457,ASP.NET CORE
25269,19457,React
25270,19461,Angular
25271,19461,ASP.NET CORE
25273,19464,FastAPI
25275,19470,ASP.NET CORE
25277,19472,ASP.NET CORE
25284,19475,React
25288,19484,FastAPI
25290,19484,React
25291,19486,Node.js
25294,19488,Next.js
25295,19488,Node.js
25297,19490,ASP.NET CORE
25302,19490,Node.js
25303,19490,React
25306,19494,Node.js
25308,19497,Spring Boot
25309,19498,FastAPI
25310,19498,Node.js
25311,19498,React
25315,19505,Angular
25318,19506,Angular
25323,19506,Next.js
25324,19506,Node.js
25326,19507,ASP.NET CORE
25328,19514,Vue.js
25330,19517,Express
25332,19517,Node.js
25336,19522,Express
25340,19522,Next.js
25341,19522,Node.js
25342,19522,React
25343,19522,Vue.js
25344,19524,FastAPI
25345,19527,Express
25347,19527,Next.js
25348,19527,Node.js
25350,19527,React
25351,19527,Vue.js
25352,19529,FastAPI
25354,19529,Svelte
25355,19534,Next.js
25356,19534,Node.js
25357,19534,React
25359,19543,Node.js
25360,19547,Spring Boot
25362,19549,ASP.NET CORE
25365,19549,Express
25366,19549,FastAPI
25372,19549,Next.js
25373,19549,Node.js
25374,19549,React
25376,19552,Spring Boot
25377,19553,Angular
25379,19553,Next.js
25380,19553,Node.js
25382,19553,React
25384,19553,Svelte
25385,19553,Vue.js
25389,19554,Next.js
25390,19554,React
25391,19555,FastAPI
25396,19556,Svelte
25397,19556,Vue.js
25398,19559,Angular
25400,19559,Next.js
25401,19559,Node.js
25402,19559,React
25403,19559,Svelte
25404,19560,Express
25408,19560,Next.js
25409,19560,Node.js
25410,19560,React
25413,19562,Next.js
25414,19562,React
25416,19564,React
25419,19566,Express
25420,19566,Node.js
25422,19566,Svelte
25423,19568,Express
25425,19568,Next.js
25426,19568,Node.js
25427,19568,React
25429,19569,React
25430,19576,Node.js
25434,19577,React
25435,19577,Vue.js
25436,19585,Node.js
25438,19585,Vue.js
25441,19589,Node.js
25443,19589,Svelte
25444,19592,Angular
25445,19592,ASP.NET CORE
25446,19592,React
25447,19592,Vue.js
25448,19594,React
25449,19598,Angular
25451,19598,ASP.NET CORE
25453,19602,FastAPI
25454,19602,Node.js
25455,19603,Angular
25456,19603,ASP.NET CORE
25457,19605,FastAPI
25459,19611,ASP.NET CORE
25460,19615,FastAPI
25461,19615,React
25462,19616,ASP.NET CORE
25467,19619,Next.js
25468,19619,Node.js
25469,19619,React
25471,19621,ASP.NET CORE
25473,19621,Node.js
25474,19621,Vue.js
25476,19626,Next.js
25477,19626,Node.js
25479,19626,React
25481,19626,Spring Boot
25482,19630,ASP.NET CORE
25483,19631,React
25485,19633,ASP.NET CORE
25488,19634,ASP.NET CORE
25490,19635,Angular
25492,19635,ASP.NET CORE
25494,19635,React
25495,19639,Next.js
25497,19639,React
25498,19640,FastAPI
25499,19640,Next.js
25501,19640,Vue.js
25502,19643,Angular
25504,19643,ASP.NET CORE
25507,19644,Next.js
25508,19644,Node.js
25509,19644,React
25512,19645,Node.js
25513,19645,Spring Boot
25520,19646,Svelte
25521,19648,Angular
25522,19648,Express
25523,19648,Node.js
25526,19650,Next.js
25527,19651,Next.js
25528,19651,React
25532,19652,Spring Boot
25534,19653,Angular
25536,19653,ASP.NET CORE
25537,19653,React
25540,19664,React
25541,19664,Svelte
25545,19669,React
25547,19676,Angular
25549,19676,ASP.NET CORE
25550,19676,React
25551,19676,Vue.js
25553,19677,Vue.js
25554,19679,Node.js
25555,19679,React
25556,19680,Next.js
25557,19680,Node.js
25558,19680,React
25559,19680,Svelte
25561,19681,React
25562,19698,Spring Boot
25563,19700,Angular
25564,19700,Node.js
25565,19700,React
25566,19700,Spring Boot
25567,19700,Vue.js
25568,19701,Angular
25569,19701,FastAPI
25571,19701,Node.js
25572,19703,Angular
25577,19703,Next.js
25578,19703,Node.js
25580,19703,React
25582,19703,Vue.js
25585,19704,ASP.NET CORE
25586,19704,Express
25587,19704,Node.js
25588,19704,React
25589,19712,Angular
25590,19712,Spring Boot
25591,19714,Node.js
25593,19714,React
25594,19714,Vue.js
25596,19717,Node.js
25598,19717,Vue.js
25601,19726,Next.js
25602,19726,React
25604,19730,FastAPI
25606,19730,Next.js
25607,19730,Node.js
25608,19730,React
25611,19731,Vue.js
25612,19736,Angular
25614,19736,Next.js
25615,19736,Node.js
25616,19736,React
25617,19739,Vue.js
25618,19741,React
25619,19742,Angular
25620,19742,ASP.NET CORE
25624,19742,Vue.js
25625,19743,Express
25627,19743,Node.js
25629,19743,Vue.js
25631,19744,ASP.NET CORE
25634,19744,React
25635,19745,FastAPI
25637,19745,React
25638,19746,FastAPI
25639,19746,Svelte
25640,19747,ASP.NET CORE
25642,19747,Vue.js
25643,19748,React
25646,19749,ASP.NET CORE
25648,19749,Spring Boot
25649,19749,Vue.js
25650,19750,Node.js
25651,19750,React
25652,19750,Svelte
25653,19751,Node.js
25654,19751,React
25656,19752,ASP.NET CORE
25657,19752,Node.js
25658,19752,React
25660,19753,Node.js
25661,19753,React
25664,19754,React
25666,19758,Spring Boot
25669,19763,Angular
25671,19763,ASP.NET CORE
25674,19763,React
25676,19763,Spring Boot
25677,19763,Svelte
25678,19763,Vue.js
25682,19764,FastAPI
25683,19764,Svelte
25686,19767,Next.js
25687,19767,React
25689,19768,Express
25690,19768,FastAPI
25693,19768,Next.js
25694,19768,Node.js
25695,19768,React
25696,19768,Svelte
25697,19773,Angular
25698,19773,FastAPI
25700,19773,React
25701,19773,Spring Boot
25703,19774,Angular
25704,19774,ASP.NET CORE
25707,19777,Svelte
25708,19777,Vue.js
25709,19781,Angular
25710,19781,Express
25711,19781,Node.js
25716,19785,React
25717,19785,Spring Boot
25718,19786,FastAPI
25720,19786,Next.js
25721,19786,Node.js
25722,19786,React
25724,19786,Vue.js
25725,19787,Angular
25727,19787,ASP.NET CORE
25729,19787,React
25730,19791,Angular
25732,19791,Express
25733,19791,FastAPI
25736,19791,Next.js
25737,19791,Node.js
25739,19791,React
25742,19791,Svelte
25743,19791,Vue.js
25744,19797,ASP.NET CORE
25745,19799,FastAPI
25746,19799,Next.js
25747,19799,React
25748,19801,FastAPI
25749,19801,Next.js
25750,19801,Node.js
25751,19801,React
25752,19803,FastAPI
25755,19803,Node.js
25756,19803,React
25757,19803,Svelte
25759,19804,ASP.NET CORE
25760,19804,React
25761,19806,Express
25763,19806,Node.js
25766,19832,Angular
25771,19832,Next.js
25772,19832,Node.js
25773,19832,React
25776,19832,Svelte
25778,19834,Express
25779,19834,React
25780,19834,Svelte
25781,19836,ASP.NET CORE
25782,19836,React
25784,19841,React
25785,19842,Express
25786,19842,FastAPI
25787,19842,Next.js
25788,19842,Node.js
25789,19842,Spring Boot
25790,19843,Angular
25791,19843,ASP.NET CORE
25794,19843,Node.js
25795,19843,React
25796,19844,Angular
25798,19844,React
25799,19844,Spring Boot
25801,19845,ASP.NET CORE
25803,19845,Vue.js
25804,19846,Next.js
25805,19846,React
25807,19847,ASP.NET CORE
25808,19848,ASP.NET CORE
25809,19848,FastAPI
25811,19848,Next.js
25812,19848,Node.js
25813,19848,React
25814,19851,ASP.NET CORE
25815,19852,Angular
25816,19852,React
25817,19855,Angular
25819,19855,ASP.NET CORE
25823,19861,Svelte
25824,19861,Vue.js
25825,19866,Express
25827,19866,React
25829,19866,Svelte
25831,19867,FastAPI
25833,19867,Next.js
25834,19867,Node.js
25835,19867,React
25836,19867,Spring Boot
25838,19874,ASP.NET CORE
25841,19874,Vue.js
25843,19875,Vue.js
25845,19876,ASP.NET CORE
25847,19876,Express
25849,19876,Node.js
25850,19877,Next.js
25852,19877,React
25854,19877,Vue.js
25856,19878,ASP.NET CORE
25857,19879,Node.js
25858,19879,Vue.js
25859,19882,Angular
25860,19882,ASP.NET CORE
25862,19882,Node.js
25863,19882,React
25864,19883,Express
25865,19883,FastAPI
25866,19883,Next.js
25867,19883,Node.js
25868,19884,FastAPI
25869,19886,Angular
25871,19886,Express
25872,19886,Node.js
25873,19886,Vue.js
25875,19887,Node.js
25876,19889,Express
25879,19889,Next.js
25880,19889,Node.js
25881,19889,React
25882,19891,ASP.NET CORE
25883,19891,React
25884,19891,Svelte
25885,19893,Spring Boot
25887,19895,FastAPI
25890,19897,Spring Boot
25892,19899,Vue.js
25894,19902,ASP.NET CORE
25896,19903,ASP.NET CORE
25897,19906,Angular
25900,19906,Express
25901,19906,Node.js
25904,19908,Node.js
25905,19908,React
25908,19914,React
25909,19917,Angular
25911,19917,Spring Boot
25912,19924,Express
25916,19927,Angular
25918,19927,ASP.NET CORE
25921,19932,Svelte
25922,19935,Angular
25923,19935,ASP.NET CORE
25924,19935,Node.js
25926,19937,Node.js
25927,19937,React
25931,19942,FastAPI
25932,19942,Node.js
25934,19948,Express
25935,19948,Next.js
25936,19948,Node.js
25937,19948,React
25939,19957,FastAPI
25941,19957,React
25942,19957,Spring Boot
25944,19958,ASP.NET CORE
25947,19963,Angular
25948,19963,Spring Boot
25949,19976,Node.js
25950,19977,Express
25951,19977,React
25952,19977,Spring Boot
25954,19978,ASP.NET CORE
25955,19980,Angular
25956,19980,React
25957,19991,Angular
25958,19991,Spring Boot
25961,19993,Node.js
25962,19993,Vue.js
25963,19994,FastAPI
25966,19996,Express
25967,19996,Next.js
25968,19996,Node.js
25969,19996,React
25970,19999,ASP.NET CORE
25972,19999,React
25973,20000,React
25975,20002,Spring Boot
25977,20005,ASP.NET CORE
25979,20006,ASP.NET CORE
25981,20007,ASP.NET CORE
25983,20008,FastAPI
25984,20012,ASP.NET CORE
25987,20012,React
25988,20013,Angular
25989,20013,ASP.NET CORE
25990,20013,Node.js
25991,20013,React
25992,20013,Vue.js
25993,20014,Express
25994,20014,Node.js
25999,20022,FastAPI
26000,20023,Angular
26001,20023,ASP.NET CORE
26003,20023,Next.js
26004,20023,Node.js
26005,20023,React
26008,20025,React
26009,20026,ASP.NET CORE
26012,20031,Node.js
26013,20031,React
26014,20033,Node.js
26015,20035,React
26016,20035,Spring Boot
26017,20035,Vue.js
26018,20036,Express
26019,20036,Next.js
26020,20036,Node.js
26021,20036,React
26022,20038,Angular
26025,20038,ASP.NET CORE
26033,20038,Express
26034,20038,FastAPI
26036,20044,Express
26038,20044,Node.js
26039,20044,React
26040,20044,Vue.js
26042,20046,Express
26043,20046,FastAPI
26046,20046,Next.js
26047,20046,Node.js
26049,20046,React
26050,20046,Vue.js
26051,20050,Angular
26054,20050,ASP.NET CORE
26056,20050,Node.js
26057,20050,React
26058,20050,Vue.js
26060,20053,Angular
26061,20053,React
26062,20053,Spring Boot
26065,20057,FastAPI
26066,20057,Node.js
26067,20057,React
26068,20057,Vue.js
26070,20058,Next.js
26071,20058,Node.js
26073,20058,React
26074,20058,Vue.js
26075,20059,Vue.js
26076,20062,Node.js
26077,20062,React
26080,20063,Vue.js
26081,20067,FastAPI
26084,20077,Angular
26086,20077,ASP.NET CORE
26088,20084,Angular
26089,20084,ASP.NET CORE
26090,20084,Vue.js
26091,20088,Angular
26094,20089,ASP.NET CORE
26097,20089,React
26099,20090,FastAPI
26101,20092,Spring Boot
26102,20095,Angular
26104,20095,Node.js
26105,20095,React
26106,20095,Spring Boot
26107,20099,Angular
26109,20099,React
26110,20099,Spring Boot
26111,20103,Express
26113,20103,Next.js
26114,20103,Node.js
26115,20103,React
26118,20104,ASP.NET CORE
26122,20105,FastAPI
26124,20105,Spring Boot
26126,20107,Angular
26128,20107,Next.js
26129,20107,Node.js
26131,20107,React
26132,20108,Node.js
26133,20109,ASP.NET CORE
26135,20109,React
26136,20110,FastAPI
26137,20110,React
26138,20110,Spring Boot
26139,20114,FastAPI
26141,20118,Vue.js
26142,20120,ASP.NET CORE
26145,20120,Next.js
26146,20120,React
26147,20122,Express
26148,20122,Next.js
26149,20122,Node.js
26150,20122,React
26151,20125,Angular
26152,20125,ASP.NET CORE
26154,20126,FastAPI
26155,20126,Vue.js
26158,20128,Node.js
26159,20128,Svelte
26160,20128,Vue.js
26161,20131,Angular
26163,20131,ASP.NET CORE
26166,20131,Next.js
26167,20131,React
26168,20133,React
26169,20133,Spring Boot
26170,20134,React
26172,20136,Express
26174,20136,Next.js
26175,20136,Node.js
26176,20136,React
26177,20136,Svelte
26178,20136,Vue.js
26180,20140,FastAPI
26181,20140,Node.js
26182,20140,React
26187,20145,Node.js
26189,20147,Express
26190,20147,FastAPI
26193,20147,Next.js
26194,20147,Node.js
26196,20147,React
26197,20147,Vue.js
26199,20148,Next.js
26200,20148,Node.js
26202,20148,React
26203,20149,ASP.NET CORE
26206,20150,Angular
26207,20150,ASP.NET CORE
26209,20151,Express
26210,20151,Node.js
26211,20151,React
26212,20152,ASP.NET CORE
26214,20161,Angular
26215,20161,ASP.NET CORE
26216,20161,Express
26218,20161,React
26219,20161,Spring Boot
26221,20166,ASP.NET CORE
26222,20166,React
26223,20166,Spring Boot
26225,20167,FastAPI
26227,20168,Express
26229,20168,Node.js
26230,20168,Svelte
26232,20169,Node.js
26233,20169,React
26234,20170,ASP.NET CORE
26235,20170,Express
26240,20170,Next.js
26241,20170,Node.js
26242,20170,React
26243,20170,Spring Boot
26244,20171,Angular
26248,20171,Express
26249,20171,FastAPI
26255,20171,Next.js
26256,20171,Node.js
26258,20171,React
26261,20171,Svelte
26262,20171,Vue.js
26268,20178,Vue.js
26269,20184,Angular
26270,20184,Spring Boot
26271,20186,Next.js
26272,20186,React
26273,20186,Svelte
26274,20190,ASP.NET CORE
26276,20192,Angular
26278,20192,Express
26280,20192,Node.js
26283,20198,Express
26286,20198,Next.js
26287,20198,Node.js
26288,20198,React
26289,20198,Vue.js
26291,20199,Next.js
26292,20199,Node.js
26293,20199,React
26294,20200,Angular
26295,20200,ASP.NET CORE
26298,20201,Next.js
26299,20201,Node.js
26300,20201,React
26302,20202,ASP.NET CORE
26305,20203,FastAPI
26306,20203,Spring Boot
26307,20205,Angular
26309,20205,ASP.NET CORE
26311,20205,FastAPI
26313,20207,Express
26317,20207,Next.js
26318,20207,Node.js
26320,20207,React
26322,20207,Svelte
26323,20207,Vue.js
26326,20208,Express
26329,20208,Next.js
26330,20208,Node.js
26331,20208,React
26333,20209,ASP.NET CORE
26335,20209,React
26336,20210,Next.js
26337,20212,Angular
26341,20215,Vue.js
26342,20216,Express
26343,20216,FastAPI
26345,20216,Next.js
26346,20216,Node.js
26347,20216,React
26348,20217,Angular
26351,20217,Express
26355,20217,Next.js
26356,20217,Node.js
26358,20217,React
26359,20217,Vue.js
26361,20219,Node.js
26362,20219,React
26363,20219,Vue.js
26367,20221,Svelte
26368,20223,Angular
26369,20223,Express
26371,20223,Node.js
26372,20223,React
26373,20223,Spring Boot
26374,20223,Vue.js
26375,20224,Next.js
26376,20224,React
26377,20225,ASP.NET CORE
26384,20227,Angular
26385,20227,ASP.NET CORE
26386,20229,Node.js
26387,20229,React
26389,20230,ASP.NET CORE
26390,20231,ASP.NET CORE
26391,20231,Next.js
26392,20231,Node.js
26393,20231,React
26394,20235,FastAPI
26396,20235,Next.js
26397,20242,ASP.NET CORE
26399,20242,Node.js
26400,20242,React
26401,20242,Vue.js
26403,20245,ASP.NET CORE
26405,20245,Svelte
26406,20245,Vue.js
26407,20251,ASP.NET CORE
26409,20251,FastAPI
26410,20255,ASP.NET CORE
26412,20260,Angular
26413,20260,Next.js
26414,20260,Node.js
26416,20260,React
26417,20260,Vue.js
26418,20261,Next.js
26419,20261,Node.js
26421,20261,React
26423,20261,Vue.js
26424,20266,Next.js
26425,20266,React
26426,20268,ASP.NET CORE
26428,20268,Node.js
26430,20270,Next.js
26431,20270,Spring Boot
26434,20273,ASP.NET CORE
26437,20273,Express
26438,20273,FastAPI
26440,20276,FastAPI
26441,20278,ASP.NET CORE
26442,20278,React
26443,20279,Express
26444,20279,Node.js
26445,20281,Angular
26447,20281,Node.js
26448,20281,React
26449,20282,Angular
26450,20282,ASP.NET CORE
26452,20282,React
26454,20283,ASP.NET CORE
26458,20283,Next.js
26459,20283,Node.js
26460,20283,React
26465,20285,React
26466,20285,Spring Boot
26467,20290,Next.js
26468,20290,Node.js
26469,20290,React
26471,20290,Svelte
26473,20294,Spring Boot
26476,20295,Next.js
26477,20295,Node.js
26478,20295,React
26483,20295,Svelte
26486,20297,Angular
26488,20297,ASP.NET CORE
26490,20297,FastAPI
26494,20297,Next.js
26495,20297,Node.js
26496,20297,React
26498,20297,Svelte
26499,20297,Vue.js
26501,20303,Express
26505,20303,Next.js
26506,20303,Node.js
26507,20303,React
26508,20303,Svelte
26509,20303,Vue.js
26512,20304,ASP.NET CORE
26514,20304,Vue.js
26515,20306,ASP.NET CORE
26516,20306,Next.js
26517,20306,React
26518,20307,Angular
26519,20307,ASP.NET CORE
26520,20308,Angular
26521,20308,ASP.NET CORE
26522,20308,Node.js
26523,20308,React
26525,20311,Angular
26526,20311,Spring Boot
26527,20312,ASP.NET CORE
26528,20312,Next.js
26529,20312,React
26530,20315,ASP.NET CORE
26531,20315,Vue.js
26532,20317,ASP.NET CORE
26533,20317,Node.js
26534,20317,React
26536,20319,Express
26537,20319,Node.js
26538,20319,React
26539,20321,Angular
26540,20321,Spring Boot
26541,20325,Angular
26542,20325,Spring Boot
26545,20328,FastAPI
26548,20328,React
26549,20328,Vue.js
26551,20329,Angular
26553,20329,Node.js
26554,20331,ASP.NET CORE
26557,20334,ASP.NET CORE
26561,20334,Node.js
26564,20335,ASP.NET CORE
26565,20335,Node.js
26566,20335,Vue.js
26567,20337,Node.js
26568,20338,FastAPI
26570,20338,React
26572,20338,Spring Boot
26573,20338,Svelte
26574,20338,Vue.js
26577,20342,React
26578,20343,Express
26582,20343,Node.js
26583,20343,React
26584,20344,Angular
26585,20344,ASP.NET CORE
26586,20344,Node.js
26589,20348,Vue.js
26590,20349,Angular
26591,20349,ASP.NET CORE
26593,20352,React
26595,20355,Next.js
26596,20355,Node.js
26597,20355,React
26600,20360,ASP.NET CORE
26602,20360,Express
26603,20360,Next.js
26604,20360,Node.js
26606,20360,React
26607,20360,Svelte
26608,20360,Vue.js
26609,20363,Spring Boot
26612,20365,Spring Boot
26614,20368,Next.js
26615,20368,Node.js
26616,20368,React
26617,20368,Vue.js
26619,20372,Angular
26620,20372,ASP.NET CORE
26621,20372,Node.js
26622,20372,React
26624,20373,Vue.js
26625,20379,FastAPI
26626,20379,Next.js
26627,20379,React
26630,20385,Next.js
26631,20385,Node.js
26632,20385,Svelte
26633,20389,Angular
26636,20389,ASP.NET CORE
26637,20389,Node.js
26641,20391,React
26646,20392,React
26649,20393,Node.js
26651,20393,Vue.js
26652,20397,Angular
26654,20397,React
26655,20397,Spring Boot
26656,20398,Express
26658,20398,Node.js
26659,20398,React
26660,20402,Angular
26661,20402,Express
26663,20402,Node.js
26667,20403,Node.js
26668,20403,React
26671,20404,Next.js
26672,20404,React
26674,20406,Angular
26675,20406,Next.js
26676,20406,Spring Boot
26680,20408,Node.js
26681,20408,React
26684,20412,Express
26685,20412,Node.js
26687,20413,Node.js
26688,20421,Spring Boot
26689,20422,React
26690,20423,Angular
26692,20423,ASP.NET CORE
26694,20423,FastAPI
26699,20423,React
26701,20423,Spring Boot
26702,20423,Svelte
26703,20424,Next.js
26705,20431,Node.js
26706,20431,React
26707,20431,Vue.js
26708,20433,ASP.NET CORE
26711,20433,Vue.js
26712,20438,React
26713,20441,Angular
26717,20443,Node.js
26718,20443,React
26723,20445,Next.js
26724,20445,Node.js
26725,20445,React
26727,20446,Node.js
26729,20446,Vue.js
26730,20449,Node.js
26731,20449,React
26732,20449,Spring Boot
26733,20450,ASP.NET CORE
26735,20450,React
26736,20454,Angular
26738,20454,ASP.NET CORE
26741,20454,Node.js
26742,20454,React
26743,20454,Spring Boot
26744,20454,Vue.js
26746,20455,Express
26747,20455,Node.js
26748,20455,React
26749,20455,Spring Boot
26750,20460,FastAPI
26751,20463,FastAPI
26752,20463,React
26753,20463,Vue.js
26754,20464,Angular
26755,20464,React
26756,20464,Spring Boot
26757,20471,Express
26759,20471,Node.js
26760,20471,React
26761,20471,Vue.js
26764,20480,Angular
26765,20480,Express
26767,20480,Node.js
26768,20481,Spring Boot
26769,20483,Next.js
26770,20483,React
26771,20484,Angular
26775,20484,Node.js
26778,20485,Spring Boot
26782,20487,ASP.NET CORE
26785,20488,Node.js
26786,20488,Vue.js
26788,20489,Express
26790,20489,Next.js
26791,20489,Node.js
26792,20489,React
26793,20489,Vue.js
26795,20492,Express
26798,20492,Node.js
26799,20492,React
26800,20492,Spring Boot
26802,20494,React
26803,20496,React
26804,20496,Spring Boot
26805,20499,Angular
26806,20499,Spring Boot
26808,20502,ASP.NET CORE
26811,20504,Express
26814,20504,Next.js
26815,20504,Node.js
26816,20504,React
26817,20513,React
26818,20514,Angular
26821,20514,ASP.NET CORE
26822,20514,Next.js
26823,20514,Node.js
26824,20514,React
26825,20517,Angular
26827,20517,ASP.NET CORE
26829,20517,Express
26830,20517,Node.js
26831,20517,Vue.js
26832,20523,React
26834,20525,Next.js
26835,20525,Node.js
26836,20525,React
26838,20526,Express
26840,20526,Node.js
26841,20526,Svelte
26843,20527,Node.js
26844,20527,Vue.js
26846,20531,Vue.js
26850,20533,ASP.NET CORE
26853,20538,Node.js
26854,20538,Vue.js
26860,20541,Svelte
26861,20542,React
26862,20544,Node.js
26863,20546,Express
26865,20546,Node.js
26866,20548,Angular
26869,20548,Node.js
26871,20548,Vue.js
26873,20550,Next.js
26874,20550,Node.js
26875,20550,React
26876,20550,Spring Boot
26877,20552,Angular
26881,20552,FastAPI
26884,20552,Next.js
26885,20552,Node.js
26887,20552,React
26889,20552,Svelte
26890,20552,Vue.js
26891,20556,ASP.NET CORE
26894,20556,React
26895,20556,Vue.js
26896,20557,Node.js
26897,20557,React
26898,20558,Node.js
26899,20562,Express
26900,20562,Node.js
26901,20562,React
26905,20572,Next.js
26906,20572,Spring Boot
26908,20574,Node.js
26909,20575,Angular
26910,20575,ASP.NET CORE
26917,20578,Node.js
26918,20578,React
26921,20579,Node.js
26922,20579,React
26923,20580,React
26924,20580,Spring Boot
26925,20580,Vue.js
26926,20581,Next.js
26927,20581,Node.js
26928,20581,React
26930,20581,Spring Boot
26931,20583,Node.js
26938,20585,Express
26939,20585,FastAPI
26943,20585,Next.js
26944,20585,Node.js
26946,20585,React
26948,20585,Vue.js
26950,20591,ASP.NET CORE
26952,20591,Node.js
26953,20591,React
26955,20592,ASP.NET CORE
26956,20593,FastAPI
26957,20593,Next.js
26958,20593,React
26959,20597,ASP.NET CORE
26960,20597,Node.js
26961,20597,React
26962,20598,Next.js
26963,20598,React
26965,20599,React
26966,20603,Angular
26967,20603,ASP.NET CORE
26970,20605,React
26973,20606,Node.js
26974,20606,Vue.js
26975,20607,Angular
26977,20607,ASP.NET CORE
26979,20607,Node.js
26981,20610,React
26982,20610,Vue.js
26983,20611,React
26985,20616,Angular
26987,20616,Node.js
26988,20616,React
26995,20618,Node.js
26996,20618,React
26998,20618,Vue.js
26999,20622,Angular
27000,20622,FastAPI
27001,20622,Node.js
27003,20623,ASP.NET CORE
27006,20627,Node.js
27008,20627,Svelte
27012,20628,Express
27013,20628,FastAPI
27018,20628,Next.js
27019,20628,Node.js
27021,20628,React
27022,20628,Vue.js
27024,20631,Vue.js
27026,20632,React
27027,20632,Spring Boot
27028,20633,Spring Boot
27031,20644,FastAPI
27033,20644,Node.js
27034,20644,React
27035,20645,ASP.NET CORE
27036,20645,Express
27038,20645,Next.js
27039,20645,Node.js
27040,20645,Spring Boot
27043,20652,ASP.NET CORE
27045,20657,Express
27046,20657,FastAPI
27048,20657,Next.js
27049,20657,Node.js
27050,20657,React
27053,20657,Spring Boot
27054,20657,Svelte
27055,20658,Angular
27057,20658,ASP.NET CORE
27060,20658,Node.js
27066,20663,Node.js
27072,20671,Spring Boot
27073,20674,ASP.NET CORE
27076,20677,ASP.NET CORE
27078,20677,Svelte
27079,20678,ASP.NET CORE
27080,20678,Svelte
27082,20683,ASP.NET CORE
27083,20683,Express
27084,20683,FastAPI
27088,20683,Node.js
27089,20683,React
27092,20683,Spring Boot
27093,20683,Svelte
27094,20683,Vue.js
27095,20684,Angular
27097,20684,ASP.NET CORE
27099,20684,Next.js
27100,20684,Node.js
27101,20684,React
27103,20684,Spring Boot
27107,20690,Express
27108,20690,Next.js
27109,20690,Node.js
27110,20690,React
27111,20690,Svelte
27113,20694,ASP.NET CORE
27115,20695,Node.js
27116,20697,Express
27119,20697,Next.js
27120,20697,Node.js
27121,20697,React
27122,20698,Angular
27123,20698,ASP.NET CORE
27124,20698,React
27125,20705,Angular
27126,20705,ASP.NET CORE
27128,20706,FastAPI
27130,20706,Next.js
27131,20706,React
27134,20707,Angular
27137,20707,ASP.NET CORE
27140,20708,Vue.js
27143,20710,ASP.NET CORE
27144,20710,React
27145,20711,Express
27146,20711,Node.js
27147,20711,React
27149,20714,Node.js
27150,20714,React
27153,20715,Express
27154,20715,FastAPI
27155,20715,Node.js
27156,20715,React
27159,20715,Svelte
27160,20715,Vue.js
27164,20722,Svelte
27165,20722,Vue.js
27167,20726,Node.js
27168,20726,React
27169,20729,FastAPI
27170,20729,Next.js
27171,20729,React
27172,20736,Node.js
27173,20737,Angular
27175,20740,Express
27179,20746,FastAPI
27181,20748,Express
27182,20748,Next.js
27183,20748,Node.js
27185,20748,Spring Boot
27186,20748,Svelte
27187,20748,Vue.js
27189,20749,Node.js
27191,20749,React
27193,20756,Express
27195,20756,Next.js
27196,20756,Node.js
27197,20756,React
27198,20756,Vue.js
27199,20757,ASP.NET CORE
27203,20758,React
27205,20758,Svelte
27206,20760,Angular
27208,20760,Node.js
27209,20761,FastAPI
27211,20762,Node.js
27212,20762,Vue.js
27214,20768,Express
27215,20768,Node.js
27216,20768,Svelte
27217,20770,React
27220,20773,ASP.NET CORE
27222,20773,Vue.js
27224,20777,Next.js
27225,20777,Node.js
27226,20777,React
27227,20778,Angular
27228,20778,ASP.NET CORE
27229,20778,Node.js
27230,20779,Angular
27232,20779,Express
27233,20779,Node.js
27234,20779,React
27235,20779,Vue.js
27238,20786,Vue.js
27241,20787,ASP.NET CORE
27242,20787,Vue.js
27244,20789,Spring Boot
27247,20792,ASP.NET CORE
27250,20792,Next.js
27251,20792,Node.js
27252,20794,ASP.NET CORE
27254,20795,Angular
27255,20795,ASP.NET CORE
27260,20799,Next.js
27261,20799,Node.js
27262,20799,React
27266,20799,Svelte
27268,20806,Node.js
27269,20806,React
27271,20807,React
27272,20807,Vue.js
27273,20808,Angular
27274,20808,ASP.NET CORE
27275,20810,ASP.NET CORE
27278,20815,Next.js
27282,20820,Next.js
27283,20820,Node.js
27285,20820,React
27288,20820,Svelte
27289,20822,Angular
27291,20822,ASP.NET CORE
27294,20822,Express
27295,20822,Node.js
27296,20822,React
27298,20822,Svelte
27299,20823,React
27300,20826,Angular
27301,20826,ASP.NET CORE
27302,20826,Next.js
27303,20826,React
27306,20828,Express
27308,20828,Next.js
27309,20828,Node.js
27310,20828,React
27313,20828,Vue.js
27315,20829,ASP.NET CORE
27318,20833,Angular
27321,20833,Express
27324,20833,Next.js
27325,20833,Spring Boot
27327,20834,Node.js
27328,20834,React
27330,20835,ASP.NET CORE
27331,20835,Node.js
27333,20836,Node.js
27335,20838,Node.js
27336,20838,React
27338,20841,Express
27340,20841,Next.js
27341,20841,Node.js
27343,20846,ASP.NET CORE
27346,20849,Express
27347,20849,FastAPI
27349,20849,Next.js
27350,20849,Node.js
27351,20849,React
27352,20849,Svelte
27353,20850,ASP.NET CORE
27356,20850,Node.js
27357,20850,Vue.js
27359,20857,Express
27360,20857,Next.js
27361,20857,Node.js
27363,20857,Spring Boot
27366,20859,Spring Boot
27367,20860,Express
27368,20860,Vue.js
27369,20864,FastAPI
27370,20864,Node.js
27371,20870,Angular
27373,20870,ASP.NET CORE
27374,20870,React
27375,20871,Express
27376,20871,Node.js
27377,20871,React
27379,20871,Vue.js
27380,20882,Next.js
27381,20882,Node.js
27382,20882,React
27384,20884,FastAPI
27386,20886,React
27388,20886,Spring Boot
27392,20890,ASP.NET CORE
27394,20892,Angular
27395,20892,ASP.NET CORE
27397,20892,Node.js
27398,20892,React
27401,20894,Next.js
27402,20894,Node.js
27403,20894,React
27406,20902,Angular
27407,20902,Node.js
27408,20902,React
27409,20902,Vue.js
27411,20903,Angular
27412,20903,Express
27413,20903,Node.js
27414,20903,React
27416,20904,ASP.NET CORE
27417,20904,Next.js
27418,20908,Node.js
27420,20909,ASP.NET CORE
27422,20911,Express
27423,20911,Node.js
27424,20911,React
27427,20916,Express
27428,20916,FastAPI
27430,20916,Next.js
27431,20916,Node.js
27432,20916,React
27434,20916,Svelte
27435,20917,FastAPI
27438,20918,Node.js
27439,20918,React
27440,20918,Svelte
27441,20918,Vue.js
27443,20925,ASP.NET CORE
27445,20926,Spring Boot
27447,20928,Node.js
27448,20928,React
27449,20928,Spring Boot
27450,20930,Angular
27453,20930,Node.js
27456,20933,Express
27458,20933,Next.js
27459,20933,Node.js
27460,20933,React
27463,20934,ASP.NET CORE
27464,20934,FastAPI
27465,20934,Node.js
27466,20934,React
27467,20934,Spring Boot
27468,20934,Vue.js
27469,20936,ASP.NET CORE
27471,20936,FastAPI
27474,20939,ASP.NET CORE
27475,20939,Next.js
27476,20939,React
27477,20941,FastAPI
27479,20941,Node.js
27480,20941,React
27481,20942,Next.js
27482,20942,Node.js
27483,20942,Svelte
27485,20942,Vue.js
27486,20946,Angular
27487,20948,React
27490,20954,ASP.NET CORE
27492,20954,Next.js
27493,20954,React
27495,20954,Svelte
27496,20955,React
27498,20958,Angular
27499,20958,ASP.NET CORE
27501,20958,Express
27502,20958,React
27509,20960,Svelte
27510,20962,ASP.NET CORE
27512,20962,Express
27513,20962,Next.js
27514,20962,React
27519,20966,Node.js
27520,20966,Vue.js
27521,20967,Next.js
27522,20967,Node.js
27523,20969,Next.js
27524,20969,Node.js
27526,20969,React
27527,20970,Angular
27529,20970,Spring Boot
27530,20972,Angular
27532,20974,Node.js
27537,20981,Next.js
27538,20981,Node.js
27541,20981,React
27544,20981,Svelte
27545,20981,Vue.js
27547,20984,Node.js
27549,20985,ASP.NET CORE
27550,20985,Next.js
27551,20985,Node.js
27552,20985,React
27553,20985,Svelte
27554,20985,Vue.js
27555,20986,Spring Boot
27558,20995,Express
27559,20995,Next.js
27560,20995,Node.js
27561,20995,React
27562,20997,ASP.NET CORE
27566,21005,FastAPI
27567,21005,Next.js
27568,21005,Node.js
27570,21005,React
27571,21005,Vue.js
27573,21006,Next.js
27574,21006,Node.js
27575,21006,React
27576,21007,Angular
27579,21007,ASP.NET CORE
27581,21007,Express
27585,21007,Next.js
27586,21007,Node.js
27587,21007,React
27589,21007,Vue.js
27591,21011,ASP.NET CORE
27593,21011,Node.js
27594,21011,React
27596,21012,ASP.NET CORE
27598,21012,Next.js
27600,21012,React
27602,21012,Vue.js
27603,21015,Node.js
27604,21015,React
27606,21017,ASP.NET CORE
27607,21017,React
27608,21023,Express
27609,21023,Node.js
27610,21024,Angular
27611,21024,ASP.NET CORE
27613,21024,Next.js
27614,21024,Node.js
27615,21024,React
27616,21026,Angular
27619,21026,ASP.NET CORE
27622,21026,Node.js
27623,21026,Vue.js
27625,21027,Node.js
27626,21029,React
27627,21029,Spring Boot
27628,21029,Vue.js
27629,21040,FastAPI
27631,21040,Next.js
27632,21040,Node.js
27633,21040,React
27634,21040,Vue.js
27635,21041,Next.js
27636,21041,Node.js
27637,21041,React
27638,21041,Svelte
27639,21041,Vue.js
27640,21043,Angular
27642,21043,ASP.NET CORE
27643,21043,Node.js
27645,21045,Node.js
27650,21049,Vue.js
27652,21052,Next.js
27653,21052,Node.js
27654,21052,React
27655,21052,Vue.js
27658,21055,React
27659,21057,Angular
27660,21057,Express
27661,21057,Next.js
27662,21057,Node.js
27663,21057,Svelte
27665,21067,ASP.NET CORE
27666,21067,FastAPI
27667,21067,Node.js
27670,21070,Node.js
27671,21071,ASP.NET CORE
27676,21073,ASP.NET CORE
27679,21074,Vue.js
27680,21076,Angular
27681,21076,ASP.NET CORE
27682,21078,ASP.NET CORE
27683,21080,ASP.NET CORE
27685,21080,React
27686,21095,ASP.NET CORE
27688,21097,React
27690,21097,Spring Boot
27692,21100,ASP.NET CORE
27694,21101,Angular
27697,21101,ASP.NET CORE
27701,21101,Express
27702,21101,FastAPI
27705,21101,Next.js
27706,21101,Node.js
27708,21101,React
27711,21101,Svelte
27713,21101,Vue.js
27717,21102,Next.js
27718,21102,Node.js
27719,21102,Spring Boot
27720,21103,Node.js
27721,21106,ASP.NET CORE
27722,21106,React
27724,21107,ASP.NET CORE
27725,21107,Vue.js
27726,21116,React
27728,21117,Express
27729,21121,Express
27732,21121,Next.js
27733,21121,Node.js
27734,21121,React
27737,21126,Node.js
27738,21126,React
27739,21126,Spring Boot
27743,21129,Next.js
27744,21129,Node.js
27745,21129,React
27748,21134,FastAPI
27752,21134,Next.js
27753,21134,Node.js
27754,21134,React
27755,21135,ASP.NET CORE
27758,21137,Next.js
27759,21137,React
27760,21143,Angular
27761,21143,ASP.NET CORE
27763,21143,Node.js
27764,21143,React
27767,21152,React
27769,21153,FastAPI
27770,21153,Node.js
27772,21154,Node.js
27773,21154,Spring Boot
27774,21154,Vue.js
27778,21157,Next.js
27779,21157,Node.js
27780,21157,React
27782,21157,Vue.js
27785,21161,Node.js
27786,21161,Vue.js
27787,21162,Angular
27789,21165,Node.js
27790,21165,React
27793,21167,React
27794,21172,Node.js
27795,21174,Next.js
27796,21174,Node.js
27797,21174,React
27798,21175,ASP.NET CORE
27799,21175,FastAPI
27801,21175,Next.js
27802,21175,Node.js
27803,21175,React
27804,21175,Vue.js
27805,21176,FastAPI
27807,21176,Node.js
27808,21176,Spring Boot
27809,21176,Vue.js
27810,21178,Angular
27811,21178,Express
27812,21178,Node.js
27813,21178,React
27814,21182,Spring Boot
27815,21186,Angular
27817,21186,ASP.NET CORE
27819,21186,Express
27825,21186,Next.js
27826,21186,Node.js
27828,21186,React
27830,21186,Spring Boot
27831,21186,Vue.js
27833,21189,ASP.NET CORE
27834,21189,Express
27836,21189,Next.js
27837,21189,Node.js
27838,21189,React
27839,21192,ASP.NET CORE
27841,21192,React
27842,21193,Express
27844,21193,Next.js
27845,21193,Node.js
27846,21193,React
27849,21196,Node.js
27851,21196,Spring Boot
27852,21196,Svelte
27853,21196,Vue.js
27854,21197,Express
27855,21197,Node.js
27856,21197,React
27858,21198,ASP.NET CORE
27861,21198,Node.js
27862,21198,Vue.js
27863,21200,Angular
27866,21200,Next.js
27867,21200,Node.js
27868,21200,React
27869,21200,Vue.js
27871,21201,Angular
27872,21201,ASP.NET CORE
27875,21203,ASP.NET CORE
27876,21203,React
27877,21205,Angular
27880,21206,Node.js
27881,21206,React
27883,21214,Node.js
27884,21214,Vue.js
27886,21227,Express
27888,21227,Next.js
27889,21227,Node.js
27890,21227,React
27894,21235,FastAPI
27898,21239,ASP.NET CORE
27899,21239,React
27902,21240,Node.js
27903,21240,React
27904,21241,ASP.NET CORE
27906,21241,Node.js
27907,21242,Spring Boot
27908,21242,Vue.js
27909,21243,ASP.NET CORE
27911,21246,ASP.NET CORE
27912,21246,Node.js
27913,21246,Svelte
27914,21248,Svelte
27915,21250,React
27918,21252,React
27919,21261,ASP.NET CORE
27922,21264,Spring Boot
27924,21265,ASP.NET CORE
27927,21268,Spring Boot
27929,21270,Node.js
27930,21270,React
27932,21271,ASP.NET CORE
27935,21273,Node.js
27936,21273,Svelte
27937,21279,FastAPI
27939,21281,Next.js
27940,21281,Node.js
27941,21281,React
27942,21284,ASP.NET CORE
27945,21284,Node.js
27946,21284,React
27947,21285,Node.js
27949,21285,Vue.js
27951,21289,FastAPI
27954,21291,Angular
27955,21291,ASP.NET CORE
27956,21291,FastAPI
27957,21296,Node.js
27958,21296,React
27960,21297,Express
27961,21297,Node.js
27962,21299,Next.js
27963,21299,React
27964,21299,Svelte
27965,21301,Spring Boot
27967,21303,ASP.NET CORE
27968,21303,FastAPI
27970,21303,Node.js
27971,21303,React
27972,21303,Vue.js
27973,21304,Angular
27974,21304,ASP.NET CORE
27975,21306,Angular
27977,21306,ASP.NET CORE
27983,21310,ASP.NET CORE
27986,21310,FastAPI
27989,21310,Next.js
27990,21310,Node.js
27992,21310,React
27994,21310,Svelte
27995,21310,Vue.js
27996,21311,Angular
28000,21311,Next.js
28001,21311,Node.js
28002,21311,React
28004,21311,Vue.js
28005,21312,FastAPI
28006,21312,Spring Boot
28008,21318,FastAPI
28009,21318,Next.js
28010,21318,React
28012,21320,ASP.NET CORE
28013,21320,Node.js
28014,21321,Angular
28016,21321,Node.js
28017,21321,React
28020,21321,Svelte
28021,21324,React
28022,21326,Express
28023,21326,Node.js
28024,21326,React
28025,21326,Spring Boot
28030,21329,Next.js
28031,21329,Node.js
28032,21329,Svelte
28033,21329,Vue.js
28036,21338,Next.js
28037,21338,Node.js
28038,21338,React
28039,21338,Spring Boot
28040,21338,Vue.js
28045,21347,Next.js
28046,21347,Node.js
28047,21347,React
28048,21348,Express
28049,21348,Next.js
28050,21348,Node.js
28051,21348,React
28052,21348,Svelte
28054,21350,ASP.NET CORE
28056,21352,Express
28057,21352,Node.js
28059,21352,Vue.js
28061,21353,ASP.NET CORE
28062,21359,Svelte
28065,21360,React
28067,21362,Express
28068,21362,FastAPI
28069,21362,Next.js
28070,21362,Node.js
28071,21362,React
28073,21362,Vue.js
28074,21367,Express
28077,21367,Next.js
28078,21367,Node.js
28080,21367,React
28081,21367,Vue.js
28083,21372,FastAPI
28085,21372,Node.js
28086,21372,Svelte
28087,21372,Vue.js
28088,21373,React
28090,21374,FastAPI
28092,21374,Spring Boot
28093,21375,Express
28094,21375,Node.js
28095,21375,React
28096,21375,Svelte
28097,21380,Angular
28098,21380,ASP.NET CORE
28099,21380,Express
28100,21380,Node.js
28101,21383,Angular
28105,21384,Express
28106,21384,FastAPI
28107,21384,Node.js
28109,21385,ASP.NET CORE
28111,21385,Node.js
28112,21385,React
28113,21385,Vue.js
28118,21389,Next.js
28119,21389,Node.js
28120,21389,React
28121,21389,Spring Boot
28122,21389,Svelte
28123,21390,ASP.NET CORE
28124,21390,Vue.js
28126,21393,React
28128,21396,FastAPI
28129,21398,Angular
28131,21398,ASP.NET CORE
28134,21398,Spring Boot
28135,21398,Vue.js
28136,21399,ASP.NET CORE
28138,21399,React
28140,21404,Express
28143,21404,Next.js
28144,21404,Node.js
28146,21404,React
28151,21411,FastAPI
28153,21411,React
28154,21411,Vue.js
28156,21412,Express
28157,21412,FastAPI
28160,21412,Next.js
28161,21412,Node.js
28162,21412,React
28163,21413,Next.js
28165,21414,Angular
28168,21414,FastAPI
28170,21414,Node.js
28171,21415,ASP.NET CORE
28173,21415,Vue.js
28174,21416,Express
28175,21416,Node.js
28178,21418,Node.js
28179,21418,React
28180,21422,Node.js
28182,21425,ASP.NET CORE
28184,21425,React
28185,21425,Vue.js
28187,21433,ASP.NET CORE
28190,21433,Node.js
28192,21435,Express
28194,21435,Next.js
28195,21435,Node.js
28196,21435,React
28197,21435,Vue.js
28198,21436,FastAPI
28200,21437,Node.js
28201,21437,React
28203,21438,ASP.NET CORE
28205,21438,Next.js
28206,21438,React
28208,21439,FastAPI
28211,21439,Node.js
28213,21439,Vue.js
28215,21441,Vue.js
28216,21442,ASP.NET CORE
28217,21442,Next.js
28218,21442,Node.js
28220,21442,React
28222,21442,Vue.js
28224,21444,Express
28226,21450,ASP.NET CORE
28227,21455,React
28230,21462,React
28232,21463,Node.js
28233,21463,React
28234,21467,FastAPI
28236,21467,Node.js
28238,21470,FastAPI
28239,21470,Vue.js
28241,21476,Express
28244,21476,Node.js
28247,21476,Spring Boot
28248,21476,Vue.js
28249,21479,Angular
28251,21479,ASP.NET CORE
28253,21479,FastAPI
28254,21482,Angular
28256,21482,ASP.NET CORE
28257,21482,Node.js
28258,21483,Angular
28260,21483,Node.js
28261,21483,React
28263,21484,ASP.NET CORE
28265,21484,Express
28267,21484,Node.js
28268,21484,React
28272,21486,Express
28273,21486,Next.js
28274,21486,Node.js
28275,21487,Next.js
28276,21487,Node.js
28277,21487,React
28278,21489,FastAPI
28280,21491,ASP.NET CORE
28285,21491,Svelte
28287,21494,ASP.NET CORE
28288,21494,FastAPI
28290,21498,ASP.NET CORE
28291,21500,Angular
28292,21500,ASP.NET CORE
28294,21500,Node.js
28296,21500,Svelte
28297,21500,Vue.js
28298,21503,Svelte
28299,21511,ASP.NET CORE
28301,21511,React
28302,21511,Spring Boot
28303,21511,Vue.js
28304,21514,Angular
28307,21514,Next.js
28308,21514,Vue.js
28315,21518,Svelte
28317,21518,Vue.js
28318,21525,Angular
28320,21525,ASP.NET CORE
28324,21525,Express
28325,21525,FastAPI
28329,21525,Next.js
28330,21525,Node.js
28331,21525,React
28334,21525,Spring Boot
28335,21525,Vue.js
28337,21527,ASP.NET CORE
28340,21527,Node.js
28341,21527,React
28342,21527,Svelte
28343,21527,Vue.js
28344,21530,Angular
28345,21530,Spring Boot
28346,21532,Node.js
28347,21532,React
28348,21534,FastAPI
28350,21536,Angular
28351,21536,Express
28352,21536,FastAPI
28356,21536,Node.js
28357,21536,React
28359,21539,Node.js
28361,21539,React
28362,21539,Svelte
28363,21539,Vue.js
28366,21544,FastAPI
28367,21544,Next.js
28368,21544,Node.js
28369,21544,React
28371,21544,Svelte
28373,21545,Angular
28375,21545,Express
28376,21545,Node.js
28378,21546,Express
28379,21546,Node.js
28380,21546,Vue.js
28381,21547,Express
28386,21548,ASP.NET CORE
28388,21551,Angular
28389,21551,Express
28393,21551,React
28395,21551,Vue.js
28397,21552,FastAPI
28399,21552,Node.js
28400,21552,React
28401,21552,Svelte
28402,21558,Express
28403,21558,Node.js
28404,21558,Vue.js
28406,21563,FastAPI
28409,21564,Next.js
28410,21564,React
28411,21564,Spring Boot
28412,21569,Angular
28414,21569,ASP.NET CORE
28419,21569,Express
28420,21569,FastAPI
28426,21569,Next.js
28427,21569,Node.js
28429,21569,React
28433,21569,Spring Boot
28435,21569,Svelte
28437,21569,Vue.js
28441,21581,Angular
28442,21581,ASP.NET CORE
28444,21589,Express
28446,21589,Next.js
28447,21589,Node.js
28448,21589,React
28450,21589,Vue.js
28451,21594,React
28452,21595,ASP.NET CORE
28455,21595,Next.js
28456,21595,React
28457,21596,ASP.NET CORE
28459,21596,Express
28460,21596,Node.js
28461,21596,React
28462,21599,Express
28463,21599,Next.js
28464,21599,Node.js
28465,21599,React
28466,21599,Spring Boot
28468,21601,Express
28471,21601,Node.js
28473,21601,Svelte
28474,21601,Vue.js
28475,21602,React
28478,21618,Node.js
28479,21618,React
28480,21620,ASP.NET CORE
28481,21620,React
28483,21620,Svelte
28484,21622,Angular
28486,21622,ASP.NET CORE
28487,21622,Node.js
28488,21622,React
28490,21623,Node.js
28492,21623,Svelte
28493,21628,Angular
28494,21628,ASP.NET CORE
28495,21628,Express
28497,21628,Node.js
28498,21628,Spring Boot
28499,21628,Vue.js
28500,21636,ASP.NET CORE
28501,21636,Express
28502,21636,Node.js
28503,21636,React
28504,21636,Svelte
28505,21647,Express
28506,21647,Next.js
28507,21647,Node.js
28508,21647,React
28509,21648,Angular
28512,21648,Express
28513,21648,FastAPI
28516,21648,Node.js
28517,21648,React
28519,21648,Spring Boot
28521,21648,Svelte
28522,21648,Vue.js
28523,21653,Express
28525,21653,Node.js
28527,21653,Svelte
28528,21653,Vue.js
28530,21654,ASP.NET CORE
28534,21655,Next.js
28535,21655,Node.js
28536,21655,React
28538,21655,Svelte
28539,21659,ASP.NET CORE
28541,21659,Node.js
28542,21659,Vue.js
28543,21662,Node.js
28544,21662,React
28545,21665,Angular
28548,21665,Spring Boot
28549,21665,Vue.js
28551,21668,Angular
28554,21668,ASP.NET CORE
28556,21675,FastAPI
28557,21678,Angular
28558,21678,ASP.NET CORE
28559,21678,Express
28561,21678,Node.js
28563,21678,Vue.js
28564,21680,Express
28565,21680,Node.js
28567,21685,Node.js
28569,21686,Next.js
28570,21686,React
28571,21690,ASP.NET CORE
28573,21690,Next.js
28574,21690,React
28576,21696,Node.js
28577,21696,Vue.js
28578,21699,Angular
28579,21699,ASP.NET CORE
28583,21699,Node.js
28584,21699,React
28585,21699,Svelte
28586,21711,ASP.NET CORE
28588,21712,Angular
28589,21715,Angular
28590,21715,Node.js
28591,21715,Svelte
28593,21716,FastAPI
28596,21721,Next.js
28597,21721,React
28598,21721,Vue.js
28599,21725,ASP.NET CORE
28602,21726,Node.js
28607,21727,FastAPI
28609,21733,Node.js
28610,21733,React
28612,21734,FastAPI
28613,21734,Node.js
28614,21734,React
28615,21734,Spring Boot
28616,21736,React
28619,21743,ASP.NET CORE
28621,21743,React
28623,21746,Svelte
28624,21746,Vue.js
28626,21748,FastAPI
28627,21748,Node.js
28628,21748,React
28632,21757,ASP.NET CORE
28634,21757,React
28637,21758,Vue.js
28638,21768,Angular
28640,21770,Next.js
28641,21770,Node.js
28642,21770,React
28643,21774,FastAPI
28644,21774,Next.js
28645,21774,Node.js
28646,21774,React
28647,21774,Vue.js
28649,21778,Next.js
28650,21778,React
28651,21781,React
28653,21781,Svelte
28654,21782,ASP.NET CORE
28656,21783,FastAPI
28658,21783,Next.js
28660,21783,React
28662,21783,Vue.js
28663,21786,Express
28665,21786,Spring Boot
28667,21787,Next.js
28668,21787,Node.js
28669,21787,React
28673,21787,Svelte
28676,21791,Vue.js
28679,21793,FastAPI
28681,21796,Svelte
28682,21797,ASP.NET CORE
28683,21797,Node.js
28686,21804,Next.js
28687,21804,Node.js
28688,21804,React
28689,21804,Svelte
28690,21809,FastAPI
28694,21812,Express
28695,21812,FastAPI
28696,21812,Next.js
28697,21812,Node.js
28699,21812,React
28701,21812,Vue.js
28705,21817,Node.js
28706,21817,Vue.js
28708,21826,Node.js
28709,21826,React
28713,21828,React
28716,21834,Svelte
28717,21834,Vue.js
28718,21838,ASP.NET CORE
28720,21841,Node.js
28721,21841,React
28722,21844,ASP.NET CORE
28725,21844,Next.js
28726,21844,Node.js
28727,21844,Svelte
28728,21850,Angular
28730,21850,ASP.NET CORE
28731,21850,Express
28734,21850,Next.js
28735,21850,Node.js
28737,21850,React
28738,21854,Angular
28741,21854,FastAPI
28742,21854,Next.js
28743,21854,React
28744,21860,Node.js
28745,21860,React
28746,21865,Angular
28747,21865,ASP.NET CORE
28751,21866,Node.js
28752,21867,Svelte
28756,21868,Express
28758,21868,Node.js
28759,21868,Svelte
28762,21882,Node.js
28764,21889,ASP.NET CORE
28765,21891,Angular
28768,21893,Express
28769,21893,FastAPI
28770,21893,Next.js
28771,21893,Node.js
28772,21893,Vue.js
28773,21896,Node.js
28774,21899,Angular
28778,21899,Next.js
28779,21899,React
28780,21899,Svelte
28781,21899,Vue.js
28783,21901,Express
28784,21901,Next.js
28785,21901,Node.js
28786,21901,React
28788,21902,ASP.NET CORE
28792,21905,Next.js
28793,21905,Node.js
28794,21905,React
28795,21911,ASP.NET CORE
28796,21911,FastAPI
28797,21911,React
28798,21915,FastAPI
28801,21915,Svelte
28802,21915,Vue.js
28805,21922,Node.js
28806,21922,Vue.js
28807,21924,Angular
28808,21924,Spring Boot
28811,21934,ASP.NET CORE
28813,21934,Node.js
28814,21934,Vue.js
28815,21935,React
28816,21935,Vue.js
28820,21948,FastAPI
28822,21948,Next.js
28824,21948,Svelte
28825,21948,Vue.js
28827,21963,Next.js
28828,21963,Node.js
28830,21965,ASP.NET CORE
28832,21965,Node.js
28834,21967,Vue.js
28835,21969,ASP.NET CORE
28838,21973,Svelte
28839,21974,ASP.NET CORE
28841,21977,Express
28842,21977,React
28845,21979,Node.js
28846,21983,Angular
28847,21983,ASP.NET CORE
28849,21983,Express
28851,21983,Node.js
28852,21983,Svelte
28853,21983,Vue.js
28854,21984,Express
28856,21984,Next.js
28857,21984,Node.js
28858,21984,Svelte
28859,21985,Spring Boot
28861,21986,ASP.NET CORE
28862,21986,Node.js
28864,21987,React
28865,21987,Svelte
28868,21992,ASP.NET CORE
28871,21995,FastAPI
28873,22002,ASP.NET CORE
28876,22002,Next.js
28877,22002,Node.js
28880,22002,Vue.js
28881,22003,Angular
28882,22003,ASP.NET CORE
28884,22004,Angular
28885,22004,ASP.NET CORE
28887,22004,Node.js
28888,22004,React
28890,22007,Express
28892,22007,Next.js
28893,22007,Node.js
28894,22007,React
28895,22009,Express
28897,22009,Node.js
28899,22009,Vue.js
28902,22015,FastAPI
28903,22015,Node.js
28904,22015,React
28905,22017,Angular
28906,22017,ASP.NET CORE
28908,22017,Node.js
28909,22017,React
28910,22020,Spring Boot
28911,22024,Angular
28912,22024,Node.js
28913,22024,Spring Boot
28914,22024,Svelte
28917,22040,Next.js
28918,22040,Node.js
28920,22040,Svelte
28921,22040,Vue.js
28922,22042,Next.js
28923,22042,React
28924,22049,Node.js
28925,22049,React
28927,22054,FastAPI
28931,22056,Next.js
28932,22056,React
28935,22074,Node.js
28936,22074,React
28937,22077,ASP.NET CORE
28938,22077,Vue.js
28939,22081,ASP.NET CORE
28941,22083,ASP.NET CORE
28942,22083,React
28943,22086,Node.js
28949,22096,Spring Boot
28950,22096,Svelte
28954,22104,Node.js
28958,22119,Angular
28961,22119,Svelte
28962,22120,Angular
28964,22120,Vue.js
28965,22124,Angular
28966,22124,ASP.NET CORE
28968,22124,React
28969,22125,FastAPI
28971,22125,React
28974,22128,Svelte
28976,22132,ASP.NET CORE
28978,22139,ASP.NET CORE
28982,22139,Svelte
28983,22139,Vue.js
28985,22146,React
28987,22151,React
28988,22154,React
28990,22159,Vue.js
28991,22162,ASP.NET CORE
28993,22162,FastAPI
28995,22166,Node.js
28996,22166,React
29000,22168,Next.js
29002,22168,React
29003,22168,Vue.js
29004,22179,Express
29006,22179,Node.js
29008,22179,Spring Boot
29010,22182,Node.js
29011,22182,Vue.js
29012,22183,Angular
29014,22183,Vue.js
29015,22186,Express
29016,22186,Node.js
29018,22199,Spring Boot
29019,22202,ASP.NET CORE
29021,22203,ASP.NET CORE
29022,22203,Express
29023,22203,Next.js
29024,22203,Node.js
29025,22203,React
29027,22205,Node.js
29028,22208,Express
29030,22208,Next.js
29031,22208,Node.js
29032,22208,React
29033,22210,Next.js
29034,22210,Node.js
29035,22210,React
29039,22211,Svelte
29040,22211,Vue.js
29041,22216,React
29043,22216,Svelte
29046,22229,Angular
29048,22229,Express
29050,22229,Next.js
29051,22229,Node.js
29052,22229,React
29053,22229,Spring Boot
29054,22229,Vue.js
29055,22235,FastAPI
29056,22236,Node.js
29057,22236,React
29058,22236,Svelte
29060,22237,ASP.NET CORE
29061,22237,Next.js
29062,22237,React
29063,22237,Svelte
29064,22248,ASP.NET CORE
29066,22248,React
29068,22249,FastAPI
29070,22255,Svelte
29073,22265,FastAPI
29075,22269,ASP.NET CORE
29076,22269,React
29077,22271,Express
29078,22271,Node.js
29080,22271,Vue.js
29081,22273,Spring Boot
29082,22273,Svelte
29084,22279,Next.js
29085,22279,Node.js
29086,22279,Svelte
29087,22279,Vue.js
29088,22290,Vue.js
29089,22291,ASP.NET CORE
29090,22291,React
29091,22292,Angular
29092,22292,Node.js
29095,22295,Node.js
29097,22295,Svelte
29098,22295,Vue.js
29099,22299,React
29104,22300,Svelte
29106,22301,Svelte
29107,22301,Vue.js
29108,22303,FastAPI
29109,22303,React
29110,22306,Express
29111,22306,Next.js
29112,22306,Node.js
29114,22310,React
29115,22310,Vue.js
29116,22311,FastAPI
29117,22311,React
29118,22314,ASP.NET CORE
29119,22314,Next.js
29120,22314,Node.js
29121,22314,React
29124,22332,ASP.NET CORE
29125,22334,ASP.NET CORE
29127,22334,Vue.js
29128,22338,FastAPI
29129,22338,Next.js
29130,22338,React
29132,22340,Node.js
29133,22340,React
29138,22345,Node.js
29139,22345,Vue.js
29140,22346,Vue.js
29141,22347,FastAPI
29144,22348,React
29149,22349,Next.js
29150,22349,Node.js
29155,22355,Svelte
29156,22358,React
29157,22358,Spring Boot
29158,22362,FastAPI
29160,22362,Svelte
29161,22370,FastAPI
29163,22373,React
29164,22373,Vue.js
29165,22379,Angular
29166,22379,Express
29168,22379,Node.js
29169,22381,Angular
29170,22381,ASP.NET CORE
29172,22381,Svelte
29174,22382,ASP.NET CORE
29177,22389,React
29178,22396,Angular
29179,22396,React
29182,22397,React
29183,22397,Vue.js
29184,22402,Spring Boot
29188,22404,Express
29189,22404,FastAPI
29195,22404,Next.js
29196,22404,Node.js
29198,22404,React
29201,22404,Vue.js
29206,22407,Next.js
29207,22407,Node.js
29209,22407,Svelte
29211,22412,Angular
29214,22412,React
29216,22412,Spring Boot
29217,22413,ASP.NET CORE
29218,22416,FastAPI
29219,22418,Next.js
29220,22418,Node.js
29221,22418,React
29222,22423,ASP.NET CORE
29223,22424,Spring Boot
29225,22431,Next.js
29226,22431,React
29228,22440,Node.js
29229,22441,Angular
29231,22441,Svelte
29232,22442,ASP.NET CORE
29234,22442,Express
29235,22442,Node.js
29236,22442,React
29237,22442,Vue.js
29238,22444,Angular
29241,22444,Spring Boot
29242,22448,Spring Boot
29243,22449,Express
29244,22449,Node.js
29245,22449,React
29247,22451,Next.js
29248,22451,Node.js
29250,22451,React
29251,22451,Svelte
29252,22452,Angular
29256,22452,Express
29261,22452,Next.js
29262,22452,Node.js
29263,22454,Angular
29264,22454,ASP.NET CORE
29266,22458,FastAPI
29268,22458,Node.js
29269,22469,React
29270,22469,Spring Boot
29271,22471,ASP.NET CORE
29272,22471,React
29274,22473,Angular
29276,22473,React
29277,22473,Spring Boot
29280,22479,Node.js
29281,22479,Spring Boot
29287,22488,Node.js
29288,22488,React
29289,22488,Vue.js
29290,22498,ASP.NET CORE
29292,22498,Next.js
29293,22498,Vue.js
29295,22501,Next.js
29296,22501,Node.js
29297,22501,React
29298,22510,Angular
29299,22510,Node.js
29300,22513,Svelte
29301,22519,Angular
29302,22519,Node.js
29303,22522,Next.js
29304,22522,React
29305,22522,Spring Boot
29306,22529,ASP.NET CORE
29310,22532,Next.js
29311,22532,React
29317,22536,Next.js
29318,22536,Node.js
29320,22536,React
29322,22536,Svelte
29323,22536,Vue.js
29324,22537,FastAPI
29327,22542,FastAPI
29328,22549,ASP.NET CORE
29329,22549,Svelte
29330,22550,Angular
29334,22554,Next.js
29335,22554,React
29336,22554,Spring Boot
29337,22559,React
29339,22560,FastAPI
29340,22561,ASP.NET CORE
29342,22561,Express
29344,22561,Next.js
29345,22561,Node.js
29346,22561,React
29348,22563,FastAPI
29350,22563,Vue.js
29352,22564,ASP.NET CORE
29354,22564,Express
29356,22564,Node.js
29357,22564,React
29359,22564,Svelte
29360,22564,Vue.js
29361,22567,Angular
29362,22568,Angular
29363,22568,Node.js
29365,22571,FastAPI
29367,22571,Spring Boot
29369,22574,React
29374,22577,Node.js
29375,22577,React
29376,22581,Next.js
29377,22581,React
29378,22587,Angular
29381,22590,Node.js
29382,22590,React
29383,22590,Svelte
29384,22596,Spring Boot
29385,22599,React
29387,22606,React
29388,22607,Angular
29391,22607,Svelte
29392,22608,Next.js
29393,22608,Node.js
29394,22608,React
29397,22610,Svelte
29398,22613,FastAPI
29402,22617,Express
29404,22617,Svelte
29406,22624,Node.js
29407,22624,React
29408,22629,FastAPI
29411,22629,React
29412,22631,Angular
29413,22631,FastAPI
29415,22631,Node.js
29416,22634,Angular
29418,22641,Next.js
29419,22641,Node.js
29420,22641,React
29421,22643,Express
29422,22643,Next.js
29423,22643,Node.js
29424,22643,React
29426,22646,FastAPI
29427,22646,React
29429,22650,Svelte
29434,22653,Svelte
29436,22655,FastAPI
29437,22655,Vue.js
29439,22657,ASP.NET CORE
29440,22657,Node.js
29441,22657,React
29442,22662,Node.js
29443,22662,React
29445,22665,Node.js
29446,22665,Spring Boot
29447,22665,Vue.js
29450,22668,Express
29451,22668,FastAPI
29454,22668,React
29456,22668,Vue.js
29457,22670,Angular
29460,22670,ASP.NET CORE
29462,22670,Node.js
29463,22670,Vue.js
29464,22673,Node.js
29465,22673,React
29466,22681,ASP.NET CORE
29467,22681,Node.js
29468,22681,React
29470,22682,ASP.NET CORE
29473,22689,Spring Boot
29475,22690,Spring Boot
29477,22693,Svelte
29478,22695,Express
29480,22695,Next.js
29481,22695,Node.js
29482,22695,React
29484,22696,ASP.NET CORE
29487,22696,React
29490,22699,React
29491,22699,Svelte
29492,22699,Vue.js
29493,22700,Express
29495,22712,Express
29496,22712,Next.js
29497,22712,Node.js
29498,22712,React
29500,22712,Svelte
29501,22712,Vue.js
29502,22713,Angular
29503,22713,FastAPI
29505,22713,Spring Boot
29506,22721,Angular
29507,22721,ASP.NET CORE
29509,22722,React
29510,22725,ASP.NET CORE
29511,22733,React
29512,22734,Express
29515,22734,Node.js
29516,22734,React
29517,22737,Angular
29518,22737,Spring Boot
29519,22739,React
29520,22741,Angular
29522,22741,FastAPI
29524,22741,Spring Boot
29526,22742,ASP.NET CORE
29529,22742,Express
29533,22742,Node.js
29534,22742,React
29536,22742,Spring Boot
29539,22746,ASP.NET CORE
29540,22750,Angular
29542,22750,Spring Boot
29543,22756,Svelte
29544,22757,Node.js
29545,22759,Spring Boot
29551,22760,Next.js
29553,22760,React
29556,22761,Express
29557,22761,Node.js
29558,22761,React
29560,22763,Express
29562,22763,Next.js
29563,22763,Node.js
29564,22763,React
29565,22770,FastAPI
29567,22773,Svelte
29568,22774,Express
29569,22774,Next.js
29570,22774,Node.js
29571,22774,Vue.js
29572,22775,Svelte
29573,22775,Vue.js
29574,22780,Express
29576,22780,Next.js
29577,22780,Node.js
29578,22780,React
29579,22780,Spring Boot
29580,22780,Svelte
29581,22781,Express
29583,22781,React
29587,22785,Angular
29590,22785,ASP.NET CORE
29592,22785,FastAPI
29596,22785,Next.js
29597,22785,Node.js
29598,22785,React
29600,22785,Vue.js
29606,22787,Svelte
29607,22788,Angular
29608,22788,ASP.NET CORE
29609,22788,Node.js
29612,22792,Node.js
29613,22792,React
29614,22798,Express
29615,22798,FastAPI
29617,22798,React
29618,22798,Vue.js
29619,22799,Express
29620,22799,Node.js
29621,22799,Svelte
29622,22799,Vue.js
29623,22800,React
29624,22800,Spring Boot
29626,22804,Express
29628,22804,Next.js
29629,22804,Node.js
29630,22804,React
29632,22806,Next.js
29633,22806,React
29635,22806,Svelte
29636,22806,Vue.js
29637,22807,Angular
29638,22807,ASP.NET CORE
29639,22807,Svelte
29641,22808,Next.js
29642,22808,Vue.js
29643,22811,Express
29644,22811,Node.js
29645,22811,Vue.js
29647,22813,Next.js
29648,22813,React
29649,22815,React
29650,22815,Vue.js
29653,22824,FastAPI
29655,22824,Next.js
29656,22824,Node.js
29657,22824,React
29658,22824,Spring Boot
29660,22825,FastAPI
29662,22825,Next.js
29663,22825,Node.js
29664,22825,React
29665,22825,Spring Boot
29666,22825,Vue.js
29669,22829,ASP.NET CORE
29672,22829,React
29674,22831,Next.js
29675,22831,Node.js
29677,22831,React
29678,22831,Vue.js
29680,22833,Express
29683,22833,Node.js
29685,22839,Express
29686,22839,Next.js
29687,22839,Node.js
29688,22839,React
29689,22841,Angular
29692,22841,Next.js
29693,22841,Node.js
29694,22841,Spring Boot
29695,22845,Express
29696,22845,Next.js
29697,22845,Node.js
29698,22845,React
29700,22846,Next.js
29701,22846,Node.js
29704,22846,Vue.js
29705,22848,Next.js
29706,22848,Node.js
29707,22848,React
29708,22849,Express
29709,22849,FastAPI
29710,22849,Node.js
29711,22849,React
29712,22853,ASP.NET CORE
29713,22853,Next.js
29715,22853,React
29719,22865,Express
29721,22865,Node.js
29722,22870,Angular
29723,22870,ASP.NET CORE
29728,22874,Express
29729,22874,Next.js
29730,22874,Node.js
29732,22874,Svelte
29733,22875,Angular
29738,22875,Express
29741,22875,Next.js
29742,22875,Node.js
29744,22877,Angular
29745,22877,Express
29747,22877,Next.js
29748,22877,Node.js
29749,22877,React
29751,22883,Angular
29754,22888,FastAPI
29757,22888,React
29760,22897,React
29762,22901,Next.js
29763,22901,React
29766,22919,FastAPI
29768,22919,Node.js
29769,22919,React
29771,22919,Svelte
29772,22921,Vue.js
29774,22922,React
29776,22923,ASP.NET CORE
29780,22931,ASP.NET CORE
29781,22935,React
29782,22935,Spring Boot
29784,22942,React
29785,22946,FastAPI
29787,22947,Angular
29788,22947,ASP.NET CORE
29789,22947,Node.js
29790,22947,React
29791,22955,React
29792,22970,Angular
29793,22970,Spring Boot
29794,22972,ASP.NET CORE
29797,22973,Express
29798,22973,FastAPI
29799,22973,Node.js
29800,22973,React
29803,22976,Next.js
29804,22976,React
29808,22978,Svelte
29809,22978,Vue.js
29811,22979,Next.js
29812,22979,Node.js
29813,22979,React
29815,22987,Express
29819,22987,Next.js
29820,22987,Node.js
29821,22987,React
29823,22990,Next.js
29824,22990,React
29826,22990,Svelte
29831,22993,Angular
29832,22993,React
29833,22994,Angular
29835,22994,ASP.NET CORE
29836,22994,Spring Boot
29837,22996,Express
29840,22996,Next.js
29841,22996,Node.js
29842,22996,Vue.js
29846,23002,Node.js
29848,23002,React
29849,23002,Vue.js
29850,23004,Angular
29853,23004,Next.js
29854,23004,Node.js
29855,23004,React
29856,23007,Express
29857,23007,FastAPI
29858,23007,Next.js
29859,23007,Node.js
29862,23008,React
29863,23009,Next.js
29864,23009,React
29865,23009,Svelte
29866,23010,Next.js
29867,23010,React
29869,23015,ASP.NET CORE
29871,23015,React
29872,23018,Express
29873,23018,Next.js
29874,23018,Node.js
29875,23018,React
29878,23019,Next.js
29879,23019,React
29880,23019,Spring Boot
29883,23031,Express
29885,23031,Next.js
29886,23031,Node.js
29887,23031,React
29888,23032,Angular
29890,23032,ASP.NET CORE
29894,23038,Express
29896,23038,Next.js
29897,23038,Node.js
29898,23038,React
29899,23038,Svelte
29904,23040,Spring Boot
29907,23045,Node.js
29908,23045,Vue.js
29910,23051,Node.js
29913,23057,Next.js
29914,23057,React
29915,23057,Spring Boot
29916,23057,Svelte
29917,23057,Vue.js
29919,23058,Next.js
29920,23058,Node.js
29921,23058,React
29923,23063,Vue.js
29924,23064,ASP.NET CORE
29926,23067,Spring Boot
29927,23067,Vue.js
29929,23070,FastAPI
29930,23070,Spring Boot
29931,23079,Svelte
29932,23084,Angular
29933,23084,FastAPI
29934,23084,Spring Boot
29935,23086,ASP.NET CORE
29938,23087,FastAPI
29940,23087,Next.js
29941,23087,Node.js
29943,23087,React
29946,23087,Svelte
29947,23089,Node.js
29948,23089,React
29949,23089,Spring Boot
29950,23090,FastAPI
29951,23090,Vue.js
29952,23091,Angular
29957,23097,Node.js
29958,23097,React
29959,23099,Next.js
29960,23099,React
29961,23099,Spring Boot
29964,23100,Express
29966,23100,Node.js
29967,23100,Vue.js
29969,23101,ASP.NET CORE
29970,23101,React
29972,23102,FastAPI
29975,23102,Svelte
29976,23102,Vue.js
29978,23111,FastAPI
29980,23112,ASP.NET CORE
29982,23112,Svelte
29983,23114,React
29984,23114,Spring Boot
29986,23115,Express
29987,23115,FastAPI
29989,23115,Next.js
29990,23115,Node.js
29991,23117,ASP.NET CORE
29995,23123,Node.js
29996,23123,Svelte
29997,23123,Vue.js
29998,23124,Angular
29999,23124,Express
30000,23124,Node.js
30002,23127,Next.js
30003,23127,Node.js
30004,23127,React
30005,23127,Vue.js
30007,23128,Next.js
30008,23128,Node.js
30009,23128,React
30014,23139,FastAPI
30015,23141,Express
30016,23141,Next.js
30017,23141,Node.js
30018,23141,React
30020,23142,Angular
30021,23142,ASP.NET CORE
30023,23142,Vue.js
30024,23145,Angular
30027,23145,ASP.NET CORE
30028,23145,Vue.js
30031,23150,ASP.NET CORE
30034,23157,ASP.NET CORE
30036,23157,Node.js
30037,23157,Vue.js
30038,23159,ASP.NET CORE
30039,23159,Vue.js
30040,23161,ASP.NET CORE
30042,23165,Node.js
30043,23165,Spring Boot
30044,23168,Angular
30046,23168,FastAPI
30047,23168,Node.js
30048,23168,React
30049,23169,FastAPI
30050,23169,Spring Boot
30051,23169,Vue.js
30054,23171,ASP.NET CORE
30056,23171,Node.js
30057,23171,Spring Boot
30058,23179,ASP.NET CORE
30062,23180,ASP.NET CORE
30063,23180,Express
30064,23180,Node.js
30065,23180,React
30066,23181,Node.js
30067,23181,Vue.js
30069,23182,React
30070,23183,Angular
30071,23183,Express
30072,23183,Node.js
30073,23183,React
30074,23186,FastAPI
30075,23186,Spring Boot
30076,23189,Angular
30078,23189,Spring Boot
30083,23191,Express
30088,23191,Next.js
30089,23191,Node.js
30090,23191,React
30094,23191,Svelte
30097,23197,Angular
30099,23197,ASP.NET CORE
30100,23198,FastAPI
30101,23202,Express
30103,23202,Vue.js
30105,23203,ASP.NET CORE
30106,23203,Express
30107,23204,Angular
30109,23204,ASP.NET CORE
30113,23204,Next.js
30114,23204,Node.js
30116,23204,React
30117,23204,Vue.js
30118,23206,React
30120,23208,ASP.NET CORE
30123,23211,FastAPI
30126,23211,Svelte
30129,23216,Node.js
30130,23216,React
30132,23216,Svelte
30133,23218,Spring Boot
30136,23223,Next.js
30137,23223,Node.js
30138,23223,React
30140,23224,Angular
30143,23224,Node.js
30144,23224,React
30145,23231,FastAPI
30148,23233,Angular
30150,23235,FastAPI
30153,23235,React
30154,23236,Angular
30157,23236,ASP.NET CORE
30158,23236,Express
30159,23236,FastAPI
30161,23236,Node.js
30162,23236,React
30166,23238,Spring Boot
30168,23239,ASP.NET CORE
30171,23239,Node.js
30172,23240,Next.js
30173,23240,React
30175,23252,Next.js
30176,23252,React
30179,23253,Svelte
30180,23255,Express
30182,23255,Node.js
30183,23263,ASP.NET CORE
30185,23263,Vue.js
30187,23269,FastAPI
30188,23269,React
30189,23269,Spring Boot
30191,23270,React
30192,23274,Angular
30194,23274,Vue.js
30195,23276,React
30197,23286,Svelte
30198,23291,ASP.NET CORE
30200,23293,Node.js
30202,23297,Node.js
30204,23301,FastAPI
30210,23303,Node.js
30211,23303,React
30212,23311,Node.js
30213,23311,Vue.js
30215,23313,Node.js
30218,23314,React
30219,23317,Node.js
30220,23317,React
30221,23317,Spring Boot
30223,23327,Next.js
30227,23330,Next.js
30228,23330,React
30230,23330,Spring Boot
30232,23333,Express
30234,23333,Next.js
30235,23333,Node.js
30236,23333,React
30237,23333,Svelte
30240,23334,Express
30241,23334,Node.js
30242,23334,React
30246,23336,Next.js
30247,23336,Svelte
30248,23342,Node.js
30249,23342,React
30250,23342,Spring Boot
30251,23343,FastAPI
30253,23343,Node.js
30254,23343,React
30255,23346,FastAPI
30256,23347,Angular
30258,23347,Express
30259,23347,FastAPI
30261,23347,Node.js
30262,23347,Svelte
30265,23350,Vue.js
30266,23353,Express
30268,23353,Node.js
30269,23353,React
30271,23354,Express
30274,23354,Next.js
30275,23354,Node.js
30276,23354,React
30277,23354,Svelte
30278,23354,Vue.js
30279,23365,Angular
30281,23365,React
30282,23365,Vue.js
30285,23366,React
30286,23367,FastAPI
30288,23367,Node.js
30289,23367,Vue.js
30290,23368,Angular
30291,23368,Spring Boot
30294,23369,Node.js
30295,23369,Vue.js
30296,23374,Angular
30297,23374,Next.js
30298,23374,React
30301,23378,Express
30303,23378,Next.js
30304,23378,Node.js
30305,23378,React
30306,23378,Svelte
30307,23380,Express
30308,23380,Next.js
30309,23380,Node.js
30310,23380,React
30311,23381,Express
30313,23381,React
30314,23381,Spring Boot
30315,23383,React
30317,23384,Next.js
30318,23388,Angular
30319,23388,ASP.NET CORE
30321,23388,Node.js
30322,23388,React
30323,23396,Angular
30326,23396,ASP.NET CORE
30332,23396,Next.js
30333,23396,Node.js
30335,23396,React
30337,23396,Vue.js
30338,23397,Angular
30339,23397,ASP.NET CORE
30340,23399,Express
30341,23399,FastAPI
30343,23399,React
30345,23400,ASP.NET CORE
30348,23402,Vue.js
30349,23405,React
30350,23405,Vue.js
30351,23406,Next.js
30352,23406,Node.js
30353,23406,React
30354,23406,Svelte
30356,23411,ASP.NET CORE
30360,23412,Next.js
30361,23412,React
30362,23413,Next.js
30363,23413,React
30366,23424,React
30367,23424,Vue.js
30371,23430,React
30374,23438,Node.js
30375,23440,Node.js
30376,23440,Vue.js
30377,23441,Angular
30380,23441,Node.js
30382,23441,Svelte
30383,23446,ASP.NET CORE
30384,23446,Svelte
30386,23448,FastAPI
30387,23448,Vue.js
30388,23449,ASP.NET CORE
30389,23449,Next.js
30390,23450,Angular
30391,23450,FastAPI
30392,23450,Node.js
30393,23450,Spring Boot
30394,23450,Vue.js
30395,23454,Spring Boot
30396,23456,FastAPI
30397,23456,Next.js
30398,23456,React
30401,23457,Vue.js
30405,23458,Node.js
30408,23463,FastAPI
30409,23463,React
30410,23463,Vue.js
30411,23465,Angular
30412,23465,ASP.NET CORE
30413,23465,React
30414,23467,ASP.NET CORE
30415,23468,FastAPI
30416,23468,Next.js
30417,23468,React
30418,23475,ASP.NET CORE
30419,23475,React
30420,23476,Express
30422,23476,Node.js
30424,23476,Vue.js
30429,23477,Next.js
30430,23477,Node.js
30431,23477,React
30434,23478,React
30437,23479,Node.js
30438,23480,React
30439,23486,Express
30441,23486,Next.js
30442,23486,Node.js
30445,23491,Node.js
30447,23493,React
30448,23493,Spring Boot
30450,23496,ASP.NET CORE
30452,23496,Node.js
30453,23496,React
30454,23497,Angular
30455,23497,ASP.NET CORE
30457,23498,Spring Boot
30458,23505,FastAPI
30459,23507,FastAPI
30460,23507,React
30461,23509,FastAPI
30464,23513,FastAPI
30465,23513,Node.js
30468,23516,Svelte
30471,23517,ASP.NET CORE
30472,23517,React
30473,23520,Angular
30475,23520,Node.js
30476,23520,React
30477,23520,Vue.js
30479,23523,FastAPI
30481,23523,Next.js
30482,23523,Node.js
30483,23523,React
30484,23523,Vue.js
30485,23525,Node.js
30487,23527,Express
30488,23527,Node.js
30489,23528,FastAPI
30491,23539,ASP.NET CORE
30492,23540,Angular
30493,23540,Next.js
30494,23540,Node.js
30495,23540,React
30496,23541,Vue.js
30498,23553,Next.js
30499,23553,Node.js
30500,23553,React
30501,23554,Angular
30504,23554,ASP.NET CORE
30506,23554,Node.js
30507,23555,Express
30510,23555,Node.js
30512,23564,ASP.NET CORE
30513,23571,Angular
30515,23571,Node.js
30516,23571,Svelte
30517,23573,Angular
30520,23573,React
30521,23573,Vue.js
30523,23575,React
30525,23575,Vue.js
30526,23576,Angular
30528,23576,Node.js
30529,23576,React
30530,23576,Svelte
30532,23577,Node.js
30533,23577,React
30534,23577,Vue.js
30535,23578,ASP.NET CORE
30537,23578,Next.js
30538,23578,React
30540,23580,Node.js
30541,23580,React
30542,23581,Angular
30547,23582,Next.js
30549,23582,React
30553,23582,Svelte
30554,23582,Vue.js
30555,23583,Spring Boot
30556,23584,Next.js
30557,23584,React
30559,23591,Next.js
30560,23591,Node.js
30564,23596,Next.js
30565,23596,Node.js
30566,23596,React
30568,23600,Spring Boot
30570,23604,Spring Boot
30572,23605,Vue.js
30573,23607,Express
30575,23607,Next.js
30576,23607,Node.js
30577,23607,React
30578,23608,ASP.NET CORE
30580,23614,React
30583,23621,Node.js
30584,23624,Express
30585,23624,Node.js
30587,23624,Spring Boot
30589,23625,Spring Boot
30590,23625,Svelte
30592,23627,FastAPI
30593,23627,Vue.js
30594,23631,Next.js
30596,23632,Express
30597,23632,Next.js
30598,23632,Node.js
30599,23632,React
30600,23635,Express
30601,23635,Next.js
30602,23635,Node.js
30603,23635,React
30606,23639,Spring Boot
30607,23644,ASP.NET CORE
30608,23644,Next.js
30609,23644,Node.js
30611,23647,React
30612,23648,FastAPI
30614,23648,Svelte
30616,23652,Spring Boot
30618,23655,ASP.NET CORE
30620,23665,Angular
30623,23665,Svelte
30624,23665,Vue.js
30626,23672,Node.js
30627,23672,React
30628,23673,Svelte
30630,23678,Node.js
30632,23678,Svelte
30633,23679,Spring Boot
30635,23682,ASP.NET CORE
30636,23684,Angular
30638,23684,Next.js
30641,23684,Svelte
30643,23685,FastAPI
30645,23688,ASP.NET CORE
30647,23688,Next.js
30648,23688,React
30650,23689,Node.js
30651,23690,Angular
30652,23690,React
30655,23693,FastAPI
30657,23693,Vue.js
30660,23695,Node.js
30661,23695,Svelte
30665,23700,Node.js
30667,23700,Vue.js
30668,23701,React
30669,23701,Spring Boot
30670,23702,Spring Boot
30674,23705,Next.js
30675,23705,Node.js
30676,23705,React
30677,23705,Svelte
30678,23706,ASP.NET CORE
30679,23712,FastAPI
30681,23712,Svelte
30684,23718,Next.js
30685,23718,Node.js
30686,23718,React
30688,23719,Node.js
30690,23719,Svelte
30692,23720,Vue.js
30693,23727,Angular
30695,23727,ASP.NET CORE
30697,23728,Spring Boot
30698,23735,ASP.NET CORE
30702,23737,FastAPI
30705,23737,Svelte
30706,23741,Angular
30708,23741,ASP.NET CORE
30709,23741,Express
30710,23741,Next.js
30711,23741,Node.js
30712,23741,React
30713,23741,Svelte
30714,23741,Vue.js
30716,23753,React
30719,23756,Express
30721,23756,Next.js
30722,23756,Node.js
30723,23756,React
30726,23756,Vue.js
30727,23760,Next.js
30728,23760,Node.js
30732,23766,FastAPI
30734,23766,Svelte
30735,23766,Vue.js
30736,23767,Spring Boot
30738,23768,FastAPI
30739,23768,Node.js
30740,23768,React
30742,23770,Express
30744,23770,Next.js
30745,23770,Node.js
30746,23770,React
30748,23782,FastAPI
30752,23783,Node.js
30753,23783,React
30754,23783,Svelte
30755,23785,Express
30757,23785,Next.js
30758,23785,Node.js
30759,23785,React
30761,23786,ASP.NET CORE
30763,23786,FastAPI
30765,23786,Node.js
30766,23786,React
30767,23786,Svelte
30768,23788,React
30769,23791,Spring Boot
30770,23791,Svelte
30771,23793,React
30772,23793,Spring Boot
30773,23794,FastAPI
30779,23805,Node.js
30780,23811,ASP.NET CORE
30784,23816,Node.js
30785,23816,React
30787,23820,ASP.NET CORE
30790,23820,Node.js
30793,23827,FastAPI
30796,23828,FastAPI
30799,23830,Vue.js
30800,23832,Node.js
30801,23832,React
30802,23832,Spring Boot
30804,23837,Next.js
30805,23837,Node.js
30806,23837,React
30807,23844,Angular
30810,23844,Express
30814,23844,Next.js
30815,23844,Node.js
30817,23844,React
30818,23844,Vue.js
30820,23848,Next.js
30822,23848,React
30823,23848,Spring Boot
30824,23852,Spring Boot
30826,23864,ASP.NET CORE
30827,23864,Express
30829,23864,Node.js
30830,23864,React
30832,23865,Next.js
30833,23865,Node.js
30834,23865,Vue.js
30837,23868,Node.js
30839,23868,Svelte
30843,23871,Node.js
30844,23871,React
30845,23875,Express
30846,23875,FastAPI
30848,23875,Next.js
30849,23875,Node.js
30850,23875,React
30851,23883,React
30853,23886,ASP.NET CORE
30857,23888,Node.js
30858,23889,Angular
30859,23889,ASP.NET CORE
30862,23893,ASP.NET CORE
30865,23893,Svelte
30868,23900,ASP.NET CORE
30869,23900,Next.js
30870,23900,Node.js
30871,23900,React
30872,23901,Next.js
30873,23901,React
30875,23902,Express
30876,23902,FastAPI
30878,23902,Next.js
30879,23902,Node.js
30881,23902,React
30882,23904,Angular
30883,23904,Svelte
30884,23905,Angular
30886,23905,ASP.NET CORE
30889,23905,Express
30892,23905,Next.js
30893,23905,Node.js
30897,23906,Express
30899,23906,Next.js
30900,23906,Node.js
30901,23906,React
30904,23907,Node.js
30905,23907,React
30906,23907,Vue.js
30907,23909,FastAPI
30910,23910,Next.js
30911,23910,React
30914,23910,Svelte
30915,23913,Angular
30916,23913,Next.js
30917,23913,Node.js
30918,23913,React
30919,23915,Spring Boot
30920,23916,Angular
30921,23916,Express
30922,23916,FastAPI
30923,23916,Node.js
30925,23916,Spring Boot
30927,23919,FastAPI
30929,23919,React
30930,23919,Spring Boot
30933,23921,Next.js
30935,23921,React
30936,23921,Vue.js
30938,23923,Node.js
30939,23923,Spring Boot
30940,23927,Next.js
30941,23927,Node.js
30942,23927,React
30943,23938,Angular
30946,23938,Node.js
30947,23938,Spring Boot
30949,23939,Node.js
30950,23939,React
30951,23947,Next.js
30952,23947,Node.js
30953,23947,React
30954,23947,Spring Boot
30955,23949,ASP.NET CORE
30958,23949,Svelte
30959,23949,Vue.js
30960,23950,FastAPI
30961,23950,React
30962,23950,Svelte
30964,23954,Next.js
30965,23954,Node.js
30966,23954,React
30967,23954,Spring Boot
30970,23955,React
30971,23955,Vue.js
30972,23956,Next.js
30973,23956,Node.js
30974,23956,React
30975,23957,Angular
30978,23957,Express
30981,23957,Next.js
30982,23957,Node.js
30984,23957,React
30987,23957,Svelte
30989,23957,Vue.js
30990,23960,Angular
30991,23960,ASP.NET CORE
30994,23964,Svelte
30995,23964,Vue.js
30997,23968,Node.js
30998,23968,Vue.js
30999,23971,FastAPI
31002,23971,Svelte
31003,23975,Angular
31004,23975,Node.js
31005,23975,React
31008,23979,Node.js
31009,23979,React
31013,23981,React
31017,23985,Next.js
31018,23985,Node.js
31019,23985,React
31020,23989,React
31021,23989,Svelte
31025,23999,Next.js
31028,24001,Next.js
31029,24001,React
31030,24001,Vue.js
31031,24002,ASP.NET CORE
31033,24004,Angular
31035,24005,Express
31036,24005,Next.js
31037,24005,Node.js
31039,24005,React
31040,24005,Vue.js
31043,24019,Spring Boot
31044,24021,Next.js
31045,24021,Node.js
31046,24021,React
31047,24021,Spring Boot
31048,24022,Express
31050,24022,Next.js
31051,24022,Node.js
31052,24022,React
31054,24032,Express
31056,24032,Node.js
31058,24032,Vue.js
31059,24033,Express
31061,24033,React
31065,24034,Next.js
31066,24034,Node.js
31067,24034,React
31073,24041,Next.js
31075,24041,React
31079,24041,Svelte
31082,24045,Express
31085,24045,Next.js
31086,24045,Node.js
31087,24045,React
31088,24051,FastAPI
31089,24053,Spring Boot
31092,24055,Node.js
31094,24055,React
31095,24055,Svelte
31096,24055,Vue.js
31097,24060,FastAPI
31098,24061,Angular
31101,24061,Next.js
31102,24061,Node.js
31103,24061,React
31105,24063,Next.js
31106,24063,Node.js
31107,24063,React
31108,24069,ASP.NET CORE
31110,24069,Node.js
31111,24069,React
31112,24069,Spring Boot
31113,24070,ASP.NET CORE
31114,24070,React
31115,24070,Svelte
31116,24070,Vue.js
31117,24072,Express
31120,24072,Next.js
31121,24072,Node.js
31122,24072,React
31123,24072,Vue.js
31125,24073,ASP.NET CORE
31126,24073,Node.js
31127,24073,Vue.js
31129,24077,ASP.NET CORE
31130,24077,Vue.js
31131,24079,FastAPI
31134,24080,Express
31135,24080,FastAPI
31138,24080,Next.js
31139,24080,Node.js
31140,24080,React
31141,24084,Node.js
31142,24084,React
31143,24089,Angular
31144,24089,ASP.NET CORE
31145,24089,Node.js
31146,24089,React
31147,24089,Spring Boot
31152,24090,Vue.js
31154,24097,ASP.NET CORE
31155,24097,Next.js
31156,24097,React
31157,24100,Express
31158,24100,Node.js
31159,24100,Spring Boot
31160,24102,ASP.NET CORE
31161,24102,Express
31162,24102,Next.js
31163,24102,Node.js
31164,24102,React
31165,24102,Vue.js
31167,24105,Next.js
31168,24105,Node.js
31169,24105,React
31174,24110,Express
31177,24110,Next.js
31178,24110,Node.js
31179,24110,React
31183,24114,React
31184,24114,Spring Boot
31187,24117,ASP.NET CORE
31188,24117,Next.js
31189,24117,React
31190,24118,Vue.js
31193,24119,Next.js
31194,24119,Node.js
31195,24119,React
31196,24119,Svelte
31198,24120,Express
31199,24120,FastAPI
31201,24120,Next.js
31202,24120,Node.js
31203,24120,React
31204,24120,Spring Boot
31205,24120,Vue.js
31208,24123,Node.js
31209,24123,React
31211,24123,Svelte
31213,24128,Svelte
31215,24130,Node.js
31216,24131,Angular
31219,24131,Express
31220,24131,FastAPI
31224,24131,Next.js
31225,24131,Node.js
31227,24131,React
31229,24131,Spring Boot
31230,24131,Vue.js
31232,24132,Svelte
31233,24136,Angular
31235,24137,Angular
31238,24137,Express
31241,24137,Next.js
31242,24137,Node.js
31243,24137,React
31244,24137,Vue.js
31247,24139,FastAPI
31248,24140,Node.js
31249,24140,React
31251,24142,Vue.js
31252,24144,FastAPI
31254,24155,Node.js
31257,24155,Vue.js
31260,24160,Node.js
31261,24160,React
31263,24160,Vue.js
31264,24162,Express
31265,24162,Node.js
31266,24165,Angular
31268,24165,Next.js
31269,24165,Node.js
31270,24165,React
31271,24165,Spring Boot
31272,24169,Next.js
31273,24169,React
31274,24174,Angular
31276,24174,ASP.NET CORE
31279,24174,Next.js
31280,24174,Node.js
31281,24174,React
31282,24174,Vue.js
31283,24175,Node.js
31284,24175,React
31287,24179,FastAPI
31289,24179,React
31290,24188,Vue.js
31291,24192,ASP.NET CORE
31292,24192,React
31293,24194,Angular
31294,24194,Node.js
31295,24194,Spring Boot
31297,24203,ASP.NET CORE
31299,24203,Svelte
31300,24205,Express
31301,24205,Next.js
31302,24205,Node.js
31303,24205,Svelte
31304,24206,Node.js
31305,24206,React
31307,24209,ASP.NET CORE
31308,24209,React
31309,24209,Vue.js
31311,24210,Next.js
31312,24213,React
31313,24213,Spring Boot
31314,24216,Node.js
31315,24216,React
31320,24220,React
31321,24221,FastAPI
31323,24221,React
31324,24227,Angular
31328,24237,Express
31330,24237,Node.js
31331,24237,React
31333,24238,Angular
31335,24239,ASP.NET CORE
31338,24245,Express
31340,24245,Svelte
31341,24245,Vue.js
31342,24247,Angular
31346,24247,Express
31347,24247,FastAPI
31349,24247,Node.js
31351,24247,React
31352,24247,Svelte
31353,24248,Express
31356,24248,Next.js
31357,24248,Node.js
31358,24248,React
31359,24248,Spring Boot
31360,24248,Vue.js
31362,24249,FastAPI
31363,24249,Vue.js
31365,24259,Next.js
31366,24259,React
31368,24263,FastAPI
31369,24268,Next.js
31370,24268,Node.js
31372,24268,React
31373,24268,Svelte
31374,24268,Vue.js
31376,24271,React
31377,24274,Angular
31378,24274,ASP.NET CORE
31380,24274,Node.js
31381,24275,ASP.NET CORE
31384,24275,Node.js
31387,24276,Vue.js
31389,24279,Spring Boot
31390,24282,Express
31393,24282,Node.js
31394,24282,React
31397,24286,Angular
31403,24286,Node.js
31405,24286,React
31409,24288,Node.js
31410,24288,React
31411,24292,Spring Boot
31412,24293,FastAPI
31416,24300,Next.js
31417,24300,React
31420,24301,Node.js
31422,24301,Svelte
31425,24305,React
31429,24307,ASP.NET CORE
31431,24308,Angular
31432,24308,ASP.NET CORE
31435,24308,React
31440,24320,Next.js
31441,24320,Node.js
31442,24324,Angular
31444,24334,Angular
31446,24335,Spring Boot
31447,24336,Angular
31449,24336,ASP.NET CORE
31451,24336,React
31452,24336,Svelte
31453,24336,Vue.js
31454,24339,Angular
31460,24339,Express
31461,24339,FastAPI
31465,24339,Node.js
31467,24339,React
31469,24339,Svelte
31470,24339,Vue.js
31471,24341,React
31472,24342,Angular
31475,24342,Node.js
31477,24342,React
31479,24342,Vue.js
31480,24343,Node.js
31481,24343,Spring Boot
31482,24343,Vue.js
31485,24344,Node.js
31486,24344,React
31491,24347,Node.js
31493,24347,Vue.js
31495,24350,ASP.NET CORE
31496,24350,Node.js
31497,24350,React
31498,24350,Vue.js
31503,24353,React
31504,24353,Vue.js
31507,24360,Express
31509,24360,Next.js
31510,24360,Node.js
31511,24360,React
31514,24362,Express
31515,24362,Node.js
31516,24362,React
31517,24370,React
31518,24372,ASP.NET CORE
31519,24372,Vue.js
31520,24376,Angular
31524,24377,Node.js
31526,24377,Vue.js
31529,24378,Node.js
31530,24378,React
31535,24382,ASP.NET CORE
31536,24382,Node.js
31537,24382,React
31538,24382,Vue.js
31539,24383,ASP.NET CORE
31542,24396,Express
31545,24396,Node.js
31546,24396,React
31549,24396,Svelte
31551,24398,FastAPI
31552,24398,Node.js
31553,24398,React
31555,24399,Express
31556,24399,Next.js
31557,24399,Node.js
31558,24399,React
31560,24400,Spring Boot
31561,24402,Node.js
31562,24402,Spring Boot
31563,24402,Vue.js
31564,24409,Angular
31568,24409,Express
31569,24409,FastAPI
31572,24409,Next.js
31573,24409,Node.js
31574,24409,React
31575,24409,Spring Boot
31576,24409,Svelte
31577,24409,Vue.js
31579,24413,Node.js
31580,24413,React
31581,24416,Express
31582,24416,Node.js
31583,24416,Spring Boot
31585,24419,Node.js
31587,24425,Node.js
31589,24430,FastAPI
31590,24433,Angular
31592,24433,React
31593,24433,Svelte
31595,24437,FastAPI
31596,24437,React
31597,24439,ASP.NET CORE
31598,24439,Express
31599,24439,Node.js
31600,24439,React
31601,24442,Next.js
31602,24442,Node.js
31603,24442,React
31604,24442,Vue.js
31605,24443,Node.js
31606,24443,React
31607,24443,Spring Boot
31610,24446,Node.js
31611,24446,Svelte
31613,24454,Express
31614,24454,Node.js
31615,24454,React
31616,24461,Express
31617,24461,Next.js
31618,24461,Node.js
31619,24461,React
31621,24462,Next.js
31622,24462,Node.js
31623,24462,React
31625,24465,Next.js
31627,24465,React
31628,24466,FastAPI
31630,24466,React
31631,24468,Angular
31632,24468,FastAPI
31634,24470,Express
31635,24470,React
31636,24476,Angular
31637,24476,ASP.NET CORE
31641,24476,Next.js
31642,24476,React
31643,24479,Angular
31645,24479,ASP.NET CORE
31646,24481,Angular
31648,24481,Next.js
31649,24481,Svelte
31650,24492,FastAPI
31653,24502,Node.js
31654,24502,React
31657,24504,ASP.NET CORE
31659,24504,Vue.js
31660,24512,FastAPI
31663,24517,Express
31664,24517,FastAPI
31665,24517,React
31666,24520,Express
31667,24520,Next.js
31668,24520,Node.js
31669,24520,React
31670,24525,ASP.NET CORE
31673,24525,Next.js
31674,24525,Vue.js
31675,24527,FastAPI
31677,24528,Express
31678,24528,FastAPI
31679,24528,Next.js
31680,24528,Node.js
31682,24528,Vue.js
31686,24534,Next.js
31687,24534,Node.js
31688,24534,React
31690,24538,Angular
31691,24538,ASP.NET CORE
31693,24541,Angular
31694,24541,Spring Boot
31695,24541,Vue.js
31697,24543,Express
31698,24543,FastAPI
31703,24543,Next.js
31704,24543,Node.js
31706,24543,Svelte
31707,24543,Vue.js
31708,24545,Express
31709,24545,Node.js
31710,24545,React
31711,24546,Next.js
31718,24553,Svelte
31719,24553,Vue.js
31720,24557,Next.js
31721,24557,Node.js
31722,24557,React
31724,24557,Svelte
31726,24559,FastAPI
31728,24563,Node.js
31729,24563,Vue.js
31731,24567,FastAPI
31733,24567,React
31735,24567,Vue.js
31738,24571,Vue.js
31740,24582,React
31746,24594,Node.js
31748,24594,Vue.js
31755,24606,Express
31757,24606,Next.js
31758,24606,Node.js
31759,24606,React
31761,24607,Angular
31764,24607,Node.js
31765,24607,Vue.js
31766,24608,Angular
31768,24608,Node.js
31769,24608,Spring Boot
31770,24609,Angular
31775,24609,Next.js
31776,24609,Node.js
31778,24609,React
31780,24609,Spring Boot
31781,24609,Svelte
31782,24609,Vue.js
31787,24616,Svelte
31790,24618,Svelte
31793,24625,Node.js
31794,24625,React
31795,24626,ASP.NET CORE
31796,24628,Next.js
31797,24628,Node.js
31798,24628,React
31801,24629,Next.js
31802,24629,Node.js
31803,24629,React
31804,24629,Vue.js
31807,24630,Node.js
31808,24630,Vue.js
31809,24633,ASP.NET CORE
31812,24637,Express
31815,24637,Next.js
31816,24637,Node.js
31817,24637,React
31819,24639,ASP.NET CORE
31822,24639,Express
31823,24639,FastAPI
31825,24639,Next.js
31826,24639,Node.js
31827,24639,Vue.js
31828,24647,ASP.NET CORE
31829,24649,Node.js
31830,24649,React
31831,24651,Node.js
31832,24651,Vue.js
31833,24656,Express
31835,24656,Node.js
31836,24656,React
31837,24656,Spring Boot
31839,24663,Express
31840,24663,Next.js
31841,24663,Node.js
31842,24663,React
31843,24664,React
31844,24665,FastAPI
31846,24671,Angular
31849,24671,FastAPI
31852,24671,React
31853,24672,Express
31856,24672,Node.js
31857,24672,React
31858,24672,Spring Boot
31860,24674,Express
31861,24674,Next.js
31862,24674,Node.js
31863,24674,React
31867,24685,React
31868,24685,Vue.js
31870,24688,Angular
31871,24688,Node.js
31872,24688,React
31873,24688,Spring Boot
31875,24693,Node.js
31876,24694,Node.js
31877,24694,React
31879,24694,Svelte
31886,24703,Express
31889,24703,Next.js
31890,24703,Node.js
31891,24703,React
31892,24703,Vue.js
31894,24720,Next.js
31895,24720,Node.js
31896,24720,React
31897,24723,ASP.NET CORE
31899,24724,Spring Boot
31900,24726,Next.js
31901,24726,Node.js
31902,24726,React
31904,24728,ASP.NET CORE
31905,24728,React
31907,24735,FastAPI
31909,24735,Node.js
31911,24735,Spring Boot
31912,24736,React
31913,24736,Spring Boot
31914,24737,Express
31915,24737,Node.js
31916,24737,React
31917,24737,Spring Boot
31918,24739,Angular
31919,24747,Angular
31921,24747,FastAPI
31922,24747,Node.js
31923,24747,Spring Boot
31925,24749,Svelte
31926,24750,Angular
31929,24750,ASP.NET CORE
31940,24758,ASP.NET CORE
31942,24762,ASP.NET CORE
31943,24762,Express
31948,24762,Node.js
31950,24762,Svelte
31953,24763,Node.js
31954,24763,Svelte
31956,24768,React
31957,24769,Angular
31959,24769,Express
31960,24769,FastAPI
31964,24769,Next.js
31965,24769,Node.js
31967,24769,React
31969,24769,Svelte
31970,24769,Vue.js
31971,24781,Angular
31973,24781,ASP.NET CORE
31975,24783,FastAPI
31976,24783,React
31979,24784,React
31980,24788,FastAPI
31981,24788,Svelte
31982,24791,Angular
31983,24791,Spring Boot
31985,24796,Angular
31987,24796,Next.js
31988,24796,Node.js
31989,24797,Next.js
31990,24797,React
31991,24797,Spring Boot
31992,24798,React
31993,24798,Spring Boot
31995,24803,Vue.js
31997,24805,Express
31999,24805,Next.js
32000,24805,Node.js
32001,24805,React
32003,24806,Angular
32004,24806,ASP.NET CORE
32006,24806,Node.js
32007,24806,React
32008,24806,Spring Boot
32016,24811,FastAPI
32018,24811,Next.js
32019,24811,React
32020,24811,Svelte
32022,24822,Node.js
32023,24822,React
32024,24825,ASP.NET CORE
32027,24826,Next.js
32028,24827,Angular
32029,24827,ASP.NET CORE
32032,24827,Next.js
32033,24827,React
32034,24827,Vue.js
32035,24828,Express
32036,24828,Next.js
32037,24828,Node.js
32038,24828,React
32043,24832,Vue.js
32044,24833,Angular
32047,24833,ASP.NET CORE
32050,24833,Next.js
32051,24833,Node.js
32052,24833,React
32053,24833,Vue.js
32054,24835,FastAPI
32056,24835,Vue.js
32061,24841,Express
32063,24841,Node.js
32065,24841,Vue.js
32069,24846,Next.js
32070,24846,React
32071,24846,Svelte
32072,24846,Vue.js
32075,24849,Node.js
32076,24849,Svelte
32078,24850,Next.js
32079,24850,Node.js
32080,24850,React
32081,24850,Spring Boot
32083,24851,Vue.js
32085,24857,React
32086,24860,React
32088,24860,Spring Boot
32090,24862,ASP.NET CORE
32093,24866,Express
32094,24866,FastAPI
32097,24866,Next.js
32098,24866,Node.js
32099,24866,React
32100,24867,Spring Boot
32101,24871,Angular
32104,24871,ASP.NET CORE
32107,24871,Express
32108,24871,FastAPI
32112,24871,Next.js
32113,24871,Node.js
32115,24871,React
32118,24871,Spring Boot
32119,24871,Svelte
32120,24871,Vue.js
32121,24874,Angular
32123,24874,Node.js
32124,24874,Vue.js
32125,24877,React
32126,24877,Vue.js
32128,24887,Node.js
32129,24890,Angular
32130,24890,ASP.NET CORE
32133,24890,Node.js
32134,24890,React
32135,24890,Vue.js
32136,24892,Angular
32138,24892,React
32139,24892,Spring Boot
32140,24902,Express
32141,24902,Next.js
32142,24902,Node.js
32143,24902,React
32146,24909,Express
32147,24909,Node.js
32148,24909,React
32152,24910,Vue.js
32155,24914,Next.js
32156,24914,Node.js
32157,24914,React
32161,24914,Vue.js
32162,24920,Angular
32163,24920,Express
32164,24920,Node.js
32165,24920,Spring Boot
32168,24922,Node.js
32169,24927,Next.js
32170,24928,FastAPI
32174,24929,Next.js
32175,24929,Node.js
32176,24929,React
32177,24930,Node.js
32178,24945,Angular
32179,24945,Express
32180,24945,Node.js
32183,24947,Svelte
32184,24948,Next.js
32185,24948,React
32186,24948,Spring Boot
32187,24952,Express
32189,24952,Node.js
32192,24952,Svelte
32193,24952,Vue.js
32194,24953,Node.js
32195,24953,Spring Boot
32196,24953,Vue.js
32197,24954,Express
32198,24954,FastAPI
32200,24954,Next.js
32201,24954,Node.js
32202,24954,React
32203,24957,FastAPI
32205,24958,FastAPI
32208,24958,React
32209,24960,Node.js
32210,24960,React
32211,24960,Spring Boot
32215,24963,Vue.js
32217,24973,ASP.NET CORE
32219,24980,Svelte
32221,24984,Express
32223,24984,Next.js
32224,24984,Node.js
32225,24984,React
32226,24986,React
32227,24986,Spring Boot
32229,24988,Next.js
32230,24988,Node.js
32232,24990,FastAPI
32234,24997,ASP.NET CORE
32236,24997,Svelte
32237,24998,Angular
32241,24999,Vue.js
32243,25001,FastAPI
32246,25003,Spring Boot
32247,25005,FastAPI
32248,25005,Svelte
32251,25006,Next.js
32252,25006,Node.js
32253,25006,React
32254,25010,Angular
32256,25010,Node.js
32258,25010,React
32260,25010,Vue.js
32263,25013,Express
32264,25013,FastAPI
32267,25013,Next.js
32268,25013,Node.js
32269,25013,React
32271,25014,ASP.NET CORE
32275,25015,Node.js
32276,25015,React
32278,25025,Node.js
32279,25025,React
32284,25033,Node.js
32285,25033,Svelte
32286,25033,Vue.js
32287,25036,FastAPI
32289,25037,Svelte
32290,25038,FastAPI
32291,25038,Next.js
32295,25040,Next.js
32296,25040,React
32298,25044,Angular
32299,25044,ASP.NET CORE
32301,25054,Spring Boot
32302,25055,Express
32303,25055,Node.js
32304,25055,React
32305,25057,Node.js
32306,25057,React
32308,25066,FastAPI
32311,25073,Node.js
32312,25073,React
32313,25073,Spring Boot
32315,25087,Node.js
32316,25087,Vue.js
32317,25088,Node.js
32319,25089,Next.js
32320,25089,Node.js
32321,25089,React
32325,25095,React
32327,25098,Next.js
32328,25098,Node.js
32330,25098,React
32332,25098,Vue.js
32334,25099,Next.js
32335,25099,Node.js
32336,25099,React
32337,25107,React
32338,25108,Express
32339,25108,React
32340,25111,FastAPI
32341,25111,Next.js
32342,25111,React
32343,25112,Angular
32346,25112,ASP.NET CORE
32350,25112,Express
32351,25112,FastAPI
32356,25112,Node.js
32357,25112,React
32360,25112,Spring Boot
32361,25112,Svelte
32363,25112,Vue.js
32366,25114,Angular
32369,25114,Svelte
32370,25114,Vue.js
32374,25124,Express
32376,25124,Next.js
32377,25124,Node.js
32378,25124,React
32380,25124,Svelte
32381,25129,Express
32383,25129,Next.js
32384,25129,Node.js
32385,25129,React
32387,25131,FastAPI
32388,25131,React
32389,25134,ASP.NET CORE
32392,25138,React
32394,25148,React
32397,25148,Svelte
32398,25151,FastAPI
32399,25151,React
32403,25157,Next.js
32404,25157,React
32405,25160,FastAPI
32408,25160,Svelte
32409,25160,Vue.js
32410,25161,ASP.NET CORE
32411,25162,Angular
32417,25176,Next.js
32418,25176,Node.js
32419,25176,React
32421,25177,ASP.NET CORE
32424,25180,Node.js
32425,25180,Spring Boot
32427,25182,Express
32430,25182,Node.js
32431,25182,React
32432,25182,Spring Boot
32433,25182,Svelte
32435,25182,Vue.js
32436,25185,Svelte
32440,25190,Vue.js
32442,25191,ASP.NET CORE
32446,25205,Angular
32447,25205,ASP.NET CORE
32449,25209,Node.js
32450,25209,React
32452,25209,Svelte
32453,25211,Angular
32454,25211,Svelte
32457,25216,Svelte
32458,25219,Express
32459,25219,Node.js
32460,25219,Vue.js
32461,25220,React
32462,25220,Spring Boot
32463,25223,Express
32464,25223,React
32465,25231,ASP.NET CORE
32469,25231,Spring Boot
32470,25232,ASP.NET CORE
32472,25232,FastAPI
32476,25232,Vue.js
32479,25234,Express
32481,25234,Node.js
32482,25234,React
32484,25236,Node.js
32486,25237,Node.js
32487,25237,React
32489,25238,Express
32491,25238,Next.js
32492,25239,FastAPI
32494,25239,Vue.js
32496,25241,FastAPI
32499,25241,Svelte
32500,25245,Angular
32502,25245,Express
32503,25245,FastAPI
32507,25245,Next.js
32508,25245,Node.js
32509,25245,React
32510,25249,ASP.NET CORE
32511,25249,FastAPI
32513,25249,React
32514,25253,Angular
32516,25253,Express
32517,25253,Next.js
32518,25253,Node.js
32519,25253,React
32520,25253,Spring Boot
32521,25260,Node.js
32522,25260,Svelte
32523,25260,Vue.js
32526,25261,FastAPI
32528,25261,Next.js
32529,25261,Node.js
32530,25261,React
32532,25262,FastAPI
32534,25272,Angular
32537,25272,Express
32539,25272,Next.js
32540,25272,Node.js
32541,25272,React
32543,25277,Vue.js
32544,25278,Express
32545,25278,Next.js
32546,25278,Node.js
32547,25278,React
32548,25278,Spring Boot
32549,25278,Vue.js
32550,25282,FastAPI
32552,25282,Next.js
32553,25282,Node.js
32554,25282,React
32557,25285,Node.js
32559,25289,Angular
32562,25289,ASP.NET CORE
32563,25289,FastAPI
32565,25289,Node.js
32567,25297,FastAPI
32569,25298,Express
32570,25298,Node.js
32572,25305,React
32576,25313,Next.js
32577,25313,Node.js
32578,25313,React
32579,25314,React
32580,25314,Svelte
32582,25314,Vue.js
32585,25317,FastAPI
32587,25317,Vue.js
32589,25319,Next.js
32590,25319,Node.js
32591,25319,React
32598,25337,Express
32599,25337,FastAPI
32602,25337,Node.js
32604,25337,React
32605,25337,Vue.js
32607,25348,Next.js
32608,25348,Node.js
32609,25348,React
32610,25348,Vue.js
32612,25349,FastAPI
32617,25350,Express
32620,25350,Next.js
32621,25350,Node.js
32622,25350,React
32624,25352,Angular
32625,25352,Express
32626,25352,FastAPI
32628,25352,Spring Boot
32629,25356,FastAPI
32632,25356,Node.js
32634,25359,Next.js
32635,25359,Node.js
32636,25359,React
32637,25360,Angular
32638,25360,Spring Boot
32639,25361,Node.js
32643,25370,React
32644,25376,Angular
32647,25376,ASP.NET CORE
32649,25376,Express
32654,25376,Next.js
32655,25376,Node.js
32657,25376,React
32659,25376,Svelte
32660,25376,Vue.js
32665,25380,Node.js
32666,25380,React
32668,25385,Express
32670,25385,Next.js
32671,25385,Node.js
32672,25385,React
32674,25389,Express
32675,25389,React
32678,25390,React
32679,25390,Spring Boot
32680,25390,Vue.js
32682,25399,ASP.NET CORE
32683,25399,Svelte
32685,25402,Spring Boot
32686,25402,Vue.js
32689,25414,Next.js
32690,25414,React
32692,25414,Svelte
32694,25419,React
32695,25419,Svelte
32696,25419,Vue.js
32697,25423,FastAPI
32699,25423,Svelte
32700,25423,Vue.js
32701,25432,ASP.NET CORE
32703,25432,Express
32704,25432,FastAPI
32706,25432,Node.js
32710,25434,Next.js
32711,25434,Node.js
32712,25434,React
32713,25434,Svelte
32714,25435,Angular
32717,25435,ASP.NET CORE
32725,25435,Express
32733,25435,Next.js
32734,25435,Node.js
32738,25435,React
32741,25435,Spring Boot
32743,25435,Svelte
32745,25435,Vue.js
32749,25436,FastAPI
32751,25436,Node.js
32752,25436,React
32753,25445,FastAPI
32755,25456,Spring Boot
32756,25460,Express
32758,25460,Spring Boot
32761,25467,Angular
32762,25467,Node.js
32763,25467,Spring Boot
32764,25471,Angular
32765,25481,Vue.js
32767,25485,FastAPI
32768,25485,Svelte
32769,25489,Express
32770,25489,Node.js
32772,25495,ASP.NET CORE
32774,25496,Angular
32775,25496,Spring Boot
32777,25502,Angular
32780,25505,Express
32783,25505,Node.js
32784,25505,React
32785,25505,Spring Boot
32787,25505,Vue.js
32790,25508,FastAPI
32791,25508,Node.js
32792,25508,React
32793,25509,Express
32794,25509,Next.js
32795,25509,Node.js
32796,25509,React
32797,25511,Angular
32798,25511,FastAPI
32800,25511,Node.js
32801,25511,Spring Boot
32804,25513,Node.js
32805,25513,React
32806,25513,Spring Boot
32807,25519,Angular
32808,25519,Node.js
32810,25519,Vue.js
32812,25521,Node.js
32813,25521,React
32815,25523,ASP.NET CORE
32818,25523,Express
32819,25523,FastAPI
32820,25523,Next.js
32821,25523,Node.js
32822,25523,React
32823,25524,FastAPI
32824,25524,Node.js
32825,25524,Spring Boot
32826,25526,Vue.js
32829,25530,Next.js
32830,25530,Node.js
32831,25530,React
32832,25530,Svelte
32833,25530,Vue.js
32835,25535,ASP.NET CORE
32837,25535,FastAPI
32843,25540,Vue.js
32844,25555,React
32845,25555,Spring Boot
32850,25558,Next.js
32851,25558,Node.js
32852,25558,React
32856,25559,Spring Boot
32857,25559,Svelte
32859,25566,ASP.NET CORE
32860,25566,Svelte
32861,25566,Vue.js
32863,25567,FastAPI
32866,25567,Next.js
32867,25567,Node.js
32868,25567,React
32871,25567,Svelte
32872,25569,Svelte
32874,25573,Express
32876,25573,Node.js
32877,25573,React
32878,25573,Vue.js
32880,25576,Angular
32884,25576,Express
32885,25576,FastAPI
32889,25576,Next.js
32890,25576,Node.js
32892,25576,React
32895,25576,Svelte
32896,25580,Express
32897,25580,Next.js
32898,25580,Node.js
32899,25580,React
32901,25584,FastAPI
32902,25584,Node.js
32904,25591,Next.js
32905,25591,React
32907,25595,ASP.NET CORE
32908,25595,Express
32909,25595,Node.js
32910,25595,React
32911,25595,Vue.js
32914,25598,ASP.NET CORE
32915,25602,Spring Boot
32916,25605,Angular
32918,25605,FastAPI
32921,25605,Next.js
32922,25605,Node.js
32923,25605,React
32925,25607,Next.js
32926,25607,Node.js
32928,25607,React
32929,25607,Vue.js
32930,25611,Express
32932,25611,Vue.js
32934,25620,FastAPI
32936,25620,Node.js
32937,25620,React
32939,25624,Next.js
32940,25624,React
32945,25639,Next.js
32946,25639,Node.js
32947,25639,React
32949,25642,Express
32950,25642,FastAPI
32954,25642,Svelte
32955,25644,Angular
32961,25644,Next.js
32962,25644,React
32964,25645,Spring Boot
32966,25652,Angular
32967,25652,Express
32968,25652,Next.js
32969,25652,Node.js
32970,25652,React
32972,25654,ASP.NET CORE
32973,25654,Node.js
32975,25660,ASP.NET CORE
32978,25661,Spring Boot
32979,25662,ASP.NET CORE
32981,25662,React
32982,25664,Angular
32985,25664,Express
32986,25664,FastAPI
32989,25664,Next.js
32990,25664,Node.js
32991,25664,React
32992,25664,Svelte
32993,25670,Next.js
32994,25670,React
32995,25671,Angular
32997,25671,ASP.NET CORE
32999,25678,React
33000,25679,Spring Boot
33001,25684,Angular
33004,25684,ASP.NET CORE
33012,25684,Express
33013,25684,FastAPI
33021,25684,Next.js
33022,25684,Node.js
33026,25684,React
33030,25684,Spring Boot
33032,25684,Svelte
33034,25684,Vue.js
33037,25686,Node.js
33038,25686,Svelte
33041,25688,FastAPI
33044,25688,React
33045,25691,ASP.NET CORE
33046,25691,Express
33047,25691,Node.js
33048,25691,React
33050,25695,Express
33053,25695,Node.js
33055,25695,Vue.js
33057,25696,Node.js
33058,25696,Vue.js
33060,25702,Angular
33062,25702,ASP.NET CORE
33065,25702,Node.js
33066,25702,React
33067,25704,Express
33070,25704,Next.js
33071,25704,Node.js
33072,25704,React
33074,25705,Next.js
33075,25705,Node.js
33076,25705,React
33081,25713,Angular
33083,25713,Spring Boot
33084,25713,Svelte
33086,25716,Node.js
33088,25718,React
33089,25718,Svelte
33090,25718,Vue.js
33092,25719,Spring Boot
33096,25720,Next.js
33097,25720,Node.js
33098,25720,React
33099,25720,Svelte
33100,25726,FastAPI
33101,25728,ASP.NET CORE
33103,25728,Next.js
33104,25728,Node.js
33105,25728,React
33110,25733,Node.js
33111,25742,ASP.NET CORE
33112,25742,Svelte
33113,25744,Node.js
33114,25744,React
33116,25754,FastAPI
33118,25757,ASP.NET CORE
33123,25761,Vue.js
33124,25763,Angular
33125,25763,React
33126,25763,Spring Boot
33127,25770,Node.js
33128,25770,React
33134,25773,React
33136,25780,Angular
33137,25780,ASP.NET CORE
33138,25780,Node.js
33139,25784,Angular
33142,25784,Next.js
33143,25784,Node.js
33144,25784,React
33146,25784,Svelte
33147,25784,Vue.js
33148,25790,ASP.NET CORE
33150,25806,FastAPI
33151,25814,Svelte
33152,25818,Angular
33154,25818,ASP.NET CORE
33155,25820,Angular
33157,25820,ASP.NET CORE
33160,25820,Node.js
33161,25820,React
33162,25820,Vue.js
33165,25821,Next.js
33166,25821,Node.js
33167,25821,React
33169,25826,FastAPI
33172,25835,Angular
33174,25835,Express
33177,25835,Next.js
33178,25835,Node.js
33179,25835,React
33180,25835,Spring Boot
33181,25835,Vue.js
33183,25836,Next.js
33184,25836,React
33185,25836,Spring Boot
33186,25838,Angular
33187,25838,Spring Boot
33188,25843,Angular
33189,25843,React
33191,25843,Spring Boot
33192,25846,ASP.NET CORE
33195,25846,Express
33196,25846,Next.js
33197,25846,Node.js
33198,25846,React
33200,25846,Svelte
33202,25848,Svelte
33203,25848,Vue.js
33205,25849,Svelte
33206,25849,Vue.js
33209,25857,ASP.NET CORE
33211,25857,Next.js
33212,25857,Node.js
33213,25857,React
33214,25858,Express
33216,25858,Node.js
33217,25858,Spring Boot
33218,25860,ASP.NET CORE
33219,25860,React
33222,25864,React
33223,25870,FastAPI
33226,25872,ASP.NET CORE
33228,25872,Vue.js
33229,25873,Angular
33230,25873,ASP.NET CORE
33232,25873,Express
33233,25873,FastAPI
33234,25873,Node.js
33235,25873,React
33236,25873,Svelte
33237,25873,Vue.js
33238,25878,Angular
33240,25879,Spring Boot
33243,25884,Vue.js
33244,25890,Express
33247,25890,Node.js
33249,25890,Spring Boot
33250,25892,Angular
33251,25894,Express
33252,25894,Next.js
33253,25894,Node.js
33256,25898,FastAPI
33259,25898,Vue.js
33260,25899,Node.js
33261,25902,Express
33262,25902,Node.js
33263,25902,React
33267,25907,Node.js
33268,25907,Spring Boot
33269,25907,Svelte
33271,25911,ASP.NET CORE
33273,25911,FastAPI
33274,25915,Angular
33276,25915,Node.js
33280,25916,Vue.js
33283,25917,Express
33284,25917,React
33291,25922,Node.js
33292,25922,React
33296,25930,FastAPI
33298,25930,Node.js
33300,25934,Express
33302,25934,Node.js
33304,25940,FastAPI
33305,25949,Angular
33307,25949,Spring Boot
33308,25950,FastAPI
33311,25950,Next.js
33312,25950,Node.js
33313,25950,React
33315,25954,Angular
33316,25954,ASP.NET CORE
33317,25955,FastAPI
33319,25955,Vue.js
33321,25957,Node.js
33322,25957,React
33325,25963,ASP.NET CORE
33328,25966,Angular
33330,25966,ASP.NET CORE
33333,25966,FastAPI
33338,25966,Next.js
33339,25966,Node.js
33340,25966,React
33342,25966,Spring Boot
33347,25977,Angular
33348,25981,Angular
33352,25984,Next.js
33353,25984,Node.js
33354,25984,React
33357,25987,Angular
33358,25987,ASP.NET CORE
33360,25991,ASP.NET CORE
33363,25991,Node.js
33364,25991,React
33366,25992,FastAPI
33367,25992,Next.js
33368,25997,Next.js
33369,25997,Node.js
33370,25998,Angular
33371,26000,Angular
33373,26000,ASP.NET CORE
33376,26010,FastAPI
33379,26017,ASP.NET CORE
33382,26019,Svelte
33385,26021,Express
33386,26021,FastAPI
33389,26021,Node.js
33391,26021,Vue.js
33395,26033,Node.js
33396,26036,Express
33398,26036,Next.js
33399,26036,Node.js
33400,26036,React
33402,26042,Vue.js
33404,26048,Svelte
33405,26049,Angular
33407,26049,Node.js
33408,26049,Vue.js
33410,26050,Node.js
33411,26050,React
33412,26058,Spring Boot
33418,26072,Express
33419,26072,Next.js
33420,26072,React
33421,26072,Spring Boot
33423,26081,Node.js
33425,26083,FastAPI
33427,26083,Next.js
33428,26083,Node.js
33429,26083,React
33431,26088,ASP.NET CORE
33435,26088,Express
33438,26088,Next.js
33439,26088,Node.js
33441,26088,React
33442,26088,Vue.js
33443,26089,Angular
33444,26089,ASP.NET CORE
33446,26089,Next.js
33449,26092,Express
33450,26092,FastAPI
33453,26092,Next.js
33454,26092,Node.js
33455,26095,FastAPI
33457,26095,Vue.js
33458,26096,Spring Boot
33459,26106,Angular
33461,26108,Angular
33462,26108,Express
33463,26108,FastAPI
33465,26108,Node.js
33467,26109,ASP.NET CORE
33468,26109,React
33469,26110,Spring Boot
33470,26114,Angular
33472,26114,ASP.NET CORE
33475,26114,Vue.js
33479,26115,Vue.js
33481,26118,Vue.js
33482,26122,Angular
33485,26122,ASP.NET CORE
33487,26122,Node.js
33488,26122,React
33489,26122,Vue.js
33490,26124,Node.js
33491,26124,Spring Boot
33492,26132,ASP.NET CORE
33493,26132,Next.js
33494,26132,Node.js
33495,26132,React
33497,26135,FastAPI
33499,26135,Svelte
33500,26137,Node.js
33501,26137,React
33505,26146,FastAPI
33512,26147,Angular
33513,26147,Spring Boot
33514,26151,Angular
33516,26151,ASP.NET CORE
33517,26151,Express
33519,26151,Node.js
33521,26151,Vue.js
33522,26152,Node.js
33523,26152,React
33527,26155,Angular
33528,26155,Spring Boot
33529,26158,ASP.NET CORE
33534,26159,Next.js
33535,26159,Node.js
33536,26159,React
33539,26161,Node.js
33541,26164,FastAPI
33546,26168,Node.js
33548,26168,React
33549,26168,Svelte
33551,26170,Angular
33553,26170,ASP.NET CORE
33555,26172,Node.js
33556,26172,React
33557,26173,Angular
33559,26173,Node.js
33560,26173,React
33561,26174,Express
33563,26174,Node.js
33564,26174,React
33565,26179,FastAPI
33571,26182,Next.js
33572,26182,Node.js
33573,26182,React
33576,26188,React
33577,26189,Next.js
33578,26189,Node.js
33579,26189,React
33580,26193,Angular
33582,26193,ASP.NET CORE
33586,26205,Next.js
33587,26205,Node.js
33588,26205,React
33589,26208,Angular
33591,26208,Node.js
33592,26210,Node.js
33595,26210,Vue.js
33596,26215,React
33597,26217,Angular
33599,26221,React
33600,26222,Angular
33602,26222,Node.js
33603,26225,Express
33605,26225,Next.js
33606,26225,Node.js
33607,26225,React
33608,26227,FastAPI
33611,26228,Next.js
33612,26228,Node.js
33613,26228,React
33615,26229,FastAPI
33618,26229,Next.js
33619,26229,Node.js
33620,26229,Spring Boot
33621,26231,FastAPI
33622,26231,Next.js
33623,26231,Node.js
33624,26231,React
33626,26250,ASP.NET CORE
33627,26250,React
33629,26252,Express
33632,26252,Node.js
33634,26252,Vue.js
33636,26261,Express
33639,26261,Next.js
33640,26261,Node.js
33642,26276,Express
33643,26276,Node.js
33644,26276,React
33648,26280,Svelte
33650,26281,Express
33651,26281,FastAPI
33653,26281,Node.js
33654,26281,Svelte
33655,26282,FastAPI
33657,26283,ASP.NET CORE
33659,26283,React
33660,26291,Angular
33663,26291,Express
33665,26291,Next.js
33666,26291,Node.js
33667,26291,React
33668,26291,Vue.js
33669,26294,Spring Boot
33670,26296,Node.js
33671,26296,React
33672,26297,Angular
33673,26297,ASP.NET CORE
33674,26297,React
33675,26299,Angular
33677,26299,Express
33680,26299,Node.js
33681,26299,Spring Boot
33682,26299,Vue.js
33684,26301,Express
33685,26301,FastAPI
33690,26301,Next.js
33691,26301,Node.js
33692,26301,React
33693,26301,Svelte
33696,26307,Next.js
33698,26309,Spring Boot
33702,26310,Next.js
33703,26310,Node.js
33704,26310,React
33706,26315,ASP.NET CORE
33711,26315,Express
33715,26315,Next.js
33716,26315,Node.js
33718,26315,React
33722,26315,Vue.js
33726,26321,FastAPI
33728,26331,Express
33730,26331,Next.js
33731,26331,Node.js
33732,26331,React
33733,26331,Svelte
33734,26331,Vue.js
33737,26332,Express
33738,26332,FastAPI
33740,26332,Node.js
33741,26332,Vue.js
33742,26334,Angular
33744,26334,ASP.NET CORE
33746,26334,Express
33749,26334,Next.js
33750,26334,Node.js
33751,26334,React
33752,26334,Spring Boot
33753,26335,Angular
33755,26335,ASP.NET CORE
33760,26336,Next.js
33761,26336,Node.js
33762,26336,Svelte
33766,26339,Next.js
33767,26339,React
33770,26340,Next.js
33771,26340,React
33772,26341,React
33773,26341,Svelte
33775,26344,Spring Boot
33776,26350,Svelte
33778,26356,Node.js
33779,26356,Vue.js
33780,26361,Angular
33782,26361,FastAPI
33784,26361,Next.js
33785,26361,Node.js
33786,26361,React
33788,26362,Angular
33791,26362,Express
33792,26362,Next.js
33793,26362,Node.js
33794,26362,Svelte
33796,26363,Next.js
33797,26363,Node.js
33798,26363,React
33799,26363,Spring Boot
33800,26366,Express
33801,26366,FastAPI
33802,26366,Next.js
33803,26366,React
33804,26367,Node.js
33805,26368,ASP.NET CORE
33807,26368,Next.js
33808,26368,React
33814,26376,Angular
33816,26376,React
33818,26376,Vue.js
33819,26378,FastAPI
33821,26378,Vue.js
33822,26379,ASP.NET CORE
33823,26380,Spring Boot
33824,26381,ASP.NET CORE
33826,26381,React
33827,26382,Node.js
33828,26382,Svelte
33830,26385,ASP.NET CORE
33831,26385,Express
33833,26385,Node.js
33834,26385,React
33835,26386,Angular
33837,26386,ASP.NET CORE
33839,26387,Angular
33841,26387,FastAPI
33843,26387,Node.js
33844,26387,React
33846,26397,ASP.NET CORE
33850,26397,Next.js
33852,26397,React
33853,26397,Spring Boot
33855,26399,Express
33857,26399,Node.js
33858,26399,React
33859,26402,FastAPI
33860,26402,React
33863,26408,Next.js
33865,26408,React
33866,26408,Svelte
33870,26415,Next.js
33871,26415,React
33875,26418,Express
33876,26418,FastAPI
33879,26418,React
33881,26418,Spring Boot
33882,26418,Svelte
33884,26429,Node.js
33885,26432,Angular
33886,26432,ASP.NET CORE
33889,26432,Svelte
33890,26439,Spring Boot
33891,26441,Express
33892,26441,Next.js
33893,26441,Node.js
33894,26441,React
33895,26441,Svelte
33897,26448,React
33898,26451,Next.js
33899,26451,Node.js
33900,26451,React
33902,26451,Svelte
33903,26455,Angular
33907,26455,Express
33910,26455,Next.js
33911,26455,Node.js
33912,26455,React
33914,26455,Spring Boot
33915,26455,Svelte
33916,26455,Vue.js
33918,26459,Express
33921,26459,Node.js
33923,26459,Vue.js
33924,26462,ASP.NET CORE
33928,26462,React
33929,26462,Vue.js
33930,26464,Angular
33931,26464,ASP.NET CORE
33934,26464,Svelte
33937,26467,Vue.js
33938,26469,Node.js
33939,26469,React
33941,26471,Node.js
33942,26471,React
33944,26472,Next.js
33945,26480,Express
33948,26480,Next.js
33949,26480,Node.js
33950,26480,React
33953,26482,ASP.NET CORE
33955,26485,FastAPI
33957,26485,Next.js
33958,26485,Node.js
33960,26485,Spring Boot
33961,26486,Express
33963,26486,Node.js
33964,26486,React
33965,26490,Angular
33966,26490,ASP.NET CORE
33968,26490,Express
33970,26490,Node.js
33971,26490,Svelte
33972,26491,Node.js
33974,26491,React
33975,26493,FastAPI
33976,26494,FastAPI
33978,26494,React
33979,26494,Vue.js
33980,26496,ASP.NET CORE
33981,26497,Angular
33983,26497,Express
33986,26497,Node.js
33987,26497,React
33988,26497,Svelte
33989,26497,Vue.js
33991,26502,Angular
33992,26502,ASP.NET CORE
33993,26502,Node.js
33995,26502,React
33996,26502,Svelte
33997,26502,Vue.js
33998,26506,FastAPI
33999,26506,React
34000,26506,Vue.js
34001,26511,Node.js
34002,26511,React
34003,26511,Spring Boot
34004,26511,Svelte
34005,26513,ASP.NET CORE
34006,26514,Angular
34008,26514,FastAPI
34009,26520,FastAPI
34010,26521,Angular
34011,26521,ASP.NET CORE
34013,26521,Node.js
34014,26522,ASP.NET CORE
34015,26522,Vue.js
34016,26523,FastAPI
34018,26523,Node.js
34020,26523,Svelte
34021,26526,Angular
34024,26526,Node.js
34025,26526,Vue.js
34026,26527,Angular
34028,26527,Next.js
34029,26527,React
34030,26528,Angular
34033,26528,Vue.js
34037,26541,Express
34038,26541,Next.js
34039,26541,Node.js
34040,26541,React
34041,26541,Spring Boot
34043,26548,Express
34044,26548,Node.js
34045,26550,FastAPI
34047,26550,Next.js
34048,26550,Node.js
34049,26550,Svelte
34050,26551,Express
34051,26551,FastAPI
34054,26551,Node.js
34059,26551,Svelte
34060,26559,Node.js
34061,26560,Express
34062,26560,Next.js
34063,26560,Node.js
34064,26560,React
34066,26563,Express
34069,26563,Next.js
34070,26563,Node.js
34071,26563,React
34075,26570,Svelte
34076,26574,ASP.NET CORE
34077,26574,Node.js
34078,26574,React
34080,26580,Next.js
34081,26580,Node.js
34082,26580,React
34083,26580,Svelte
34085,26591,Next.js
34087,26593,Node.js
34088,26593,React
34090,26597,Next.js
34091,26597,Node.js
34093,26597,React
34096,26597,Svelte
34097,26597,Vue.js
34098,26598,Spring Boot
34100,26601,Express
34101,26601,Next.js
34102,26601,Node.js
34103,26601,React
34105,26603,Express
34106,26603,FastAPI
34109,26603,Next.js
34110,26603,Node.js
34112,26603,React
34114,26603,Svelte
34115,26603,Vue.js
34118,26605,FastAPI
34121,26606,ASP.NET CORE
34123,26606,Svelte
34124,26608,ASP.NET CORE
34126,26608,Vue.js
34127,26611,ASP.NET CORE
34129,26612,Express
34131,26612,Next.js
34132,26612,Node.js
34133,26612,React
34134,26613,Spring Boot
34135,26614,Angular
34136,26614,Next.js
34137,26614,Node.js
34139,26614,Svelte
34140,26614,Vue.js
34141,26617,Angular
34142,26617,Express
34145,26617,Next.js
34146,26617,Node.js
34147,26617,React
34148,26621,Angular
34151,26621,Next.js
34152,26621,Node.js
34153,26621,React
34155,26621,Svelte
34156,26624,FastAPI
34157,26629,React
34158,26638,Svelte
34159,26642,Express
34160,26642,Next.js
34161,26642,Node.js
34162,26642,React
34163,26643,Angular
34166,26643,Next.js
34167,26643,React
34170,26644,ASP.NET CORE
34172,26644,Node.js
34173,26644,React
34174,26648,Angular
34175,26648,ASP.NET CORE
34178,26648,Express
34179,26648,Next.js
34180,26648,Node.js
34181,26648,React
34183,26649,ASP.NET CORE
34184,26649,Next.js
34186,26649,React
34189,26649,Svelte
34190,26649,Vue.js
34195,26662,Angular
34197,26662,Node.js
34198,26662,React
34202,26663,Vue.js
34203,26666,React
34204,26666,Spring Boot
34205,26666,Vue.js
34206,26669,ASP.NET CORE
34208,26669,Node.js
34209,26674,Angular
34212,26674,ASP.NET CORE
34213,26674,Express
34214,26674,Node.js
34215,26680,React
34218,26690,Next.js
34219,26690,React
34220,26690,Spring Boot
34221,26692,Angular
34223,26692,ASP.NET CORE
34224,26692,Node.js
34225,26692,React
34226,26696,Spring Boot
34227,26696,Vue.js
34229,26697,Node.js
34230,26697,Vue.js
34232,26704,Express
34234,26704,Node.js
34236,26704,React
34237,26704,Vue.js
34238,26705,Spring Boot
34241,26708,Next.js
34242,26708,Node.js
34243,26710,React
34245,26714,Angular
34248,26714,ASP.NET CORE
34251,26714,Next.js
34252,26714,Node.js
34254,26714,React
34256,26714,Vue.js
34258,26718,FastAPI
34259,26722,FastAPI
34260,26722,Vue.js
34261,26725,Angular
34262,26725,Vue.js
34263,26726,Angular
34264,26726,Next.js
34265,26726,Node.js
34266,26726,React
34267,26726,Spring Boot
34268,26726,Vue.js
34269,26728,Node.js
34270,26728,React
34272,26730,Node.js
34273,26732,Express
34275,26732,Node.js
34276,26735,Express
34277,26735,Next.js
34278,26735,Node.js
34279,26735,React
34280,26736,FastAPI
34286,26740,FastAPI
34288,26741,Angular
34289,26741,Express
34290,26741,Next.js
34291,26741,Node.js
34292,26741,React
34293,26741,Spring Boot
34294,26741,Vue.js
34295,26743,Angular
34298,26743,ASP.NET CORE
34304,26743,FastAPI
34309,26743,Next.js
34310,26743,Node.js
34314,26743,Spring Boot
34317,26744,ASP.NET CORE
34319,26744,Express
34320,26744,Node.js
34326,26747,Node.js
34327,26747,React
34329,26747,Vue.js
34332,26748,Next.js
34333,26748,Node.js
34334,26748,React
34335,26752,FastAPI
34341,26753,Svelte
34342,26753,Vue.js
34344,26760,ASP.NET CORE
34348,26763,Node.js
34349,26763,React
34351,26765,Node.js
34353,26765,Vue.js
34354,26768,Angular
34357,26768,ASP.NET CORE
34360,26768,FastAPI
34363,26768,Next.js
34364,26768,Node.js
34366,26768,React
34368,26770,ASP.NET CORE
34370,26770,React
34371,26772,ASP.NET CORE
34375,26776,Express
34377,26776,Next.js
34378,26776,Node.js
34380,26776,Vue.js
34381,26777,React
34383,26778,Angular
34384,26778,Spring Boot
34385,26782,ASP.NET CORE
34386,26788,Express
34388,26788,Node.js
34389,26788,Vue.js
34391,26790,React
34393,26791,ASP.NET CORE
34396,26791,Node.js
34397,26791,Vue.js
34398,26792,FastAPI
34399,26792,Next.js
34400,26792,Node.js
34401,26792,React
34402,26792,Svelte
34403,26793,Express
34405,26793,Node.js
34406,26793,React
34408,26794,Express
34409,26794,FastAPI
34410,26794,Next.js
34411,26794,Node.js
34412,26795,Express
34413,26795,FastAPI
34415,26795,Next.js
34416,26795,React
34421,26797,Node.js
34423,26805,React
34424,26806,FastAPI
34428,26809,Express
34430,26809,Node.js
34431,26809,Svelte
34432,26815,Express
34433,26815,Next.js
34434,26815,Node.js
34435,26815,React
34437,26817,FastAPI
34438,26817,React
34439,26817,Vue.js
34440,26824,FastAPI
34442,26824,React
34446,26827,Express
34449,26827,Node.js
34452,26827,Vue.js
34453,26830,ASP.NET CORE
34454,26830,Express
34455,26830,Next.js
34456,26830,Node.js
34457,26830,React
34458,26830,Vue.js
34460,26834,Node.js
34461,26834,React
34463,26841,Next.js
34464,26841,Node.js
34465,26841,React
34466,26841,Svelte
34467,26841,Vue.js
34469,26846,Spring Boot
34470,26848,Next.js
34471,26848,Node.js
34472,26848,React
34474,26853,Node.js
34475,26853,React
34476,26855,Angular
34480,26855,Node.js
34482,26859,FastAPI
34484,26859,Node.js
34485,26859,React
34486,26860,Angular
34487,26860,Node.js
34488,26860,React
34490,26861,Express
34492,26861,Next.js
34493,26861,Node.js
34494,26861,React
34495,26863,Node.js
34497,26866,ASP.NET CORE
34500,26866,Node.js
34501,26866,React
34502,26867,ASP.NET CORE
34505,26867,Next.js
34506,26867,React
34507,26867,Svelte
34514,26875,Vue.js
34515,26881,Express
34517,26881,Next.js
34518,26881,Node.js
34519,26881,React
34521,26888,FastAPI
34523,26888,Next.js
34524,26888,Node.js
34525,26888,Svelte
34528,26890,FastAPI
34531,26893,Node.js
34532,26893,React
34533,26893,Spring Boot
34534,26893,Svelte
34536,26900,Node.js
34537,26900,React
34538,26900,Vue.js
34539,26901,Next.js
34542,26903,ASP.NET CORE
34545,26903,React
34547,26909,Node.js
34548,26909,Spring Boot
34550,26911,FastAPI
34553,26913,Next.js
34554,26913,Node.js
34555,26913,Spring Boot
34559,26917,FastAPI
34562,26917,React
34563,26917,Svelte
34564,26917,Vue.js
34565,26918,FastAPI
34567,26918,Vue.js
34568,26921,Express
34569,26921,Node.js
34570,26921,React
34573,26925,Angular
34574,26925,Spring Boot
34576,26926,Angular
34579,26926,ASP.NET CORE
34582,26926,Next.js
34583,26926,Node.js
34584,26926,React
34586,26926,Vue.js
34588,26932,Angular
34590,26932,ASP.NET CORE
34591,26932,Next.js
34592,26932,Node.js
34593,26932,React
34594,26932,Vue.js
34595,26933,Next.js
34596,26933,React
34599,26937,Node.js
34600,26937,React
34602,26938,Next.js
34603,26938,Node.js
34604,26938,React
34606,26939,ASP.NET CORE
34607,26939,Next.js
34608,26939,React
34610,26940,Node.js
34613,26941,Next.js
34614,26941,Node.js
34615,26941,React
34616,26941,Svelte
34617,26942,Angular
34620,26945,Next.js
34621,26945,Node.js
34622,26945,React
34626,26948,FastAPI
34629,26950,Angular
34632,26950,Express
34633,26950,Next.js
34634,26950,Node.js
34635,26950,React
34636,26950,Spring Boot
34638,26951,Express
34639,26951,Node.js
34641,26953,Angular
34642,26953,ASP.NET CORE
34645,26970,ASP.NET CORE
34648,26970,Express
34649,26970,FastAPI
34650,26970,Next.js
34651,26970,Node.js
34653,26970,React
34654,26970,Vue.js
34658,26975,React
34663,26980,ASP.NET CORE
34666,26980,React
34667,26980,Spring Boot
34668,26980,Vue.js
34670,26985,Spring Boot
34672,26990,ASP.NET CORE
34675,26990,Express
34676,26990,Next.js
34677,26990,Node.js
34678,26990,React
34680,26996,FastAPI
34683,26998,Express
34685,26998,Next.js
34686,26998,Node.js
34687,26998,React
34688,26998,Spring Boot
34689,26999,ASP.NET CORE
34690,26999,Node.js
34691,26999,Svelte
34692,27009,React
34693,27010,Express
34695,27010,Next.js
34696,27010,Node.js
34697,27010,React
34699,27014,FastAPI
34700,27015,Express
34701,27029,Next.js
34702,27029,Node.js
34703,27029,React
34704,27033,Angular
34707,27033,React
34708,27033,Spring Boot
34709,27033,Svelte
34710,27042,ASP.NET CORE
34713,27042,Node.js
34715,27044,Next.js
34716,27044,Node.js
34717,27044,React
34719,27054,React
34720,27054,Spring Boot
34722,27055,ASP.NET CORE
34724,27060,Express
34725,27060,Node.js
34726,27060,React
34727,27061,ASP.NET CORE
34729,27066,Node.js
34730,27066,Spring Boot
34731,27068,FastAPI
34732,27068,Spring Boot
34733,27068,Svelte
34734,27068,Vue.js
34735,27072,React
34736,27072,Spring Boot
34740,27073,Next.js
34741,27073,Node.js
34742,27073,React
34745,27073,Svelte
34747,27075,Express
34750,27075,Node.js
34752,27075,React
34755,27082,FastAPI
34758,27082,Vue.js
34759,27083,FastAPI
34761,27087,Vue.js
34762,27089,ASP.NET CORE
34766,27091,Node.js
34768,27091,Vue.js
34770,27094,Express
34772,27094,Node.js
34773,27094,React
34776,27099,Angular
34777,27099,FastAPI
34778,27104,Angular
34779,27104,Node.js
34780,27104,React
34781,27104,Spring Boot
34782,27104,Vue.js
34784,27108,FastAPI
34787,27109,Angular
34788,27109,ASP.NET CORE
34790,27109,Express
34791,27109,FastAPI
34796,27109,Next.js
34797,27109,Node.js
34798,27109,React
34799,27109,Spring Boot
34800,27113,ASP.NET CORE
34801,27113,Node.js
34802,27113,Vue.js
34803,27119,Angular
34804,27121,FastAPI
34808,27122,Express
34809,27122,Node.js
34810,27122,Vue.js
34811,27127,Angular
34813,27127,Spring Boot
34814,27129,Spring Boot
34815,27130,Angular
34816,27130,Spring Boot
34817,27131,FastAPI
34818,27131,Svelte
34820,27135,Svelte
34823,27148,Angular
34825,27148,ASP.NET CORE
34828,27149,FastAPI
34829,27149,Svelte
34830,27152,Express
34831,27152,FastAPI
34832,27152,Node.js
34833,27152,Spring Boot
34834,27154,Angular
34835,27154,ASP.NET CORE
34836,27157,Svelte
34839,27158,Next.js
34840,27158,Node.js
34841,27158,React
34843,27160,Express
34845,27160,Next.js
34846,27160,Node.js
34847,27160,React
34849,27163,FastAPI
34850,27163,Next.js
34851,27163,Node.js
34852,27163,React
34853,27164,FastAPI
34855,27165,Angular
34856,27165,FastAPI
34857,27165,Spring Boot
34858,27166,Angular
34860,27166,ASP.NET CORE
34862,27166,FastAPI
34864,27166,Spring Boot
34865,27166,Vue.js
34866,27169,Angular
34867,27169,React
34868,27171,React
34871,27172,Next.js
34872,27172,React
34873,27172,Vue.js
34874,27175,Angular
34875,27175,ASP.NET CORE
34877,27175,Next.js
34878,27175,Node.js
34879,27175,React
34880,27176,Angular
34882,27176,Express
34885,27176,Next.js
34886,27176,Node.js
34888,27176,React
34890,27176,Svelte
34891,27176,Vue.js
34893,27178,Next.js
34894,27178,Node.js
34897,27185,FastAPI
34898,27185,Node.js
34899,27185,Vue.js
34900,27186,ASP.NET CORE
34902,27190,ASP.NET CORE
34905,27191,Angular
34906,27192,Angular
34909,27192,ASP.NET CORE
34910,27192,Node.js
34911,27193,ASP.NET CORE
34913,27193,Next.js
34915,27193,React
34920,27202,FastAPI
34922,27202,Next.js
34925,27211,Node.js
34926,27211,Svelte
34927,27213,Angular
34928,27213,Spring Boot
34929,27213,Vue.js
34930,27214,Spring Boot
34931,27217,Angular
34933,27217,Express
34936,27217,Node.js
34937,27217,React
34938,27218,Angular
34939,27218,ASP.NET CORE
34941,27218,React
34943,27218,Svelte
34944,27219,ASP.NET CORE
34949,27224,Spring Boot
34950,27228,Node.js
34951,27228,React
34954,27234,Node.js
34955,27234,React
34957,27234,Vue.js
34958,27241,Express
34959,27241,FastAPI
34963,27241,Node.js
34965,27242,Express
34967,27242,Next.js
34968,27242,Node.js
34969,27242,React
34970,27242,Svelte
34971,27244,Angular
34973,27244,Spring Boot
34974,27246,FastAPI
34976,27246,React
34977,27246,Spring Boot
34979,27249,ASP.NET CORE
34982,27249,Express
34983,27249,FastAPI
34985,27249,Next.js
34986,27249,Node.js
34987,27249,React
34990,27252,FastAPI
34991,27252,React
34994,27256,Vue.js
34995,27260,Spring Boot
34998,27270,ASP.NET CORE
35000,27271,Svelte
35001,27275,Node.js
35002,27275,React
35003,27280,FastAPI
35004,27280,Spring Boot
35005,27281,Node.js
35006,27281,React
35008,27281,Spring Boot
35010,27285,Node.js
35012,27287,FastAPI
35014,27287,React
35015,27287,Vue.js
35016,27288,Angular
35020,27288,Express
35023,27288,Next.js
35024,27288,Node.js
35027,27288,React
35030,27288,Spring Boot
35031,27288,Svelte
35032,27288,Vue.js
35034,27294,ASP.NET CORE
35036,27294,Express
35037,27294,FastAPI
35038,27294,React
35039,27294,Spring Boot
35041,27294,Vue.js
35044,27296,ASP.NET CORE
35047,27296,Express
35050,27296,Node.js
35051,27296,React
35054,27302,Node.js
35055,27302,React
35056,27302,Svelte
35057,27302,Vue.js
35058,27309,Spring Boot
35060,27312,FastAPI
35062,27312,Node.js
35063,27312,React
35064,27312,Spring Boot
35067,27315,Express
35068,27315,Next.js
35069,27315,Node.js
35071,27315,React
35072,27315,Vue.js
35073,27318,ASP.NET CORE
35076,27318,Next.js
35077,27318,React
35079,27320,Node.js
35083,27326,Vue.js
35085,27327,Next.js
35086,27327,Node.js
35088,27327,React
35089,27327,Spring Boot
35090,27328,Angular
35091,27328,ASP.NET CORE
35092,27328,Node.js
35093,27329,Angular
35098,27329,Node.js
35099,27329,React
35100,27332,Next.js
35101,27332,Node.js
35102,27332,React
35104,27333,FastAPI
35107,27339,Express
35108,27343,ASP.NET CORE
35109,27343,Next.js
35110,27343,Node.js
35111,27343,React
35112,27344,FastAPI
35113,27344,Next.js
35114,27344,Node.js
35117,27345,Express
35118,27345,FastAPI
35121,27345,Next.js
35122,27345,Node.js
35123,27345,React
35124,27345,Vue.js
35126,27348,Next.js
35127,27348,Node.js
35128,27348,React
35130,27351,Express
35131,27351,FastAPI
35133,27351,Next.js
35134,27351,Node.js
35135,27351,React
35137,27352,Node.js
35138,27354,React
35139,27354,Spring Boot
35141,27357,Next.js
35142,27357,React
35143,27357,Vue.js
35147,27370,FastAPI
35150,27370,React
35153,27373,Next.js
35154,27373,Spring Boot
35155,27374,Svelte
35156,27374,Vue.js
35159,27375,Next.js
35160,27375,Node.js
35161,27378,Angular
35163,27378,ASP.NET CORE
35165,27378,React
35166,27378,Vue.js
35168,27380,Express
35169,27380,Next.js
35170,27380,Node.js
35171,27380,React
35173,27389,FastAPI
35176,27399,FastAPI
35177,27399,React
35179,27401,ASP.NET CORE
35181,27401,Next.js
35182,27401,Node.js
35184,27401,React
35186,27401,Svelte
35187,27404,Angular
35191,27404,React
35194,27411,FastAPI
35198,27418,Angular
35200,27418,Next.js
35201,27418,Node.js
35202,27418,React
35205,27420,Vue.js
35207,27425,ASP.NET CORE
35209,27425,Vue.js
35211,27436,Node.js
35212,27436,React
35215,27437,Vue.js
35218,27441,Node.js
35220,27442,FastAPI
35223,27442,Next.js
35224,27442,Node.js
35225,27442,Spring Boot
35229,27463,Svelte
35230,27463,Vue.js
35234,27469,Node.js
35236,27469,Vue.js
35238,27479,React
35239,27479,Vue.js
35240,27480,Angular
35242,27480,React
35243,27484,React
35245,27486,ASP.NET CORE
35246,27492,FastAPI
35250,27496,Spring Boot
35252,27497,Vue.js
35254,27499,Next.js
35255,27499,React
35257,27500,FastAPI
35258,27500,Node.js
35260,27500,Vue.js
35262,27503,React
35263,27503,Spring Boot
35264,27506,ASP.NET CORE
35266,27506,Next.js
35267,27506,React
35269,27519,ASP.NET CORE
35270,27519,React
35272,27521,Next.js
35273,27521,Node.js
35275,27521,React
35277,27521,Vue.js
35278,27522,FastAPI
35279,27524,Angular
35280,27524,ASP.NET CORE
35281,27524,Node.js
35282,27528,Angular
35284,27528,ASP.NET CORE
35285,27528,Express
35288,27528,Next.js
35289,27528,Node.js
35290,27528,React
35291,27528,Spring Boot
35292,27534,Express
35294,27534,Node.js
35295,27534,React
35296,27534,Spring Boot
35298,27535,Express
35299,27535,FastAPI
35301,27535,Next.js
35302,27535,React
35305,27535,Vue.js
35307,27539,Node.js
35308,27539,React
35311,27542,Node.js
35312,27542,Vue.js
35314,27543,Svelte
35315,27543,Vue.js
35316,27547,ASP.NET CORE
35321,27550,Next.js
35322,27550,React
35323,27550,Svelte
35324,27553,Angular
35325,27553,ASP.NET CORE
35326,27553,Express
35327,27553,Next.js
35328,27553,Node.js
35331,27556,ASP.NET CORE
35333,27556,FastAPI
35334,27556,Node.js
35335,27556,React
35337,27557,FastAPI
35340,27557,Next.js
35343,27557,Vue.js
35344,27560,FastAPI
35345,27560,React
35348,27563,Angular
35349,27563,ASP.NET CORE
35350,27566,Angular
35352,27566,Node.js
35353,27566,Spring Boot
35356,27568,FastAPI
35358,27568,Svelte
35359,27569,FastAPI
35367,27571,Svelte
35368,27571,Vue.js
35371,27578,Next.js
35372,27578,Node.js
35373,27578,React
35375,27581,FastAPI
35379,27581,React
35380,27581,Vue.js
35381,27586,ASP.NET CORE
35382,27587,ASP.NET CORE
35385,27588,Express
35387,27588,Node.js
35388,27588,React
35389,27588,Spring Boot
35390,27588,Svelte
35392,27590,Express
35393,27590,Next.js
35394,27590,Node.js
35395,27590,React
35398,27590,Svelte
35399,27593,Angular
35401,27593,ASP.NET CORE
35402,27593,Express
35403,27593,Next.js
35404,27593,Node.js
35405,27593,React
35406,27593,Svelte
35407,27601,Angular
35409,27601,Express
35410,27601,FastAPI
35413,27601,Node.js
35414,27601,React
35415,27601,Vue.js
35417,27605,Next.js
35418,27605,React
35420,27608,FastAPI
35421,27611,Node.js
35422,27611,React
35423,27611,Spring Boot
35424,27614,ASP.NET CORE
35426,27619,Express
35427,27619,Node.js
35428,27619,React
35430,27619,Svelte
35432,27620,FastAPI
35434,27620,Spring Boot
35435,27621,Express
35436,27621,Node.js
35437,27621,React
35438,27623,Angular
35441,27628,Vue.js
35443,27631,Express
35445,27631,Next.js
35446,27631,Node.js
35447,27631,React
35448,27634,Angular
35452,27635,Next.js
35453,27635,Node.js
35454,27635,React
35458,27636,Node.js
35459,27636,React
35463,27641,Next.js
35464,27641,Node.js
35465,27645,Express
35468,27645,Next.js
35469,27645,Node.js
35470,27645,React
35471,27645,Vue.js
35472,27648,Angular
35474,27648,ASP.NET CORE
35475,27648,FastAPI
35476,27649,Angular
35479,27649,Express
35480,27649,FastAPI
35484,27649,Next.js
35485,27649,Node.js
35488,27649,React
35490,27649,Spring Boot
35492,27649,Svelte
35493,27649,Vue.js
35495,27652,React
35497,27654,ASP.NET CORE
35498,27654,Next.js
35499,27654,Node.js
35500,27654,React
35501,27654,Vue.js
35502,27660,Node.js
35504,27660,Spring Boot
35506,27662,ASP.NET CORE
35507,27662,Vue.js
35508,27665,FastAPI
35509,27665,React
35512,27666,Express
35513,27666,FastAPI
35514,27666,Node.js
35516,27666,Svelte
35517,27666,Vue.js
35518,27669,ASP.NET CORE
35520,27669,Next.js
35521,27669,React
35522,27671,Next.js
35523,27671,Node.js
35525,27671,React
35527,27675,Next.js
35532,27679,Vue.js
35533,27685,Angular
35535,27685,Node.js
35536,27685,React
35537,27685,Vue.js
35538,27688,Express
35541,27688,Next.js
35542,27688,Node.js
35543,27696,ASP.NET CORE
35545,27696,Express
35546,27696,FastAPI
35548,27696,Next.js
35549,27696,React
35551,27697,FastAPI
35552,27697,Node.js
35553,27697,Vue.js
35555,27699,Node.js
35556,27699,React
35558,27703,ASP.NET CORE
35559,27703,Svelte
35560,27704,Express
35562,27704,Next.js
35563,27704,Node.js
35564,27704,React
35566,27708,Angular
35568,27708,ASP.NET CORE
35570,27712,FastAPI
35571,27713,Spring Boot
35572,27718,Express
35573,27718,Node.js
35574,27719,React
35576,27720,Spring Boot
35577,27723,Express
35578,27723,Node.js
35581,27728,Express
35582,27728,FastAPI
35584,27728,Node.js
35585,27728,React
35588,27730,Angular
35592,27730,Express
35594,27730,Next.js
35595,27730,Node.js
35596,27730,React
35599,27730,Svelte
35600,27730,Vue.js
35602,27733,ASP.NET CORE
35604,27735,React
35606,27735,Vue.js
35607,27741,Express
35610,27741,React
35611,27741,Vue.js
35613,27744,ASP.NET CORE
35614,27744,Express
35615,27744,Node.js
35616,27744,React
35617,27753,Angular
35618,27753,Express
35619,27753,Node.js
35620,27753,React
35622,27756,Next.js
35623,27756,Node.js
35624,27756,React
35625,27756,Spring Boot
35627,27758,FastAPI
35630,27761,Node.js
35631,27761,React
35632,27762,Express
35633,27762,Node.js
35635,27762,Vue.js
35636,27765,Node.js
35637,27765,React
35639,27767,Angular
35642,27767,ASP.NET CORE
35644,27767,Next.js
35645,27767,Node.js
35647,27770,Angular
35650,27770,Node.js
35651,27771,Next.js
35652,27771,Node.js
35653,27771,React
35654,27776,ASP.NET CORE
35656,27780,ASP.NET CORE
35659,27780,React
35661,27782,Next.js
35662,27782,Node.js
35665,27782,Vue.js
35666,27783,Express
35669,27783,Next.js
35670,27783,Node.js
35671,27783,React
35673,27786,Next.js
35674,27786,React
35675,27786,Vue.js
35676,27787,Spring Boot
35678,27788,FastAPI
35679,27788,React
35680,27789,Next.js
35681,27789,React
35682,27790,Angular
35684,27790,Express
35685,27790,Node.js
35686,27790,Svelte
35688,27794,Node.js
35689,27794,React
35690,27794,Vue.js
35691,27795,FastAPI
35694,27795,Node.js
35695,27795,React
35696,27800,React
35699,27802,Express
35701,27802,Next.js
35702,27802,Node.js
35704,27802,React
35707,27802,Svelte
35708,27802,Vue.js
35709,27805,React
35711,27805,Vue.js
35712,27810,Angular
35718,27810,Next.js
35719,27810,Node.js
35720,27810,React
35721,27810,Vue.js
35722,27811,Next.js
35723,27811,Node.js
35725,27811,React
35728,27815,Next.js
35729,27815,Node.js
35731,27816,ASP.NET CORE
35734,27816,React
35735,27816,Vue.js
35736,27823,Angular
35737,27823,ASP.NET CORE
35739,27823,Express
35742,27823,Node.js
35743,27823,Svelte
35744,27823,Vue.js
35745,27825,Express
35746,27825,Node.js
35748,27826,FastAPI
35750,27826,Node.js
35751,27826,React
35755,27827,Vue.js
35756,27828,Node.js
35757,27828,Vue.js
35758,27829,ASP.NET CORE
35759,27837,FastAPI
35760,27837,Next.js
35761,27837,Node.js
35762,27837,React
35763,27840,Angular
35764,27840,ASP.NET CORE
35766,27840,Vue.js
35768,27843,Svelte
35769,27843,Vue.js
35771,27844,Svelte
35773,27846,Angular
35776,27846,Node.js
35778,27846,Vue.js
35780,27847,Vue.js
35782,27854,Svelte
35783,27854,Vue.js
35785,27864,Vue.js
35786,27866,Svelte
35787,27867,ASP.NET CORE
35788,27867,Node.js
35789,27868,Angular
35792,27868,Express
35793,27868,FastAPI
35795,27868,Next.js
35796,27868,Node.js
35797,27868,React
35798,27868,Spring Boot
35800,27868,Svelte
35802,27870,Next.js
35803,27870,Node.js
35805,27872,Next.js
35806,27872,Node.js
35807,27872,Vue.js
35808,27873,Angular
35809,27873,ASP.NET CORE
35810,27874,ASP.NET CORE
35812,27876,Angular
35813,27876,ASP.NET CORE
35815,27876,Node.js
35816,27876,Svelte
35817,27879,FastAPI
35818,27879,Next.js
35819,27886,FastAPI
35820,27886,Next.js
35821,27886,Node.js
35823,27886,Spring Boot
35824,27886,Vue.js
35825,27888,ASP.NET CORE
35827,27888,Vue.js
35828,27897,FastAPI
35831,27898,FastAPI
35834,27898,React
35835,27899,Angular
35838,27899,ASP.NET CORE
35840,27899,Node.js
35841,27899,React
35842,27907,Angular
35844,27907,Next.js
35845,27907,Node.js
35846,27907,React
35848,27908,ASP.NET CORE
35851,27909,Angular
35853,27909,Express
35855,27909,Next.js
35856,27909,Node.js
35858,27909,React
35859,27909,Spring Boot
35861,27916,Svelte
35862,27916,Vue.js
35863,27923,Express
35865,27923,Next.js
35866,27923,Node.js
35867,27923,React
35868,27923,Vue.js
35870,27924,Node.js
35871,27924,React
35873,27928,ASP.NET CORE
35874,27928,React
35875,27928,Svelte
35879,27930,Next.js
35881,27930,React
35883,27930,Spring Boot
35884,27930,Vue.js
35885,27934,React
35887,27936,Angular
35888,27936,Express
35889,27936,Node.js
35890,27936,Vue.js
35892,27938,ASP.NET CORE
35894,27945,Vue.js
35895,27948,ASP.NET CORE
35896,27948,Node.js
35897,27948,React
35900,27950,ASP.NET CORE
35901,27951,Angular
35904,27951,FastAPI
35906,27951,Node.js
35907,27951,React
35908,27951,Spring Boot
35910,27954,FastAPI
35912,27954,Spring Boot
35914,27957,Next.js
35915,27957,Node.js
35916,27957,React
35917,27959,ASP.NET CORE
35920,27960,React
35921,27960,Vue.js
35924,27962,ASP.NET CORE
35926,27966,Angular
35927,27966,ASP.NET CORE
35929,27966,Next.js
35930,27966,React
35932,27968,ASP.NET CORE
35936,27968,Express
35940,27968,Node.js
35941,27968,React
35945,27968,Svelte
35946,27970,ASP.NET CORE
35948,27970,Node.js
35949,27971,Angular
35950,27971,Node.js
35951,27974,ASP.NET CORE
35952,27974,Vue.js
35953,27976,React
35955,27981,Express
35956,27981,Node.js
35957,27981,React
35959,27987,Angular
35960,27987,Express
35961,27987,Node.js
35962,27989,FastAPI
35963,27995,Node.js
35964,27995,React
35965,27995,Spring Boot
35967,27996,Next.js
35968,27996,Node.js
35969,27996,Spring Boot
35970,27997,Angular
35971,27997,ASP.NET CORE
35973,27999,Vue.js
35977,28000,Express
35978,28000,Next.js
35979,28000,Node.js
35980,28000,React
35981,28006,FastAPI
35983,28015,React
35984,28015,Svelte
35985,28020,Angular
35987,28020,ASP.NET CORE
35989,28020,Node.js
35990,28020,React
35993,28022,React
35994,28023,ASP.NET CORE
35995,28029,ASP.NET CORE
35997,28029,Node.js
35998,28029,React
35999,28029,Spring Boot
36000,28030,Vue.js
36002,28033,React
36003,28034,Express
36004,28034,FastAPI
36006,28034,Next.js
36007,28034,Node.js
36008,28034,React
36010,28035,ASP.NET CORE
36012,28042,Express
36013,28042,Next.js
36014,28042,Node.js
36015,28042,React
36016,28043,Angular
36018,28043,Node.js
36019,28046,Angular
36020,28046,ASP.NET CORE
36023,28047,Express
36026,28047,Next.js
36027,28047,Node.js
36028,28047,React
36029,28049,Angular
36031,28049,ASP.NET CORE
36033,28049,Node.js
36034,28052,Angular
36040,28052,Node.js
36041,28053,Express
36043,28053,Next.js
36044,28053,Node.js
36045,28053,React
36046,28053,Spring Boot
36047,28054,Next.js
36048,28054,Node.js
36049,28054,React
36050,28059,Next.js
36051,28059,React
36052,28060,ASP.NET CORE
36053,28064,ASP.NET CORE
36054,28067,ASP.NET CORE
36055,28067,Vue.js
36057,28069,FastAPI
36059,28069,Node.js
36061,28069,Vue.js
36064,28074,ASP.NET CORE
36066,28079,Express
36067,28079,FastAPI
36068,28079,Node.js
36070,28079,Vue.js
36072,28083,FastAPI
36073,28083,Next.js
36074,28083,Node.js
36075,28083,React
36081,28086,FastAPI
36085,28086,Next.js
36086,28086,Node.js
36087,28086,React
36088,28088,Angular
36090,28088,Express
36092,28088,Next.js
36093,28088,Node.js
36098,28089,FastAPI
36099,28089,React
36101,28092,ASP.NET CORE
36102,28092,Next.js
36103,28092,React
36104,28096,ASP.NET CORE
36105,28096,Node.js
36106,28096,React
36108,28097,ASP.NET CORE
36109,28097,Next.js
36110,28097,React
36112,28100,Angular
36114,28100,Express
36116,28100,Node.js
36117,28100,Spring Boot
36118,28100,Svelte
36122,28102,Node.js
36123,28102,React
36124,28102,Svelte
36125,28106,Vue.js
36127,28107,Next.js
36128,28107,Node.js
36130,28107,React
36132,28107,Svelte
36133,28107,Vue.js
36134,28108,Next.js
36136,28108,React
36137,28108,Vue.js
36140,28110,Node.js
36142,28113,Spring Boot
36145,28116,Svelte
36146,28118,Express
36149,28118,Next.js
36150,28118,Node.js
36151,28118,React
36153,28118,Spring Boot
36154,28119,React
36155,28119,Spring Boot
36157,28124,Angular
36158,28124,ASP.NET CORE
36159,28124,Next.js
36160,28128,Next.js
36161,28128,Node.js
36163,28129,Vue.js
36164,28130,ASP.NET CORE
36166,28143,Angular
36169,28143,Node.js
36170,28143,React
36171,28143,Vue.js
36173,28146,Express
36174,28146,Next.js
36175,28146,Node.js
36177,28146,React
36179,28146,Vue.js
36183,28150,Node.js
36185,28150,React
36187,28153,ASP.NET CORE
36188,28155,Angular
36191,28155,FastAPI
36193,28155,Next.js
36194,28155,Node.js
36195,28155,React
36196,28155,Svelte
36197,28155,Vue.js
36198,28157,Angular
36199,28157,Express
36200,28157,React
36201,28157,Svelte
36202,28157,Vue.js
36206,28158,React
36209,28158,Svelte
36210,28160,ASP.NET CORE
36215,28162,Express
36216,28162,FastAPI
36219,28162,Next.js
36220,28162,Node.js
36222,28162,React
36223,28162,Spring Boot
36224,28162,Vue.js
36225,28163,Express
36226,28165,ASP.NET CORE
36227,28167,Node.js
36228,28167,Spring Boot
36231,28171,FastAPI
36232,28171,Svelte
36235,28174,Spring Boot
36236,28174,Vue.js
36237,28175,FastAPI
36239,28175,Next.js
36241,28175,React
36242,28175,Vue.js
36243,28180,ASP.NET CORE
36246,28183,Node.js
36247,28183,React
36249,28188,Node.js
36250,28188,Svelte
36252,28193,Angular
36253,28194,ASP.NET CORE
36254,28197,Angular
36258,28197,Next.js
36259,28197,Node.js
36260,28197,React
36262,28197,Spring Boot
36263,28197,Vue.js
36265,28201,Angular
36267,28201,ASP.NET CORE
36268,28201,Node.js
36269,28201,Vue.js
36270,28204,Express
36272,28204,Node.js
36273,28206,Angular
36276,28206,Node.js
36277,28206,Spring Boot
36278,28206,Svelte
36280,28208,Next.js
36282,28208,Vue.js
36283,28210,ASP.NET CORE
36284,28210,Node.js
36285,28210,React
36289,28211,Next.js
36290,28211,Node.js
36291,28211,React
36292,28211,Svelte
36293,28211,Vue.js
36294,28213,ASP.NET CORE
36298,28215,Next.js
36299,28215,Node.js
36300,28215,React
36301,28215,Spring Boot
36302,28222,Angular
36304,28222,ASP.NET CORE
36306,28222,Next.js
36307,28222,Node.js
36308,28222,React
36309,28222,Spring Boot
36310,28222,Vue.js
36311,28224,Node.js
36312,28224,React
36314,28225,React
36315,28227,Angular
36318,28227,Svelte
36320,28229,ASP.NET CORE
36324,28231,FastAPI
36325,28231,Next.js
36326,28231,Svelte
36327,28236,FastAPI
36328,28237,FastAPI
36330,28239,Angular
36333,28239,ASP.NET CORE
36338,28239,Next.js
36339,28239,Node.js
36341,28239,React
36344,28239,Spring Boot
36345,28239,Svelte
36346,28239,Vue.js
36349,28240,React
36354,28241,Next.js
36355,28241,Node.js
36356,28241,React
36359,28242,Node.js
36360,28242,React
36362,28242,Vue.js
36365,28245,Express
36366,28245,Node.js
36367,28245,React
36369,28248,Next.js
36370,28248,Node.js
36371,28248,React
36372,28248,Spring Boot
36374,28253,FastAPI
36377,28253,Vue.js
36378,28255,ASP.NET CORE
36382,28259,Angular
36384,28260,ASP.NET CORE
36385,28261,Node.js
36386,28261,React
36387,28261,Vue.js
36388,28262,ASP.NET CORE
36389,28264,Express
36390,28264,Next.js
36391,28264,Node.js
36392,28264,React
36393,28266,React
36394,28267,FastAPI
36397,28269,FastAPI
36399,28269,React
36401,28272,ASP.NET CORE
36403,28272,Next.js
36404,28272,React
36406,28277,ASP.NET CORE
36408,28277,Node.js
36409,28280,ASP.NET CORE
36411,28284,ASP.NET CORE
36412,28284,React
36413,28290,Angular
36416,28290,Svelte
36417,28290,Vue.js
36418,28291,Next.js
36419,28291,React
36420,28292,ASP.NET CORE
36421,28299,Express
36422,28299,Next.js
36423,28299,Node.js
36424,28299,React
36426,28299,Vue.js
36430,28301,Next.js
36431,28301,Node.js
36432,28301,React
36433,28301,Vue.js
36435,28304,Node.js
36436,28306,ASP.NET CORE
36437,28306,Node.js
36440,28309,Express
36443,28309,Next.js
36444,28309,Node.js
36445,28309,React
36446,28309,Spring Boot
36447,28312,ASP.NET CORE
36449,28314,Angular
36450,28314,FastAPI
36453,28314,Vue.js
36454,28316,Node.js
36455,28316,React
36457,28327,FastAPI
36460,28328,ASP.NET CORE
36463,28328,Node.js
36464,28328,React
36465,28329,ASP.NET CORE
36466,28342,Angular
36469,28342,Node.js
36471,28342,React
36473,28342,Vue.js
36474,28343,Express
36475,28343,Next.js
36476,28343,Node.js
36477,28343,React
36478,28344,React
36480,28346,FastAPI
36482,28346,Node.js
36485,28349,ASP.NET CORE
36487,28349,Next.js
36488,28349,Node.js
36489,28349,React
36490,28353,ASP.NET CORE
36491,28353,Vue.js
36492,28354,FastAPI
36496,28358,Node.js
36497,28358,Vue.js
36500,28360,Next.js
36501,28360,Node.js
36503,28360,React
36504,28360,Vue.js
36509,28373,FastAPI
36510,28373,Node.js
36512,28374,Angular
36515,28374,ASP.NET CORE
36516,28374,FastAPI
36517,28374,Spring Boot
36518,28377,FastAPI
36519,28381,Express
36520,28381,Node.js
36521,28381,Svelte
36522,28381,Vue.js
36523,28387,Angular
36527,28387,Express
36528,28387,Next.js
36529,28387,Node.js
36531,28387,React
36532,28387,Vue.js
36535,28392,ASP.NET CORE
36537,28392,Node.js
36538,28392,React
36539,28395,Angular
36541,28395,Next.js
36542,28395,Node.js
36543,28395,React
36544,28395,Svelte
36546,28406,Angular
36548,28406,ASP.NET CORE
36550,28407,React
36551,28409,Express
36552,28409,Node.js
36553,28409,React
36559,28414,Next.js
36560,28414,Node.js
36561,28414,React
36562,28414,Spring Boot
36563,28414,Vue.js
36564,28417,Angular
36565,28417,ASP.NET CORE
36571,28419,React
36572,28420,ASP.NET CORE
36575,28420,Express
36577,28420,Node.js
36578,28420,React
36580,28420,Spring Boot
36581,28421,Spring Boot
36588,28424,Svelte
36589,28424,Vue.js
36590,28427,ASP.NET CORE
36592,28427,Next.js
36593,28427,Node.js
36595,28428,React
36596,28438,FastAPI
36599,28446,Next.js
36600,28446,React
36602,28449,ASP.NET CORE
36603,28449,Next.js
36604,28449,Node.js
36605,28449,React
36608,28451,Node.js
36610,28451,Spring Boot
36611,28451,Svelte
36615,28455,React
36616,28457,Angular
36617,28457,Spring Boot
36619,28459,ASP.NET CORE
36621,28459,React
36622,28460,React
36625,28470,ASP.NET CORE
36627,28470,React
36628,28470,Svelte
36629,28472,ASP.NET CORE
36630,28472,Next.js
36631,28472,Node.js
36632,28472,React
36633,28478,Next.js
36634,28478,Node.js
36635,28478,React
36636,28479,Angular
36637,28479,Next.js
36638,28479,React
36639,28479,Spring Boot
36640,28480,ASP.NET CORE
36641,28480,Next.js
36642,28480,React
36643,28480,Svelte
36644,28480,Vue.js
36645,28484,Node.js
36647,28484,Vue.js
36649,28485,Next.js
36650,28485,React
36653,28491,Express
36654,28491,Next.js
36655,28491,Node.js
36656,28491,React
36658,28493,Node.js
36659,28493,React
36660,28495,Angular
36661,28495,Spring Boot
36663,28497,Express
36665,28497,Node.js
36666,28497,React
36668,28501,Node.js
36669,28501,Vue.js
36671,28502,ASP.NET CORE
36676,28505,Node.js
36677,28505,Vue.js
36679,28506,FastAPI
36682,28506,Next.js
36683,28506,Node.js
36684,28506,React
36685,28507,Next.js
36686,28507,Node.js
36687,28507,React
36689,28508,Express
36690,28508,Node.js
36691,28508,Svelte
36692,28510,Spring Boot
36693,28510,Vue.js
36694,28514,Angular
36695,28514,Express
36697,28514,Node.js
36698,28514,React
36700,28516,Next.js
36701,28516,Node.js
36702,28516,React
36704,28518,Node.js
36706,28524,ASP.NET CORE
36708,28524,React
36710,28526,Express
36711,28526,FastAPI
36713,28526,Node.js
36714,28526,React
36715,28526,Svelte
36716,28528,Express
36718,28528,Next.js
36719,28528,Node.js
36720,28528,React
36721,28528,Svelte
36727,28535,Next.js
36728,28535,Node.js
36729,28535,React
36730,28535,Spring Boot
36732,28537,Angular
36733,28537,ASP.NET CORE
36734,28542,Angular
36735,28542,Express
36738,28542,Node.js
36739,28542,Spring Boot
36742,28556,Node.js
36743,28560,Node.js
36744,28560,React
36745,28562,Next.js
36747,28562,React
36748,28562,Vue.js
36749,28563,Angular
36750,28563,ASP.NET CORE
36751,28563,Svelte
36753,28565,ASP.NET CORE
36754,28565,React
36755,28566,Angular
36757,28566,Node.js
36758,28566,Vue.js
36760,28577,Express
36761,28577,FastAPI
36762,28577,Spring Boot
36763,28577,Vue.js
36764,28578,Angular
36766,28578,Node.js
36767,28578,React
36768,28578,Svelte
36769,28579,FastAPI
36771,28579,Node.js
36772,28579,React
36773,28580,ASP.NET CORE
36776,28581,FastAPI
36779,28581,Node.js
36781,28581,React
36783,28581,Spring Boot
36784,28581,Svelte
36785,28581,Vue.js
36787,28584,ASP.NET CORE
36790,28590,Express
36791,28590,Node.js
36792,28591,FastAPI
36793,28591,Node.js
36794,28591,React
36795,28594,ASP.NET CORE
36796,28594,React
36797,28599,ASP.NET CORE
36798,28599,Express
36799,28599,Node.js
36800,28599,React
36803,28601,ASP.NET CORE
36805,28603,ASP.NET CORE
36807,28604,Angular
36808,28604,ASP.NET CORE
36809,28608,Angular
36813,28608,Next.js
36814,28608,Node.js
36815,28608,React
36817,28608,Svelte
36822,28610,Node.js
36823,28610,React
36824,28610,Vue.js
36826,28611,ASP.NET CORE
36828,28612,Express
36829,28612,Node.js
36830,28612,Vue.js
36832,28616,Next.js
36833,28616,Node.js
36835,28616,React
36837,28616,Vue.js
36839,28617,Express
36840,28617,FastAPI
36842,28617,Next.js
36843,28617,React
36844,28618,Node.js
36845,28618,React
36847,28622,ASP.NET CORE
36849,28623,Angular
36854,28623,Node.js
36855,28623,React
36856,28623,Spring Boot
36857,28623,Vue.js
36860,28624,Node.js
36863,28626,Node.js
36864,28626,React
36867,28629,Express
36869,28629,Next.js
36870,28629,Node.js
36871,28629,React
36873,28629,Svelte
36875,28631,Express
36877,28631,Next.js
36878,28631,Node.js
36879,28631,React
36880,28631,Spring Boot
36881,28634,Angular
36883,28634,ASP.NET CORE
36886,28634,Node.js
36887,28635,Express
36889,28635,Next.js
36890,28635,Node.js
36891,28635,React
36892,28641,Angular
36893,28641,Node.js
36894,28641,React
36895,28641,Spring Boot
36898,28644,Node.js
36899,28649,ASP.NET CORE
36901,28650,Express
36902,28650,Next.js
36903,28650,Node.js
36904,28650,React
36905,28655,Express
36906,28655,Next.js
36907,28655,Node.js
36908,28655,React
36909,28655,Vue.js
36911,28660,Node.js
36914,28660,Vue.js
36917,28662,Vue.js
36918,28663,ASP.NET CORE
36919,28663,Vue.js
36921,28665,Node.js
36923,28667,FastAPI
36926,28669,Node.js
36927,28680,Angular
36928,28680,Express
36932,28681,React
36934,28683,FastAPI
36936,28683,Vue.js
36939,28687,ASP.NET CORE
36941,28687,FastAPI
36944,28687,React
36945,28688,Angular
36948,28688,ASP.NET CORE
36949,28688,Express
36950,28688,Next.js
36951,28688,Node.js
36952,28688,React
36954,28693,Node.js
36955,28693,React
36956,28699,Express
36957,28699,Node.js
36958,28703,React
36959,28705,Angular
36962,28705,ASP.NET CORE
36965,28705,Express
36966,28705,FastAPI
36969,28705,Node.js
36970,28705,React
36971,28705,Vue.js
36972,28706,ASP.NET CORE
36973,28706,Express
36974,28706,Vue.js
36977,28708,Node.js
36978,28708,React
36980,28708,Spring Boot
36981,28708,Svelte
36983,28709,Next.js
36984,28709,Node.js
36986,28711,Svelte
36989,28712,ASP.NET CORE
36991,28712,Node.js
36992,28712,React
36993,28717,Angular
36996,28717,Express
36997,28717,Node.js
37000,28718,Express
37002,28718,Next.js
37003,28718,Node.js
37004,28718,React
37005,28718,Spring Boot
37006,28718,Svelte
37007,28719,React
37008,28719,Spring Boot
37009,28719,Svelte
37010,28722,Angular
37013,28722,Node.js
37014,28722,React
37015,28722,Vue.js
37016,28724,ASP.NET CORE
37017,28724,Express
37018,28724,Next.js
37019,28724,Node.js
37020,28724,React
37021,28725,ASP.NET CORE
37023,28725,FastAPI
37025,28725,Next.js
37027,28725,React
37028,28725,Vue.js
37029,28726,Express
37030,28726,Next.js
37031,28726,Node.js
37033,28726,React
37034,28726,Vue.js
37038,28729,Next.js
37039,28729,React
37041,28730,Angular
37042,28730,ASP.NET CORE
37043,28730,Node.js
37044,28730,Vue.js
37045,28731,Angular
37048,28731,ASP.NET CORE
37054,28731,Next.js
37055,28731,Node.js
37056,28731,React
37057,28731,Spring Boot
37059,28731,Vue.js
37061,28733,Next.js
37062,28733,Node.js
37063,28733,React
37064,28735,Express
37067,28735,Next.js
37068,28735,Node.js
37069,28735,React
37070,28735,Svelte
37071,28735,Vue.js
37074,28736,Node.js
37075,28736,Svelte
37076,28736,Vue.js
37078,28739,ASP.NET CORE
37079,28740,FastAPI
37081,28741,Express
37082,28741,FastAPI
37086,28741,Next.js
37087,28741,Node.js
37088,28741,React
37094,28745,Next.js
37095,28745,React
37099,28752,Express
37101,28752,Svelte
37102,28756,FastAPI
37104,28756,React
37109,28758,FastAPI
37113,28758,Svelte
37115,28763,Node.js
37116,28763,React
37118,28765,Node.js
37119,28765,Spring Boot
37121,28767,ASP.NET CORE
37123,28779,Next.js
37124,28779,React
37125,28783,FastAPI
37126,28783,Vue.js
37128,28788,Spring Boot
37129,28795,Angular
37132,28795,ASP.NET CORE
37135,28795,Express
37136,28795,FastAPI
37140,28795,Next.js
37141,28795,Node.js
37142,28795,React
37143,28795,Svelte
37144,28795,Vue.js
37147,28797,Express
37149,28797,Node.js
37150,28797,React
37155,28803,React
37159,28807,Node.js
37160,28807,Svelte
37161,28808,ASP.NET CORE
37162,28808,FastAPI
37163,28808,Spring Boot
37164,28813,Express
37165,28813,Node.js
37166,28813,React
37168,28814,ASP.NET CORE
37170,28820,Next.js
37171,28820,Node.js
37173,28820,React
37174,28820,Spring Boot
37175,28822,Angular
37177,28822,Express
37180,28822,Next.js
37181,28822,Node.js
37182,28822,React
37184,28822,Spring Boot
37188,28829,Node.js
37189,28829,React
37191,28830,ASP.NET CORE
37192,28830,React
37194,28831,Next.js
37196,28837,Next.js
37197,28837,React
37198,28838,Angular
37199,28838,ASP.NET CORE
37204,28838,React
37205,28838,Spring Boot
37206,28840,Express
37209,28840,Next.js
37210,28840,Node.js
37211,28840,React
37212,28840,Spring Boot
37213,28844,Express
37215,28844,Node.js
37217,28861,React
37221,28874,Next.js
37222,28874,Node.js
37224,28874,React
37225,28874,Svelte
37226,28875,Angular
37228,28875,FastAPI
37229,28875,Next.js
37230,28875,Node.js
37231,28875,React
37232,28878,Angular
37234,28878,Next.js
37235,28878,React
37237,28878,Spring Boot
37238,28878,Svelte
37240,28879,Next.js
37241,28879,Node.js
37244,28879,Svelte
37245,28880,Express
37247,28880,Node.js
37249,28887,Angular
37250,28887,ASP.NET CORE
37252,28890,Svelte
37253,28893,Angular
37257,28895,Svelte
37258,28895,Vue.js
37261,28896,Vue.js
37262,28897,Next.js
37263,28897,Node.js
37264,28897,React
37265,28902,Angular
37267,28902,ASP.NET CORE
37268,28902,Next.js
37269,28902,Node.js
37270,28902,React
37271,28902,Vue.js
37274,28907,Next.js
37275,28907,Node.js
37276,28907,React
37277,28907,Spring Boot
37280,28910,ASP.NET CORE
37281,28913,Next.js
37282,28913,Node.js
37283,28913,React
37286,28914,Next.js
37287,28914,Node.js
37289,28914,React
37293,28923,Next.js
37295,28923,React
37296,28923,Spring Boot
37297,28923,Vue.js
37300,28929,Next.js
37301,28929,Node.js
37302,28929,React
37303,28930,Angular
37304,28930,Node.js
37305,28930,React
37306,28930,Spring Boot
37307,28931,FastAPI
37308,28931,Svelte
37310,28936,Next.js
37311,28936,Node.js
37312,28936,React
37313,28940,Node.js
37314,28940,Svelte
37316,28943,ASP.NET CORE
37317,28951,ASP.NET CORE
37318,28951,Express
37319,28951,Node.js
37321,28951,Svelte
37322,28951,Vue.js
37323,28956,FastAPI
37325,28959,React
37330,28972,ASP.NET CORE
37331,28974,Express
37336,28974,Node.js
37337,28974,Vue.js
37340,28976,FastAPI
37342,28980,Express
37343,28980,Next.js
37344,28980,Node.js
37346,28980,React
37347,28980,Spring Boot
37348,28983,React
37349,28985,ASP.NET CORE
37351,28987,ASP.NET CORE
37353,28989,Svelte
37354,28991,Node.js
37356,28995,Vue.js
37357,28996,Angular
37359,28996,Next.js
37360,28996,Node.js
37362,28996,React
37363,28996,Vue.js
37366,28997,Vue.js
37370,29003,React
37372,29006,React
37374,29006,Svelte
37375,29007,ASP.NET CORE
37376,29007,React
37378,29017,ASP.NET CORE
37379,29018,Angular
37381,29018,ASP.NET CORE
37384,29018,Express
37386,29018,Next.js
37387,29018,Node.js
37388,29018,React
37390,29018,Spring Boot
37391,29018,Svelte
37392,29018,Vue.js
37394,29019,Spring Boot
37395,29019,Vue.js
37396,29020,Node.js
37397,29020,React
37398,29020,Spring Boot
37400,29031,Next.js
37401,29031,Node.js
37402,29042,Angular
37403,29042,Node.js
37404,29043,Angular
37407,29043,ASP.NET CORE
37413,29043,Node.js
37414,29043,React
37417,29044,ASP.NET CORE
37419,29045,Angular
37420,29045,Express
37421,29045,Next.js
37422,29045,React
37426,29046,Node.js
37427,29046,React
37428,29046,Svelte
37431,29049,FastAPI
37433,29049,Next.js
37434,29049,Node.js
37435,29049,React
37437,29051,Angular
37439,29051,Express
37440,29051,React
37441,29051,Svelte
37442,29055,Spring Boot
37445,29061,Express
37448,29061,Node.js
37449,29061,Vue.js
37451,29066,Next.js
37452,29066,Node.js
37453,29066,React
37454,29067,Express
37455,29067,Next.js
37456,29067,Node.js
37458,29067,React
37459,29067,Spring Boot
37460,29067,Vue.js
37461,29069,Next.js
37462,29069,Node.js
37463,29069,React
37464,29069,Vue.js
37465,29070,Angular
37466,29070,ASP.NET CORE
37467,29070,React
37469,29074,FastAPI
37470,29074,Next.js
37471,29074,Node.js
37472,29074,React
37474,29085,ASP.NET CORE
37475,29085,Next.js
37476,29085,Node.js
37477,29085,React
37479,29088,Next.js
37480,29088,Node.js
37481,29088,React
37485,29089,Express
37486,29089,FastAPI
37487,29089,Next.js
37488,29089,Node.js
37489,29089,React
37490,29089,Svelte
37492,29093,Node.js
37495,29093,Vue.js
37501,29096,Angular
37503,29096,ASP.NET CORE
37504,29097,Express
37506,29097,Node.js
37507,29097,React
37508,29098,Express
37511,29098,Node.js
37512,29098,React
37514,29102,Node.js
37515,29102,React
37516,29102,Svelte
37517,29103,Angular
37520,29104,Svelte
37521,29104,Vue.js
37523,29106,Express
37526,29106,Node.js
37527,29106,React
37528,29106,Vue.js
37530,29108,ASP.NET CORE
37533,29108,Next.js
37534,29108,Svelte
37535,29111,FastAPI
37536,29111,Next.js
37538,29114,Next.js
37539,29114,Node.js
37540,29114,React
37545,29115,React
37547,29117,Express
37551,29117,Next.js
37552,29117,Node.js
37554,29117,React
37557,29117,Vue.js
37559,29118,ASP.NET CORE
37562,29118,Node.js
37564,29118,Spring Boot
37571,29126,Next.js
37572,29126,Node.js
37574,29126,React
37575,29126,Svelte
37576,29126,Vue.js
37579,29134,Node.js
37580,29134,Svelte
37581,29134,Vue.js
37583,29136,ASP.NET CORE
37585,29137,Angular
37587,29137,Express
37590,29137,Next.js
37591,29137,Node.js
37593,29137,React
37594,29137,Vue.js
37596,29143,React
37598,29145,ASP.NET CORE
37600,29145,React
37601,29149,Express
37602,29149,Next.js
37603,29149,Node.js
37604,29149,React
37606,29151,Express
37607,29151,Node.js
37608,29152,Angular
37609,29152,React
37610,29152,Spring Boot
37611,29155,Angular
37614,29155,Node.js
37615,29155,Spring Boot
37616,29157,Angular
37618,29157,ASP.NET CORE
37620,29157,Node.js
37621,29157,Vue.js
37625,29159,Express
37626,29159,Next.js
37627,29159,Node.js
37628,29159,React
37629,29160,Angular
37630,29160,FastAPI
37632,29160,Node.js
37633,29162,Express
37634,29162,Node.js
37635,29162,React
37637,29162,Vue.js
37638,29163,Angular
37640,29163,Express
37643,29163,Next.js
37644,29163,Node.js
37645,29163,Vue.js
37647,29164,ASP.NET CORE
37649,29169,Express
37650,29169,Next.js
37651,29169,Node.js
37652,29169,React
37655,29178,Node.js
37656,29178,Svelte
37660,29183,Svelte
37661,29184,Next.js
37662,29184,Node.js
37663,29184,React
37664,29186,React
37665,29186,Spring Boot
37666,29187,Angular
37667,29187,ASP.NET CORE
37668,29192,Express
37669,29192,Node.js
37670,29192,Svelte
37671,29197,Angular
37673,29197,Node.js
37674,29197,React
37675,29197,Vue.js
37677,29198,FastAPI
37678,29198,Svelte
37680,29200,Express
37681,29200,Next.js
37682,29200,Node.js
37683,29200,React
37684,29200,Spring Boot
37685,29201,Angular
37686,29201,ASP.NET CORE
37687,29201,Vue.js
37690,29205,Next.js
37691,29205,React
37693,29205,Vue.js
37694,29206,Express
37695,29206,Node.js
37696,29206,React
37698,29212,Spring Boot
37699,29212,Vue.js
37701,29213,ASP.NET CORE
37703,29213,Node.js
37704,29213,Vue.js
37705,29215,Express
37708,29215,Next.js
37709,29215,Node.js
37710,29215,React
37712,29215,Vue.js
37718,29221,ASP.NET CORE
37719,29224,ASP.NET CORE
37722,29224,React
37725,29226,ASP.NET CORE
37726,29226,Spring Boot
37727,29227,Angular
37730,29227,ASP.NET CORE
37732,29227,Next.js
37733,29227,React
37734,29231,ASP.NET CORE
37735,29231,React
37740,29240,Vue.js
37743,29243,Node.js
37745,29243,Vue.js
37748,29246,ASP.NET CORE
37751,29246,Node.js
37752,29246,React
37753,29246,Vue.js
37754,29250,ASP.NET CORE
37756,29250,Next.js
37757,29250,Node.js
37758,29250,React
37759,29258,ASP.NET CORE
37761,29258,Next.js
37762,29258,React
37763,29259,Express
37764,29259,Next.js
37765,29259,Node.js
37766,29259,React
37769,29264,FastAPI
37771,29264,Next.js
37772,29264,Node.js
37773,29264,React
37775,29264,Svelte
37776,29264,Vue.js
37777,29266,Angular
37778,29266,Spring Boot
37781,29271,Node.js
37782,29271,Spring Boot
37784,29277,Node.js
37787,29282,Svelte
37789,29286,FastAPI
37790,29286,Node.js
37791,29286,React
37792,29287,Angular
37793,29287,React
37794,29287,Spring Boot
37798,29301,Node.js
37801,29303,ASP.NET CORE
37803,29303,Next.js
37804,29303,React
37806,29305,FastAPI
37807,29311,Angular
37808,29311,Node.js
37809,29311,Spring Boot
37810,29312,Angular
37811,29312,ASP.NET CORE
37812,29312,Node.js
37813,29316,Spring Boot
37815,29320,ASP.NET CORE
37818,29320,Next.js
37819,29320,Node.js
37822,29320,Vue.js
37823,29325,ASP.NET CORE
37825,29329,Angular
37828,29329,Express
37830,29329,Next.js
37831,29329,Node.js
37832,29329,React
37836,29337,Angular
37837,29337,Express
37838,29337,Node.js
37839,29337,Vue.js
37840,29338,Express
37842,29338,Next.js
37843,29338,Node.js
37844,29338,React
37845,29342,Angular
37846,29342,Express
37847,29342,Node.js
37849,29343,Spring Boot
37850,29346,Angular
37853,29346,Next.js
37854,29346,React
37857,29347,ASP.NET CORE
37859,29347,React
37860,29352,Angular
37862,29352,Express
37863,29352,Node.js
37864,29352,React
37865,29354,React
37866,29354,Spring Boot
37868,29355,React
37869,29359,ASP.NET CORE
37870,29359,Node.js
37871,29359,React
37872,29359,Vue.js
37873,29360,Angular
37874,29369,Angular
37875,29369,Next.js
37876,29369,React
37877,29369,Spring Boot
37878,29372,Express
37881,29372,Next.js
37882,29374,Node.js
37883,29374,React
37884,29374,Vue.js
37886,29375,ASP.NET CORE
37887,29388,Express
37889,29388,Node.js
37890,29389,ASP.NET CORE
37892,29389,Svelte
37896,29390,Node.js
37898,29391,ASP.NET CORE
37900,29391,Express
37902,29391,Next.js
37903,29391,Node.js
37904,29391,React
37906,29392,Next.js
37907,29392,React
37909,29394,Express
37910,29394,FastAPI
37913,29394,Next.js
37914,29394,Node.js
37915,29394,React
37917,29395,Spring Boot
37918,29396,Angular
37924,29396,Next.js
37925,29396,Node.js
37927,29396,React
37929,29398,Angular
37931,29398,ASP.NET CORE
37932,29398,Express
37933,29398,Next.js
37934,29398,Node.js
37935,29398,React
37936,29399,Next.js
37937,29399,Node.js
37938,29399,React
37939,29399,Spring Boot
37940,29410,React
37941,29410,Spring Boot
37944,29417,Angular
37946,29417,ASP.NET CORE
37947,29417,Node.js
37948,29419,Node.js
37949,29419,Svelte
37950,29422,Angular
37954,29422,Node.js
37955,29422,Spring Boot
37956,29422,Vue.js
37957,29424,Angular
37959,29424,Express
37962,29424,Node.js
37963,29424,Svelte
37964,29428,Next.js
37965,29428,Node.js
37966,29428,React
37967,29428,Spring Boot
37969,29441,FastAPI
37972,29453,Angular
37973,29453,ASP.NET CORE
37976,29453,React
37978,29453,Vue.js
37980,29457,Express
37981,29457,Node.js
37982,29459,Angular
37985,29459,Next.js
37986,29459,Node.js
37987,29459,React
37988,29460,Express
37989,29460,FastAPI
37990,29460,Node.js
37991,29460,Vue.js
37993,29462,ASP.NET CORE
37995,29462,Next.js
37996,29462,React
37998,29462,Spring Boot
37999,29462,Vue.js
38001,29471,ASP.NET CORE
38003,29471,Express
38004,29471,Next.js
38005,29471,Node.js
38006,29471,React
38008,29471,Svelte
38009,29471,Vue.js
38012,29473,Next.js
38013,29473,React
38016,29476,FastAPI
38019,29481,React
38020,29481,Vue.js
38024,29492,Svelte
38026,29499,Svelte
38028,29499,Vue.js
38029,29500,Next.js
38030,29500,Node.js
38031,29500,React
38033,29501,ASP.NET CORE
38036,29501,Node.js
38037,29501,React
38039,29502,FastAPI
38041,29502,Vue.js
38042,29505,Express
38043,29505,Node.js
38044,29505,Svelte
38045,29507,Spring Boot
38046,29509,Angular
38047,29509,Node.js
38048,29509,React
38049,29522,FastAPI
38051,29522,Next.js
38052,29522,React
38054,29524,Express
38057,29524,Node.js
38060,29526,Node.js
38063,29527,Vue.js
38064,29529,Angular
38065,29529,ASP.NET CORE
38066,29529,React
38067,29530,Angular
38070,29536,Express
38072,29536,Node.js
38073,29536,React
38075,29536,Svelte
38079,29538,Node.js
38082,29538,Svelte
38083,29540,FastAPI
38086,29541,Express
38088,29541,Next.js
38089,29541,Node.js
38090,29541,React
38091,29541,Vue.js
38094,29546,Svelte
38096,29548,Spring Boot
38098,29550,React
38099,29550,Spring Boot
38100,29551,ASP.NET CORE
38102,29553,Express
38105,29553,Node.js
38106,29553,Svelte
38107,29553,Vue.js
38108,29554,Spring Boot
38109,29557,Angular
38110,29557,ASP.NET CORE
38112,29557,FastAPI
38114,29557,Node.js
38115,29557,Spring Boot
38116,29557,Vue.js
38117,29562,Svelte
38118,29562,Vue.js
38119,29568,React
38120,29569,Angular
38123,29581,Angular
38124,29581,ASP.NET CORE
38125,29581,FastAPI
38126,29581,Next.js
38127,29581,Node.js
38128,29581,Vue.js
38129,29582,ASP.NET CORE
38131,29584,ASP.NET CORE
38133,29586,FastAPI
38136,29592,Node.js
38138,29594,ASP.NET CORE
38143,29599,ASP.NET CORE
38146,29599,Node.js
38148,29599,Spring Boot
38150,29600,ASP.NET CORE
38153,29602,React
38154,29602,Spring Boot
38155,29602,Svelte
38156,29602,Vue.js
38158,29603,React
38159,29603,Vue.js
38163,29607,Node.js
38165,29608,ASP.NET CORE
38167,29608,React
38169,29612,Node.js
38170,29612,Svelte
38171,29615,Angular
38174,29615,ASP.NET CORE
38177,29615,Node.js
38178,29616,FastAPI
38179,29616,Vue.js
38181,29617,ASP.NET CORE
38183,29617,Express
38185,29617,Next.js
38186,29617,Node.js
38188,29617,React
38190,29617,Svelte
38191,29617,Vue.js
38192,29619,ASP.NET CORE
38195,29620,ASP.NET CORE
38197,29620,Next.js
38198,29620,Node.js
38199,29620,React
38202,29625,Next.js
38203,29625,React
38206,29629,Angular
38210,29631,React
38211,29631,Svelte
38212,29631,Vue.js
38214,29636,Node.js
38216,29636,Vue.js
38217,29642,Angular
38218,29642,Express
38221,29642,Node.js
38222,29642,React
38224,29645,ASP.NET CORE
38226,29645,React
38230,29652,ASP.NET CORE
38233,29652,Express
38235,29652,Next.js
38236,29652,Node.js
38238,29652,Svelte
38239,29653,React
38240,29658,Spring Boot
38241,29659,Next.js
38242,29659,Node.js
38243,29659,React
38246,29661,Next.js
38247,29661,React
38249,29662,Express
38250,29662,Next.js
38251,29662,Node.js
38252,29662,React
38253,29662,Svelte
38256,29666,FastAPI
38260,29679,Next.js
38261,29679,React
38262,29679,Spring Boot
38263,29679,Vue.js
38264,29690,FastAPI
38265,29690,React
38266,29692,Express
38268,29692,Node.js
38270,29694,React
38271,29694,Spring Boot
38272,29698,FastAPI
38273,29698,Next.js
38274,29698,Node.js
38275,29698,React
38278,29706,FastAPI
38283,29715,Next.js
38284,29715,Node.js
38289,29724,Node.js
38290,29724,React
38291,29724,Svelte
38293,29726,Node.js
38294,29726,Svelte
38295,29728,Express
38296,29728,FastAPI
38298,29728,Next.js
38299,29728,Node.js
38300,29728,React
38301,29729,ASP.NET CORE
38303,29734,ASP.NET CORE
38305,29739,FastAPI
38308,29741,Express
38309,29741,FastAPI
38313,29741,Next.js
38314,29741,Node.js
38316,29741,React
38317,29741,Spring Boot
38320,29749,FastAPI
38321,29750,Angular
38323,29750,ASP.NET CORE
38324,29750,Node.js
38329,29753,Angular
38334,29755,React
38335,29756,Spring Boot
38336,29764,Next.js
38337,29764,Node.js
38338,29764,React
38342,29775,Node.js
38343,29775,Vue.js
38344,29776,ASP.NET CORE
38346,29776,Express
38347,29776,Node.js
38348,29776,React
38349,29776,Vue.js
38350,29784,Angular
38353,29784,Vue.js
38355,29786,Node.js
38358,29789,ASP.NET CORE
38360,29795,React
38361,29796,Next.js
38362,29796,React
38363,29801,React
38364,29801,Spring Boot
38365,29801,Vue.js
38366,29805,Node.js
38367,29808,Angular
38368,29808,Express
38370,29811,Next.js
38371,29811,Node.js
38372,29811,React
38375,29814,Next.js
38376,29814,Node.js
38377,29814,React
38378,29814,Svelte
38381,29815,Node.js
38383,29815,Svelte
38384,29819,Express
38386,29819,Next.js
38387,29819,Node.js
38388,29819,React
38393,29823,Vue.js
38394,29826,React
38395,29827,Spring Boot
38396,29835,ASP.NET CORE
38398,29837,Express
38399,29837,Node.js
38400,29837,React
38401,29838,Angular
38402,29838,ASP.NET CORE
38405,29838,Next.js
38406,29838,Node.js
38407,29838,React
38410,29838,Spring Boot
38413,29841,React
38414,29841,Spring Boot
38415,29841,Vue.js
38417,29849,React
38419,29861,Angular
38420,29861,Express
38421,29861,Node.js
38422,29861,React
38423,29861,Spring Boot
38424,29863,ASP.NET CORE
38426,29863,FastAPI
38428,29863,React
38433,29870,Svelte
38434,29872,Next.js
38435,29872,React
38436,29872,Spring Boot
38437,29876,Angular
38438,29876,ASP.NET CORE
38439,29876,React
38440,29882,Express
38441,29882,Node.js
38442,29887,Angular
38443,29887,Spring Boot
38445,29888,ASP.NET CORE
38448,29888,React
38449,29892,ASP.NET CORE
38450,29892,Vue.js
38453,29895,Node.js
38455,29895,Svelte
38456,29895,Vue.js
38457,29899,Angular
38459,29899,Express
38461,29899,Node.js
38462,29899,React
38463,29900,Node.js
38466,29903,Express
38467,29903,Svelte
38468,29905,FastAPI
38470,29905,Svelte
38471,29906,React
38474,29912,Angular
38476,29912,ASP.NET CORE
38477,29912,Node.js
38478,29912,React
38479,29912,Spring Boot
38483,29916,React
38485,29917,FastAPI
38486,29917,Vue.js
38487,29920,FastAPI
38488,29920,Next.js
38489,29920,Node.js
38490,29920,React
38493,29931,FastAPI
38494,29931,Vue.js
38495,29934,ASP.NET CORE
38496,29934,Node.js
38497,29934,React
38498,29935,Spring Boot
38503,29945,Spring Boot
38505,29951,Node.js
38506,29951,React
38507,29951,Vue.js
38510,29957,Node.js
38511,29960,FastAPI
38514,29960,Vue.js
38515,29961,React
38516,29961,Vue.js
38517,29963,ASP.NET CORE
38518,29963,Node.js
38519,29963,React
38522,29966,ASP.NET CORE
38523,29966,Node.js
38524,29966,React
38527,29981,FastAPI
38529,29981,Vue.js
38530,29985,Vue.js
38532,29986,Angular
38534,29986,ASP.NET CORE
38535,29986,Node.js
38542,29995,Spring Boot
38543,29999,Next.js
38544,29999,Node.js
38545,29999,React
38547,30006,Angular
38548,30006,ASP.NET CORE
38550,30006,Node.js
38551,30006,React
38554,30006,Svelte
38555,30006,Vue.js
38556,30017,Angular
38557,30017,ASP.NET CORE
38559,30017,Express
38560,30017,Node.js
38561,30017,React
38562,30017,Spring Boot
38563,30019,React
38565,30025,Express
38566,30025,Next.js
38568,30027,Express
38571,30027,Next.js
38572,30027,Node.js
38573,30027,React
38575,30028,Svelte
38576,30032,Angular
38578,30032,React
38579,30033,Express
38581,30033,Node.js
38582,30033,React
38583,30035,Next.js
38584,30035,Node.js
38585,30035,React
38586,30036,Angular
38587,30036,Spring Boot
38588,30039,Express
38589,30039,Next.js
38590,30039,Node.js
38591,30041,FastAPI
38594,30045,Express
38595,30045,FastAPI
38598,30045,Next.js
38599,30045,Node.js
38600,30045,React
38605,30063,Node.js
38606,30063,Svelte
38607,30063,Vue.js
38611,30076,FastAPI
38612,30077,ASP.NET CORE
38613,30077,React
38615,30080,Node.js
38616,30080,Spring Boot
38620,30086,Spring Boot
38625,30089,Express
38628,30089,Node.js
38629,30089,React
38630,30089,Vue.js
38632,30091,Node.js
38633,30094,ASP.NET CORE
38635,30098,React
38637,30100,ASP.NET CORE
38638,30101,Angular
38641,30101,Express
38642,30101,Next.js
38643,30101,Node.js
38644,30101,React
38645,30101,Vue.js
38647,30105,Express
38650,30105,Node.js
38651,30105,React
38653,30105,Svelte
38655,30110,FastAPI
38658,30115,Angular
38659,30115,ASP.NET CORE
38660,30115,Node.js
38664,30117,Express
38667,30117,Next.js
38668,30117,Node.js
38669,30117,React
38671,30117,Spring Boot
38672,30117,Svelte
38673,30117,Vue.js
38675,30118,ASP.NET CORE
38677,30118,Node.js
38678,30118,React
38680,30118,Spring Boot
38681,30118,Vue.js
38682,30121,Angular
38685,30121,Express
38688,30121,Next.js
38689,30121,Node.js
38691,30121,React
38694,30121,Svelte
38695,30121,Vue.js
38696,30124,Angular
38697,30124,ASP.NET CORE
38699,30124,Next.js
38703,30131,FastAPI
38705,30131,Next.js
38706,30131,Node.js
38707,30131,React
38708,30131,Svelte
38710,30132,Express
38712,30132,Next.js
38713,30132,Node.js
38714,30132,React
38715,30133,Node.js
38716,30133,React
38718,30134,Next.js
38719,30134,Node.js
38720,30134,React
38721,30147,Express
38723,30147,Next.js
38724,30147,Node.js
38725,30147,React
38726,30152,FastAPI
38727,30152,Next.js
38729,30153,Node.js
38730,30153,Vue.js
38733,30162,Express
38735,30162,Node.js
38736,30162,React
38737,30168,Angular
38740,30168,ASP.NET CORE
38743,30168,Node.js
38744,30168,React
38747,30170,ASP.NET CORE
38751,30170,Express
38753,30170,Node.js
38754,30170,React
38755,30170,Vue.js
38758,30177,ASP.NET CORE
38764,30181,FastAPI
38766,30181,Node.js
38767,30181,React
38768,30182,Node.js
38769,30182,Svelte
38770,30183,Next.js
38771,30183,React
38772,30192,Express
38774,30192,Next.js
38775,30192,Node.js
38776,30192,React
38777,30192,Spring Boot
38778,30194,Spring Boot
38779,30195,React
38783,30199,Angular
38784,30199,ASP.NET CORE
38786,30200,Angular
38789,30200,ASP.NET CORE
38790,30200,Express
38792,30200,Node.js
38793,30200,React
38795,30201,React
38796,30201,Svelte
38797,30205,Node.js
38798,30205,React
38799,30205,Vue.js
38800,30208,ASP.NET CORE
38801,30208,Express
38804,30208,Node.js
38805,30208,React
38809,30210,React
38810,30210,Spring Boot
38811,30213,FastAPI
38812,30215,Next.js
38814,30215,React
38815,30215,Spring Boot
38817,30216,Express
38819,30216,Next.js
38820,30216,Node.js
38821,30216,Svelte
38823,30218,Spring Boot
38824,30221,React
38827,30234,Express
38828,30234,Node.js
38829,30234,React
38830,30235,Node.js
38831,30235,React
38833,30243,ASP.NET CORE
38836,30251,FastAPI
38842,30269,Vue.js
38843,30271,Angular
38845,30271,ASP.NET CORE
38846,30271,Node.js
38847,30274,Angular
38848,30274,ASP.NET CORE
38849,30274,Node.js
38850,30280,Next.js
38851,30280,Node.js
38852,30280,React
38854,30281,Node.js
38856,30281,Svelte
38859,30288,ASP.NET CORE
38861,30288,Next.js
38862,30288,Node.js
38863,30288,React
38865,30289,Angular
38868,30289,Next.js
38869,30289,React
38870,30289,Vue.js
38871,30293,ASP.NET CORE
38876,30302,Next.js
38880,30311,Express
38882,30311,Node.js
38883,30311,React
38884,30311,Vue.js
38887,30312,Node.js
38890,30313,Next.js
38891,30313,Node.js
38893,30313,React
38897,30313,Vue.js
38898,30317,Angular
38901,30317,Node.js
38902,30317,React
38903,30317,Spring Boot
38904,30317,Vue.js
38906,30319,FastAPI
38909,30319,Node.js
38912,30328,ASP.NET CORE
38914,30330,Angular
38915,30330,ASP.NET CORE
38917,30331,Angular
38918,30331,ASP.NET CORE
38919,30331,Node.js
38921,30344,Node.js
38922,30344,Svelte
38923,30344,Vue.js
38924,30351,Angular
38927,30352,ASP.NET CORE
38930,30352,Vue.js
38932,30363,Angular
38935,30363,Next.js
38936,30363,Node.js
38937,30363,React
38938,30363,Spring Boot
38939,30365,Node.js
38940,30366,FastAPI
38941,30366,Next.js
38943,30369,Node.js
38946,30369,Svelte
38947,30369,Vue.js
38950,30370,Express
38953,30370,Next.js
38954,30370,Node.js
38956,30370,React
38960,30370,Vue.js
38963,30371,Next.js
38964,30371,Node.js
38965,30371,React
38969,30372,Next.js
38970,30372,Node.js
38971,30372,Svelte
38972,30373,ASP.NET CORE
38974,30373,Vue.js
38975,30376,FastAPI
38976,30376,React
38977,30376,Svelte
38978,30378,Express
38979,30378,Node.js
38980,30378,React
38981,30382,Spring Boot
38983,30384,React
38984,30384,Spring Boot
38985,30384,Svelte
38986,30387,Angular
38987,30387,Express
38989,30387,Node.js
38992,30389,ASP.NET CORE
38995,30389,Node.js
38996,30389,React
39000,30391,ASP.NET CORE
39002,30391,React
39004,30398,Next.js
39005,30398,React
39006,30399,Express
39008,30399,React
39009,30401,Angular
39011,30401,Express
39012,30401,FastAPI
39014,30401,Next.js
39015,30401,Node.js
39016,30401,React
39017,30401,Spring Boot
39019,30407,FastAPI
39021,30407,Vue.js
39024,30414,ASP.NET CORE
39026,30416,Express
39029,30416,Node.js
39030,30416,Vue.js
39032,30419,FastAPI
39033,30419,React
39035,30422,React
39036,30423,ASP.NET CORE
39037,30423,Vue.js
39040,30431,ASP.NET CORE
39042,30431,Node.js
39043,30431,Vue.js
39044,30434,ASP.NET CORE
39046,30435,Node.js
39050,30439,Node.js
39052,30440,Express
39053,30440,FastAPI
39055,30440,Node.js
39056,30440,Vue.js
39057,30442,React
39058,30446,Angular
39059,30446,ASP.NET CORE
39061,30446,Node.js
39062,30446,React
39066,30453,Spring Boot
39068,30455,ASP.NET CORE
39070,30465,Angular
39071,30465,ASP.NET CORE
39073,30465,React
39074,30465,Vue.js
39075,30477,Angular
39076,30477,React
39077,30477,Vue.js
39078,30478,ASP.NET CORE
39080,30489,FastAPI
39084,30496,ASP.NET CORE
39085,30496,FastAPI
39086,30496,Next.js
39087,30496,React
39088,30496,Svelte
39090,30501,Angular
39092,30501,Node.js
39093,30501,Spring Boot
39095,30514,Express
39096,30514,Next.js
39097,30514,Node.js
39098,30514,React
39102,30534,Express
39103,30534,Next.js
39104,30534,Node.js
39105,30534,React
39107,30540,ASP.NET CORE
39108,30540,Vue.js
39109,30541,Angular
39110,30541,ASP.NET CORE
39112,30541,Node.js
39113,30547,React
39115,30556,Express
39116,30556,Node.js
39117,30556,Vue.js
39123,30563,Next.js
39124,30563,Node.js
39125,30563,React
39126,30564,ASP.NET CORE
39127,30564,React
39128,30566,ASP.NET CORE
39129,30572,FastAPI
39131,30585,ASP.NET CORE
39132,30585,Vue.js
39136,30595,React
39139,30595,Svelte
39140,30600,Express
39142,30600,Node.js
39144,30608,ASP.NET CORE
39146,30608,Next.js
39147,30608,React
39149,30610,ASP.NET CORE
39151,30610,Node.js
39153,30614,React
39154,30614,Vue.js
39156,30616,ASP.NET CORE
39159,30625,FastAPI
39160,30625,Next.js
39161,30625,React
39162,30625,Vue.js
39163,30631,Angular
39165,30631,ASP.NET CORE
39168,30631,Express
39169,30631,FastAPI
39170,30631,Node.js
39171,30631,React
39173,30631,Vue.js
39174,30632,React
39175,30632,Spring Boot
39176,30633,Express
39178,30633,Node.js
39179,30633,React
39180,30633,Spring Boot
39181,30634,FastAPI
39183,30637,Angular
39184,30637,Spring Boot
39188,30638,Node.js
39189,30638,React
39192,30638,Spring Boot
39193,30638,Svelte
39194,30639,Angular
39195,30639,ASP.NET CORE
39196,30639,React
39197,30644,Node.js
39200,30647,ASP.NET CORE
39203,30647,React
39204,30647,Spring Boot
39205,30654,Angular
39207,30654,ASP.NET CORE
39209,30663,Node.js
39211,30663,Vue.js
39212,30664,Angular
39215,30664,Svelte
39216,30665,FastAPI
39217,30665,Spring Boot
39218,30666,Express
39219,30666,FastAPI
39221,30666,Next.js
39222,30666,Node.js
39223,30666,React
39225,30670,Vue.js
39226,30672,ASP.NET CORE
39228,30672,Node.js
39229,30673,FastAPI
39231,30673,Vue.js
39235,30678,Next.js
39236,30678,Node.js
39237,30678,React
39238,30678,Spring Boot
39239,30679,Angular
39240,30679,ASP.NET CORE
39241,30679,Express
39243,30679,Next.js
39244,30679,React
39247,30681,Spring Boot
39250,30686,ASP.NET CORE
39251,30686,FastAPI
39254,30686,Node.js
39255,30688,Angular
39258,30688,ASP.NET CORE
39260,30688,Node.js
39262,30696,Node.js
39264,30699,FastAPI
39266,30701,Next.js
39267,30701,Node.js
39268,30701,React
39269,30706,FastAPI
39270,30706,Svelte
39271,30706,Vue.js
39275,30709,Next.js
39276,30709,Node.js
39278,30709,React
39281,30710,Node.js
39284,30711,Express
39285,30711,Next.js
39286,30711,Node.js
39287,30711,React
39290,30711,Svelte
39291,30712,Spring Boot
39292,30713,FastAPI
39294,30716,Angular
39296,30716,React
39297,30716,Spring Boot
39299,30718,Angular
39303,30718,Spring Boot
39304,30722,Express
39306,30722,Next.js
39307,30722,Node.js
39308,30722,Spring Boot
39309,30722,Vue.js
39311,30723,FastAPI
39315,30726,React
39317,30729,Next.js
39318,30729,Node.js
39321,30729,Spring Boot
39322,30729,Vue.js
39325,30730,React
39326,30730,Vue.js
39328,30734,ASP.NET CORE
39329,30734,FastAPI
39331,30734,Node.js
39332,30734,React
39334,30734,Vue.js
39335,30736,Spring Boot
39338,30737,Node.js
39339,30737,React
39341,30741,Node.js
39342,30741,React
39343,30741,Spring Boot
39345,30742,FastAPI
39347,30742,Node.js
39348,30742,Svelte
39349,30742,Vue.js
39350,30745,FastAPI
39352,30745,React
39353,30750,Angular
39356,30750,Express
39357,30750,Next.js
39358,30750,Node.js
39359,30750,React
39360,30750,Vue.js
39361,30760,Angular
39362,30763,ASP.NET CORE
39364,30763,Svelte
39365,30766,ASP.NET CORE
39366,30766,Express
39367,30766,Next.js
39368,30766,Node.js
39369,30766,React
39370,30766,Svelte
39371,30767,Express
39373,30767,Node.js
39375,30767,React
39376,30767,Vue.js
39378,30769,Vue.js
39380,30770,ASP.NET CORE
39381,30770,Express
39382,30770,Next.js
39383,30770,Node.js
39384,30770,React
39386,30771,Next.js
39387,30771,Node.js
39388,30771,React
39389,30771,Vue.js
39390,30773,Svelte
39391,30774,ASP.NET CORE
39393,30774,Vue.js
39394,30775,FastAPI
39396,30775,Node.js
39397,30775,React
39398,30775,Vue.js
39399,30777,Next.js
39400,30777,React
39401,30780,Angular
39402,30785,Express
39404,30785,Node.js
39405,30785,React
39408,30795,Next.js
39409,30795,Svelte
39411,30796,React
39413,30801,Express
39415,30801,Next.js
39416,30801,Node.js
39417,30801,React
39418,30803,ASP.NET CORE
39420,30803,Vue.js
39421,30808,ASP.NET CORE
39424,30808,Vue.js
39425,30812,Next.js
39426,30812,Node.js
39427,30812,React
39428,30812,Spring Boot
39430,30813,Node.js
39432,30813,React
39433,30813,Vue.js
39434,30815,Angular
39435,30815,Express
39438,30815,Node.js
39439,30815,Vue.js
39441,30817,Node.js
39444,30819,Node.js
39446,30826,Angular
39447,30826,Express
39448,30826,Node.js
39449,30826,React
39450,30826,Vue.js
39451,30830,Express
39452,30830,Next.js
39453,30830,Node.js
39454,30830,React
39455,30830,Vue.js
39457,30831,ASP.NET CORE
39459,30832,FastAPI
39460,30832,Node.js
39461,30832,React
39463,30845,Express
39464,30845,Next.js
39465,30845,Node.js
39466,30845,React
39468,30850,Svelte
39469,30850,Vue.js
39470,30855,FastAPI
39473,30857,React
39476,30860,Spring Boot
39477,30862,FastAPI
39481,30864,Node.js
39483,30868,Express
39485,30868,Node.js
39487,30868,Vue.js
39490,30869,ASP.NET CORE
39492,30871,FastAPI
39495,30871,Svelte
39496,30878,Angular
39497,30878,ASP.NET CORE
39498,30879,Angular
39500,30879,ASP.NET CORE
39504,30879,Node.js
39505,30879,React
39507,30879,Vue.js
39508,30881,FastAPI
39509,30881,Vue.js
39513,30883,ASP.NET CORE
39515,30883,Express
39520,30883,Next.js
39521,30883,Node.js
39523,30883,React
39527,30883,Svelte
39529,30884,ASP.NET CORE
39531,30884,Node.js
39532,30884,React
39534,30884,Svelte
39537,30891,ASP.NET CORE
39538,30891,Svelte
39539,30891,Vue.js
39540,30895,FastAPI
39542,30895,React
39543,30895,Spring Boot
39544,30895,Vue.js
39545,30896,Express
39546,30896,React
39549,30910,Vue.js
39552,30922,Node.js
39553,30922,Vue.js
39554,30928,ASP.NET CORE
39555,30928,Vue.js
39556,30931,Spring Boot
39559,30932,Node.js
39561,30932,Svelte
39563,30934,React
39564,30934,Spring Boot
39566,30935,Node.js
39567,30935,React
39568,30935,Spring Boot
39569,30944,Node.js
39570,30945,Next.js
39571,30945,Node.js
39572,30945,React
39574,30947,FastAPI
39576,30947,Next.js
39577,30947,Node.js
39578,30947,React
39582,30948,Node.js
39583,30949,Express
39584,30949,Node.js
39585,30949,React
39587,30950,React
39588,30952,Spring Boot
39590,30954,ASP.NET CORE
39591,30954,Vue.js
39592,30955,ASP.NET CORE
39595,30955,Next.js
39596,30955,Node.js
39597,30955,React
39598,30955,Spring Boot
39601,30958,React
39602,30960,Next.js
39603,30960,Node.js
39605,30960,React
39606,30963,Node.js
39607,30966,Angular
39609,30966,ASP.NET CORE
39610,30966,Express
39612,30966,Next.js
39613,30966,Node.js
39615,30966,React
39617,30966,Spring Boot
39618,30966,Svelte
39619,30966,Vue.js
39620,30967,ASP.NET CORE
39622,30971,Next.js
39623,30971,React
39624,30971,Spring Boot
39626,30972,React
39629,30977,ASP.NET CORE
39633,30977,Next.js
39634,30977,Node.js
39635,30977,React
39637,30977,Vue.js
39638,30982,Angular
39639,30982,ASP.NET CORE
39642,30984,FastAPI
39643,30986,Node.js
39644,30986,React
39645,30986,Spring Boot
39646,30989,FastAPI
39651,30990,Vue.js
39652,30994,React
39653,30994,Spring Boot
39654,30996,Node.js
39655,30996,Svelte
39658,30997,React
39660,30997,Svelte
39662,30999,ASP.NET CORE
39664,30999,Node.js
39666,31001,ASP.NET CORE
39668,31001,Express
39669,31001,Next.js
39670,31001,React
39671,31001,Svelte
39675,31006,React
39677,31006,Svelte
39678,31006,Vue.js
39679,31009,Express
39680,31009,FastAPI
39681,31009,Node.js
39682,31009,Svelte
39683,31010,Angular
39685,31010,ASP.NET CORE
39688,31010,Express
39690,31010,Node.js
39692,31012,Angular
39694,31012,ASP.NET CORE
39695,31021,Angular
39697,31021,ASP.NET CORE
39700,31021,FastAPI
39703,31021,Spring Boot
39704,31021,Vue.js
39707,31025,React
39709,31027,ASP.NET CORE
39710,31027,React
39713,31029,React
39714,31031,Express
39715,31031,Node.js
39716,31031,Vue.js
39717,31033,ASP.NET CORE
39720,31049,Next.js
39722,31049,Svelte
39723,31050,Express
39724,31050,Next.js
39725,31050,Node.js
39726,31056,React
39727,31057,Vue.js
39730,31066,Node.js
39731,31066,React
39732,31066,Spring Boot
39733,31066,Vue.js
39736,31069,Next.js
39737,31069,Node.js
39738,31069,React
39740,31073,Next.js
39741,31073,Node.js
39742,31073,React
39745,31080,Vue.js
39747,31083,Node.js
39749,31083,Vue.js
39751,31084,ASP.NET CORE
39753,31084,Node.js
39754,31084,React
39756,31085,Next.js
39757,31085,React
39758,31086,Spring Boot
39759,31091,Express
39762,31091,Node.js
39763,31091,React
39767,31095,React
39770,31097,Node.js
39771,31099,Angular
39776,31100,Svelte
39777,31100,Vue.js
39778,31104,Next.js
39779,31104,Node.js
39780,31104,React
39781,31106,Angular
39782,31106,Express
39784,31106,Next.js
39785,31106,Node.js
39786,31106,React
39787,31110,Vue.js
39788,31113,React
39789,31114,Node.js
39790,31117,Spring Boot
39791,31117,Svelte
39792,31118,FastAPI
39794,31120,ASP.NET CORE
39795,31120,Vue.js
39796,31122,Express
39798,31122,Node.js
39799,31122,Svelte
39800,31135,Next.js
39801,31135,React
39802,31135,Spring Boot
39804,31140,ASP.NET CORE
39807,31146,ASP.NET CORE
39811,31150,Svelte
39814,31158,React
39815,31159,FastAPI
39817,31160,ASP.NET CORE
39818,31160,Express
39819,31160,Node.js
39820,31160,React
39825,31162,Vue.js
39826,31165,FastAPI
39828,31165,Spring Boot
39829,31165,Vue.js
39831,31172,Node.js
39832,31172,Svelte
39833,31174,Svelte
39835,31175,FastAPI
39836,31175,React
39840,31178,Vue.js
39841,31180,ASP.NET CORE
39845,31180,Node.js
39847,31180,Vue.js
39849,31195,Next.js
39851,31195,React
39852,31195,Vue.js
39856,31200,FastAPI
39859,31200,React
39861,31201,Express
39863,31201,Next.js
39864,31201,Node.js
39865,31201,React
39867,31201,Svelte
39868,31203,ASP.NET CORE
39869,31203,Vue.js
39870,31205,Angular
39871,31205,ASP.NET CORE
39874,31205,Node.js
39876,31210,FastAPI
39879,31212,ASP.NET CORE
39885,31215,React
39886,31217,Spring Boot
39887,31217,Vue.js
39888,31218,Express
39893,31218,Next.js
39894,31218,Node.js
39895,31218,React
39898,31218,Vue.js
39900,31222,Angular
39902,31222,Next.js
39903,31222,Node.js
39904,31222,Svelte
39906,31224,FastAPI
39909,31224,React
39911,31227,FastAPI
39912,31227,Next.js
39913,31227,React
39914,31227,Spring Boot
39915,31227,Svelte
39917,31229,Node.js
39918,31229,Spring Boot
39921,31231,ASP.NET CORE
39925,31233,Node.js
39927,31240,ASP.NET CORE
39928,31240,Express
39930,31240,Node.js
39931,31240,React
39932,31242,ASP.NET CORE
39933,31242,Express
39934,31242,Node.js
39935,31242,React
39936,31242,Vue.js
39938,31244,Express
39939,31244,Next.js
39940,31244,Node.js
39941,31244,React
39942,31244,Svelte
39943,31244,Vue.js
39945,31245,Node.js
39947,31245,Svelte
39950,31246,Node.js
39951,31246,React
39952,31246,Vue.js
39954,31251,ASP.NET CORE
39959,31251,Svelte
39960,31251,Vue.js
39961,31253,FastAPI
39964,31253,Next.js
39965,31253,React
39966,31258,Angular
39967,31258,FastAPI
39968,31258,Next.js
39969,31258,Node.js
39970,31258,React
39973,31259,Svelte
39976,31260,Svelte
39977,31263,Angular
39982,31273,React
39986,31279,Node.js
39987,31279,Vue.js
39990,31281,Node.js
39991,31281,Vue.js
39992,31282,ASP.NET CORE
39993,31282,Node.js
39994,31282,React
39996,31284,Next.js
39997,31284,Node.js
40001,31285,Vue.js
40003,31296,Express
40004,31296,Next.js
40005,31296,Node.js
40006,31296,React
40010,31303,Next.js
40011,31303,Node.js
40012,31303,React
40015,31304,Next.js
40016,31304,React
40017,31305,Angular
40019,31305,Express
40020,31305,Next.js
40022,31307,ASP.NET CORE
40025,31308,Express
40027,31308,Node.js
40028,31308,React
40030,31314,Next.js
40031,31315,ASP.NET CORE
40032,31315,React
40033,31317,Angular
40035,31318,Next.js
40036,31318,Node.js
40037,31318,React
40038,31321,Angular
40039,31321,ASP.NET CORE
40044,31321,Next.js
40045,31321,Node.js
40046,31321,React
40048,31321,Svelte
40050,31325,FastAPI
40052,31325,Next.js
40053,31325,Node.js
40054,31325,React
40055,31325,Svelte
40056,31327,Spring Boot
40058,31329,Node.js
40059,31329,Svelte
40060,31329,Vue.js
40061,31330,Express
40062,31330,FastAPI
40063,31330,Node.js
40065,31330,Vue.js
40066,31332,Angular
40067,31332,ASP.NET CORE
40069,31332,Next.js
40071,31332,React
40072,31332,Vue.js
40073,31338,ASP.NET CORE
40075,31350,Express
40076,31350,Next.js
40077,31350,Node.js
40078,31350,React
40079,31352,Angular
40080,31352,Express
40082,31352,Next.js
40083,31352,Node.js
40085,31352,React
40086,31352,Spring Boot
40087,31354,Express
40089,31354,Next.js
40090,31354,Node.js
40091,31354,React
40092,31354,Svelte
40094,31359,React
40096,31361,Next.js
40097,31361,Node.js
40098,31361,React
40102,31363,Next.js
40103,31363,Node.js
40104,31363,React
40105,31363,Vue.js
40109,31368,Node.js
40111,31368,Svelte
40112,31368,Vue.js
40113,31376,Angular
40115,31376,Express
40117,31376,Node.js
40120,31379,FastAPI
40121,31379,Next.js
40122,31379,Node.js
40123,31379,React
40124,31379,Svelte
40125,31380,Express
40126,31380,Next.js
40127,31380,Node.js
40128,31380,React
40129,31384,Express
40131,31384,Next.js
40132,31384,Node.js
40133,31384,React
40135,31389,Node.js
40136,31389,React
40138,31389,Vue.js
40139,31391,Angular
40141,31391,Express
40143,31391,Next.js
40144,31391,Node.js
40147,31403,Spring Boot
40151,31406,Angular
40152,31406,Express
40153,31406,React
40154,31411,Angular
40156,31411,Spring Boot
40158,31412,React
40161,31414,Node.js
40162,31414,React
40163,31424,ASP.NET CORE
40165,31424,Node.js
40166,31424,Spring Boot
40167,31424,Vue.js
40168,31426,FastAPI
40172,31429,Next.js
40173,31429,Node.js
40174,31429,Spring Boot
40177,31432,Next.js
40178,31432,Node.js
40179,31432,React
40180,31432,Vue.js
40182,31437,FastAPI
40183,31437,Node.js
40184,31437,React
40186,31441,Next.js
40187,31441,Node.js
40188,31441,React
40192,31443,ASP.NET CORE
40194,31448,Vue.js
40195,31452,Angular
40199,31452,Next.js
40200,31452,Node.js
40202,31452,React
40204,31452,Svelte
40205,31452,Vue.js
40207,31456,Express
40210,31456,Node.js
40211,31456,Vue.js
40213,31464,ASP.NET CORE
40214,31464,FastAPI
40216,31464,Next.js
40217,31466,Angular
40218,31473,Express
40219,31473,FastAPI
40220,31473,Node.js
40221,31473,React
40225,31482,Node.js
40227,31492,Angular
40228,31492,Express
40230,31492,Node.js
40231,31492,Spring Boot
40234,31500,Express
40237,31500,Next.js
40238,31500,Node.js
40239,31500,React
40245,31503,FastAPI
40246,31508,Angular
40247,31508,Express
40248,31508,Next.js
40249,31508,React
40250,31515,ASP.NET CORE
40253,31515,Node.js
40254,31515,React
40255,31515,Svelte
40257,31516,Vue.js
40259,31518,ASP.NET CORE
40260,31518,Node.js
40261,31518,React
40263,31524,Angular
40265,31524,Node.js
40266,31524,React
40267,31524,Spring Boot
40268,31530,Angular
40271,31534,ASP.NET CORE
40272,31534,Express
40274,31534,Node.js
40275,31534,React
40276,31534,Svelte
40278,31537,ASP.NET CORE
40280,31537,Express
40282,31537,Node.js
40283,31537,Svelte
40284,31537,Vue.js
40287,31541,ASP.NET CORE
40288,31541,Next.js
40289,31541,Node.js
40290,31541,React
40291,31545,Spring Boot
40292,31552,ASP.NET CORE
40293,31552,Express
40297,31553,Node.js
40298,31553,Svelte
40299,31553,Vue.js
40300,31555,ASP.NET CORE
40302,31560,Node.js
40304,31560,React
40305,31560,Spring Boot
40308,31561,ASP.NET CORE
40311,31561,Spring Boot
40314,31562,Express
40317,31562,Next.js
40318,31562,Node.js
40320,31562,React
40322,31562,Spring Boot
40323,31562,Svelte
40324,31562,Vue.js
40326,31563,Angular
40327,31563,ASP.NET CORE
40329,31563,React
40333,31564,Vue.js
40334,31565,Next.js
40335,31565,Node.js
40337,31565,React
40339,31568,Node.js
40340,31568,Vue.js
40344,31574,Node.js
40345,31574,Svelte
40346,31574,Vue.js
40348,31575,ASP.NET CORE
40350,31575,Vue.js
40351,31579,Spring Boot
40358,31582,Next.js
40360,31582,Svelte
40361,31582,Vue.js
40363,31584,Express
40364,31584,Node.js
40365,31589,FastAPI
40368,31589,Vue.js
40369,31594,Angular
40372,31594,Express
40373,31594,FastAPI
40376,31594,Next.js
40377,31594,Node.js
40379,31594,React
40380,31594,Spring Boot
40381,31594,Vue.js
40383,31598,FastAPI
40389,31604,Express
40390,31604,Node.js
40391,31604,React
40392,31604,Svelte
40395,31612,FastAPI
40398,31612,Next.js
40399,31612,Node.js
40400,31612,React
40404,31616,React
40405,31620,Angular
40407,31620,Express
40410,31620,Node.js
40411,31620,React
40412,31620,Spring Boot
40415,31630,FastAPI
40416,31630,React
40418,31633,Express
40419,31633,FastAPI
40421,31633,Next.js
40422,31633,Node.js
40424,31633,React
40426,31636,Next.js
40427,31636,React
40428,31637,Angular
40431,31637,Express
40432,31637,FastAPI
40436,31637,Next.js
40437,31637,Node.js
40439,31637,React
40440,31637,Svelte
40441,31637,Vue.js
40443,31645,Spring Boot
40444,31645,Vue.js
40445,31646,React
40446,31652,FastAPI
40447,31652,Vue.js
40448,31653,Angular
40451,31653,Express
40452,31653,FastAPI
40454,31653,Node.js
40455,31653,React
40456,31653,Svelte
40457,31655,Angular
40459,31659,Express
40461,31660,ASP.NET CORE
40463,31662,Svelte
40464,31667,Express
40465,31667,Node.js
40466,31667,React
40467,31668,Express
40468,31668,Node.js
40469,31668,React
40470,31669,FastAPI
40472,31669,Node.js
40473,31669,React
40477,31670,React
40478,31670,Vue.js
40479,31672,Angular
40480,31672,ASP.NET CORE
40483,31672,Vue.js
40485,31675,FastAPI
40487,31676,FastAPI
40489,31678,ASP.NET CORE
40491,31678,Express
40492,31678,Node.js
40493,31678,React
40494,31678,Svelte
40496,31679,Node.js
40497,31681,Angular
40499,31681,ASP.NET CORE
40500,31681,Express
40501,31681,Next.js
40502,31681,Node.js
40503,31681,Svelte
40504,31690,Vue.js
40505,31691,Node.js
40507,31692,Angular
40508,31692,ASP.NET CORE
40511,31696,ASP.NET CORE
40513,31696,Express
40514,31696,FastAPI
40516,31696,Node.js
40521,31698,Next.js
40522,31698,Node.js
40523,31698,React
40525,31698,Vue.js
40527,31711,Angular
40528,31711,Node.js
40529,31711,React
40530,31711,Spring Boot
40533,31712,Node.js
40535,31712,Vue.js
40537,31718,Spring Boot
40538,31719,Angular
40539,31719,ASP.NET CORE
40542,31722,Next.js
40543,31722,Node.js
40544,31722,React
40545,31722,Spring Boot
40548,31737,ASP.NET CORE
40550,31740,Svelte
40551,31740,Vue.js
40553,31741,ASP.NET CORE
40554,31741,Node.js
40555,31741,Vue.js
40557,31746,Express
40559,31746,Node.js
40560,31746,React
40561,31752,Node.js
40563,31754,Node.js
40564,31754,React
40565,31754,Spring Boot
40566,31755,Next.js
40567,31755,Node.js
40568,31755,React
40571,31758,Node.js
40572,31758,React
40573,31759,Next.js
40574,31759,React
40575,31760,Next.js
40576,31760,Node.js
40577,31760,React
40579,31763,ASP.NET CORE
40580,31763,Express
40581,31763,Next.js
40582,31763,Node.js
40583,31763,React
40586,31770,Express
40588,31770,Node.js
40590,31770,Svelte
40591,31770,Vue.js
40593,31771,ASP.NET CORE
40594,31771,Node.js
40595,31771,React
40596,31772,Angular
40598,31772,ASP.NET CORE
40599,31775,ASP.NET CORE
40601,31775,Svelte
40602,31787,ASP.NET CORE
40604,31788,Angular
40605,31788,FastAPI
40607,31789,FastAPI
40609,31790,Angular
40611,31790,FastAPI
40613,31790,Next.js
40614,31790,Node.js
40616,31790,React
40617,31790,Svelte
40618,31790,Vue.js
40619,31796,Express
40623,31796,React
40624,31798,ASP.NET CORE
40626,31800,Express
40628,31800,Next.js
40629,31800,Node.js
40630,31800,React
40631,31804,Angular
40633,31804,ASP.NET CORE
40635,31807,Express
40638,31807,React
40639,31807,Svelte
40640,31809,FastAPI
40642,31809,Next.js
40643,31809,React
40645,31812,Express
40646,31812,Node.js
40647,31812,Vue.js
40649,31813,Express
40650,31813,Next.js
40651,31813,Node.js
40652,31813,React
40653,31813,Svelte
40655,31815,ASP.NET CORE
40657,31820,Angular
40658,31820,ASP.NET CORE
40660,31821,React
40664,31828,Next.js
40665,31828,Node.js
40666,31828,React
40668,31841,ASP.NET CORE
40669,31842,Express
40671,31842,Node.js
40672,31842,React
40674,31842,Spring Boot
40676,31852,Angular
40678,31855,Angular
40679,31855,ASP.NET CORE
40681,31855,Node.js
40682,31855,React
40684,31862,Angular
40685,31862,Express
40686,31862,Node.js
40687,31862,Vue.js
40689,31865,React
40691,31865,Svelte
40692,31869,Next.js
40693,31869,React
40696,31871,React
40697,31871,Vue.js
40699,31872,Express
40702,31872,Node.js
40704,31872,React
40705,31872,Svelte
40708,31884,Svelte
40710,31887,Spring Boot
40711,31887,Vue.js
40714,31890,Node.js
40716,31892,ASP.NET CORE
40719,31896,Svelte
40721,31897,ASP.NET CORE
40724,31906,Next.js
40725,31906,Node.js
40726,31906,React
40727,31907,Vue.js
40732,31914,Svelte
40734,31916,Next.js
40735,31916,Node.js
40736,31916,React
40737,31917,Angular
40738,31917,ASP.NET CORE
40741,31917,Svelte
40742,31918,Express
40744,31918,Node.js
40745,31918,Vue.js
40746,31919,React
40747,31920,Next.js
40748,31920,Node.js
40749,31920,React
40750,31920,Svelte
40752,31924,Spring Boot
40754,31927,ASP.NET CORE
40755,31927,Express
40758,31927,React
40759,31927,Vue.js
40760,31928,FastAPI
40761,31928,React
40763,31935,React
40766,31938,Svelte
40767,31940,Node.js
40768,31940,React
40770,31940,Svelte
40771,31943,Angular
40772,31943,Express
40774,31943,Node.js
40775,31943,React
40776,31943,Svelte
40777,31943,Vue.js
40778,31947,Vue.js
40780,31948,ASP.NET CORE
40782,31948,Node.js
40788,31953,Express
40791,31953,Node.js
40792,31957,React
40793,31961,Node.js
40794,31961,Svelte
40795,31961,Vue.js
40798,31962,Node.js
40799,31962,React
40801,31964,FastAPI
40803,31964,Node.js
40804,31965,Spring Boot
40805,31966,Angular
40810,31966,Next.js
40811,31966,Node.js
40814,31969,Svelte
40815,31970,Next.js
40816,31970,Node.js
40817,31970,React
40821,31978,React
40824,31983,Next.js
40826,31996,Angular
40827,31996,ASP.NET CORE
40829,31998,Node.js
40832,31998,Vue.js
40834,31999,Next.js
40835,31999,React
40836,31999,Spring Boot
40837,32002,Next.js
40838,32002,Node.js
40839,32002,React
40840,32004,FastAPI
40842,32023,Angular
40846,32023,Next.js
40847,32023,Node.js
40848,32023,React
40849,32023,Spring Boot
40851,32027,FastAPI
40852,32029,FastAPI
40853,32030,Next.js
40854,32030,Node.js
40855,32030,React
40856,32036,FastAPI
40857,32036,Node.js
40858,32039,Express
40859,32039,Node.js
40860,32040,ASP.NET CORE
40863,32040,Node.js
40864,32040,React
40866,32040,Svelte
40867,32040,Vue.js
40868,32042,FastAPI
40870,32042,Node.js
40871,32042,React
40877,32048,React
40878,32048,Spring Boot
40881,32053,React
40882,32053,Spring Boot
40883,32054,ASP.NET CORE
40884,32054,Express
40888,32054,Node.js
40889,32054,Svelte
40891,32057,Vue.js
40892,32060,React
40893,32066,Next.js
40894,32066,React
40895,32069,Angular
40897,32069,ASP.NET CORE
40900,32069,React
40903,32071,Angular
40904,32071,ASP.NET CORE
40905,32071,Express
40907,32071,Next.js
40908,32071,Node.js
40909,32071,React
40912,32083,React
40913,32083,Svelte
40914,32083,Vue.js
40916,32090,ASP.NET CORE
40918,32098,Angular
40920,32098,Node.js
40921,32098,React
40923,32102,Next.js
40924,32102,Node.js
40925,32102,React
40926,32102,Svelte
40928,32112,Express
40930,32112,Node.js
40932,32112,Svelte
40933,32112,Vue.js
40934,32114,Express
40935,32114,Node.js
40936,32114,Vue.js
40939,32115,Spring Boot
40942,32121,Node.js
40943,32124,FastAPI
40944,32130,ASP.NET CORE
40945,32130,Next.js
40946,32130,Node.js
40947,32130,React
40948,32130,Vue.js
40949,32131,ASP.NET CORE
40952,32132,Express
40954,32132,Next.js
40955,32132,Node.js
40956,32132,React
40957,32140,Express
40958,32140,Next.js
40959,32140,Node.js
40960,32140,React
40961,32140,Spring Boot
40963,32146,Node.js
40966,32149,Node.js
40967,32149,React
40969,32149,Vue.js
40970,32150,Angular
40972,32150,Node.js
40973,32150,React
40974,32152,Spring Boot
40976,32153,Spring Boot
40980,32163,Vue.js
40981,32168,React
40982,32170,Express
40984,32170,Node.js
40986,32179,FastAPI
40987,32185,React
40991,32190,Node.js
40992,32190,Svelte
40995,32194,Svelte
40996,32200,Express
40999,32200,Next.js
41000,32200,Node.js
41001,32200,React
41004,32209,Node.js
41007,32213,FastAPI
41010,32224,Node.js
41012,32224,React
41014,32228,Express
41016,32247,Svelte
41018,32249,Next.js
41019,32249,Node.js
41020,32249,React
41023,32252,FastAPI
41024,32252,React
41026,32252,Svelte
41028,32259,ASP.NET CORE
41031,32260,Express
41032,32260,FastAPI
41037,32260,Node.js
41039,32265,Angular
41041,32265,FastAPI
41045,32270,Next.js
41046,32270,Node.js
41047,32270,React
41048,32270,Svelte
41051,32272,Next.js
41052,32272,Node.js
41053,32272,React
41054,32272,Spring Boot
41055,32275,Angular
41057,32275,Express
41059,32275,Next.js
41060,32275,Node.js
41062,32275,Svelte
41063,32275,Vue.js
41067,32277,ASP.NET CORE
41070,32277,Node.js
41071,32277,React
41072,32277,Vue.js
41074,32279,Angular
41076,32279,ASP.NET CORE
41080,32285,FastAPI
41082,32288,Spring Boot
41083,32293,Node.js
41084,32293,Vue.js
41087,32294,Svelte
41089,32296,Next.js
41090,32296,Node.js
41091,32296,React
41094,32300,Spring Boot
41095,32300,Vue.js
41097,32301,Angular
41098,32301,Express
41101,32301,Next.js
41102,32301,Node.js
41103,32301,React
41104,32301,Vue.js
41105,32305,Express
41106,32305,Node.js
41107,32310,ASP.NET CORE
41108,32310,React
41110,32313,ASP.NET CORE
41113,32313,React
41116,32319,ASP.NET CORE
41118,32319,Next.js
41119,32319,Node.js
41120,32319,React
41122,32321,Angular
41125,32321,Express
41126,32321,Next.js
41127,32321,React
41128,32322,Node.js
41129,32323,Angular
41130,32323,Node.js
41131,32323,React
41132,32323,Spring Boot
41135,32329,Express
41136,32329,FastAPI
41139,32329,Next.js
41140,32329,Node.js
41141,32329,React
41144,32329,Svelte
41145,32332,ASP.NET CORE
41148,32332,Express
41150,32332,Next.js
41151,32332,React
41154,32333,Node.js
41155,32333,React
41157,32335,React
41161,32358,Angular
41165,32358,Node.js
41167,32362,Spring Boot
41169,32365,Node.js
41170,32370,Angular
41171,32370,Express
41173,32370,Node.js
41174,32370,Vue.js
41175,32372,React
41176,32379,Angular
41177,32379,Node.js
41178,32379,Spring Boot
41179,32381,ASP.NET CORE
41181,32381,Node.js
41182,32381,React
41183,32385,FastAPI
41184,32385,Node.js
41185,32385,React
41187,32386,Next.js
41188,32386,React
41189,32386,Spring Boot
41190,32386,Svelte
41191,32391,Express
41194,32391,Next.js
41195,32391,Node.js
41196,32391,React
41199,32396,Angular
41202,32396,Node.js
41203,32396,React
41206,32399,FastAPI
41207,32399,React
41208,32400,Node.js
41209,32400,React
41213,32401,React
41215,32406,FastAPI
41216,32407,Node.js
41218,32419,Angular
41220,32419,ASP.NET CORE
41224,32420,FastAPI
41226,32424,Express
41229,32424,Node.js
41230,32424,Vue.js
41233,32427,Angular
41235,32427,ASP.NET CORE
41237,32431,ASP.NET CORE
41238,32431,Express
41242,32431,Next.js
41243,32431,Node.js
41244,32431,React
41246,32431,Svelte
41247,32433,Express
41249,32433,Next.js
41250,32433,Node.js
41251,32433,React
41252,32437,Node.js
41253,32437,Svelte
41254,32438,Spring Boot
41255,32439,Angular
41258,32439,ASP.NET CORE
41261,32439,Node.js
41262,32439,Spring Boot
41266,32443,Next.js
41267,32443,Node.js
41268,32443,React
41274,32447,Next.js
41275,32447,Node.js
41277,32449,ASP.NET CORE
41278,32449,Express
41280,32449,Node.js
41281,32449,React
41282,32449,Svelte
41287,32452,Node.js
41289,32452,Vue.js
41290,32454,Next.js
41291,32454,React
41292,32454,Spring Boot
41295,32458,Next.js
41296,32458,Node.js
41297,32459,Next.js
41298,32459,React
41299,32459,Svelte
41300,32463,Angular
41302,32463,ASP.NET CORE
41303,32473,ASP.NET CORE
41304,32473,React
41305,32474,React
41306,32474,Spring Boot
41307,32476,ASP.NET CORE
41308,32477,Angular
41310,32477,ASP.NET CORE
41312,32477,Node.js
41313,32477,React
41315,32481,React
41318,32483,Next.js
41319,32488,ASP.NET CORE
41320,32492,FastAPI
41322,32492,React
41323,32492,Vue.js
41324,32494,Angular
41326,32494,ASP.NET CORE
41327,32496,Node.js
41328,32506,Angular
41329,32506,Spring Boot
41330,32507,ASP.NET CORE
41331,32507,Express
41332,32507,Next.js
41333,32507,React
41335,32509,Next.js
41336,32509,React
41338,32510,Vue.js
41341,32511,Express
41342,32511,FastAPI
41344,32511,Node.js
41345,32511,React
41348,32517,FastAPI
41349,32517,Node.js
41350,32517,Svelte
41351,32519,Express
41352,32519,Next.js
41353,32519,Node.js
41354,32519,React
41356,32519,Spring Boot
41357,32521,React
41358,32521,Spring Boot
41359,32522,React
41360,32523,Angular
41361,32523,Node.js
41363,32530,ASP.NET CORE
41364,32532,Angular
41365,32532,ASP.NET CORE
41367,32532,Next.js
41368,32532,Node.js
41369,32532,React
41370,32532,Vue.js
41371,32535,Angular
41372,32535,Express
41373,32535,Node.js
41374,32535,Spring Boot
41375,32535,Svelte
41376,32539,Angular
41377,32539,ASP.NET CORE
41378,32539,Node.js
41379,32544,ASP.NET CORE
41381,32549,FastAPI
41382,32549,Next.js
41383,32550,React
41384,32550,Spring Boot
41387,32564,ASP.NET CORE
41390,32566,Node.js
41393,32568,FastAPI
41397,32577,React
41398,32577,Vue.js
41399,32579,Angular
41401,32579,ASP.NET CORE
41403,32579,Node.js
41405,32582,ASP.NET CORE
41407,32582,Express
41409,32582,Node.js
41410,32582,React
41411,32582,Spring Boot
41413,32584,ASP.NET CORE
41416,32584,React
41417,32584,Vue.js
41418,32587,FastAPI
41420,32587,Vue.js
41425,32597,Svelte
41426,32600,Angular
41431,32600,Node.js
41432,32600,React
41433,32600,Spring Boot
41434,32600,Vue.js
41435,32604,Angular
41436,32604,React
41437,32604,Spring Boot
41438,32606,React
41439,32606,Spring Boot
41440,32607,Angular
41442,32607,Node.js
41443,32613,Angular
41446,32615,Next.js
41447,32615,React
41449,32616,Angular
41450,32616,Node.js
41451,32618,Express
41452,32618,Next.js
41453,32618,Node.js
41454,32618,React
41455,32618,Spring Boot
41456,32620,Angular
41458,32620,ASP.NET CORE
41460,32620,React
41461,32623,Angular
41462,32624,Express
41463,32624,Next.js
41464,32624,Node.js
41466,32624,React
41468,32624,Spring Boot
41469,32624,Vue.js
41471,32625,FastAPI
41472,32625,Node.js
41473,32625,React
41474,32627,ASP.NET CORE
41476,32627,Svelte
41478,32629,FastAPI
41482,32629,React
41484,32629,Vue.js
41486,32632,ASP.NET CORE
41488,32632,FastAPI
41491,32632,React
41494,32633,FastAPI
41497,32634,Node.js
41498,32634,Svelte
41499,32634,Vue.js
41500,32638,FastAPI
41503,32638,React
41504,32642,React
41505,32645,Angular
41506,32645,Express
41509,32645,Next.js
41510,32645,Node.js
41512,32645,React
41514,32645,Spring Boot
41515,32645,Svelte
41516,32645,Vue.js
41517,32647,FastAPI
41520,32650,Express
41521,32650,Next.js
41522,32650,Node.js
41524,32650,React
41525,32650,Spring Boot
41527,32650,Vue.js
41530,32651,Express
41531,32651,Next.js
41532,32651,Node.js
41533,32651,React
41534,32655,Angular
41536,32655,Next.js
41537,32655,Node.js
41538,32656,Angular
41540,32656,ASP.NET CORE
41542,32656,FastAPI
41543,32656,React
41546,32658,Next.js
41547,32658,Node.js
41548,32658,React
41550,32664,ASP.NET CORE
41552,32665,ASP.NET CORE
41555,32666,Node.js
41556,32666,React
41557,32668,ASP.NET CORE
41558,32668,Svelte
41560,32674,ASP.NET CORE
41562,32675,Vue.js
41563,32676,ASP.NET CORE
41564,32676,Next.js
41565,32676,React
41566,32679,Angular
41568,32679,ASP.NET CORE
41573,32684,Next.js
41574,32684,React
41575,32685,Angular
41578,32692,Express
41579,32692,FastAPI
41584,32692,Next.js
41585,32692,Node.js
41586,32692,React
41590,32692,Spring Boot
41592,32692,Svelte
41593,32692,Vue.js
41594,32693,Spring Boot
41595,32695,Express
41596,32695,Next.js
41597,32695,Node.js
41598,32695,React
41599,32705,Angular
41600,32705,ASP.NET CORE
41601,32705,Node.js
41602,32706,Svelte
41603,32706,Vue.js
41605,32709,Node.js
41606,32709,React
41608,32710,Next.js
41609,32710,Node.js
41610,32710,React
41611,32712,Express
41615,32712,Next.js
41616,32712,Node.js
41617,32712,React
41618,32712,Vue.js
41620,32714,Express
41621,32714,Next.js
41622,32714,Node.js
41623,32714,React
41625,32714,Svelte
41628,32723,Angular
41630,32723,ASP.NET CORE
41632,32723,Node.js
41633,32725,ASP.NET CORE
41634,32725,React
41636,32728,ASP.NET CORE
41637,32728,Node.js
41638,32728,React
41640,32732,ASP.NET CORE
41642,32732,Express
41644,32740,Express
41645,32740,React
41646,32740,Spring Boot
41649,32741,React
41650,32742,Angular
41652,32742,Next.js
41654,32742,React
41655,32742,Vue.js
41656,32743,Angular
41657,32743,ASP.NET CORE
41660,32744,ASP.NET CORE
41661,32747,Node.js
41662,32748,Node.js
41663,32748,React
41665,32752,React
41666,32752,Svelte
41667,32761,FastAPI
41669,32761,Spring Boot
41670,32767,Express
41671,32767,Next.js
41672,32767,Node.js
41673,32767,React
41675,32771,FastAPI
41677,32771,Next.js
41678,32771,React
41679,32771,Vue.js
41681,32774,ASP.NET CORE
41683,32774,Next.js
41684,32774,Node.js
41688,32785,Node.js
41689,32785,React
41691,32798,Express
41692,32798,FastAPI
41695,32798,Next.js
41696,32798,Node.js
41697,32798,React
41699,32798,Svelte
41700,32802,Angular
41702,32802,ASP.NET CORE
41704,32802,Next.js
41705,32802,Node.js
41706,32802,React
41707,32803,React
41708,32804,Next.js
41709,32804,Node.js
41710,32804,React
41712,32807,FastAPI
41713,32807,Svelte
41714,32808,React
41715,32809,Angular
41717,32809,Next.js
41718,32809,Node.js
41719,32809,React
41720,32810,Angular
41723,32815,Spring Boot
41724,32818,Angular
41727,32820,Node.js
41729,32821,Vue.js
41733,32826,ASP.NET CORE
41734,32826,Next.js
41735,32826,Node.js
41736,32826,React
41740,32827,Next.js
41741,32827,Node.js
41742,32827,Svelte
41744,32827,Vue.js
41746,32832,Node.js
41747,32832,Spring Boot
41749,32835,FastAPI
41751,32838,Node.js
41752,32839,Angular
41755,32839,ASP.NET CORE
41756,32839,Node.js
41760,32842,Node.js
41763,32843,Angular
41765,32844,Angular
41766,32844,Node.js
41767,32844,Spring Boot
41768,32844,Vue.js
41772,32856,Express
41773,32856,Next.js
41774,32856,Node.js
41775,32856,React
41777,32857,Express
41780,32857,Next.js
41781,32857,Node.js
41782,32857,React
41783,32861,Next.js
41784,32861,Node.js
41786,32861,React
41788,32864,Next.js
41789,32864,Node.js
41790,32864,React
41793,32865,Next.js
41794,32865,React
41796,32865,Vue.js
41802,32866,Vue.js
41803,32871,Angular
41804,32871,Node.js
41806,32875,Svelte
41807,32877,Angular
41811,32877,Spring Boot
41817,32901,ASP.NET CORE
41821,32903,Angular
41822,32903,ASP.NET CORE
41824,32903,FastAPI
41826,32906,ASP.NET CORE
41827,32906,React
41828,32909,Angular
41829,32909,ASP.NET CORE
41830,32909,Next.js
41831,32909,Node.js
41832,32909,React
41833,32909,Vue.js
41834,32911,ASP.NET CORE
41835,32911,React
41837,32913,FastAPI
41840,32913,Node.js
41841,32913,React
41842,32913,Vue.js
41843,32916,ASP.NET CORE
41845,32919,Node.js
41846,32919,React
41849,32925,React
41851,32934,Express
41853,32934,Node.js
41854,32935,FastAPI
41855,32935,Next.js
41856,32935,React
41857,32935,Svelte
41858,32936,FastAPI
41860,32940,Node.js
41863,32946,Next.js
41864,32946,React
41865,32946,Svelte
41866,32946,Vue.js
41868,32947,Angular
41869,32947,ASP.NET CORE
41874,32956,React
41875,32962,ASP.NET CORE
41876,32962,Node.js
41877,32964,Node.js
41878,32964,React
41879,32964,Spring Boot
41880,32966,FastAPI
41881,32966,Next.js
41882,32966,Node.js
41883,32966,React
41884,32966,Svelte
41886,32970,Express
41887,32970,FastAPI
41889,32970,Node.js
41890,32970,React
41891,32970,Vue.js
41892,32972,Angular
41894,32972,Next.js
41895,32972,Node.js
41896,32972,React
41897,32972,Svelte
41898,32972,Vue.js
41899,32973,FastAPI
41900,32973,Vue.js
41902,32976,FastAPI
41904,32980,Angular
41905,32980,Spring Boot
41906,32982,Spring Boot
41908,32983,Svelte
41909,32984,Express
41910,32984,Next.js
41911,32984,Node.js
41912,32984,React
41913,32984,Svelte
41914,32986,Next.js
41915,32986,Node.js
41916,32986,React
41917,32986,Spring Boot
41919,32987,Angular
41920,32987,ASP.NET CORE
41922,32992,Vue.js
41923,32995,Express
41924,32995,FastAPI
41928,32995,Next.js
41929,32995,Node.js
41930,32995,React
41931,32995,Spring Boot
41934,32997,ASP.NET CORE
41937,33000,Node.js
41939,33003,Spring Boot
41940,33008,Angular
41941,33008,ASP.NET CORE
41943,33008,Node.js
41944,33009,React
41945,33009,Spring Boot
41946,33010,Express
41947,33010,React
41948,33018,ASP.NET CORE
41955,33018,Vue.js
41956,33023,Express
41958,33023,Node.js
41959,33023,React
41961,33023,Svelte
41962,33025,ASP.NET CORE
41965,33029,Node.js
41966,33029,React
41967,33030,Express
41968,33030,Node.js
41969,33030,React
41970,33031,Next.js
41971,33031,React
41974,33034,Next.js
41975,33034,Node.js
41976,33034,React
41977,33035,ASP.NET CORE
41980,33035,Next.js
41981,33035,Node.js
41982,33035,React
41984,33036,FastAPI
41985,33036,React
41986,33037,ASP.NET CORE
41989,33037,Express
41990,33037,FastAPI
41991,33037,Next.js
41992,33037,Node.js
41994,33037,React
41995,33038,Angular
41997,33038,Node.js
41998,33038,React
42000,33043,Angular
42001,33043,Next.js
42002,33043,React
42004,33044,Node.js
42005,33044,React
42008,33045,React
42009,33045,Spring Boot
42010,33049,Node.js
42013,33049,Vue.js
42015,33052,Node.js
42016,33052,React
42017,33057,ASP.NET CORE
42019,33057,Vue.js
42021,33060,ASP.NET CORE
42023,33061,Node.js
42024,33061,React
42025,33061,Spring Boot
42026,33062,FastAPI
42027,33062,Vue.js
42028,33067,FastAPI
42030,33067,Next.js
42031,33067,React
42032,33068,Node.js
42033,33068,React
42034,33070,Spring Boot
42041,33078,Next.js
42042,33078,Node.js
42043,33078,React
42045,33078,Vue.js
42047,33079,Angular
42048,33079,ASP.NET CORE
42050,33079,Node.js
42051,33079,React
42053,33079,Vue.js
42056,33099,FastAPI
42057,33100,Express
42059,33100,Next.js
42060,33100,Node.js
42061,33100,React
42066,33104,React
42067,33104,Svelte
42069,33104,Vue.js
42070,33105,ASP.NET CORE
42074,33113,FastAPI
42076,33113,React
42078,33114,Angular
42080,33114,ASP.NET CORE
42081,33122,Angular
42084,33124,ASP.NET CORE
42086,33124,Node.js
42087,33124,React
42090,33126,ASP.NET CORE
42092,33126,Node.js
42093,33126,Vue.js
42094,33130,ASP.NET CORE
42098,33131,React
42099,33131,Svelte
42100,33135,Angular
42102,33135,ASP.NET CORE
42104,33135,Express
42106,33135,Next.js
42107,33135,Node.js
42108,33135,React
42109,33135,Vue.js
42112,33139,React
42114,33139,Vue.js
42115,33140,Express
42117,33140,Next.js
42118,33140,Node.js
42119,33140,React
42120,33144,Node.js
42121,33144,React
42123,33153,Svelte
42128,33154,Svelte
42129,33154,Vue.js
42134,33164,ASP.NET CORE
42137,33165,Next.js
42138,33165,Node.js
42139,33165,React
42140,33166,ASP.NET CORE
42142,33167,ASP.NET CORE
42143,33167,Svelte
42146,33168,Next.js
42147,33168,Node.js
42148,33178,ASP.NET CORE
42150,33178,Next.js
42151,33178,Node.js
42152,33178,Svelte
42153,33185,Angular
42154,33185,Spring Boot
42155,33186,FastAPI
42158,33186,Node.js
42159,33196,Node.js
42162,33197,Node.js
42163,33197,React
42164,33199,Node.js
42165,33199,React
42167,33199,Svelte
42169,33200,FastAPI
42172,33205,Express
42174,33205,Next.js
42175,33205,Node.js
42176,33205,React
42178,33207,ASP.NET CORE
42179,33207,React
42180,33208,Node.js
42181,33208,React
42183,33209,ASP.NET CORE
42185,33209,Next.js
42186,33209,Node.js
42187,33209,React
42188,33209,Spring Boot
42189,33209,Svelte
42190,33209,Vue.js
42193,33216,FastAPI
42196,33218,Express
42197,33218,React
42199,33220,Express
42202,33220,Next.js
42203,33220,Node.js
42205,33220,React
42207,33220,Svelte
42208,33220,Vue.js
42209,33224,Angular
42210,33224,ASP.NET CORE
42211,33224,Spring Boot
42212,33224,Vue.js
42213,33226,React
42214,33227,Node.js
42216,33229,ASP.NET CORE
42217,33229,React
42218,33230,Angular
42221,33230,Express
42222,33230,Next.js
42223,33230,Node.js
42226,33232,FastAPI
42229,33236,ASP.NET CORE
42231,33236,React
42232,33236,Svelte
42233,33236,Vue.js
42234,33241,React
42235,33241,Spring Boot
42236,33245,Angular
42237,33245,React
42238,33255,ASP.NET CORE
42240,33255,React
42241,33255,Vue.js
42242,33258,Svelte
42245,33259,React
42246,33259,Spring Boot
42247,33260,Express
42249,33260,Next.js
42250,33260,Node.js
42251,33260,React
42252,33261,Node.js
42253,33261,Spring Boot
42255,33264,Next.js
42257,33264,React
42259,33265,Express
42260,33265,Next.js
42261,33265,Node.js
42262,33265,React
42265,33266,Vue.js
42266,33268,ASP.NET CORE
42267,33268,React
42271,33269,Next.js
42272,33269,React
42274,33271,Express
42275,33271,FastAPI
42278,33271,Next.js
42279,33271,Node.js
42280,33271,React
42281,33271,Svelte
42282,33272,Angular
42283,33272,ASP.NET CORE
42284,33272,Node.js
42287,33275,FastAPI
42288,33276,React
42290,33278,ASP.NET CORE
42292,33281,Node.js
42293,33281,React
42298,33285,FastAPI
42299,33291,ASP.NET CORE
42300,33291,Node.js
42301,33291,Svelte
42302,33294,Node.js
42303,33297,Node.js
42304,33297,React
42306,33304,ASP.NET CORE
42311,33308,Node.js
42313,33308,Svelte
42314,33308,Vue.js
42315,33310,Angular
42316,33310,Express
42317,33310,FastAPI
42323,33310,Next.js
42324,33310,Node.js
42325,33310,React
42327,33310,Vue.js
42328,33311,Express
42329,33311,Node.js
42330,33311,React
42331,33311,Svelte
42334,33315,FastAPI
42337,33315,Node.js
42338,33315,React
42341,33318,Next.js
42342,33318,Node.js
42343,33318,React
42345,33318,Vue.js
42347,33319,Spring Boot
42348,33320,Angular
42349,33320,Spring Boot
42350,33325,ASP.NET CORE
42352,33325,Node.js
42354,33327,Angular
42355,33327,React
42357,33334,Next.js
42358,33334,React
42361,33334,Svelte
42363,33338,Spring Boot
42364,33341,Angular
42365,33341,ASP.NET CORE
42367,33354,React
42368,33354,Svelte
42369,33354,Vue.js
42371,33355,FastAPI
42373,33355,Next.js
42374,33355,React
42375,33361,Node.js
42377,33361,React
42378,33361,Svelte
42380,33363,Svelte
42384,33364,Next.js
42387,33364,React
42389,33364,Svelte
42390,33364,Vue.js
42393,33371,Node.js
42397,33373,Svelte
42399,33374,ASP.NET CORE
42400,33374,React
42401,33379,Express
42402,33379,Next.js
42403,33379,Node.js
42404,33379,React
42410,33385,Node.js
42411,33385,React
42412,33385,Svelte
42414,33390,Next.js
42415,33390,Node.js
42416,33390,React
42417,33390,Svelte
42418,33394,Express
42421,33394,Next.js
42422,33394,Node.js
42423,33394,React
42424,33396,Next.js
42425,33396,Node.js
42426,33396,React
42429,33404,Express
42430,33404,Next.js
42431,33404,Node.js
42432,33404,React
42433,33405,Spring Boot
42435,33406,Express
42438,33406,Next.js
42439,33406,Node.js
42442,33406,Svelte
42443,33406,Vue.js
42445,33414,Express
42447,33414,Next.js
42448,33414,Node.js
42449,33414,React
42453,33421,Node.js
42458,33425,Next.js
42459,33425,Node.js
42460,33425,Spring Boot
42464,33429,Next.js
42465,33429,Node.js
42466,33429,React
42467,33430,Node.js
42469,33430,Svelte
42470,33430,Vue.js
42471,33431,Express
42473,33431,Node.js
42474,33431,Vue.js
42475,33437,Next.js
42477,33437,React
42478,33437,Svelte
42481,33440,Next.js
42482,33440,React
42483,33444,React
42485,33445,Node.js
42486,33446,React
42487,33446,Vue.js
42488,33448,Angular
42489,33448,ASP.NET CORE
42493,33448,Express
42494,33448,Node.js
42495,33448,React
42497,33452,Spring Boot
42499,33458,Express
42500,33458,Node.js
42501,33458,React
42503,33460,Angular
42505,33460,ASP.NET CORE
42506,33460,Vue.js
42507,33462,FastAPI
42508,33465,Angular
42509,33465,Spring Boot
42512,33466,Node.js
42515,33468,ASP.NET CORE
42517,33470,Node.js
42519,33470,Vue.js
42523,33479,Next.js
42524,33479,Node.js
42526,33479,React
42527,33479,Vue.js
42529,33483,Express
42530,33483,FastAPI
42531,33483,Node.js
42535,33485,Vue.js
42536,33491,Express
42537,33491,Node.js
42538,33491,React
42540,33494,Express
42542,33494,Next.js
42543,33494,Node.js
42545,33494,React
42546,33494,Svelte
42547,33494,Vue.js
42550,33495,Node.js
42551,33496,Node.js
42552,33498,ASP.NET CORE
42556,33498,Svelte
42557,33504,Node.js
42558,33504,React
42559,33510,Angular
42561,33510,FastAPI
42562,33510,Node.js
42564,33510,React
42565,33510,Spring Boot
42566,33510,Vue.js
42567,33511,FastAPI
42571,33511,Next.js
42572,33511,Node.js
42573,33511,React
42574,33513,React
42576,33514,Express
42579,33514,Next.js
42581,33514,React
42584,33529,FastAPI
42586,33532,ASP.NET CORE
42588,33532,Next.js
42589,33532,Node.js
42590,33532,React
42591,33538,Express
42592,33538,Next.js
42593,33538,Node.js
42594,33538,React
42597,33541,Node.js
42598,33545,FastAPI
42599,33546,Angular
42601,33546,ASP.NET CORE
42603,33546,Express
42604,33546,FastAPI
42606,33546,Node.js
42607,33546,React
42608,33546,Vue.js
42611,33547,Next.js
42613,33547,React
42615,33548,Vue.js
42618,33549,Next.js
42619,33549,Node.js
42621,33549,React
42623,33550,FastAPI
42625,33550,Node.js
42626,33554,Angular
42627,33554,FastAPI
42629,33554,Node.js
42630,33554,React
42634,33559,React
42636,33560,Express
42637,33560,Node.js
42638,33560,React
42640,33561,Express
42642,33561,Node.js
42643,33561,React
42644,33561,Vue.js
42647,33562,Node.js
42648,33562,React
42649,33562,Vue.js
42650,33563,Express
42651,33563,Node.js
42652,33564,Angular
42653,33564,ASP.NET CORE
42655,33565,ASP.NET CORE
42658,33565,FastAPI
42660,33565,Node.js
42662,33565,Vue.js
42663,33566,Next.js
42664,33566,Node.js
42665,33566,React
42667,33571,ASP.NET CORE
42668,33571,Express
42669,33571,FastAPI
42670,33571,Node.js
42672,33571,React
42673,33571,Vue.js
42674,33580,Vue.js
42675,33585,FastAPI
42676,33585,React
42677,33585,Spring Boot
42678,33588,Node.js
42680,33588,Spring Boot
42681,33588,Vue.js
42682,33589,Angular
42683,33589,Node.js
42684,33589,React
42685,33589,Spring Boot
42687,33591,ASP.NET CORE
42689,33591,Next.js
42690,33591,Node.js
42692,33591,React
42693,33591,Spring Boot
42694,33591,Svelte
42695,33591,Vue.js
42696,33594,FastAPI
42700,33594,Next.js
42702,33594,React
42703,33594,Vue.js
42704,33599,Node.js
42706,33599,React
42707,33602,Angular
42715,33608,Node.js
42716,33608,Vue.js
42717,33616,Spring Boot
42718,33620,React
42719,33624,Angular
42720,33624,Spring Boot
42721,33625,Next.js
42722,33625,Node.js
42723,33625,React
42724,33628,ASP.NET CORE
42726,33630,FastAPI
42727,33630,Node.js
42728,33631,Next.js
42729,33631,Node.js
42730,33631,React
42731,33641,FastAPI
42733,33644,ASP.NET CORE
42736,33644,Svelte
42737,33644,Vue.js
42738,33646,ASP.NET CORE
42741,33646,Node.js
42742,33647,FastAPI
42746,33648,Vue.js
42751,33652,Node.js
42754,33652,Vue.js
42758,33663,Spring Boot
42759,33665,Angular
42761,33665,FastAPI
42764,33670,Angular
42766,33670,ASP.NET CORE
42770,33670,Svelte
42772,33672,React
42773,33673,Angular
42775,33673,Spring Boot
42778,33684,Svelte
42780,33691,Next.js
42781,33691,React
42782,33694,ASP.NET CORE
42784,33694,FastAPI
42786,33694,React
42787,33694,Svelte
42788,33698,Angular
42789,33698,Express
42790,33698,Node.js
42791,33698,Spring Boot
42793,33699,Next.js
42794,33699,React
42796,33700,FastAPI
42797,33700,Next.js
42798,33700,React
42799,33700,Svelte
42803,33714,ASP.NET CORE
42805,33714,Spring Boot
42809,33715,Next.js
42810,33715,Node.js
42812,33715,React
42815,33715,Vue.js
42817,33716,ASP.NET CORE
42819,33716,Node.js
42820,33716,React
42822,33718,FastAPI
42823,33718,Next.js
42824,33718,React
42825,33718,Vue.js
42826,33719,Node.js
42827,33719,React
42830,33721,React
42831,33728,FastAPI
42834,33733,FastAPI
42836,33733,Next.js
42838,33735,FastAPI
42843,33742,Next.js
42846,33748,FastAPI
42847,33748,Next.js
42848,33748,Node.js
42849,33748,React
42850,33759,Next.js
42851,33759,Node.js
42852,33759,React
42854,33760,ASP.NET CORE
42857,33760,Node.js
42858,33760,React
42860,33761,Vue.js
42861,33762,Express
42863,33762,Next.js
42864,33762,Node.js
42865,33762,React
42868,33763,Next.js
42869,33763,React
42871,33765,React
42873,33768,Spring Boot
42874,33769,FastAPI
42876,33772,ASP.NET CORE
42878,33772,React
42879,33772,Vue.js
42882,33777,Express
42883,33777,FastAPI
42884,33777,Node.js
42885,33777,React
42887,33779,Angular
42888,33779,React
42889,33781,Angular
42891,33781,Spring Boot
42892,33785,FastAPI
42893,33787,Angular
42894,33787,Spring Boot
42897,33793,Node.js
42898,33793,Spring Boot
42900,33795,Vue.js
42902,33798,ASP.NET CORE
42903,33798,Express
42904,33798,Node.js
42905,33798,React
42908,33801,FastAPI
42911,33805,React
42915,33811,Node.js
42917,33811,Vue.js
42922,33819,Node.js
42923,33820,Angular
42924,33820,Express
42925,33820,Node.js
42926,33820,React
42927,33829,Spring Boot
42932,33830,Next.js
42933,33830,Node.js
42935,33830,Svelte
42938,33835,Node.js
42939,33835,React
42941,33837,Next.js
42942,33837,Node.js
42943,33837,React
42944,33837,Vue.js
42945,33839,FastAPI
42947,33839,React
42948,33839,Svelte
42949,33839,Vue.js
42950,33842,Spring Boot
42951,33845,FastAPI
42953,33847,Node.js
42954,33847,Svelte
42955,33848,React
42956,33850,Express
42959,33850,Next.js
42960,33850,Node.js
42962,33850,React
42963,33850,Vue.js
42964,33856,ASP.NET CORE
42967,33856,React
42968,33860,FastAPI
42969,33860,React
42971,33866,Node.js
42977,33877,ASP.NET CORE
42980,33877,Spring Boot
42981,33877,Vue.js
42983,33879,Express
42986,33881,Angular
42989,33881,Node.js
42990,33889,ASP.NET CORE
42994,33891,ASP.NET CORE
42996,33892,Express
42997,33892,Next.js
42998,33892,Node.js
42999,33892,React
43000,33892,Spring Boot
43002,33899,Svelte
43004,33900,Express
43007,33900,Next.js
43008,33900,Node.js
43010,33900,React
43012,33900,Svelte
43013,33900,Vue.js
43014,33907,Node.js
43016,33907,Vue.js
43017,33909,Svelte
43020,33922,ASP.NET CORE
43022,33922,Spring Boot
43023,33934,ASP.NET CORE
43024,33934,Vue.js
43025,33937,Node.js
43026,33938,ASP.NET CORE
43027,33941,React
43028,33943,Node.js
43031,33944,ASP.NET CORE
43034,33944,React
43036,33947,Svelte
43038,33949,Vue.js
43040,33954,Express
43041,33954,Next.js
43042,33954,Node.js
43043,33954,React
43045,33957,ASP.NET CORE
43047,33957,Node.js
43048,33957,React
43049,33958,Node.js
43050,33958,Spring Boot
43051,33965,Angular
43053,33965,ASP.NET CORE
43056,33965,Node.js
43057,33965,React
43058,33965,Vue.js
43063,33974,Next.js
43064,33974,Node.js
43065,33974,React
43066,33975,Angular
43069,33975,ASP.NET CORE
43070,33975,Next.js
43071,33975,Node.js
43072,33975,React
43074,33976,Node.js
43075,33976,React
43076,33976,Svelte
43077,33980,ASP.NET CORE
43078,33981,Next.js
43079,33981,Node.js
43080,33981,React
43081,33982,ASP.NET CORE
43082,33982,Node.js
43083,33982,React
43084,33985,Angular
43085,33985,ASP.NET CORE
43088,33985,Svelte
43090,33987,Next.js
43091,33987,Node.js
43092,33987,React
43093,33989,Express
43097,33989,Next.js
43098,33989,Node.js
43099,33989,React
43101,33989,Spring Boot
43102,33989,Svelte
43103,33990,Angular
43105,33990,Node.js
43108,33991,Express
43109,33991,FastAPI
43110,33991,Next.js
43111,33991,Node.js
43112,33991,React
43114,33991,Svelte
43115,33995,Angular
43119,33995,Node.js
43120,33995,React
43122,33995,Vue.js
43124,33999,Express
43125,33999,FastAPI
43126,33999,Node.js
43127,33999,React
43129,34001,FastAPI
43131,34001,Svelte
43134,34002,ASP.NET CORE
43137,34002,React
43138,34011,Express
43139,34011,FastAPI
43141,34011,Next.js
43142,34011,Node.js
43143,34011,React
43145,34012,ASP.NET CORE
43147,34015,React
43148,34015,Spring Boot
43149,34018,Angular
43155,34018,Spring Boot
43156,34018,Vue.js
43158,34022,Angular
43159,34022,ASP.NET CORE
43160,34022,Express
43162,34022,Next.js
43163,34022,Node.js
43164,34022,React
43165,34024,Angular
43166,34024,ASP.NET CORE
43167,34024,React
43168,34024,Spring Boot
43171,34036,Angular
43173,34036,Node.js
43175,34036,Svelte
43176,34039,Angular
43177,34039,Spring Boot
43178,34042,ASP.NET CORE
43181,34043,Express
43186,34043,Node.js
43189,34044,FastAPI
43190,34044,Next.js
43191,34044,React
43192,34044,Spring Boot
43194,34048,Express
43195,34048,Node.js
43197,34049,Express
43199,34049,Next.js
43200,34049,React
43201,34053,Angular
43203,34060,Vue.js
43204,34072,Angular
43206,34072,Express
43207,34072,Next.js
43208,34072,Node.js
43209,34072,React
43210,34073,FastAPI
43213,34074,React
43216,34078,Next.js
43217,34078,Node.js
43218,34078,React
43219,34088,ASP.NET CORE
43225,34095,Next.js
43226,34095,Node.js
43229,34106,React
43230,34106,Vue.js
43233,34109,ASP.NET CORE
43235,34109,React
43238,34112,Next.js
43239,34112,Node.js
43240,34112,Svelte
43242,34118,ASP.NET CORE
43244,34118,Svelte
43245,34120,Spring Boot
43246,34122,ASP.NET CORE
43249,34122,Next.js
43250,34122,Node.js
43252,34122,React
43253,34122,Spring Boot
43256,34125,React
43258,34126,ASP.NET CORE
43259,34131,ASP.NET CORE
43260,34139,Express
43262,34139,Node.js
43263,34139,Vue.js
43264,34142,Spring Boot
43265,34155,Angular
43267,34155,ASP.NET CORE
43269,34155,Express
43273,34159,FastAPI
43275,34159,Next.js
43276,34159,React
43278,34159,Vue.js
43282,34173,Next.js
43283,34173,Node.js
43284,34173,React
43285,34173,Spring Boot
43286,34173,Vue.js
43287,34176,ASP.NET CORE
43288,34176,Node.js
43290,34176,Svelte
43291,34176,Vue.js
43293,34178,Express
43295,34178,Next.js
43296,34178,Node.js
43297,34178,React
43301,34180,React
43303,34180,Vue.js
43304,34193,Express
43306,34193,Next.js
43307,34193,Node.js
43308,34193,React
43313,34195,ASP.NET CORE
43316,34195,Next.js
43317,34195,Node.js
43318,34195,React
43319,34195,Svelte
43320,34198,Express
43321,34201,Angular
43324,34201,Express
43326,34201,Next.js
43327,34201,Node.js
43328,34201,React
43329,34201,Vue.js
43330,34202,Express
43332,34202,Node.js
43333,34202,React
43335,34203,React
43336,34203,Spring Boot
43340,34204,Vue.js
43342,34205,ASP.NET CORE
43344,34205,Vue.js
43345,34206,Spring Boot
43346,34218,Vue.js
43348,34219,Next.js
43349,34219,Node.js
43350,34219,React
43351,34229,ASP.NET CORE
43354,34229,Vue.js
43355,34230,FastAPI
43357,34230,Next.js
43358,34230,Node.js
43360,34230,React
43363,34234,Spring Boot
43364,34238,FastAPI
43365,34238,Svelte
43367,34239,Express
43368,34239,Next.js
43369,34239,React
43370,34241,Angular
43371,34241,Express
43373,34241,Next.js
43374,34241,Node.js
43375,34241,React
43378,34246,Angular
43379,34246,Express
43380,34246,Next.js
43381,34246,React
43382,34248,Angular
43389,34248,Next.js
43390,34248,Node.js
43391,34248,React
43392,34248,Vue.js
43395,34249,Spring Boot
43396,34250,Angular
43398,34250,Express
43400,34250,Next.js
43401,34250,Node.js
43402,34250,React
43403,34250,Spring Boot
43404,34251,Angular
43406,34251,Next.js
43407,34251,Node.js
43408,34251,React
43410,34251,Vue.js
43411,34259,ASP.NET CORE
43416,34259,Svelte
43417,34260,Angular
43418,34260,Express
43419,34260,Node.js
43423,34272,Express
43425,34272,Next.js
43426,34272,Node.js
43428,34272,React
43429,34272,Vue.js
43430,34275,Angular
43431,34275,ASP.NET CORE
43433,34275,Express
43434,34275,FastAPI
43436,34275,Next.js
43437,34275,Node.js
43438,34275,React
43439,34279,Angular
43442,34279,ASP.NET CORE
43450,34279,Express
43451,34279,FastAPI
43459,34279,Next.js
43460,34279,Node.js
43464,34279,React
43468,34279,Spring Boot
43470,34279,Svelte
43472,34279,Vue.js
43475,34280,Vue.js
43477,34283,Express
43478,34283,FastAPI
43480,34283,Next.js
43481,34283,Node.js
43483,34284,Next.js
43484,34284,Node.js
43486,34284,React
43487,34284,Spring Boot
43488,34284,Svelte
43489,34284,Vue.js
43490,34288,Next.js
43491,34288,Node.js
43492,34288,Spring Boot
43493,34303,Spring Boot
43496,34307,ASP.NET CORE
43497,34307,React
43498,34310,FastAPI
43499,34313,ASP.NET CORE
43501,34313,React
43502,34314,Angular
43503,34314,Node.js
43504,34314,Spring Boot
43508,34320,Next.js
43509,34320,Node.js
43510,34320,React
43511,34322,Angular
43512,34322,ASP.NET CORE
43514,34327,ASP.NET CORE
43516,34327,Next.js
43519,34335,React
43521,34335,Vue.js
43523,34336,Angular
43525,34336,Express
43526,34336,FastAPI
43528,34336,Node.js
43530,34340,Node.js
43531,34340,React
43532,34340,Svelte
43533,34340,Vue.js
43534,34341,Express
43535,34341,Node.js
43536,34341,React
43537,34341,Spring Boot
43538,34342,Next.js
43540,34356,Angular
43548,34356,Node.js
43549,34356,React
43552,34356,Vue.js
43560,34369,Spring Boot
43561,34369,Svelte
43562,34370,Spring Boot
43564,34373,ASP.NET CORE
43567,34375,Next.js
43568,34375,Node.js
43569,34375,React
43572,34379,Node.js
43573,34384,Spring Boot
43575,34397,Angular
43578,34397,FastAPI
43581,34397,Next.js
43582,34397,Node.js
43584,34397,React
43585,34397,Spring Boot
43586,34397,Svelte
43587,34397,Vue.js
43588,34399,Spring Boot
43591,34404,Next.js
43592,34404,Node.js
43593,34404,React
43594,34404,Svelte
43595,34404,Vue.js
43598,34406,Node.js
43599,34406,React
43603,34411,Node.js
43604,34411,Vue.js
43605,34412,Angular
43608,34412,ASP.NET CORE
43610,34412,Node.js
43611,34413,ASP.NET CORE
43614,34418,Express
43615,34418,Node.js
43616,34418,Spring Boot
43617,34421,Node.js
43618,34421,React
43621,34426,FastAPI
43622,34426,Node.js
43623,34426,Svelte
43624,34427,Angular
43625,34427,ASP.NET CORE
43629,34427,Next.js
43630,34427,Node.js
43632,34427,React
43634,34427,Spring Boot
43635,34427,Svelte
43636,34427,Vue.js
43637,34430,Angular
43639,34430,React
43640,34430,Spring Boot
43641,34432,Angular
43643,34432,ASP.NET CORE
43644,34432,Node.js
43645,34432,React
43647,34432,Svelte
43650,34435,Angular
43653,34435,Express
43656,34435,Next.js
43657,34435,Node.js
43658,34435,React
43662,34436,FastAPI
43663,34436,Vue.js
43665,34450,Express
43666,34450,Node.js
43667,34452,Angular
43669,34452,Node.js
43672,34453,Node.js
43673,34453,React
43674,34454,React
43677,34456,Next.js
43678,34456,Node.js
43680,34456,Svelte
43681,34456,Vue.js
43683,34458,ASP.NET CORE
43684,34461,Spring Boot
43686,34467,Node.js
43687,34472,React
43690,34478,Angular
43692,34478,ASP.NET CORE
43693,34478,React
43694,34481,Angular
43695,34481,Node.js
43696,34481,React
43699,34483,Svelte
43700,34488,FastAPI
43702,34488,Node.js
43703,34488,React
43704,34489,Angular
43707,34489,React
43712,34500,Angular
43714,34500,Next.js
43715,34500,Node.js
43717,34500,React
43718,34500,Spring Boot
43719,34500,Vue.js
43720,34502,React
43721,34502,Spring Boot
43722,34505,ASP.NET CORE
43723,34505,Next.js
43724,34508,Angular
43725,34508,ASP.NET CORE
43729,34520,React
43731,34521,FastAPI
43732,34525,Next.js
43733,34526,Angular
43736,34526,Express
43737,34526,FastAPI
43739,34526,Next.js
43740,34526,Node.js
43741,34526,React
43744,34529,Next.js
43745,34529,Node.js
43746,34529,React
43747,34530,Express
43750,34536,Next.js
43751,34536,Node.js
43753,34536,React
43758,34542,ASP.NET CORE
43759,34542,Next.js
43760,34542,Node.js
43761,34542,React
43764,34543,React
43768,34562,Vue.js
43769,34566,Node.js
43770,34576,Spring Boot
43772,34577,Node.js
43773,34577,React
43774,34579,Angular
43776,34579,ASP.NET CORE
43778,34581,Vue.js
43780,34587,ASP.NET CORE
43782,34587,Node.js
43783,34587,React
43784,34588,Angular
43785,34588,ASP.NET CORE
43786,34588,React
43787,34588,Vue.js
43789,34591,ASP.NET CORE
43791,34591,FastAPI
43793,34591,Next.js
43794,34591,Node.js
43795,34591,React
43797,34596,Angular
43799,34596,FastAPI
43802,34596,React
43803,34597,Angular
43804,34597,ASP.NET CORE
43805,34597,Spring Boot
43806,34599,Angular
43807,34599,ASP.NET CORE
43809,34599,Svelte
43811,34600,Vue.js
43812,34601,ASP.NET CORE
43814,34601,Express
43817,34601,Node.js
43818,34601,React
43823,34604,Node.js
43828,34608,Angular
43830,34608,Express
43831,34608,FastAPI
43832,34608,Next.js
43833,34608,Node.js
43834,34608,React
43835,34608,Spring Boot
43836,34608,Vue.js
43837,34611,Angular
43838,34611,Node.js
43839,34611,React
43840,34611,Spring Boot
43841,34621,Node.js
43842,34621,React
43843,34625,Angular
43848,34625,Node.js
43850,34625,Svelte
43851,34625,Vue.js
43853,34627,ASP.NET CORE
43855,34627,Next.js
43856,34627,Node.js
43857,34627,Spring Boot
43858,34634,Spring Boot
43860,34636,ASP.NET CORE
43862,34636,FastAPI
43863,34636,Node.js
43864,34636,React
43865,34636,Svelte
43866,34636,Vue.js
43867,34641,ASP.NET CORE
43869,34641,Next.js
43870,34641,React
43871,34646,Node.js
43872,34646,React
43874,34647,Spring Boot
43875,34649,ASP.NET CORE
43877,34649,Vue.js
43879,34650,Node.js
43881,34650,React
43883,34650,Vue.js
43884,34652,FastAPI
43885,34652,Node.js
43887,34652,Vue.js
43889,34654,ASP.NET CORE
43892,34654,React
43894,34655,ASP.NET CORE
43895,34655,Express
43898,34655,Node.js
43899,34655,React
43900,34657,Node.js
43901,34657,React
43902,34657,Vue.js
43904,34662,ASP.NET CORE
43906,34662,Next.js
43907,34662,Node.js
43909,34662,React
43910,34664,Angular
43911,34664,ASP.NET CORE
43912,34665,Angular
43915,34666,Node.js
43917,34667,Spring Boot
43918,34669,Express
43919,34669,Node.js
43920,34669,React
43923,34672,Next.js
43924,34672,Node.js
43925,34672,React
43928,34674,ASP.NET CORE
43932,34674,FastAPI
43935,34674,Vue.js
43936,34676,Spring Boot
43937,34679,Angular
43939,34679,Express
43942,34679,Next.js
43943,34679,Node.js
43944,34679,React
43945,34679,Spring Boot
43946,34679,Vue.js
43949,34680,ASP.NET CORE
43951,34681,FastAPI
43954,34681,Svelte
43955,34683,Spring Boot
43957,34683,Svelte
43958,34684,FastAPI
43960,34685,Spring Boot
43961,34690,ASP.NET CORE
43963,34690,Next.js
43964,34690,Node.js
43965,34690,React
43967,34701,Angular
43971,34701,Next.js
43972,34701,Node.js
43973,34701,React
43975,34701,Spring Boot
43978,34702,Node.js
43980,34711,Node.js
43982,34711,Svelte
43983,34713,Angular
43984,34713,ASP.NET CORE
43987,34713,Express
43988,34713,FastAPI
43994,34713,Next.js
43995,34713,Node.js
43996,34713,React
43998,34716,Angular
44000,34716,ASP.NET CORE
44001,34716,Spring Boot
44002,34718,Angular
44004,34718,Node.js
44005,34718,React
44006,34718,Spring Boot
44007,34718,Vue.js
44008,34721,Express
44009,34721,Node.js
44011,34722,ASP.NET CORE
44013,34722,Next.js
44014,34722,Node.js
44015,34722,React
44017,34723,ASP.NET CORE
44021,34727,Node.js
44022,34727,React
44025,34728,React
44027,34728,Vue.js
44030,34729,Node.js
44032,34730,ASP.NET CORE
44033,34730,Node.js
44034,34730,Vue.js
44036,34731,Next.js
44037,34731,Node.js
44038,34731,React
44041,34738,Express
44042,34738,FastAPI
44044,34738,Node.js
44045,34747,React
44050,34753,Angular
44052,34753,Express
44053,34753,React
44054,34753,Vue.js
44056,34754,Express
44060,34757,Next.js
44061,34757,Node.js
44062,34757,React
44063,34762,Express
44064,34762,Next.js
44065,34762,Node.js
44068,34772,React
44069,34772,Spring Boot
44071,34774,Express
44072,34774,FastAPI
44074,34774,Node.js
44076,34774,Svelte
44077,34774,Vue.js
44079,34778,Node.js
44080,34782,Next.js
44081,34782,React
44082,34784,React
44083,34784,Spring Boot
44085,34786,FastAPI
44089,34786,Next.js
44090,34786,Node.js
44092,34786,Svelte
44093,34787,Angular
44101,34787,Express
44102,34787,FastAPI
44110,34787,Next.js
44111,34787,Node.js
44115,34787,React
44119,34787,Spring Boot
44121,34787,Svelte
44123,34787,Vue.js
44127,34791,Node.js
44128,34791,React
44130,34793,Angular
44131,34793,ASP.NET CORE
44134,34793,Svelte
44135,34793,Vue.js
44137,34806,Node.js
44138,34811,Angular
44139,34811,React
44140,34814,Spring Boot
44141,34814,Vue.js
44142,34815,FastAPI
44145,34819,FastAPI
44146,34819,Vue.js
44147,34820,Next.js
44148,34821,Express
44151,34821,Next.js
44152,34821,Node.js
44153,34821,Svelte
44154,34823,FastAPI
44156,34823,Next.js
44157,34823,React
44158,34823,Svelte
44159,34824,ASP.NET CORE
44161,34825,ASP.NET CORE
44163,34825,Next.js
44164,34825,React
44165,34826,ASP.NET CORE
44166,34829,Express
44167,34829,Node.js
44168,34829,React
44170,34831,ASP.NET CORE
44172,34831,Node.js
44173,34831,React
44175,34835,FastAPI
44176,34835,Next.js
44177,34835,Node.js
44178,34835,React
44180,34836,Express
44181,34836,Node.js
44182,34836,React
44183,34838,Next.js
44184,34838,React
44185,34838,Svelte
44187,34841,FastAPI
44189,34841,Spring Boot
44191,34843,FastAPI
44195,34847,Next.js
44196,34847,React
44199,34856,Angular
44204,34856,Next.js
44205,34856,Node.js
44206,34856,React
44207,34856,Spring Boot
44209,34856,Vue.js
44210,34867,Angular
44211,34867,ASP.NET CORE
44214,34867,Express
44215,34867,FastAPI
44219,34867,Next.js
44220,34867,Node.js
44223,34867,React
44226,34867,Spring Boot
44228,34867,Svelte
44229,34867,Vue.js
44230,34868,Angular
44231,34868,Node.js
44232,34868,React
44233,34872,ASP.NET CORE
44236,34877,ASP.NET CORE
44238,34879,Spring Boot
44241,34880,Node.js
44243,34880,Svelte
44245,34880,Vue.js
44246,34882,ASP.NET CORE
44247,34883,Angular
44249,34883,ASP.NET CORE
44251,34889,ASP.NET CORE
44256,34891,ASP.NET CORE
44257,34893,Angular
44260,34893,ASP.NET CORE
44262,34893,Node.js
44263,34893,React
44266,34903,Vue.js
44267,34905,ASP.NET CORE
44269,34906,ASP.NET CORE
44270,34906,Svelte
44271,34907,ASP.NET CORE
44274,34908,Node.js
44276,34908,Svelte
44277,34908,Vue.js
44279,34909,Express
44282,34909,Next.js
44283,34909,Node.js
44285,34909,React
44286,34909,Vue.js
44289,34912,React
44291,34915,Spring Boot
44292,34918,Node.js
44293,34918,Spring Boot
44294,34919,ASP.NET CORE
44298,34919,Next.js
44299,34919,React
44301,34922,ASP.NET CORE
44302,34922,Node.js
44303,34922,React
44305,34925,Express
44307,34925,Node.js
44308,34927,Express
44309,34927,Node.js
44310,34927,React
44311,34928,React
44312,34931,Angular
44316,34941,FastAPI
44318,34944,Node.js
44321,34946,Next.js
44322,34946,React
44323,34946,Spring Boot
44324,34946,Vue.js
44325,34949,Spring Boot
44326,34952,Angular
44329,34952,Express
44331,34952,Next.js
44332,34952,React
44336,34957,ASP.NET CORE
44339,34960,Next.js
44340,34960,Spring Boot
44343,34962,Node.js
44344,34962,Svelte
44346,34967,Next.js
44348,34967,Vue.js
44351,34971,Node.js
44352,34971,React
44353,34974,React
44355,34976,Node.js
44357,34976,React
44358,34976,Vue.js
44359,34978,Angular
44360,34978,Node.js
44361,34978,Spring Boot
44363,34979,Node.js
44365,34979,Vue.js
44368,34983,Node.js
44369,34983,React
44370,34983,Svelte
44373,34984,Node.js
44375,34985,React
44376,34987,Angular
44378,34987,Express
44379,34987,FastAPI
44383,34987,Node.js
44384,34987,Spring Boot
44385,34987,Vue.js
44386,34988,FastAPI
44387,34988,Next.js
44388,34988,React
44390,34990,ASP.NET CORE
44391,34990,FastAPI
44392,34990,Next.js
44393,34990,Node.js
44394,34990,React
44400,35002,Node.js
44402,35003,Angular
44403,35003,Spring Boot
44404,35008,ASP.NET CORE
44406,35010,FastAPI
44407,35010,Node.js
44408,35010,React
44409,35012,Next.js
44410,35012,Node.js
44411,35012,React
44412,35012,Vue.js
44414,35013,ASP.NET CORE
44416,35013,Next.js
44417,35013,React
44418,35014,ASP.NET CORE
44420,35014,Svelte
44421,35014,Vue.js
44424,35017,Vue.js
44426,35020,React
44428,35020,Vue.js
44430,35025,Next.js
44431,35025,Node.js
44432,35025,React
44433,35025,Svelte
44434,35029,ASP.NET CORE
44435,35029,FastAPI
44436,35029,React
44440,35033,Node.js
44442,35044,Express
44443,35044,Next.js
44444,35044,Node.js
44445,35044,React
44448,35045,Next.js
44449,35045,Node.js
44450,35045,React
44451,35049,Next.js
44452,35049,React
44455,35051,ASP.NET CORE
44457,35051,Vue.js
44458,35058,Angular
44459,35061,Node.js
44461,35061,Vue.js
44463,35062,Express
44464,35062,FastAPI
44465,35062,Node.js
44466,35062,Svelte
44467,35070,Angular
44468,35070,Express
44471,35070,Next.js
44472,35070,Node.js
44474,35070,React
44475,35070,Vue.js
44476,35075,FastAPI
44478,35076,Angular
44480,35076,ASP.NET CORE
44483,35076,Next.js
44484,35076,Node.js
44485,35076,React
44486,35076,Spring Boot
44491,35093,React
44492,35093,Spring Boot
44493,35093,Svelte
44496,35104,Svelte
44497,35105,Angular
44499,35105,Spring Boot
44501,35109,Next.js
44502,35109,Node.js
44503,35109,React
44504,35110,Node.js
44505,35110,Spring Boot
44506,35113,Node.js
44507,35113,Spring Boot
44509,35118,ASP.NET CORE
44511,35118,Node.js
44512,35124,React
44513,35127,Next.js
44514,35127,Node.js
44515,35127,React
44516,35127,Svelte
44519,35130,Vue.js
44520,35131,Angular
44523,35131,Express
44525,35131,Next.js
44526,35131,Node.js
44527,35131,React
44528,35131,Vue.js
44530,35143,Angular
44532,35143,Node.js
44534,35144,Node.js
44537,35146,Next.js
44538,35146,Node.js
44539,35146,React
44542,35150,Express
44545,35150,Next.js
44546,35150,Node.js
44547,35150,React
44548,35158,Node.js
44549,35158,React
44550,35163,Node.js
44551,35163,React
44552,35163,Svelte
44554,35169,Node.js
44555,35170,Node.js
44556,35170,React
44557,35170,Spring Boot
44561,35172,Node.js
44563,35172,React
44565,35172,Spring Boot
44566,35172,Svelte
44569,35179,ASP.NET CORE
44572,35179,Node.js
44575,35185,Node.js
44576,35185,React
44577,35185,Svelte
44578,35198,FastAPI
44581,35199,Node.js
44583,35204,Node.js
44584,35204,Svelte
44588,35205,Node.js
44591,35206,Svelte
44592,35206,Vue.js
44595,35208,Next.js
44599,35208,Svelte
44600,35208,Vue.js
44601,35219,Angular
44603,35219,ASP.NET CORE
44604,35219,React
44605,35228,ASP.NET CORE
44607,35228,React
44608,35231,Next.js
44609,35231,Node.js
44611,35236,Spring Boot
44613,35238,FastAPI
44614,35238,Node.js
44616,35238,Spring Boot
44617,35238,Svelte
44618,35238,Vue.js
44619,35239,Angular
44620,35239,ASP.NET CORE
44622,35239,React
44623,35239,Svelte
44624,35239,Vue.js
44625,35249,ASP.NET CORE
44626,35249,Next.js
44627,35249,Node.js
44628,35249,React
44630,35253,Angular
44634,35253,Next.js
44635,35253,Node.js
44637,35253,React
44640,35253,Spring Boot
44641,35253,Svelte
44643,35263,Angular
44646,35263,ASP.NET CORE
44654,35263,Express
44655,35263,FastAPI
44663,35263,Next.js
44664,35263,Node.js
44668,35263,React
44672,35263,Spring Boot
44674,35263,Svelte
44676,35263,Vue.js
44679,35264,Node.js
44680,35266,Angular
44682,35266,Node.js
44683,35266,React
44684,35266,Spring Boot
44685,35268,Angular
44686,35268,React
44687,35268,Spring Boot
44689,35271,Next.js
44690,35272,Express
44691,35272,Next.js
44692,35272,Node.js
44693,35272,React
44694,35275,Express
44696,35275,Next.js
44697,35275,Node.js
44699,35275,React
44701,35275,Vue.js
44702,35277,ASP.NET CORE
44705,35277,React
44706,35277,Spring Boot
44707,35279,Express
44708,35279,Next.js
44709,35279,Node.js
44711,35279,React
44712,35279,Svelte
44713,35279,Vue.js
44714,35280,Angular
44717,35280,Node.js
44719,35282,Node.js
44720,35282,React
44721,35282,Vue.js
44722,35283,ASP.NET CORE
44724,35283,Next.js
44725,35283,Node.js
44727,35285,FastAPI
44729,35288,Next.js
44730,35288,Node.js
44732,35288,React
44733,35288,Vue.js
44734,35302,Angular
44736,35302,React
44737,35302,Spring Boot
44740,35305,React
44741,35305,Vue.js
44742,35309,Next.js
44743,35309,React
44744,35310,FastAPI
44746,35310,React
44748,35311,Node.js
44749,35315,Angular
44751,35315,Express
44752,35315,FastAPI
44754,35315,Node.js
44755,35315,React
44758,35316,Vue.js
44760,35317,Svelte
44763,35320,Next.js
44764,35320,Node.js
44765,35320,React
44767,35320,Svelte
44768,35327,Spring Boot
44770,35328,ASP.NET CORE
44773,35328,Next.js
44774,35328,Node.js
44775,35328,React
44777,35334,Node.js
44779,35335,ASP.NET CORE
44782,35343,Express
44783,35343,Node.js
44784,35343,React
44786,35344,FastAPI
44787,35344,Node.js
44789,35344,React
44790,35344,Vue.js
44791,35345,Spring Boot
44792,35345,Vue.js
44794,35355,Node.js
44795,35355,Vue.js
44796,35356,ASP.NET CORE
44800,35362,ASP.NET CORE
44802,35362,Node.js
44803,35362,React
44805,35363,Next.js
44806,35363,Node.js
44811,35372,Express
44814,35372,Next.js
44815,35372,Node.js
44817,35379,Express
44818,35379,React
44819,35390,Angular
44820,35390,Next.js
44821,35390,Spring Boot
44823,35397,ASP.NET CORE
44824,35397,Express
44826,35397,Next.js
44827,35397,Node.js
44829,35397,React
44830,35397,Vue.js
44831,35406,Angular
44834,35406,ASP.NET CORE
44838,35406,Node.js
44839,35411,Angular
44841,35411,ASP.NET CORE
44843,35411,FastAPI
44845,35411,React
44846,35412,Angular
44848,35412,Next.js
44849,35412,Node.js
44850,35412,Vue.js
44851,35414,FastAPI
44852,35414,Next.js
44853,35414,Node.js
44854,35414,React
44855,35414,Vue.js
44856,35416,ASP.NET CORE
44857,35416,React
44859,35419,Vue.js
44861,35420,Next.js
44862,35420,Node.js
44864,35422,ASP.NET CORE
44866,35425,Express
44867,35425,FastAPI
44871,35425,Next.js
44872,35425,Node.js
44873,35425,React
44874,35425,Svelte
44875,35425,Vue.js
44876,35430,Angular
44877,35434,Angular
44881,35434,Express
44883,35434,Node.js
44884,35434,React
44885,35434,Spring Boot
44886,35434,Vue.js
44888,35438,Next.js
44889,35438,Node.js
44890,35438,React
44895,35440,Next.js
44896,35440,Node.js
44897,35440,Svelte
44898,35440,Vue.js
44899,35442,ASP.NET CORE
44902,35442,Node.js
44904,35442,Vue.js
44907,35444,Express
44909,35444,Next.js
44910,35444,Node.js
44911,35444,React
44915,35459,Angular
44921,35459,Node.js
44923,35467,Node.js
44926,35474,FastAPI
44927,35474,Next.js
44928,35474,Node.js
44929,35474,React
44930,35474,Spring Boot
44931,35475,Next.js
44932,35475,React
44933,35478,FastAPI
44936,35480,Angular
44938,35480,FastAPI
44940,35480,Node.js
44941,35480,React
44942,35481,FastAPI
44945,35486,React
44946,35486,Spring Boot
44948,35488,Node.js
44949,35488,React
44951,35489,ASP.NET CORE
44954,35489,React
44955,35491,Angular
44956,35491,Next.js
44957,35491,Svelte
44960,35498,Express
44961,35498,Next.js
44962,35498,Node.js
44963,35498,React
44964,35498,Svelte
44966,35502,Vue.js
44967,35503,FastAPI
44970,35507,FastAPI
44972,35507,Next.js
44973,35507,Node.js
44975,35507,React
44976,35509,React
44978,35513,React
44980,35515,Next.js
44981,35515,Node.js
44982,35515,React
44983,35518,Next.js
44984,35518,Node.js
44985,35518,React
44986,35523,Angular
44987,35523,Node.js
44988,35539,Node.js
44989,35541,Spring Boot
44990,35543,Angular
44991,35543,Node.js
44993,35547,Next.js
44994,35547,Node.js
44995,35547,React
44996,35547,Vue.js
44999,35550,ASP.NET CORE
45000,35550,Next.js
45001,35550,Node.js
45002,35550,React
45003,35553,Angular
45006,35553,ASP.NET CORE
45007,35554,ASP.NET CORE
45009,35559,React
45012,35563,Express
45016,35563,Next.js
45017,35563,Node.js
45018,35563,React
45022,35565,React
45023,35565,Svelte
45025,35566,Node.js
45027,35569,Vue.js
45028,35571,Node.js
45029,35571,React
45031,35571,Vue.js
45034,35572,Next.js
45035,35572,React
45037,35574,Angular
45039,35574,Node.js
45040,35574,Spring Boot
45041,35575,Spring Boot
45046,35579,Next.js
45047,35579,Node.js
45048,35579,React
45052,35581,FastAPI
45054,35581,Svelte
45057,35589,Next.js
45058,35589,Node.js
45060,35589,React
45062,35589,Svelte
45063,35589,Vue.js
45064,35603,Express
45065,35603,FastAPI
45066,35603,Next.js
45067,35603,Node.js
45068,35603,React
45069,35603,Svelte
45072,35604,Node.js
45077,35606,Next.js
45078,35606,Node.js
45079,35606,React
45084,35607,Vue.js
45085,35615,Next.js
45086,35617,Angular
45087,35617,Node.js
45088,35617,Spring Boot
45090,35618,Next.js
45091,35618,Node.js
45092,35618,React
45093,35618,Vue.js
45094,35621,FastAPI
45095,35621,Next.js
45099,35629,Node.js
45100,35630,Angular
45101,35630,Next.js
45103,35631,Node.js
45104,35631,React
45108,35635,React
45110,35635,Vue.js
45114,35637,Node.js
45115,35637,React
45116,35637,Svelte
45118,35640,ASP.NET CORE
45120,35640,Express
45121,35640,FastAPI
45125,35640,Node.js
45127,35640,Vue.js
45130,35642,Express
45131,35642,Next.js
45132,35642,React
45133,35642,Svelte
45137,35649,Vue.js
45139,35655,FastAPI
45141,35655,Next.js
45142,35655,Node.js
45143,35655,Svelte
45144,35656,FastAPI
45145,35656,React
45147,35658,Spring Boot
45148,35661,Next.js
45149,35661,Node.js
45150,35661,React
45151,35661,Spring Boot
45152,35668,Angular
45155,35671,Express
45157,35671,Node.js
45158,35671,React
45160,35673,Next.js
45161,35673,React
45162,35674,ASP.NET CORE
45163,35674,FastAPI
45164,35674,React
45165,35674,Spring Boot
45166,35675,ASP.NET CORE
45167,35675,Vue.js
45169,35678,Express
45170,35678,Node.js
45172,35678,Svelte
45173,35678,Vue.js
45174,35679,Node.js
45175,35679,React
45179,35688,Svelte
45180,35698,Node.js
45181,35698,React
45182,35698,Spring Boot
45186,35699,Vue.js
45188,35701,ASP.NET CORE
45189,35701,React
45190,35705,Angular
45192,35705,Spring Boot
45193,35706,Angular
45195,35706,Node.js
45197,35714,Node.js
45198,35714,React
45200,35715,Node.js
45202,35718,ASP.NET CORE
45203,35722,FastAPI
45210,35734,Svelte
45211,35734,Vue.js
45213,35736,ASP.NET CORE
45215,35736,Node.js
45216,35736,React
45217,35736,Vue.js
45220,35742,Spring Boot
45225,35743,React
45226,35743,Svelte
45227,35747,Angular
45230,35747,Node.js
45231,35747,Spring Boot
45235,35755,Express
45237,35755,Next.js
45238,35755,Node.js
45239,35755,React
45240,35755,Spring Boot
45242,35756,ASP.NET CORE
45245,35756,Express
45247,35756,Node.js
45248,35756,Vue.js
45249,35758,Next.js
45250,35758,React
45251,35758,Spring Boot
45253,35766,Spring Boot
45254,35768,Node.js
45255,35769,FastAPI
45256,35769,Node.js
45257,35769,Spring Boot
45258,35769,Vue.js
45261,35774,Express
45262,35774,React
45265,35776,Next.js
45266,35776,React
45269,35792,Angular
45271,35792,Node.js
45272,35792,React
45274,35792,Svelte
45275,35795,Angular
45276,35795,Express
45278,35795,Node.js
45279,35798,ASP.NET CORE
45282,35807,Angular
45283,35807,Spring Boot
45284,35817,Angular
45286,35817,Next.js
45289,35821,Express
45290,35821,Next.js
45291,35821,Node.js
45292,35824,Spring Boot
45297,35829,FastAPI
45298,35829,Next.js
45299,35829,React
45302,35833,Express
45303,35833,Next.js
45304,35833,Node.js
45305,35833,React
45307,35838,ASP.NET CORE
45309,35846,FastAPI
45311,35846,Next.js
45312,35846,Node.js
45313,35846,React
45315,35846,Svelte
45316,35846,Vue.js
45317,35848,FastAPI
45320,35855,Angular
45321,35855,ASP.NET CORE
45322,35855,Spring Boot
45323,35855,Svelte
45324,35864,ASP.NET CORE
45325,35864,React
45327,35865,ASP.NET CORE
45329,35865,Express
45330,35865,FastAPI
45332,35865,Node.js
45333,35865,React
45334,35873,FastAPI
45338,35877,Angular
45339,35877,Express
45341,35877,Next.js
45342,35877,Node.js
45343,35877,React
45344,35879,Angular
45346,35879,Express
45347,35879,Next.js
45349,35879,React
45350,35879,Svelte
45351,35879,Vue.js
45352,35887,React
45354,35896,Angular
45358,35896,Next.js
45359,35896,Node.js
45360,35896,React
45362,35904,Spring Boot
45363,35907,Spring Boot
45364,35912,ASP.NET CORE
45365,35913,Express
45367,35913,Node.js
45368,35913,React
45369,35916,Express
45371,35916,Next.js
45372,35916,Node.js
45373,35916,React
45376,35919,ASP.NET CORE
45379,35920,Node.js
45382,35920,Svelte
45383,35921,Express
45384,35921,Node.js
45385,35921,React
45386,35922,Angular
45387,35922,React
45388,35930,Node.js
45389,35930,React
45393,35937,Express
45394,35937,Node.js
45395,35939,FastAPI
45399,35940,Spring Boot
45401,35943,Express
45402,35943,FastAPI
45405,35943,Spring Boot
45406,35943,Svelte
45407,35945,Next.js
45408,35945,React
45409,35945,Svelte
45410,35946,Angular
45411,35946,ASP.NET CORE
45412,35951,FastAPI
45414,35955,Angular
45417,35955,Express
45418,35955,FastAPI
45421,35955,Next.js
45422,35955,Node.js
45424,35955,React
45426,35955,Spring Boot
45428,35955,Svelte
45430,35956,FastAPI
45431,35956,Next.js
45432,35962,Next.js
45433,35967,Express
45434,35967,Node.js
45435,35967,React
45436,35967,Vue.js
45438,35968,Next.js
45439,35968,Node.js
45440,35968,Spring Boot
45443,35971,Next.js
45444,35971,Node.js
45445,35971,React
45446,35972,Angular
45447,35972,ASP.NET CORE
45449,35972,FastAPI
45453,35976,Express
45456,35981,Angular
45457,35981,Express
45459,35985,Node.js
45460,35985,Svelte
45462,35988,React
45465,35993,Express
45466,35993,Next.js
45467,35993,Node.js
45468,35993,React
45471,35994,ASP.NET CORE
45472,35994,Node.js
45473,36004,Svelte
45474,36004,Vue.js
45476,36005,Node.js
45477,36005,React
45478,36009,ASP.NET CORE
45481,36009,Vue.js
45482,36011,Next.js
45483,36011,Node.js
45484,36011,React
45487,36016,Angular
45491,36019,Next.js
45492,36019,React
45494,36020,Express
45495,36020,FastAPI
45498,36020,Next.js
45499,36020,Node.js
45500,36020,React
45503,36020,Svelte
45504,36020,Vue.js
45505,36022,Express
45510,36024,Node.js
45512,36025,Node.js
45513,36025,React
45515,36037,React
45516,36037,Svelte
45518,36041,FastAPI
45519,36041,Node.js
45520,36041,React
45523,36043,Spring Boot
45525,36044,Node.js
45526,36045,Angular
45527,36045,Spring Boot
45528,36046,Node.js
45529,36046,Vue.js
45531,36050,Node.js
45532,36050,Spring Boot
45533,36053,FastAPI
45535,36053,Node.js
45536,36053,React
45538,36054,Angular
45540,36054,Next.js
45542,36054,React
45543,36054,Vue.js
45544,36056,Angular
45545,36056,Next.js
45546,36056,Spring Boot
45547,36069,Angular
45548,36069,React
45549,36069,Spring Boot
45550,36072,Angular
45551,36072,ASP.NET CORE
45552,36072,React
45553,36077,Express
45554,36077,Node.js
45555,36077,React
45556,36081,Express
45557,36081,Node.js
45558,36081,React
45560,36086,ASP.NET CORE
45562,36086,React
45563,36087,Angular
45566,36087,Express
45567,36087,FastAPI
45571,36087,Next.js
45572,36087,Node.js
45573,36087,React
45574,36087,Spring Boot
45578,36088,Next.js
45579,36088,Node.js
45580,36088,React
45581,36088,Svelte
45582,36088,Vue.js
45585,36096,Next.js
45587,36096,Vue.js
45589,36098,ASP.NET CORE
45592,36098,React
45593,36101,Angular
45595,36101,Spring Boot
45596,36109,Angular
45597,36109,ASP.NET CORE
45599,36109,Express
45600,36109,FastAPI
45603,36115,Next.js
45604,36115,Node.js
45605,36115,React
45606,36115,Svelte
45607,36120,Node.js
45608,36120,Svelte
45610,36128,ASP.NET CORE
45612,36128,Node.js
45613,36128,Svelte
45615,36129,FastAPI
45616,36129,React
45617,36129,Vue.js
45618,36130,Node.js
45619,36130,Svelte
45623,36132,Node.js
45625,36132,Svelte
45626,36133,ASP.NET CORE
45629,36133,Svelte
45630,36133,Vue.js
45633,36136,Node.js
45634,36136,React
45635,36136,Vue.js
45637,36139,Node.js
45638,36139,React
45640,36143,Angular
45641,36143,ASP.NET CORE
45642,36145,Express
45643,36145,Node.js
45646,36150,Next.js
45647,36150,React
45648,36151,Node.js
45650,36151,Vue.js
45651,36152,Next.js
45652,36152,React
45654,36154,ASP.NET CORE
45657,36154,FastAPI
45661,36155,Angular
45662,36155,ASP.NET CORE
45663,36155,Express
45664,36155,Node.js
45665,36156,Express
45666,36156,Next.js
45667,36156,React
45668,36156,Spring Boot
45669,36156,Vue.js
45670,36162,FastAPI
45672,36162,Node.js
45674,36163,Angular
45677,36163,Express
45681,36163,Node.js
45682,36163,React
45683,36163,Vue.js
45685,36168,Next.js
45686,36168,Node.js
45687,36169,Express
45688,36169,Next.js
45689,36169,Node.js
45690,36169,React
45692,36171,Angular
45695,36171,ASP.NET CORE
45697,36171,Express
45699,36171,Node.js
45700,36171,Vue.js
45701,36172,FastAPI
45702,36176,Express
45703,36176,Node.js
45704,36176,React
45706,36177,Next.js
45707,36177,Node.js
45708,36177,React
45711,36177,Svelte
45713,36184,Express
45716,36184,Node.js
45717,36184,React
45718,36184,Vue.js
45720,36190,Express
45721,36190,Next.js
45722,36190,Node.js
45723,36190,React
45727,36191,Svelte
45728,36191,Vue.js
45730,36206,FastAPI
45731,36213,React
45737,36221,React
45738,36225,Next.js
45739,36225,Spring Boot
45742,36235,Angular
45744,36235,ASP.NET CORE
45746,36235,Express
45749,36235,Next.js
45750,36235,Node.js
45752,36235,React
45753,36235,Vue.js
45757,36237,Next.js
45758,36237,Spring Boot
45759,36237,Svelte
45760,36238,Express
45763,36238,Node.js
45764,36238,React
45766,36239,ASP.NET CORE
45768,36239,Next.js
45769,36239,Node.js
45771,36239,React
45772,36239,Vue.js
45775,36240,Next.js
45776,36240,Node.js
45777,36241,Angular
45779,36241,ASP.NET CORE
45781,36241,Express
45782,36241,Next.js
45783,36241,Node.js
45784,36241,React
45785,36241,Svelte
45786,36244,ASP.NET CORE
45787,36244,FastAPI
45788,36244,React
45790,36246,Spring Boot
45792,36251,ASP.NET CORE
45795,36251,React
45796,36251,Svelte
45797,36251,Vue.js
45799,36252,Svelte
45800,36255,Next.js
45801,36255,React
45802,36257,Node.js
45803,36257,Spring Boot
45806,36259,React
45807,36259,Spring Boot
45808,36262,Node.js
45809,36262,Svelte
45811,36266,Angular
45812,36266,ASP.NET CORE
45814,36269,FastAPI
45815,36269,React
45818,36270,Node.js
45819,36270,React
45820,36272,Angular
45822,36272,Node.js
45823,36272,React
45824,36272,Svelte
45825,36273,FastAPI
45826,36274,Angular
45827,36274,Node.js
45828,36274,React
45830,36278,FastAPI
45831,36278,Next.js
45832,36278,Node.js
45834,36278,React
45835,36278,Vue.js
45837,36280,Angular
45838,36280,Express
45839,36280,FastAPI
45840,36280,Next.js
45841,36280,Node.js
45843,36280,React
45844,36280,Vue.js
45845,36291,React
45848,36293,Node.js
45851,36297,Express
45853,36297,Node.js
45854,36297,React
45856,36301,FastAPI
45859,36304,Express
45861,36304,Next.js
45862,36304,Node.js
45864,36304,React
45866,36306,React
45870,36310,Node.js
45871,36310,React
45872,36312,Express
45873,36312,Node.js
45874,36317,Node.js
45876,36326,Express
45878,36326,Next.js
45879,36326,Node.js
45880,36326,React
45881,36327,Next.js
45882,36327,Node.js
45884,36328,FastAPI
45888,36332,Spring Boot
45889,36335,Node.js
45890,36335,React
45893,36339,Next.js
45894,36339,Node.js
45895,36339,React
45898,36341,ASP.NET CORE
45900,36341,Node.js
45901,36347,Angular
45904,36347,Next.js
45908,36357,ASP.NET CORE
45910,36357,React
45911,36361,Angular
45912,36361,ASP.NET CORE
45914,36363,Angular
45915,36363,FastAPI
45916,36363,Next.js
45917,36363,React
45919,36367,React
45922,36368,FastAPI
45925,36368,Svelte
45926,36368,Vue.js
45927,36371,Angular
45928,36371,ASP.NET CORE
45930,36371,Next.js
45931,36371,Node.js
45932,36371,React
45934,36372,ASP.NET CORE
45935,36372,Vue.js
45938,36379,Node.js
45940,36379,React
45942,36383,React
45945,36395,Next.js
45946,36395,Node.js
45948,36395,Spring Boot
45951,36405,Next.js
45952,36405,Node.js
45954,36405,React
45955,36411,Angular
45957,36411,FastAPI
45958,36411,React
45959,36411,Svelte
45960,36414,FastAPI
45961,36414,Vue.js
45963,36416,Express
45964,36416,FastAPI
45966,36416,Next.js
45967,36416,Node.js
45968,36416,React
45973,36426,Node.js
45975,36426,Vue.js
45976,36427,Angular
45982,36427,Node.js
45983,36427,React
45985,36429,Angular
45987,36429,ASP.NET CORE
45988,36429,Next.js
45989,36429,Node.js
45990,36429,React
45991,36432,Angular
45993,36432,ASP.NET CORE
45994,36432,React
45996,36433,Spring Boot
45997,36433,Svelte
46000,36443,Next.js
46001,36443,Node.js
46002,36443,React
46005,36444,ASP.NET CORE
46007,36445,Node.js
46010,36448,Angular
46013,36448,Express
46014,36448,Next.js
46015,36448,Node.js
46016,36448,React
46017,36448,Spring Boot
46018,36448,Vue.js
46019,36455,Angular
46020,36458,Angular
46022,36458,Node.js
46023,36458,Vue.js
46025,36464,Node.js
46026,36464,React
46027,36467,Spring Boot
46028,36470,Angular
46032,36470,Express
46033,36470,FastAPI
46035,36470,Next.js
46036,36470,Node.js
46038,36470,React
46041,36470,Spring Boot
46042,36470,Vue.js
46043,36481,FastAPI
46045,36484,React
46047,36489,Angular
46053,36489,Svelte
46055,36491,FastAPI
46056,36491,Svelte
46057,36491,Vue.js
46058,36501,ASP.NET CORE
46059,36501,Svelte
46060,36501,Vue.js
46064,36503,Node.js
46067,36505,Svelte
46068,36514,ASP.NET CORE
46069,36514,React
46070,36514,Spring Boot
46071,36517,Express
46072,36517,Node.js
46074,36521,Node.js
46075,36521,React
46077,36528,Express
46078,36528,Next.js
46079,36528,React
46080,36528,Spring Boot
46081,36535,Angular
46082,36535,Express
46083,36535,FastAPI
46084,36535,React
46085,36535,Spring Boot
46092,36545,Node.js
46094,36545,Svelte
46096,36558,Node.js
46098,36561,Express
46102,36561,Next.js
46103,36561,Node.js
46104,36561,React
46107,36561,Svelte
46108,36563,Svelte
46109,36564,Angular
46110,36564,Express
46111,36564,Node.js
46112,36564,Spring Boot
46113,36566,Express
46115,36566,Next.js
46116,36566,Node.js
46117,36566,React
46120,36568,Node.js
46121,36568,React
46125,36569,React
46126,36572,FastAPI
46127,36572,Next.js
46128,36572,Node.js
46129,36572,React
46130,36585,Angular
46131,36585,ASP.NET CORE
46133,36587,ASP.NET CORE
46134,36589,Angular
46138,36589,Express
46139,36589,FastAPI
46142,36589,Next.js
46143,36589,Node.js
46144,36589,React
46149,36600,Next.js
46150,36600,React
46153,36602,Vue.js
46157,36604,React
46158,36607,Node.js
46160,36607,Vue.js
46163,36609,Next.js
46165,36609,React
46166,36610,Angular
46167,36610,ASP.NET CORE
46168,36611,ASP.NET CORE
46171,36611,Svelte
46172,36611,Vue.js
46174,36614,FastAPI
46175,36614,Next.js
46176,36614,React
46177,36615,Node.js
46178,36615,React
46182,36622,Express
46183,36622,Next.js
46184,36622,React
46188,36632,Node.js
46189,36632,React
46193,36637,React
46196,36646,FastAPI
46198,36646,Node.js
46201,36648,FastAPI
46202,36648,Next.js
46203,36648,React
46205,36649,ASP.NET CORE
46207,36649,Spring Boot
46208,36652,Angular
46211,36652,Express
46212,36652,FastAPI
46216,36652,Next.js
46217,36652,Node.js
46218,36652,React
46221,36652,Spring Boot
46224,36655,Next.js
46225,36664,Next.js
46226,36664,Node.js
46227,36664,React
46229,36667,Next.js
46230,36667,Node.js
46231,36667,React
46233,36668,Node.js
46234,36679,Angular
46236,36679,Node.js
46238,36684,Express
46239,36684,React
46240,36684,Vue.js
46242,36687,React
46244,36687,Svelte
46246,36697,React
46249,36701,Vue.js
46250,36712,Spring Boot
46252,36713,Express
46254,36713,Next.js
46255,36713,Node.js
46256,36713,React
46257,36713,Svelte
46263,36718,Express
46266,36718,Next.js
46267,36718,Node.js
46268,36718,React
46270,36718,Svelte
46272,36723,Next.js
46273,36723,Node.js
46275,36728,Express
46277,36728,Next.js
46278,36728,Node.js
46279,36728,React
46280,36728,Spring Boot
46281,36729,ASP.NET CORE
46282,36729,FastAPI
46283,36729,Node.js
46284,36729,Svelte
46286,36741,FastAPI
46288,36741,Next.js
46289,36741,Node.js
46291,36742,FastAPI
46292,36742,React
46294,36747,Node.js
46296,36756,Angular
46298,36756,Express
46299,36756,React
46302,36757,Next.js
46303,36757,Node.js
46304,36757,React
46307,36757,Vue.js
46309,36758,FastAPI
46310,36760,Express
46311,36760,Node.js
46312,36760,React
46313,36761,Angular
46316,36761,ASP.NET CORE
46317,36761,FastAPI
46321,36761,Next.js
46322,36761,Node.js
46324,36761,React
46325,36761,Vue.js
46326,36763,React
46331,36764,React
46333,36765,ASP.NET CORE
46336,36765,Spring Boot
46337,36768,Svelte
46338,36768,Vue.js
46342,36773,Next.js
46343,36773,React
46344,36773,Svelte
46345,36774,React
46347,36777,FastAPI
46349,36777,Node.js
46350,36777,React
46354,36782,React
46355,36784,ASP.NET CORE
46357,36784,Node.js
46361,36787,ASP.NET CORE
46363,36791,Express
46364,36791,FastAPI
46367,36791,Node.js
46368,36791,React
46370,36793,Next.js
46371,36793,Node.js
46372,36793,React
46374,36793,Vue.js
46377,36794,FastAPI
46380,36794,Vue.js
46381,36795,ASP.NET CORE
46382,36795,Express
46383,36795,React
46385,36815,Next.js
46386,36815,Node.js
46387,36820,React
46388,36826,Next.js
46389,36826,Node.js
46390,36826,React
46393,36833,Node.js
46395,36833,Spring Boot
46396,36833,Svelte
46397,36833,Vue.js
46398,36835,Angular
46399,36835,Spring Boot
46400,36837,Angular
46401,36837,Spring Boot
46402,36842,Express
46403,36842,Node.js
46404,36843,FastAPI
46405,36843,Node.js
46407,36843,React
46408,36843,Vue.js
46410,36847,Node.js
46411,36850,Svelte
46412,36850,Vue.js
46413,36854,ASP.NET CORE
46415,36854,React
46416,36856,Express
46418,36856,Next.js
46419,36856,Node.js
46420,36856,React
46421,36856,Spring Boot
46426,36864,Next.js
46427,36864,Node.js
46428,36864,React
46432,36865,Node.js
46433,36865,React
46435,36866,Vue.js
46438,36868,Express
46439,36868,Node.js
46440,36869,React
46441,36873,ASP.NET CORE
46444,36873,FastAPI
46447,36873,Node.js
46448,36875,Angular
46449,36875,Node.js
46450,36875,React
46451,36880,Spring Boot
46452,36880,Vue.js
46453,36883,FastAPI
46456,36885,Next.js
46457,36885,Node.js
46458,36885,React
46459,36885,Vue.js
46462,36896,React
46464,36899,FastAPI
46466,36905,ASP.NET CORE
46467,36905,Express
46468,36905,Node.js
46469,36905,React
46470,36905,Spring Boot
46471,36908,FastAPI
46473,36908,Node.js
46474,36908,React
46477,36908,Svelte
46478,36908,Vue.js
46479,36912,React
46480,36912,Svelte
46483,36913,Next.js
46484,36913,React
46486,36916,Angular
46487,36916,Express
46488,36916,Next.js
46489,36916,Node.js
46490,36916,React
46491,36916,Spring Boot
46492,36918,Angular
46493,36918,Express
46494,36918,Node.js
46495,36918,Spring Boot
46497,36919,FastAPI
46498,36919,React
46501,36925,React
46505,36933,Node.js
46507,36940,Express
46508,36940,FastAPI
46511,36940,Next.js
46516,36951,ASP.NET CORE
46518,36955,Node.js
46519,36958,FastAPI
46524,36973,Svelte
46525,36978,ASP.NET CORE
46530,36984,React
46533,36987,FastAPI
46535,36987,Next.js
46536,36987,React
46537,36987,Spring Boot
46538,36987,Svelte
46540,36989,ASP.NET CORE
46542,36989,Express
46546,36989,Next.js
46547,36989,Node.js
46549,36989,React
46550,36989,Spring Boot
46552,36989,Svelte
46553,36989,Vue.js
46554,36992,FastAPI
46555,36992,Next.js
46556,36992,React
46559,36993,FastAPI
46561,36993,Next.js
46563,36993,React
46564,36993,Spring Boot
46565,36993,Vue.js
46566,36994,Angular
46567,36994,ASP.NET CORE
46570,36994,FastAPI
46574,36994,Next.js
46575,36994,Node.js
46576,36994,React
46577,36994,Spring Boot
46578,36994,Vue.js
46579,36998,Express
46580,36998,Node.js
46583,36998,Vue.js
46584,37008,FastAPI
46587,37014,Next.js
46588,37014,React
46591,37018,ASP.NET CORE
46593,37018,Next.js
46595,37019,Spring Boot
46596,37019,Vue.js
46597,37030,Node.js
46598,37031,Angular
46599,37031,Spring Boot
46600,37031,Svelte
46601,37033,Next.js
46602,37033,React
46603,37033,Spring Boot
46605,37034,Express
46606,37034,FastAPI
46607,37034,Next.js
46608,37034,Node.js
46609,37034,React
46611,37035,ASP.NET CORE
46613,37036,ASP.NET CORE
46616,37036,Express
46617,37036,FastAPI
46620,37036,Node.js
46624,37038,Vue.js
46625,37044,ASP.NET CORE
46626,37044,React
46627,37046,Next.js
46628,37046,Node.js
46629,37046,React
46631,37055,Node.js
46632,37055,React
46633,37055,Vue.js
46637,37057,FastAPI
46641,37057,Node.js
46643,37059,ASP.NET CORE
46645,37059,Express
46647,37059,Next.js
46648,37059,Node.js
46649,37059,React
46650,37059,Vue.js
46652,37060,Node.js
46653,37060,React
46655,37060,Svelte
46656,37061,Next.js
46657,37061,Node.js
46658,37064,ASP.NET CORE
46661,37064,React
46662,37064,Vue.js
46663,37067,Node.js
46669,37073,Next.js
46670,37073,Node.js
46671,37073,React
46672,37077,Node.js
46674,37077,React
46676,37078,React
46677,37082,Angular
46680,37092,Spring Boot
46681,37095,Next.js
46682,37095,Node.js
46683,37095,React
46685,37096,Node.js
46686,37096,Spring Boot
46687,37096,Vue.js
46689,37100,Next.js
46690,37100,Node.js
46691,37103,Node.js
46692,37103,Svelte
46695,37120,Express
46698,37120,Node.js
46699,37120,React
46701,37120,Vue.js
46702,37122,Node.js
46703,37124,Spring Boot
46704,37124,Svelte
46707,37127,Node.js
46708,37127,Svelte
46710,37135,React
46712,37135,Vue.js
46713,37136,Angular
46717,37136,Next.js
46718,37136,Node.js
46719,37136,React
46721,37143,Next.js
46722,37143,Node.js
46723,37143,React
46724,37144,React
46725,37146,FastAPI
46728,37146,Next.js
46729,37146,Node.js
46730,37146,React
46731,37148,Next.js
46732,37149,Angular
46739,37156,Node.js
46740,37156,React
46741,37161,Node.js
46742,37161,Svelte
46744,37162,Express
46745,37162,FastAPI
46748,37162,Next.js
46749,37162,Node.js
46751,37162,React
46752,37164,Express
46754,37164,Next.js
46755,37166,ASP.NET CORE
46757,37166,Node.js
46758,37166,React
46761,37170,Angular
46763,37170,ASP.NET CORE
46768,37185,Next.js
46769,37185,Node.js
46770,37185,React
46771,37185,Vue.js
46772,37186,Express
46774,37186,React
46776,37191,Express
46777,37191,Next.js
46778,37191,Node.js
46779,37191,React
46780,37191,Vue.js
46781,37200,Angular
46783,37200,ASP.NET CORE
46785,37200,Express
46786,37200,FastAPI
46788,37200,Next.js
46789,37200,Node.js
46791,37200,React
46793,37202,Express
46794,37202,FastAPI
46796,37202,Node.js
46797,37202,React
46799,37203,Angular
46800,37203,Express
46803,37203,Node.js
46804,37206,Express
46805,37206,Next.js
46806,37206,Node.js
46807,37206,React
46808,37206,Spring Boot
46809,37207,React
46810,37207,Spring Boot
46812,37216,React
46814,37223,Express
46815,37223,Node.js
46816,37223,React
46817,37223,Vue.js
46819,37231,Node.js
46820,37231,React
46823,37234,Angular
46825,37234,FastAPI
46827,37234,React
46828,37235,React
46829,37240,Node.js
46832,37241,Next.js
46833,37241,Node.js
46834,37241,React
46837,37241,Svelte
46838,37246,Node.js
46839,37246,React
46841,37256,Spring Boot
46843,37257,ASP.NET CORE
46844,37257,Next.js
46845,37257,Node.js
46847,37257,React
46849,37260,ASP.NET CORE
46851,37260,Node.js
46852,37276,FastAPI
46854,37284,Vue.js
46855,37296,Angular
46858,37296,FastAPI
46862,37296,Next.js
46863,37296,Node.js
46864,37296,React
46866,37296,Vue.js
46867,37301,Angular
46869,37301,Express
46870,37301,Next.js
46871,37301,Node.js
46872,37301,React
46873,37304,Angular
46876,37311,ASP.NET CORE
46877,37311,FastAPI
46878,37311,Next.js
46879,37311,Node.js
46880,37311,React
46881,37319,ASP.NET CORE
46882,37320,Spring Boot
46883,37322,Spring Boot
46885,37329,Express
46886,37329,Node.js
46887,37335,Angular
46894,37335,Vue.js
46895,37337,ASP.NET CORE
46897,37337,Node.js
46898,37337,React
46900,37341,Angular
46902,37341,FastAPI
46904,37341,Node.js
46906,37341,Spring Boot
46907,37341,Vue.js
46908,37342,Angular
46909,37342,ASP.NET CORE
46910,37345,Angular
46911,37345,Next.js
46912,37345,React
46913,37352,ASP.NET CORE
46915,37362,Next.js
46916,37362,Node.js
46917,37362,React
46918,37362,Svelte
46919,37372,FastAPI
46920,37380,Next.js
46922,37380,Svelte
46923,37380,Vue.js
46925,37382,Angular
46928,37384,Express
46930,37384,Next.js
46931,37384,Node.js
46933,37384,React
46935,37384,Vue.js
46939,37385,Node.js
46940,37385,React
46941,37391,Express
46942,37391,Next.js
46943,37391,Node.js
46944,37391,React
46945,37394,FastAPI
46947,37394,Next.js
46948,37394,React
46949,37394,Svelte
46951,37398,Express
46956,37398,Vue.js
46959,37399,Angular
46962,37400,Next.js
46963,37400,Node.js
46964,37400,React
46966,37401,ASP.NET CORE
46968,37401,Node.js
46969,37401,React
46970,37403,FastAPI
46971,37403,Next.js
46972,37403,Node.js
46973,37403,React
46974,37406,Node.js
46975,37406,Spring Boot
46976,37406,Vue.js
46977,37410,ASP.NET CORE
46978,37410,Express
46980,37410,Node.js
46982,37410,React
46983,37414,ASP.NET CORE
46985,37414,React
46986,37415,Angular
46987,37415,ASP.NET CORE
46988,37415,Node.js
46990,37416,ASP.NET CORE
46993,37416,Next.js
46994,37416,Node.js
46995,37416,React
46996,37418,Angular
47002,37418,Node.js
47003,37418,React
47006,37419,FastAPI
47007,37419,Vue.js
47008,37420,Angular
47010,37420,FastAPI
47012,37420,Spring Boot
47016,37425,Express
47018,37425,Next.js
47019,37425,React
47020,37425,Svelte
47023,37433,FastAPI
47025,37436,Express
47026,37436,Next.js
47027,37436,Node.js
47028,37436,React
47029,37437,FastAPI
47032,37437,Node.js
47034,37437,Svelte
47035,37439,Angular
47037,37439,Express
47039,37439,Node.js
47041,37442,Angular
47042,37442,ASP.NET CORE
47044,37442,Node.js
47046,37445,ASP.NET CORE
47047,37445,Express
47049,37445,Next.js
47050,37445,Node.js
47051,37445,React
47053,37446,Express
47055,37446,Next.js
47056,37446,Node.js
47057,37446,React
47058,37449,React
47060,37449,Svelte
47062,37455,Next.js
47063,37455,Node.js
47064,37455,React
47065,37455,Vue.js
47068,37459,Node.js
47069,37459,Spring Boot
47070,37473,Angular
47075,37473,Express
47076,37473,FastAPI
47077,37473,Next.js
47078,37473,Node.js
47079,37473,React
47080,37474,Angular
47081,37474,ASP.NET CORE
47082,37474,Node.js
47083,37474,React
47084,37483,ASP.NET CORE
47087,37490,Node.js
47088,37490,Vue.js
47089,37492,Angular
47091,37492,ASP.NET CORE
47093,37492,Next.js
47094,37492,Node.js
47096,37492,React
47097,37492,Spring Boot
47098,37499,Express
47099,37499,Next.js
47100,37499,Node.js
47101,37499,React
47102,37503,FastAPI
47103,37503,Vue.js
47106,37506,Next.js
47107,37506,Node.js
47108,37506,React
47109,37508,Vue.js
47110,37522,Node.js
47111,37526,Angular
47112,37526,Node.js
47115,37530,FastAPI
47119,37531,Next.js
47120,37531,Node.js
47122,37531,Vue.js
47124,37536,Node.js
47125,37536,Svelte
47126,37540,Angular
47127,37540,ASP.NET CORE
47128,37540,Express
47129,37540,FastAPI
47130,37540,React
47131,37543,Angular
47132,37543,Express
47133,37543,Next.js
47134,37543,Node.js
47135,37543,React
47137,37544,Node.js
47138,37544,Vue.js
47143,37549,Next.js
47145,37549,React
47148,37549,Vue.js
47149,37550,Angular
47153,37550,Next.js
47154,37550,Node.js
47155,37550,React
47156,37550,Vue.js
47157,37551,ASP.NET CORE
47159,37554,Angular
47161,37554,Node.js
47162,37554,Spring Boot
47163,37559,Angular
47166,37559,Next.js
47167,37559,Node.js
47168,37559,React
47172,37560,Angular
47173,37560,ASP.NET CORE
47176,37560,Node.js
47177,37560,React
47178,37560,Spring Boot
47179,37562,Angular
47180,37562,ASP.NET CORE
47185,37563,React
47186,37564,Angular
47187,37564,Express
47188,37564,Next.js
47189,37564,Node.js
47190,37564,Spring Boot
47191,37564,Vue.js
47192,37571,Angular
47194,37571,ASP.NET CORE
47199,37571,Node.js
47200,37571,React
47201,37571,Svelte
47203,37571,Vue.js
47206,37573,Express
47208,37573,Node.js
47209,37575,Next.js
47210,37575,Svelte
47211,37577,Next.js
47212,37577,Node.js
47213,37577,Svelte
47214,37578,Angular
47216,37578,FastAPI
47217,37578,Node.js
47218,37578,Spring Boot
47219,37578,Svelte
47221,37579,Svelte
47222,37582,Spring Boot
47223,37582,Svelte
47224,37583,Angular
47227,37583,Express
47228,37583,FastAPI
47230,37583,Next.js
47231,37583,Node.js
47232,37583,React
47233,37583,Spring Boot
47234,37583,Svelte
47235,37583,Vue.js
47237,37588,Svelte
47238,37589,Next.js
47239,37589,Node.js
47240,37589,React
47241,37599,Angular
47243,37599,Express
47245,37599,Node.js
47247,37599,React
47248,37599,Spring Boot
47249,37599,Vue.js
47250,37602,Angular
47252,37602,ASP.NET CORE
47253,37603,Express
47254,37603,Next.js
47255,37603,Node.js
47256,37603,React
47257,37604,ASP.NET CORE
47259,37605,Spring Boot
47261,37606,Express
47262,37606,Next.js
47263,37606,Node.js
47264,37606,React
47265,37607,Node.js
47266,37607,React
47267,37610,ASP.NET CORE
47268,37610,React
47270,37613,Node.js
47272,37613,Svelte
47274,37613,Vue.js
47276,37616,FastAPI
47277,37616,Node.js
47278,37616,React
47279,37616,Vue.js
47281,37618,Angular
47282,37618,ASP.NET CORE
47283,37618,Node.js
47285,37622,Node.js
47286,37622,React
47289,37635,ASP.NET CORE
47292,37635,React
47293,37635,Vue.js
47294,37637,Node.js
47295,37637,React
47296,37640,Angular
47297,37640,Spring Boot
47298,37641,Next.js
47299,37641,Node.js
47300,37641,React
47302,37642,Node.js
47303,37642,Vue.js
47304,37644,ASP.NET CORE
47306,37644,Next.js
47307,37644,Node.js
47308,37644,React
47310,37647,FastAPI
47312,37651,Next.js
47316,37662,Angular
47318,37662,ASP.NET CORE
47319,37663,FastAPI
47322,37666,FastAPI
47323,37671,Next.js
47324,37671,Node.js
47325,37671,React
47326,37672,React
47328,37675,FastAPI
47330,37684,React
47331,37684,Vue.js
47332,37685,Express
47334,37685,Next.js
47335,37685,Node.js
47336,37685,React
47337,37695,Angular
47338,37695,Spring Boot
47339,37701,ASP.NET CORE
47340,37701,Express
47341,37701,Node.js
47342,37701,Vue.js
47343,37705,Angular
47345,37705,Vue.js
47346,37706,FastAPI
47347,37706,Node.js
47349,37706,Svelte
47350,37711,FastAPI
47352,37711,Svelte
47353,37717,FastAPI
47354,37717,Node.js
47355,37717,React
47356,37717,Spring Boot
47357,37718,Angular
47358,37718,Express
47359,37718,Next.js
47360,37718,Node.js
47361,37718,React
47362,37718,Spring Boot
47363,37718,Svelte
47365,37721,FastAPI
47366,37721,Vue.js
47368,37722,Express
47370,37722,Next.js
47371,37722,Node.js
47372,37722,React
47373,37722,Svelte
47374,37729,Angular
47376,37729,ASP.NET CORE
47378,37729,FastAPI
47381,37729,Next.js
47383,37729,React
47385,37729,Svelte
47386,37729,Vue.js
47387,37731,ASP.NET CORE
47394,37738,Vue.js
47397,37739,Node.js
47400,37741,Express
47404,37741,Next.js
47405,37741,Node.js
47406,37741,React
47408,37741,Svelte
47409,37743,Angular
47410,37743,React
47411,37748,Angular
47413,37748,Next.js
47417,37760,Next.js
47418,37760,Node.js
47419,37760,React
47420,37763,React
47421,37768,Angular
47422,37768,ASP.NET CORE
47423,37768,Next.js
47424,37768,Node.js
47425,37778,Angular
47427,37778,Express
47429,37778,Node.js
47430,37779,Express
47431,37779,Node.js
47432,37779,React
47433,37781,Angular
47436,37781,Express
47439,37781,Next.js
47440,37781,Node.js
47441,37781,React
47443,37781,Svelte
47445,37781,Vue.js
47447,37785,Node.js
47448,37790,Angular
47453,37790,Next.js
47454,37790,Node.js
47456,37790,Vue.js
47457,37795,Express
47458,37795,Node.js
47459,37795,React
47460,37799,FastAPI
47462,37799,Vue.js
47464,37803,Node.js
47465,37804,Node.js
47466,37804,React
47467,37805,Angular
47470,37805,FastAPI
47472,37807,Angular
47473,37807,React
47474,37812,Angular
47475,37812,ASP.NET CORE
47476,37812,Node.js
47477,37817,Angular
47479,37817,FastAPI
47481,37817,Node.js
47486,37818,Next.js
47487,37818,Node.js
47488,37818,React
47490,37823,ASP.NET CORE
47493,37823,Next.js
47494,37823,Node.js
47496,37823,Vue.js
47499,37835,Angular
47502,37835,ASP.NET CORE
47504,37835,Node.js
47505,37835,React
47506,37835,Spring Boot
47509,37838,Node.js
47512,37840,Spring Boot
47514,37844,Next.js
47515,37844,Node.js
47516,37844,React
47517,37847,React
47518,37853,ASP.NET CORE
47522,37853,Node.js
47523,37853,React
47525,37854,Angular
47526,37854,ASP.NET CORE
47529,37854,Svelte
47530,37854,Vue.js
47532,37856,Next.js
47533,37856,Node.js
47534,37856,React
47537,37857,ASP.NET CORE
47540,37857,Node.js
47541,37857,React
47542,37858,Express
47543,37858,FastAPI
47546,37858,Spring Boot
47548,37859,ASP.NET CORE
47552,37866,Next.js
47553,37866,React
47554,37867,FastAPI
47556,37874,Angular
47560,37874,Next.js
47561,37874,Node.js
47562,37874,React
47563,37874,Spring Boot
47564,37874,Svelte
47567,37875,Node.js
47569,37883,ASP.NET CORE
47570,37883,Svelte
47571,37888,Angular
47572,37888,FastAPI
47573,37888,Next.js
47575,37889,Express
47576,37889,FastAPI
47579,37889,Next.js
47580,37889,Node.js
47581,37889,React
47583,37890,Vue.js
47585,37892,FastAPI
47587,37892,Node.js
47588,37895,React
47590,37896,Vue.js
47591,37897,Spring Boot
47597,37899,Node.js
47598,37899,React
47601,37899,Svelte
47604,37905,ASP.NET CORE
47607,37905,React
47608,37906,React
47609,37917,Angular
47611,37917,Express
47612,37917,FastAPI
47613,37917,Node.js
47614,37917,Spring Boot
47615,37918,Vue.js
47617,37926,Angular
47618,37926,Next.js
47619,37926,Node.js
47620,37926,React
47623,37927,Vue.js
47628,37933,Next.js
47629,37933,Node.js
47630,37933,React
47633,37937,Node.js
47634,37937,React
47635,37937,Spring Boot
47636,37945,Express
47639,37945,Node.js
47640,37945,React
47643,37946,Node.js
47644,37946,React
47645,37946,Spring Boot
47647,37954,ASP.NET CORE
47658,37955,Node.js
47659,37955,React
47660,37955,Vue.js
47663,37957,Spring Boot
47664,37958,ASP.NET CORE
47665,37958,Node.js
47666,37958,Spring Boot
47672,37964,Angular
47674,37964,ASP.NET CORE
47676,37964,Vue.js
47678,37967,FastAPI
47681,37967,Vue.js
47682,37969,ASP.NET CORE
47683,37969,Node.js
47685,37970,ASP.NET CORE
47686,37971,Next.js
47687,37971,React
47689,37974,Express
47690,37974,Next.js
47691,37974,Node.js
47692,37974,React
47693,37975,Angular
47695,37975,Next.js
47696,37975,Node.js
47698,37975,React
47699,37975,Spring Boot
47700,37975,Vue.js
47701,37981,Angular
47704,37981,ASP.NET CORE
47706,37981,Node.js
47707,37981,React
47708,37982,Angular
47709,37982,ASP.NET CORE
47711,37982,Node.js
47712,37984,Angular
47714,37986,Next.js
47715,37986,Node.js
47717,37986,React
47719,37986,Svelte
47720,37986,Vue.js
47722,37987,Node.js
47723,37988,Spring Boot
47725,37989,Spring Boot
47726,37989,Vue.js
47729,37990,Vue.js
47733,37994,Next.js
47734,37994,Node.js
47736,37997,Next.js
47737,37997,Node.js
47738,37997,React
47740,37998,Node.js
47741,37998,React
47743,37998,Vue.js
47745,37999,Express
47746,37999,FastAPI
47748,37999,Node.js
47749,37999,React
47750,38004,FastAPI
47755,38006,React
47757,38006,Svelte
47758,38006,Vue.js
47760,38008,Spring Boot
47761,38009,FastAPI
47763,38009,Next.js
47766,38009,Svelte
47767,38010,Angular
47768,38010,ASP.NET CORE
47769,38010,Express
47775,38010,Next.js
47776,38010,Node.js
47778,38010,React
47780,38010,Svelte
47781,38010,Vue.js
47783,38012,Express
47785,38012,Next.js
47786,38012,Node.js
47787,38012,React
47788,38014,ASP.NET CORE
47791,38014,Next.js
47792,38014,Node.js
47793,38014,React
47794,38023,Angular
47798,38025,React
47802,38026,Node.js
47803,38026,React
47804,38034,Angular
47807,38034,ASP.NET CORE
47810,38034,Express
47811,38034,FastAPI
47813,38034,Vue.js
47816,38036,Express
47817,38036,Node.js
47818,38036,React
47823,38041,Next.js
47824,38041,Node.js
47825,38041,React
47827,38043,Svelte
47829,38046,Next.js
47831,38046,Vue.js
47832,38048,ASP.NET CORE
47835,38048,Node.js
47838,38048,Vue.js
47839,38050,FastAPI
47842,38050,Vue.js
47844,38056,Express
47846,38056,Next.js
47847,38056,Node.js
47848,38056,React
47849,38056,Spring Boot
47851,38057,ASP.NET CORE
47854,38058,Svelte
47855,38058,Vue.js
47858,38061,Express
47859,38061,FastAPI
47863,38061,Next.js
47865,38061,React
47866,38061,Spring Boot
47867,38061,Vue.js
47868,38062,React
47869,38064,Angular
47872,38064,Express
47875,38064,Next.js
47876,38064,Node.js
47877,38064,React
47880,38064,Vue.js
47881,38070,ASP.NET CORE
47883,38071,ASP.NET CORE
47885,38071,Express
47886,38071,Svelte
47888,38075,Vue.js
47890,38076,Angular
47894,38076,Next.js
47895,38076,Node.js
47897,38076,React
47900,38076,Spring Boot
47901,38076,Vue.js
47905,38078,Express
47906,38078,FastAPI
47910,38078,Next.js
47911,38078,Node.js
47912,38078,Vue.js
47913,38079,FastAPI
47914,38080,Angular
47915,38080,ASP.NET CORE
47916,38080,Node.js
47917,38084,Angular
47921,38086,FastAPI
47925,38087,Next.js
47926,38087,Node.js
47927,38087,React
47929,38088,FastAPI
47932,38088,Svelte
47933,38089,Angular
47936,38089,ASP.NET CORE
47938,38089,Express
47942,38089,Next.js
47943,38089,Node.js
47944,38089,React
47945,38089,Vue.js
47947,38098,Next.js
47948,38098,React
47949,38098,Vue.js
47950,38099,React
47951,38099,Spring Boot
47953,38121,FastAPI
47955,38121,React
47956,38123,Angular
47957,38123,Node.js
47958,38123,React
47959,38126,ASP.NET CORE
47961,38131,FastAPI
47962,38131,Svelte
47963,38131,Vue.js
47964,38132,Angular
47966,38132,FastAPI
47967,38132,Node.js
47972,38135,ASP.NET CORE
47974,38137,Angular
47975,38137,Express
47976,38137,Node.js
47977,38137,Vue.js
47978,38138,ASP.NET CORE
47980,38140,ASP.NET CORE
47984,38141,Spring Boot
47985,38141,Vue.js
47986,38142,ASP.NET CORE
47988,38148,Angular
47990,38148,Next.js
47992,38148,Vue.js
47993,38152,Angular
47995,38152,ASP.NET CORE
47998,38152,Next.js
47999,38152,Node.js
48000,38152,React
48002,38162,Vue.js
48003,38163,ASP.NET CORE
48004,38163,React
48006,38169,Angular
48009,38169,Node.js
48012,38169,Spring Boot
48013,38169,Vue.js
48014,38171,Angular
48016,38171,Express
48020,38171,Node.js
48023,38171,Svelte
48024,38175,Spring Boot
48025,38175,Vue.js
48028,38176,Svelte
48030,38181,Vue.js
48032,38184,Vue.js
48033,38186,Angular
48034,38186,ASP.NET CORE
48036,38189,Node.js
48038,38189,React
48039,38192,Node.js
48040,38192,React
48041,38192,Svelte
48043,38192,Vue.js
48046,38196,Vue.js
48047,38197,ASP.NET CORE
48049,38197,Next.js
48050,38197,React
48052,38198,ASP.NET CORE
48055,38198,Node.js
48056,38201,Next.js
48057,38201,Node.js
48058,38201,React
48059,38201,Spring Boot
48061,38204,FastAPI
48062,38204,Svelte
48063,38204,Vue.js
48064,38212,FastAPI
48065,38212,React
48066,38214,React
48071,38216,Next.js
48072,38216,Node.js
48074,38216,React
48075,38216,Svelte
48076,38218,Angular
48079,38218,Next.js
48080,38218,Spring Boot
48081,38219,Angular
48083,38219,Node.js
48087,38220,Node.js
48088,38220,React
48089,38228,FastAPI
48091,38230,Express
48093,38230,Node.js
48094,38230,React
48096,38238,Node.js
48097,38238,React
48098,38239,Spring Boot
48101,38240,Next.js
48102,38240,Node.js
48103,38240,React
48106,38240,Svelte
48109,38243,Angular
48112,38243,ASP.NET CORE
48113,38243,Node.js
48114,38243,React
48115,38243,Vue.js
48118,38245,FastAPI
48119,38245,React
48120,38245,Svelte
48121,38245,Vue.js
48122,38256,Angular
48124,38256,ASP.NET CORE
48128,38256,Express
48129,38256,FastAPI
48131,38256,Next.js
48132,38256,Node.js
48133,38256,React
48135,38258,ASP.NET CORE
48136,38258,Svelte
48137,38258,Vue.js
48138,38259,Next.js
48139,38259,Spring Boot
48140,38264,FastAPI
48141,38264,Node.js
48147,38274,ASP.NET CORE
48149,38274,Next.js
48150,38274,Node.js
48151,38274,React
48152,38274,Svelte
48153,38276,Angular
48156,38276,Express
48161,38276,Next.js
48162,38276,Node.js
48164,38276,React
48167,38276,Svelte
48171,38280,Express
48174,38280,Next.js
48175,38280,Node.js
48176,38280,React
48178,38281,ASP.NET CORE
48179,38281,React
48180,38284,FastAPI
48181,38284,React
48183,38285,Express
48184,38285,Next.js
48185,38285,Node.js
48186,38285,React
48187,38285,Vue.js
48190,38291,Vue.js
48191,38293,Angular
48193,38293,ASP.NET CORE
48195,38293,Node.js
48196,38293,React
48197,38293,Spring Boot
48198,38293,Vue.js
48199,38294,Spring Boot
48201,38295,FastAPI
48203,38295,Next.js
48204,38295,Node.js
48205,38295,Svelte
48206,38295,Vue.js
48207,38298,Angular
48208,38298,Spring Boot
48211,38300,Next.js
48212,38300,Node.js
48213,38300,React
48214,38301,Angular
48215,38301,FastAPI
48216,38301,Svelte
48218,38303,ASP.NET CORE
48220,38304,Express
48221,38304,FastAPI
48224,38304,Next.js
48225,38304,Node.js
48226,38304,React
48229,38305,Svelte
48233,38311,React
48235,38315,Angular
48237,38315,Node.js
48238,38315,Spring Boot
48239,38317,Spring Boot
48240,38318,Node.js
48243,38322,Express
48244,38322,Node.js
48245,38323,Next.js
48246,38323,Node.js
48247,38323,React
48248,38324,Next.js
48249,38324,React
48251,38324,Svelte
48253,38325,Vue.js
48255,38328,Next.js
48256,38328,Node.js
48257,38328,React
48258,38328,Svelte
48262,38337,Svelte
48265,38340,Express
48266,38340,FastAPI
48267,38340,Node.js
48269,38340,Vue.js
48273,38346,ASP.NET CORE
48274,38347,ASP.NET CORE
48277,38347,Vue.js
48280,38354,Spring Boot
48282,38356,Svelte
48286,38357,Vue.js
48287,38358,Spring Boot
48288,38359,ASP.NET CORE
48289,38359,Next.js
48293,38374,Node.js
48294,38375,FastAPI
48296,38376,React
48297,38376,Spring Boot
48301,38378,React
48302,38379,Node.js
48303,38379,React
48305,38380,Angular
48309,38380,Next.js
48310,38380,Node.js
48311,38380,React
48313,38382,Node.js
48314,38382,React
48316,38389,ASP.NET CORE
48317,38390,Next.js
48318,38390,Node.js
48319,38390,React
48320,38391,Express
48321,38391,FastAPI
48323,38391,Node.js
48324,38391,React
48325,38391,Vue.js
48326,38398,Angular
48327,38398,Express
48329,38398,Node.js
48332,38398,Vue.js
48333,38400,Angular
48334,38400,ASP.NET CORE
48335,38400,Node.js
48336,38400,React
48337,38405,Angular
48338,38405,ASP.NET CORE
48341,38406,FastAPI
48343,38406,Next.js
48344,38406,Node.js
48345,38406,React
48346,38406,Svelte
48348,38408,Vue.js
48355,38411,Next.js
48356,38411,Node.js
48358,38411,React
48361,38411,Spring Boot
48362,38411,Vue.js
48366,38416,React
48369,38420,React
48370,38420,Vue.js
48374,38428,Angular
48378,38428,Node.js
48379,38428,Svelte
48381,38432,FastAPI
48384,38432,Vue.js
48386,38435,ASP.NET CORE
48388,38435,FastAPI
48390,38435,Next.js
48391,38435,Node.js
48392,38435,React
48394,38437,React
48395,38438,Node.js
48396,38438,React
48397,38439,Express
48398,38440,FastAPI
48399,38445,React
48400,38445,Spring Boot
48402,38448,Node.js
48407,38450,Next.js
48408,38454,ASP.NET CORE
48412,38454,Node.js
48413,38454,React
48415,38459,Express
48417,38459,Next.js
48418,38459,Node.js
48419,38468,Angular
48423,38468,Express
48428,38468,Node.js
48429,38468,React
48431,38468,Svelte
48434,38469,Next.js
48435,38469,Node.js
48436,38469,React
48437,38469,Vue.js
48438,38472,FastAPI
48439,38472,Next.js
48440,38472,Node.js
48441,38472,React
48443,38475,ASP.NET CORE
48446,38476,FastAPI
48447,38489,Express
48448,38489,FastAPI
48449,38489,Node.js
48450,38489,React
48451,38489,Spring Boot
48452,38489,Svelte
48455,38491,Next.js
48456,38491,Spring Boot
48457,38493,FastAPI
48458,38493,Next.js
48459,38493,Node.js
48460,38493,React
48463,38496,ASP.NET CORE
48465,38496,React
48471,38509,ASP.NET CORE
48473,38511,Next.js
48474,38511,Node.js
48476,38511,Vue.js
48477,38513,ASP.NET CORE
48480,38513,Node.js
48481,38513,React
48482,38513,Spring Boot
48483,38515,Next.js
48484,38515,Node.js
48487,38515,Vue.js
48488,38517,React
48490,38525,React
48493,38528,Express
48495,38528,Node.js
48496,38532,Angular
48498,38532,Express
48500,38532,Next.js
48501,38532,React
48503,38534,React
48505,38542,Express
48507,38542,Next.js
48508,38542,Node.js
48509,38542,React
48511,38543,Express
48513,38543,Next.js
48514,38543,Node.js
48516,38551,React
48517,38552,FastAPI
48518,38552,Svelte
48520,38553,Express
48521,38553,FastAPI
48523,38553,Node.js
48524,38553,React
48525,38553,Vue.js
48526,38556,Express
48527,38556,Next.js
48528,38556,Node.js
48529,38556,React
48530,38559,FastAPI
48531,38559,Spring Boot
48535,38564,Node.js
48536,38564,Svelte
48538,38571,Angular
48540,38576,Node.js
48541,38576,React
48545,38577,Node.js
48547,38580,Node.js
48548,38580,React
48549,38580,Spring Boot
48550,38580,Vue.js
48551,38583,Angular
48553,38583,ASP.NET CORE
48555,38583,Express
48556,38583,FastAPI
48559,38583,Node.js
48560,38583,React
48561,38583,Vue.js
48562,38584,React
48563,38584,Spring Boot
48564,38587,FastAPI
48566,38591,Angular
48567,38591,Spring Boot
48568,38592,ASP.NET CORE
48573,38595,Node.js
48574,38595,React
48576,38597,React
48577,38600,Next.js
48578,38600,React
48579,38602,Next.js
48580,38602,Node.js
48581,38602,React
48583,38602,Svelte
48585,38612,Express
48586,38612,Next.js
48587,38612,Node.js
48588,38614,FastAPI
48589,38614,Next.js
48591,38614,React
48592,38614,Vue.js
48593,38617,React
48594,38625,React
48595,38626,Vue.js
48596,38628,Express
48597,38628,FastAPI
48598,38629,Angular
48601,38629,React
48603,38632,Angular
48606,38632,ASP.NET CORE
48612,38632,Next.js
48613,38632,Node.js
48614,38632,React
48616,38632,Svelte
48617,38632,Vue.js
48619,38635,Angular
48620,38635,ASP.NET CORE
48622,38636,Angular
48626,38636,Vue.js
48628,38638,React
48631,38639,Express
48634,38639,Next.js
48635,38639,Node.js
48637,38639,React
48640,38645,ASP.NET CORE
48644,38645,Next.js
48645,38645,React
48648,38645,Vue.js
48651,38646,Next.js
48652,38646,Node.js
48654,38646,Spring Boot
48655,38646,Vue.js
48656,38650,ASP.NET CORE
48657,38650,Node.js
48658,38650,React
48660,38656,Angular
48662,38656,React
48664,38664,FastAPI
48668,38664,Next.js
48669,38664,Node.js
48671,38664,React
48672,38664,Vue.js
48673,38670,Angular
48674,38670,ASP.NET CORE
48676,38670,Next.js
48677,38670,React
48682,38674,FastAPI
48684,38679,Angular
48686,38679,Vue.js
48687,38680,Next.js
48688,38680,React
48689,38680,Svelte
48691,38683,ASP.NET CORE
48693,38691,Node.js
48695,38691,Vue.js
48698,38704,React
48701,38704,Vue.js
48702,38707,FastAPI
48705,38707,Node.js
48706,38708,Angular
48708,38708,Express
48709,38708,FastAPI
48714,38708,Next.js
48715,38708,Node.js
48716,38708,React
48717,38708,Svelte
48718,38709,FastAPI
48720,38709,Node.js
48722,38711,Next.js
48723,38711,React
48724,38711,Spring Boot
48725,38714,Angular
48726,38714,ASP.NET CORE
48728,38714,Vue.js
48730,38718,ASP.NET CORE
48731,38718,React
48733,38718,Vue.js
48734,38720,React
48737,38721,Express
48739,38721,Node.js
48742,38721,Svelte
48747,38726,Node.js
48751,38730,ASP.NET CORE
48754,38732,React
48755,38734,Angular
48756,38734,ASP.NET CORE
48757,38734,Node.js
48758,38734,React
48760,38735,Node.js
48763,38736,ASP.NET CORE
48765,38740,Express
48766,38740,Next.js
48767,38740,React
48768,38744,Express
48769,38744,Node.js
48770,38744,React
48773,38747,React
48775,38748,ASP.NET CORE
48778,38751,React
48779,38753,Spring Boot
48781,38757,Express
48782,38757,Node.js
48783,38757,React
48784,38761,Angular
48785,38761,ASP.NET CORE
48787,38761,React
48788,38761,Svelte
48789,38761,Vue.js
48790,38764,Express
48792,38764,Next.js
48793,38764,Node.js
48794,38764,React
48795,38764,Spring Boot
48797,38779,Express
48799,38779,Node.js
48800,38779,React
48801,38780,FastAPI
48802,38782,Angular
48804,38787,Angular
48806,38787,Express
48807,38787,Next.js
48808,38787,Node.js
48809,38787,React
48811,38787,Spring Boot
48814,38791,Node.js
48815,38791,Vue.js
48816,38793,Angular
48817,38793,ASP.NET CORE
48818,38793,Svelte
48819,38796,Express
48821,38796,Next.js
48822,38796,Node.js
48824,38796,React
48825,38797,Angular
48827,38797,FastAPI
48828,38797,Node.js
48829,38797,Spring Boot
48830,38799,React
48832,38804,ASP.NET CORE
48834,38804,Vue.js
48835,38805,Angular
48837,38805,Next.js
48838,38805,Node.js
48839,38805,React
48840,38806,Express
48841,38806,Node.js
48842,38807,Express
48843,38807,Next.js
48844,38807,Node.js
48845,38807,Svelte
48846,38815,Node.js
48847,38818,Angular
48855,38818,Next.js
48856,38818,Node.js
48857,38818,React
48858,38821,ASP.NET CORE
48861,38821,Svelte
48862,38822,FastAPI
48863,38822,React
48865,38827,Express
48866,38827,FastAPI
48867,38827,Next.js
48868,38827,Node.js
48869,38827,React
48872,38829,ASP.NET CORE
48874,38829,Vue.js
48875,38831,Next.js
48876,38831,React
48877,38831,Spring Boot
48881,38835,Angular
48882,38835,React
48884,38836,Spring Boot
48885,38836,Vue.js
48887,38837,FastAPI
48889,38841,Express
48890,38841,Node.js
48892,38842,FastAPI
48896,38842,React
48897,38842,Svelte
48898,38857,React
48899,38857,Spring Boot
48901,38866,FastAPI
48903,38868,Angular
48906,38868,FastAPI
48907,38868,React
48909,38869,Node.js
48910,38874,React
48913,38883,Next.js
48914,38883,React
48915,38884,ASP.NET CORE
48919,38884,Next.js
48920,38884,Node.js
48921,38884,React
48922,38885,FastAPI
48923,38888,Angular
48925,38888,FastAPI
48927,38888,Svelte
48929,38889,Angular
48930,38889,FastAPI
48931,38889,Node.js
48932,38891,React
48933,38891,Spring Boot
48935,38893,Node.js
48936,38896,ASP.NET CORE
48939,38901,FastAPI
48943,38908,Node.js
48944,38909,Angular
48945,38909,React
48947,38909,Vue.js
48948,38916,Node.js
48951,38917,Express
48955,38917,Next.js
48956,38917,Node.js
48958,38917,React
48959,38917,Svelte
48960,38921,React
48964,38930,FastAPI
48966,38930,Spring Boot
48968,38931,React
48969,38938,Angular
48972,38938,Express
48976,38938,Next.js
48977,38938,Node.js
48978,38938,React
48979,38938,Vue.js
48981,38945,Node.js
48982,38945,React
48983,38947,React
48984,38954,Angular
48986,38954,FastAPI
48989,38954,Next.js
48990,38954,Node.js
48991,38954,React
48992,38954,Vue.js
48994,38955,ASP.NET CORE
48995,38955,Svelte
48996,38955,Vue.js
48997,38957,Next.js
48998,38957,Node.js
48999,38957,React
49001,38958,ASP.NET CORE
49002,38958,Next.js
49003,38958,React
49004,38963,Angular
49006,38963,Node.js
49008,38963,Spring Boot
49009,38964,Angular
49011,38964,Express
49014,38964,Next.js
49015,38964,Node.js
49017,38964,React
49018,38964,Svelte
49020,38964,Vue.js
49023,38982,React
49024,38983,Angular
49025,38983,ASP.NET CORE
49028,38983,Next.js
49029,38983,Node.js
49030,38983,React
49031,38983,Vue.js
49032,38986,Node.js
49033,38986,React
49034,38989,Angular
49035,38989,ASP.NET CORE
49037,38990,Angular
49039,38990,Spring Boot
49042,38992,FastAPI
49044,38992,Next.js
49045,38992,Node.js
49046,38992,Vue.js
49048,38998,Node.js
49050,38998,Spring Boot
49051,38998,Vue.js
49052,39003,FastAPI
49055,39004,Angular
49056,39004,ASP.NET CORE
49059,39004,Node.js
49060,39004,React
49061,39006,Express
49062,39006,Next.js
49063,39006,Node.js
49064,39006,React
49067,39008,Express
49068,39008,Node.js
49069,39008,React
49073,39008,Svelte
49074,39011,FastAPI
49075,39011,Svelte
49076,39011,Vue.js
49078,39021,ASP.NET CORE
49081,39029,Spring Boot
49082,39041,Angular
49084,39041,Express
49087,39041,React
49088,39041,Spring Boot
49090,39047,Express
49093,39047,Node.js
49094,39047,React
49095,39047,Vue.js
49098,39049,FastAPI
49100,39049,React
49103,39065,Angular
49106,39066,Express
49108,39066,Next.js
49109,39066,Node.js
49110,39066,React
49111,39066,Spring Boot
49112,39069,Express
49113,39069,Node.js
49116,39075,Next.js
49117,39075,React
49119,39080,Angular
49120,39080,Express
49122,39080,Node.js
49124,39080,Spring Boot
49126,39083,Spring Boot
49127,39083,Svelte
49129,39089,Next.js
49130,39089,Node.js
49131,39093,FastAPI
49132,39093,React
49134,39100,Next.js
49135,39100,Node.js
49136,39100,React
49137,39103,Next.js
49138,39103,React
49139,39103,Spring Boot
49140,39107,Angular
49142,39107,Express
49143,39107,Node.js
49144,39107,Vue.js
49145,39118,Angular
49148,39118,ASP.NET CORE
49149,39118,Express
49151,39118,Next.js
49152,39118,Node.js
49153,39118,React
49155,39118,Svelte
49156,39118,Vue.js
49158,39124,Node.js
49159,39124,React
49160,39124,Spring Boot
49161,39124,Vue.js
49162,39129,Angular
49166,39135,FastAPI
49168,39135,Next.js
49169,39135,Node.js
49170,39135,React
49171,39135,Vue.js
49172,39136,ASP.NET CORE
49174,39136,FastAPI
49176,39136,Next.js
49177,39136,React
49178,39136,Svelte
49179,39139,React
49180,39139,Spring Boot
49182,39144,Spring Boot
49183,39145,Spring Boot
49184,39148,Angular
49186,39148,React
49187,39149,Angular
49189,39149,Express
49190,39149,Next.js
49191,39149,Node.js
49192,39149,React
49195,39150,Svelte
49196,39152,Express
49197,39152,FastAPI
49199,39152,React
49200,39152,Vue.js
49204,39153,Express
49208,39153,Node.js
49210,39158,ASP.NET CORE
49212,39160,Angular
49213,39160,ASP.NET CORE
49215,39160,Node.js
49217,39165,Next.js
49218,39165,Node.js
49219,39165,React
49220,39165,Svelte
49222,39167,FastAPI
49223,39167,Next.js
49224,39167,Node.js
49225,39167,React
49226,39167,Spring Boot
49227,39167,Vue.js
49230,39170,React
49231,39170,Spring Boot
49235,39175,Next.js
49236,39175,Node.js
49237,39175,React
49239,39175,Vue.js
49240,39176,ASP.NET CORE
49241,39176,React
49242,39185,Express
49244,39185,Next.js
49245,39185,Node.js
49246,39185,React
49248,39190,Next.js
49249,39190,Node.js
49250,39190,React
49252,39190,Spring Boot
49253,39190,Svelte
49255,39192,Angular
49257,39192,Express
49258,39192,FastAPI
49261,39192,Next.js
49262,39192,Node.js
49263,39192,React
49264,39192,Spring Boot
49265,39192,Vue.js
49267,39194,Angular
49269,39194,ASP.NET CORE
49272,39195,ASP.NET CORE
49273,39195,React
49276,39200,Next.js
49277,39200,React
49280,39213,Node.js
49281,39223,Angular
49282,39229,Angular
49284,39229,ASP.NET CORE
49285,39229,Node.js
49287,39230,FastAPI
49291,39233,React
49292,39233,Vue.js
49294,39237,Next.js
49295,39237,Node.js
49296,39237,React
49297,39239,FastAPI
49298,39239,React
49299,39241,Angular
49302,39241,Express
49305,39241,Next.js
49306,39241,Node.js
49307,39241,React
49309,39241,Spring Boot
49311,39241,Svelte
49312,39241,Vue.js
49316,39244,React
49317,39244,Svelte
49318,39265,Angular
49320,39265,Express
49321,39265,Next.js
49322,39265,Node.js
49327,39274,Node.js
49328,39274,React
49329,39279,Angular
49330,39279,ASP.NET CORE
49331,39279,Node.js
49333,39283,ASP.NET CORE
49334,39284,React
49337,39293,React
49338,39294,Angular
49339,39294,Node.js
49340,39294,Spring Boot
49341,39294,Svelte
49342,39294,Vue.js
49344,39301,ASP.NET CORE
49345,39301,Express
49347,39301,Next.js
49348,39301,Node.js
49349,39301,React
49350,39304,ASP.NET CORE
49353,39304,Vue.js
49355,39312,ASP.NET CORE
49356,39312,Express
49357,39312,FastAPI
49359,39312,Node.js
49361,39312,Vue.js
49362,39315,React
49363,39315,Vue.js
49364,39317,Angular
49366,39317,ASP.NET CORE
49370,39324,ASP.NET CORE
49371,39324,Next.js
49372,39324,React
49373,39325,Node.js
49374,39325,React
49375,39325,Spring Boot
49376,39329,Express
49377,39329,Node.js
49378,39329,React
49379,39329,Spring Boot
49381,39334,React
49382,39334,Vue.js
49384,39336,Angular
49385,39336,Spring Boot
49386,39340,Angular
49387,39340,React
49388,39340,Spring Boot
49389,39340,Vue.js
49394,39342,Next.js
49395,39342,React
49396,39350,Angular
49397,39350,Express
49398,39350,Node.js
49400,39352,ASP.NET CORE
49401,39352,Express
49404,39352,Next.js
49405,39352,Node.js
49406,39352,React
49407,39355,Angular
49408,39355,ASP.NET CORE
49409,39358,ASP.NET CORE
49411,39359,Express
49412,39359,React
49413,39361,ASP.NET CORE
49418,39367,Vue.js
49419,39370,Angular
49421,39370,React
49423,39375,Angular
49424,39375,ASP.NET CORE
49425,39383,Angular
49426,39383,Express
49430,39383,Next.js
49431,39383,Node.js
49433,39383,React
49435,39383,Spring Boot
49436,39383,Svelte
49437,39383,Vue.js
49439,39384,FastAPI
49441,39384,Next.js
49442,39384,Node.js
49443,39384,React
49444,39385,React
49447,39386,Angular
49448,39386,ASP.NET CORE
49450,39386,Node.js
49451,39386,Svelte
49453,39388,ASP.NET CORE
49456,39393,Next.js
49457,39393,Node.js
49458,39393,React
49459,39393,Spring Boot
49460,39397,Express
49461,39397,Node.js
49462,39397,React
49463,39397,Vue.js
49464,39400,Angular
49466,39400,ASP.NET CORE
49468,39405,Next.js
49469,39405,Node.js
49471,39405,Vue.js
49473,39409,FastAPI
49476,39409,Svelte
49477,39409,Vue.js
49478,39412,Node.js
49479,39412,React
49480,39413,Angular
49481,39415,Angular
49482,39415,ASP.NET CORE
49483,39415,Node.js
49484,39416,Angular
49486,39416,ASP.NET CORE
49487,39416,Next.js
49488,39416,Vue.js
49489,39420,ASP.NET CORE
49492,39420,Next.js
49494,39420,React
49495,39420,Svelte
49496,39420,Vue.js
49498,39424,Node.js
49500,39426,Node.js
49501,39426,Vue.js
49503,39433,Vue.js
49504,39441,FastAPI
49506,39441,React
49509,39443,Svelte
49510,39449,FastAPI
49511,39449,Next.js
49512,39450,ASP.NET CORE
49517,39458,Vue.js
49519,39459,ASP.NET CORE
49521,39459,Next.js
49522,39459,Node.js
49523,39459,Vue.js
49525,39460,FastAPI
49526,39467,Angular
49527,39467,Spring Boot
49531,39470,Next.js
49532,39470,Node.js
49533,39470,React
49534,39470,Vue.js
49538,39472,FastAPI
49540,39472,Node.js
49541,39472,React
49545,39474,Spring Boot
49547,39475,React
49552,39480,Angular
49555,39480,Express
49558,39480,Node.js
49560,39484,ASP.NET CORE
49561,39484,React
49563,39486,ASP.NET CORE
49565,39486,Node.js
49568,39486,Vue.js
49569,39487,FastAPI
49572,39488,ASP.NET CORE
49573,39488,React
49576,39494,FastAPI
49579,39494,Vue.js
49580,39496,FastAPI
49582,39496,React
49583,39502,Vue.js
49584,39505,FastAPI
49585,39505,Next.js
49586,39505,React
49587,39505,Spring Boot
49588,39509,FastAPI
49589,39514,React
49591,39514,Spring Boot
49592,39514,Vue.js
49595,39517,Spring Boot
49597,39519,FastAPI
49599,39524,ASP.NET CORE
49602,39527,ASP.NET CORE
49604,39527,React
49605,39527,Svelte
49606,39528,FastAPI
49608,39528,Next.js
49609,39528,Node.js
49610,39528,React
49611,39528,Vue.js
49613,39531,ASP.NET CORE
49615,39531,Express
49620,39531,Next.js
49621,39531,Node.js
49623,39531,React
49624,39531,Vue.js
49626,39539,Spring Boot
49627,39540,Node.js
49628,39540,React
49630,39542,ASP.NET CORE
49634,39545,ASP.NET CORE
49637,39548,React
49640,39552,Node.js
49641,39552,React
49645,39554,React
49646,39554,Spring Boot
49647,39555,React
49648,39555,Svelte
49649,39560,ASP.NET CORE
49651,39560,React
49652,39565,Express
49653,39565,Next.js
49654,39565,React
49655,39573,Angular
49656,39573,Node.js
49657,39573,Spring Boot
49661,39575,Vue.js
49662,39584,ASP.NET CORE
49665,39591,React
49666,39591,Svelte
49667,39593,Angular
49668,39593,Express
49669,39593,Node.js
49670,39593,Spring Boot
49672,39594,React
49673,39594,Svelte
49677,39596,ASP.NET CORE
49680,39606,ASP.NET CORE
49681,39606,Node.js
49683,39606,Svelte
49684,39606,Vue.js
49685,39608,Express
49686,39608,FastAPI
49687,39608,Next.js
49688,39608,React
49689,39608,Svelte
49690,39608,Vue.js
49693,39615,Spring Boot
49694,39625,Next.js
49695,39625,React
49696,39625,Svelte
49697,39628,FastAPI
49699,39629,Vue.js
49700,39631,Angular
49702,39631,ASP.NET CORE
49703,39631,Express
49706,39631,Next.js
49707,39631,Node.js
49709,39631,React
49711,39631,Svelte
49712,39631,Vue.js
49713,39634,ASP.NET CORE
49718,39638,Node.js
49719,39638,React
49720,39640,Node.js
49722,39642,ASP.NET CORE
49723,39642,Express
49724,39642,Node.js
49727,39642,Spring Boot
49728,39642,Vue.js
49729,39645,Angular
49730,39645,Express
49731,39645,FastAPI
49734,39647,FastAPI
49736,39647,Vue.js
49737,39651,FastAPI
49738,39651,Next.js
49739,39651,Node.js
49740,39651,React
49742,39654,Next.js
49743,39654,Node.js
49745,39654,Vue.js
49746,39657,Express
49747,39657,Node.js
49748,39657,Svelte
49749,39657,Vue.js
49750,39659,Angular
49751,39659,ASP.NET CORE
49752,39661,Express
49753,39661,Node.js
49754,39661,Vue.js
49755,39662,FastAPI
49756,39674,FastAPI
49758,39675,React
49759,39683,ASP.NET CORE
49761,39683,Node.js
49763,39685,ASP.NET CORE
49766,39685,Express
49769,39685,Node.js
49770,39685,Spring Boot
49772,39695,FastAPI
49775,39695,React
49777,39702,Angular
49779,39702,ASP.NET CORE
49781,39702,Next.js
49782,39702,React
49783,39703,Angular
49784,39703,ASP.NET CORE
49788,39703,React
49789,39703,Spring Boot
49790,39703,Vue.js
49791,39704,FastAPI
49794,39705,Svelte
49795,39709,Angular
49796,39709,ASP.NET CORE
49797,39709,Next.js
49798,39709,React
49799,39709,Vue.js
49800,39717,Angular
49802,39717,Express
49805,39717,Node.js
49806,39717,Spring Boot
49808,39721,Svelte
49809,39724,Angular
49811,39724,ASP.NET CORE
49815,39729,FastAPI
49817,39729,Node.js
49818,39729,Vue.js
49819,39733,React
49820,39733,Svelte
49821,39737,ASP.NET CORE
49823,39740,Express
49825,39740,Node.js
49826,39740,Svelte
49827,39740,Vue.js
49828,39745,Spring Boot
49829,39748,Angular
49830,39748,ASP.NET CORE
49831,39748,Express
49833,39748,Next.js
49834,39748,Node.js
49835,39748,React
49839,39749,React
49840,39749,Vue.js
49841,39755,React
49843,39764,FastAPI
49845,39764,Next.js
49846,39764,React
49847,39775,Angular
49848,39775,Spring Boot
49849,39776,Angular
49851,39776,ASP.NET CORE
49854,39776,Express
49858,39776,Next.js
49859,39776,Node.js
49860,39776,React
49862,39776,Spring Boot
49863,39776,Vue.js
49865,39780,ASP.NET CORE
49867,39780,Node.js
49868,39789,Spring Boot
49869,39795,Express
49871,39795,Next.js
49872,39795,Node.js
49873,39795,React
49874,39797,FastAPI
49876,39797,Node.js
49877,39797,React
49880,39803,Next.js
49881,39803,Node.js
49882,39803,React
49884,39809,Angular
49888,39809,Vue.js
49889,39812,Express
49892,39812,Node.js
49894,39812,Vue.js
49895,39814,Angular
49898,39814,Next.js
49899,39814,React
49900,39814,Spring Boot
49901,39814,Svelte
49904,39815,ASP.NET CORE
49907,39815,Next.js
49908,39815,Node.js
49909,39815,React
49910,39815,Vue.js
49914,39823,Next.js
49916,39823,Svelte
49920,39832,React
49921,39833,Node.js
49922,39833,Spring Boot
49923,39833,Svelte
49924,39833,Vue.js
49926,39847,Angular
49927,39847,ASP.NET CORE
49929,39849,Angular
49931,39849,Node.js
49932,39856,Express
49933,39856,Node.js
49934,39856,React
49937,39858,Node.js
49938,39858,React
49940,39861,Node.js
49941,39861,Svelte
49942,39867,ASP.NET CORE
49944,39867,React
49945,39869,ASP.NET CORE
49946,39869,FastAPI
49947,39873,ASP.NET CORE
49949,39873,Express
49950,39873,FastAPI
49954,39873,Next.js
49955,39873,Node.js
49956,39873,React
49959,39878,Vue.js
49961,39879,ASP.NET CORE
49963,39879,Node.js
49964,39879,Vue.js
49966,39882,ASP.NET CORE
49967,39882,Express
49969,39882,Next.js
49970,39882,Node.js
49971,39882,React
49972,39889,Next.js
49973,39889,Node.js
49974,39889,React
49975,39889,Spring Boot
49976,39891,Next.js
49977,39891,Spring Boot
49978,39891,Vue.js
49979,39892,Angular
49981,39892,ASP.NET CORE
49983,39893,ASP.NET CORE
49985,39893,FastAPI
49987,39893,Node.js
49989,39896,Angular
49990,39896,React
49991,39900,Angular
49993,39900,Express
49995,39900,Next.js
49996,39900,Node.js
49997,39905,Angular
50000,39905,Express
50001,39905,FastAPI
50003,39905,Next.js
50004,39905,Node.js
50006,39905,React
50009,39905,Spring Boot
50011,39910,FastAPI
50013,39917,Angular
50014,39917,ASP.NET CORE
50016,39917,Svelte
50017,39925,ASP.NET CORE
50018,39925,Next.js
50019,39925,React
50021,39925,Spring Boot
50022,39927,Express
50023,39927,Node.js
50024,39927,React
50025,39931,React
50026,39931,Vue.js
50028,39945,ASP.NET CORE
50030,39945,React
50031,39945,Svelte
50032,39945,Vue.js
50033,39948,React
50034,39948,Spring Boot
50036,39949,Next.js
50037,39949,Node.js
50038,39949,React
50039,39950,Node.js
50041,39952,Next.js
50048,39953,Node.js
50049,39953,Svelte
50050,39957,React
50052,39964,Vue.js
50053,39966,FastAPI
50055,39966,Node.js
50057,39966,Svelte
50061,39974,FastAPI
50065,39974,Vue.js
50067,39975,Express
50071,39975,Next.js
50072,39975,Node.js
50077,39976,React
50079,39976,Vue.js
50080,39980,React
50082,39983,Express
50083,39983,React
50085,39983,Svelte
50086,39984,ASP.NET CORE
50090,39986,Node.js
50091,39986,React
50092,39986,Spring Boot
50093,39986,Vue.js
50094,39991,Angular
50097,39991,Express
50099,39991,Next.js
50100,39991,Node.js
50101,39991,React
50102,39991,Vue.js
50103,39994,ASP.NET CORE
50104,39994,Node.js
50105,39995,FastAPI
50106,40002,Angular
50107,40002,ASP.NET CORE
50109,40004,Angular
50115,40004,Spring Boot
50116,40012,ASP.NET CORE
50118,40012,Express
50119,40012,FastAPI
50123,40012,Next.js
50124,40012,Node.js
50125,40012,React
50126,40012,Vue.js
50130,40015,Next.js
50131,40015,React
50132,40015,Svelte
50133,40019,Node.js
50134,40019,Svelte
50137,40028,React
50138,40034,Angular
50140,40034,ASP.NET CORE
50142,40034,Express
50143,40034,Node.js
50144,40034,React
50145,40034,Spring Boot
50147,40034,Vue.js
50148,40039,Node.js
50149,40039,React
50152,40044,Node.js
50155,40044,Svelte
50157,40048,Angular
50159,40048,React
50160,40048,Spring Boot
50163,40049,Express
50164,40049,Node.js
50165,40049,React
50167,40049,Vue.js
50168,40052,Angular
50171,40052,ASP.NET CORE
50175,40052,React
50176,40052,Vue.js
50177,40054,Angular
50180,40056,Node.js
50181,40056,Vue.js
50183,40057,ASP.NET CORE
50185,40057,Node.js
50186,40057,Vue.js
50189,40060,Node.js
50190,40060,Svelte
50191,40064,Angular
50192,40064,React
50194,40070,ASP.NET CORE
50196,40070,FastAPI
50199,40070,Next.js
50200,40070,React
50201,40070,Svelte
50202,40076,ASP.NET CORE
50205,40080,Node.js
50207,40080,React
50210,40083,React
50211,40090,FastAPI
50214,40092,React
50215,40094,Next.js
50216,40094,Node.js
50217,40094,React
50223,40097,Angular
50225,40097,ASP.NET CORE
50227,40099,ASP.NET CORE
50228,40099,React
50229,40102,Angular
50230,40102,ASP.NET CORE
50235,40102,Next.js
50236,40102,Svelte
50237,40103,Node.js
50238,40103,React
50239,40109,Next.js
50240,40109,Node.js
50241,40109,Spring Boot
50242,40112,Node.js
50243,40112,Svelte
50244,40115,FastAPI
50245,40115,Node.js
50246,40117,Express
50249,40117,Node.js
50251,40118,Node.js
50252,40118,React
50255,40119,FastAPI
50258,40123,Next.js
50259,40123,React
50260,40123,Spring Boot
50261,40123,Vue.js
50262,40131,ASP.NET CORE
50265,40131,Vue.js
50267,40133,Next.js
50268,40133,Node.js
50269,40133,React
50271,40134,Svelte
50274,40141,Express
50275,40141,FastAPI
50278,40141,Next.js
50279,40141,Node.js
50280,40141,React
50283,40145,Express
50285,40145,Node.js
50286,40145,React
50288,40146,Angular
50289,40146,ASP.NET CORE
50290,40146,Node.js
50291,40146,Svelte
50292,40146,Vue.js
50294,40147,Node.js
50295,40147,Spring Boot
50296,40147,Vue.js
50298,40148,Next.js
50302,40150,Next.js
50303,40150,Node.js
50304,40150,React
50305,40150,Vue.js
50308,40152,Next.js
50309,40152,React
50310,40160,Next.js
50311,40160,React
50313,40161,FastAPI
50316,40161,Node.js
50320,40165,FastAPI
50321,40165,Next.js
50322,40165,Node.js
50323,40165,React
50324,40165,Svelte
50327,40168,Node.js
50328,40168,React
50329,40169,Next.js
50330,40169,Node.js
50331,40169,React
50332,40170,Express
50333,40170,Next.js
50334,40170,Node.js
50336,40170,React
50339,40170,Vue.js
50340,40171,React
50341,40175,Express
50342,40175,Next.js
50343,40175,React
50344,40180,Express
50345,40180,Node.js
50346,40180,React
50348,40185,Express
50349,40185,Node.js
50350,40192,Angular
50352,40192,ASP.NET CORE
50355,40194,FastAPI
50356,40194,React
50359,40195,Node.js
50360,40195,React
50361,40197,Svelte
50363,40198,Spring Boot
50366,40200,Express
50367,40200,FastAPI
50369,40200,Next.js
50370,40200,React
50372,40200,Vue.js
50375,40206,Next.js
50376,40206,React
50377,40207,ASP.NET CORE
50378,40207,Next.js
50379,40207,Node.js
50380,40207,React
50382,40208,Node.js
50384,40208,React
50385,40208,Vue.js
50388,40209,Node.js
50389,40212,Angular
50390,40212,ASP.NET CORE
50392,40212,Express
50393,40212,FastAPI
50395,40212,Next.js
50396,40212,React
50397,40212,Vue.js
50399,40220,Svelte
50400,40221,Express
50401,40221,Next.js
50402,40221,Node.js
50404,40221,React
50405,40221,Spring Boot
50406,40221,Vue.js
50407,40224,ASP.NET CORE
50408,40224,React
50409,40224,Vue.js
50410,40231,Angular
50413,40231,ASP.NET CORE
50414,40231,Express
50416,40231,Node.js
50417,40237,Express
50418,40237,Node.js
50419,40237,Vue.js
50422,40245,React
50424,40246,Spring Boot
50425,40248,Express
50427,40248,Node.js
50428,40253,FastAPI
50429,40253,Spring Boot
50430,40256,Next.js
50431,40256,Node.js
50432,40256,React
50434,40263,Angular
50436,40263,Node.js
50437,40263,React
50438,40263,Spring Boot
50440,40266,Next.js
50441,40266,Spring Boot
50442,40267,Express
50443,40267,Next.js
50444,40267,Node.js
50445,40267,React
50446,40268,Express
50447,40268,FastAPI
50449,40268,Next.js
50450,40268,Node.js
50451,40268,React
50452,40279,Angular
50453,40279,FastAPI
50456,40279,Next.js
50458,40279,Vue.js
50459,40281,React
50460,40281,Spring Boot
50461,40283,Angular
50463,40283,Express
50464,40283,Next.js
50465,40283,Node.js
50466,40283,React
50468,40287,FastAPI
50469,40287,Node.js
50471,40287,Spring Boot
50473,40288,Node.js
50474,40288,React
50475,40288,Spring Boot
50476,40288,Vue.js
50478,40294,React
50479,40294,Spring Boot
50480,40297,Angular
50481,40297,ASP.NET CORE
50482,40297,React
50484,40304,Vue.js
50485,40310,Angular
50487,40310,ASP.NET CORE
50489,40310,Vue.js
50490,40319,ASP.NET CORE
50494,40319,FastAPI
50498,40319,Next.js
50499,40319,Node.js
50501,40319,React
50502,40319,Svelte
50503,40319,Vue.js
50506,40326,Svelte
50507,40326,Vue.js
50508,40331,Next.js
50509,40331,Node.js
50511,40331,React
50513,40343,Node.js
50514,40345,Angular
50516,40346,Angular
50517,40346,FastAPI
50518,40346,Node.js
50519,40349,Angular
50521,40349,Node.js
50522,40349,React
50526,40351,React
50528,40351,Vue.js
50530,40353,Angular
50531,40353,React
50532,40360,Next.js
50533,40360,Node.js
50534,40360,React
50535,40360,Spring Boot
50538,40363,ASP.NET CORE
50540,40368,Angular
50541,40368,ASP.NET CORE
50543,40368,FastAPI
50545,40368,Node.js
50547,40370,ASP.NET CORE
50548,40370,Next.js
50549,40370,Node.js
50551,40370,React
50553,40370,Vue.js
50554,40372,React
50556,40374,Angular
50558,40374,ASP.NET CORE
50559,40374,Express
50560,40374,Next.js
50561,40379,Angular
50562,40379,Node.js
50563,40379,React
50564,40379,Vue.js
50566,40383,Express
50568,40383,Next.js
50569,40383,Node.js
50570,40383,Vue.js
50572,40384,Express
50574,40384,Next.js
50575,40384,Node.js
50576,40384,React
50578,40387,Spring Boot
50579,40390,React
50580,40391,React
50582,40394,Svelte
50583,40396,React
50585,40397,Node.js
50587,40397,React
50588,40397,Spring Boot
50589,40397,Vue.js
50594,40404,Node.js
50596,40404,Spring Boot
50597,40404,Vue.js
50598,40407,Angular
50599,40407,ASP.NET CORE
50601,40407,React
50603,40409,Node.js
50604,40409,React
50606,40412,Angular
50608,40412,ASP.NET CORE
50610,40420,Express
50612,40420,Node.js
50613,40420,React
50614,40420,Svelte
50615,40428,Angular
50616,40428,Node.js
50617,40428,React
50618,40434,ASP.NET CORE
50619,40434,React
50620,40435,Node.js
50621,40435,React
50623,40440,ASP.NET CORE
50628,40444,ASP.NET CORE
50629,40444,Next.js
50630,40444,Node.js
50631,40444,React
50632,40445,Angular
50633,40448,Angular
50635,40448,Node.js
50636,40448,Vue.js
50638,40455,Angular
50639,40455,Express
50642,40455,Node.js
50644,40455,React
50645,40455,Vue.js
50646,40456,Angular
50650,40456,Node.js
50651,40456,React
50652,40456,Vue.js
50653,40458,React
50654,40459,Spring Boot
50655,40460,Express
50657,40460,Spring Boot
50660,40471,FastAPI
50662,40477,Express
50663,40477,Node.js
50665,40482,ASP.NET CORE
50668,40483,Express
50669,40483,FastAPI
50671,40483,Next.js
50672,40483,Node.js
50673,40483,React
50675,40483,Svelte
50676,40488,Angular
50680,40488,Node.js
50681,40488,Spring Boot
50682,40488,Svelte
50683,40488,Vue.js
50684,40490,Angular
50685,40490,ASP.NET CORE
50686,40490,React
50687,40491,Angular
50694,40491,Next.js
50695,40491,Node.js
50697,40491,React
50698,40491,Svelte
50700,40491,Vue.js
50701,40493,Angular
50704,40493,ASP.NET CORE
50707,40493,Node.js
50708,40493,React
50709,40493,Vue.js
50711,40504,Angular
50712,40504,ASP.NET CORE
50715,40504,React
50716,40506,Angular
50718,40506,Express
50719,40506,Next.js
50720,40506,Node.js
50721,40506,React
50722,40506,Spring Boot
50723,40511,React
50724,40511,Spring Boot
50725,40524,Spring Boot
50728,40538,Node.js
50729,40538,React
50732,40542,Node.js
50733,40544,Angular
50734,40544,ASP.NET CORE
50735,40544,Node.js
50738,40544,Svelte
50739,40544,Vue.js
50741,40545,Vue.js
50744,40548,Express
50746,40548,Next.js
50747,40548,Node.js
50749,40548,React
50751,40548,Vue.js
50752,40556,Angular
50754,40556,ASP.NET CORE
50755,40556,Next.js
50756,40556,React
50757,40556,Vue.js
50758,40557,React
50760,40560,Express
50764,40560,Node.js
50769,40562,ASP.NET CORE
50771,40565,Express
50772,40565,FastAPI
50773,40565,Node.js
50774,40565,React
50775,40570,Angular
50776,40570,ASP.NET CORE
50779,40570,Next.js
50780,40570,React
50781,40571,Express
50782,40571,Next.js
50783,40571,React
50784,40571,Vue.js
50785,40572,ASP.NET CORE
50786,40572,Node.js
50787,40576,Angular
50788,40576,ASP.NET CORE
50790,40579,Spring Boot
50792,40588,Express
50793,40588,FastAPI
50796,40588,Node.js
50797,40588,React
50799,40595,Node.js
50801,40595,Vue.js
50804,40602,Angular
50805,40602,Express
50807,40602,Spring Boot
50808,40602,Vue.js
50810,40604,ASP.NET CORE
50812,40607,Angular
50813,40607,ASP.NET CORE
50814,40607,Svelte
50815,40609,React
50816,40612,Next.js
50817,40612,React
50825,40614,Next.js
50826,40614,Node.js
50827,40614,React
50828,40614,Vue.js
50831,40622,Express
50832,40622,Next.js
50833,40623,FastAPI
50835,40623,React
50839,40624,Vue.js
50840,40625,Node.js
50841,40625,Svelte
50842,40627,Angular
50844,40627,Vue.js
50845,40628,Angular
50846,40628,Spring Boot
50847,40630,ASP.NET CORE
50850,40638,Angular
50851,40638,Express
50852,40638,Node.js
50853,40643,Express
50854,40643,Next.js
50855,40643,Node.js
50856,40643,React
50857,40645,Spring Boot
50859,40647,Express
50861,40647,Node.js
50862,40647,React
50863,40647,Svelte
50864,40647,Vue.js
50865,40649,ASP.NET CORE
50868,40649,React
50869,40653,Angular
50870,40653,React
50871,40653,Vue.js
50877,40661,Angular
50878,40661,Node.js
50880,40666,Angular
50881,40666,ASP.NET CORE
50882,40667,ASP.NET CORE
50884,40667,React
50885,40672,Express
50889,40672,Next.js
50890,40672,Node.js
50891,40672,React
50892,40672,Vue.js
50893,40675,Angular
50894,40675,ASP.NET CORE
50897,40678,FastAPI
50899,40685,Vue.js
50900,40686,Node.js
50901,40686,React
50903,40687,Express
50905,40687,Node.js
50906,40694,Spring Boot
50908,40695,ASP.NET CORE
50910,40695,Express
50911,40695,FastAPI
50912,40695,Next.js
50913,40695,React
50915,40695,Svelte
50919,40705,ASP.NET CORE
50921,40708,Node.js
50923,40716,Angular
50924,40716,ASP.NET CORE
50926,40716,Spring Boot
50927,40717,Express
50931,40717,Node.js
50932,40717,React
50934,40717,Svelte
50935,40718,Angular
50939,40718,Spring Boot
50940,40718,Svelte
50941,40718,Vue.js
50942,40719,Express
50943,40719,FastAPI
50945,40719,Node.js
50946,40719,React
50947,40719,Vue.js
50948,40720,Angular
50949,40720,Node.js
50951,40724,Angular
50952,40724,Express
50953,40724,Node.js
50954,40724,Spring Boot
50957,40738,Node.js
50958,40738,React
50962,40739,Node.js
50963,40739,Spring Boot
50965,40740,Spring Boot
50966,40746,Express
50971,40746,Next.js
50972,40746,Node.js
50974,40746,React
50975,40746,Svelte
50976,40746,Vue.js
50980,40748,Next.js
50981,40748,Node.js
50982,40748,React
50984,40748,Svelte
50985,40750,ASP.NET CORE
50987,40750,Next.js
50988,40750,Node.js
50989,40750,React
50990,40751,Angular
50993,40751,Node.js
50994,40751,Spring Boot
50996,40753,Express
50997,40753,Next.js
50998,40753,Node.js
50999,40753,React
51001,40753,Svelte
51002,40753,Vue.js
51006,40755,Svelte
51008,40756,React
51009,40756,Spring Boot
51013,40759,Vue.js
51015,40761,Node.js
51016,40761,Spring Boot
51017,40763,Node.js
51018,40763,React
51020,40764,Express
51021,40764,FastAPI
51026,40764,Next.js
51027,40764,Node.js
51028,40764,React
51031,40766,Spring Boot
51032,40767,Spring Boot
51034,40769,Express
51036,40769,Node.js
51037,40769,React
51040,40769,Svelte
51042,40772,FastAPI
51043,40772,React
51045,40779,ASP.NET CORE
51048,40779,Node.js
51050,40783,ASP.NET CORE
51052,40783,Next.js
51053,40783,Node.js
51054,40783,React
51055,40784,Node.js
51056,40784,React
51057,40784,Spring Boot
51058,40792,Angular
51060,40792,ASP.NET CORE
51061,40792,Node.js
51064,40802,ASP.NET CORE
51065,40802,Node.js
51066,40802,React
51068,40805,Next.js
51069,40805,Node.js
51070,40806,FastAPI
51071,40806,Node.js
51072,40806,Svelte
51074,40808,Vue.js
51076,40811,Next.js
51077,40811,Node.js
51078,40811,React
51079,40812,Express
51080,40812,Node.js
51081,40812,React
51082,40813,ASP.NET CORE
51086,40813,Next.js
51087,40813,React
51093,40817,Next.js
51094,40817,Node.js
51095,40817,React
51098,40817,Vue.js
51100,40819,ASP.NET CORE
51105,40825,FastAPI
51107,40828,Next.js
51108,40828,Node.js
51109,40828,React
51110,40828,Svelte
51111,40828,Vue.js
51112,40831,Spring Boot
51113,40832,Express
51114,40832,Next.js
51115,40832,Node.js
51116,40832,React
51118,40832,Svelte
51120,40835,Express
51121,40835,FastAPI
51125,40835,Next.js
51126,40835,Node.js
51127,40835,React
51129,40835,Svelte
51130,40835,Vue.js
51131,40841,ASP.NET CORE
51132,40841,Express
51133,40841,React
51134,40841,Spring Boot
51135,40848,Angular
51136,40848,Express
51141,40850,ASP.NET CORE
51143,40852,Express
51144,40852,Next.js
51145,40852,Node.js
51146,40852,React
51148,40852,Svelte
51149,40852,Vue.js
51150,40855,Angular
51151,40855,ASP.NET CORE
51152,40857,FastAPI
51154,40860,Angular
51159,40860,Express
51160,40860,FastAPI
51164,40860,Next.js
51165,40860,Node.js
51167,40860,React
51169,40860,Svelte
51170,40860,Vue.js
51172,40864,ASP.NET CORE
51173,40864,React
51174,40866,ASP.NET CORE
51175,40875,ASP.NET CORE
51177,40875,Node.js
51178,40877,ASP.NET CORE
51180,40877,React
51185,40883,Spring Boot
51189,40896,Angular
51190,40896,Node.js
51191,40904,Express
51193,40904,Node.js
51194,40904,React
51195,40904,Vue.js
51196,40907,Angular
51197,40907,ASP.NET CORE
51199,40907,React
51200,40907,Vue.js
51201,40913,Express
51203,40913,Next.js
51204,40913,Node.js
51205,40913,React
51206,40913,Spring Boot
51207,40913,Svelte
51208,40913,Vue.js
51209,40915,FastAPI
51210,40915,React
51211,40919,Express
51213,40919,Next.js
51214,40919,Node.js
51215,40919,React
51216,40920,FastAPI
51217,40920,React
51220,40921,Spring Boot
51221,40921,Vue.js
51224,40924,FastAPI
51227,40924,Next.js
51228,40924,Node.js
51230,40924,React
51232,40924,Vue.js
51234,40926,ASP.NET CORE
51236,40926,Next.js
51237,40926,Node.js
51238,40926,React
51239,40929,Angular
51241,40929,Express
51243,40929,Node.js
51244,40929,React
51246,40938,Node.js
51248,40944,FastAPI
51249,40944,Next.js
51252,40944,React
51253,40944,Vue.js
51255,40945,FastAPI
51258,40945,Node.js
51259,40945,React
51260,40946,Angular
51265,40946,Node.js
51267,40946,Spring Boot
51270,40950,ASP.NET CORE
51274,40950,Node.js
51276,40955,Next.js
51277,40955,Node.js
51279,40955,React
51280,40955,Spring Boot
51282,40958,FastAPI
51284,40958,Node.js
51286,40965,Node.js
51288,40965,Vue.js
51289,40966,React
51290,40966,Spring Boot
51292,40974,Express
51296,40983,Node.js
51297,40989,Angular
51298,40989,ASP.NET CORE
51299,40989,FastAPI
51300,40989,Vue.js
51301,40991,Next.js
51302,40991,React
51304,40992,Node.js
51306,40996,FastAPI
51308,40996,Node.js
51309,40996,Svelte
51310,40999,Angular
51311,40999,FastAPI
51312,40999,Node.js
51313,41001,Node.js
51314,41003,Node.js
51315,41003,React
51316,41003,Spring Boot
51317,41005,Next.js
51318,41005,Node.js
51320,41005,Vue.js
51321,41008,ASP.NET CORE
51322,41008,Vue.js
51323,41016,ASP.NET CORE
51326,41016,Node.js
51328,41022,Angular
51330,41022,ASP.NET CORE
51331,41023,ASP.NET CORE
51333,41023,Spring Boot
51334,41024,Node.js
51336,41028,Express
51337,41028,Next.js
51339,41029,Spring Boot
51340,41037,ASP.NET CORE
51342,41037,Node.js
51343,41037,React
51344,41038,Angular
51345,41038,Node.js
51346,41038,Vue.js
51350,41042,Vue.js
51351,41043,Next.js
51352,41043,Node.js
51353,41043,React
51354,41048,ASP.NET CORE
51355,41048,Vue.js
51357,41052,Angular
51358,41052,Express
51361,41052,Vue.js
51362,41057,Angular
51363,41057,ASP.NET CORE
51365,41061,ASP.NET CORE
51367,41061,React
51370,41068,Angular
51372,41071,Next.js
51373,41071,React
51375,41082,React
51376,41093,ASP.NET CORE
51379,41093,Spring Boot
51381,41094,Next.js
51383,41095,Express
51389,41095,Svelte
51390,41095,Vue.js
51391,41104,Node.js
51394,41104,React
51396,41104,Vue.js
51397,41108,FastAPI
51398,41111,Node.js
51399,41116,Express
51401,41116,Node.js
51405,41118,Next.js
51406,41118,Node.js
51407,41118,React
51409,41124,Spring Boot
51411,41126,FastAPI
51413,41126,Node.js
51414,41126,React
51415,41126,Spring Boot
51418,41127,React
51420,41127,Spring Boot
51422,41129,React
51424,41129,Svelte
51426,41135,ASP.NET CORE
51427,41135,FastAPI
51429,41135,Next.js
51430,41135,React
51431,41136,Next.js
51433,41136,Vue.js
51434,41138,ASP.NET CORE
51436,41138,FastAPI
51438,41138,Next.js
51439,41138,Node.js
51440,41138,React
51441,41141,React
51442,41142,Express
51443,41142,FastAPI
51445,41142,Node.js
51447,41142,Vue.js
51448,41143,ASP.NET CORE
51450,41143,Vue.js
51452,41145,FastAPI
51453,41149,Angular
51455,41149,Express
51458,41149,Node.js
51459,41149,React
51463,41150,FastAPI
51465,41150,Node.js
51469,41150,Spring Boot
51470,41150,Svelte
51471,41150,Vue.js
51474,41159,Node.js
51478,41159,Svelte
51479,41159,Vue.js
51480,41162,Angular
51481,41162,ASP.NET CORE
51482,41165,Node.js
51483,41165,React
51484,41165,Spring Boot
51485,41165,Vue.js
51486,41172,Next.js
51487,41172,Node.js
51488,41172,React
51489,41172,Spring Boot
51491,41173,Angular
51492,41173,Express
51494,41173,Next.js
51495,41173,Node.js
51497,41173,React
51498,41173,Spring Boot
51499,41177,Angular
51500,41177,ASP.NET CORE
51503,41180,Next.js
51504,41180,Node.js
51505,41180,Vue.js
51508,41185,Node.js
51509,41185,React
51512,41186,ASP.NET CORE
51516,41187,React
51518,41187,Svelte
51520,41194,Spring Boot
51523,41204,Express
51524,41204,Node.js
51525,41209,Node.js
51526,41218,Node.js
51527,41218,React
51528,41218,Vue.js
51530,41224,React
51531,41224,Spring Boot
51532,41227,Angular
51533,41227,ASP.NET CORE
51534,41227,Express
51536,41227,Next.js
51537,41227,Node.js
51538,41227,React
51539,41229,Express
51541,41229,Node.js
51542,41229,Spring Boot
51543,41232,Vue.js
51547,41233,Svelte
51549,41234,FastAPI
51552,41234,Next.js
51553,41234,Node.js
51555,41234,Svelte
51556,41234,Vue.js
51557,41238,Angular
51560,41238,ASP.NET CORE
51563,41238,Express
51564,41238,FastAPI
51569,41238,Next.js
51570,41238,Node.js
51572,41238,React
51573,41238,Spring Boot
51574,41238,Vue.js
51577,41240,ASP.NET CORE
51579,41240,Next.js
51580,41240,Node.js
51581,41240,React
51585,41242,Vue.js
51587,41244,Express
51590,41244,Next.js
51591,41244,Node.js
51592,41244,React
51594,41246,ASP.NET CORE
51596,41246,Next.js
51597,41246,React
51598,41250,React
51599,41250,Spring Boot
51601,41253,FastAPI
51602,41255,Angular
51603,41255,FastAPI
51604,41255,Next.js
51605,41255,Node.js
51606,41255,Spring Boot
51607,41257,ASP.NET CORE
51609,41257,Node.js
51610,41257,Spring Boot
51611,41262,Node.js
51612,41262,Svelte
51613,41265,Next.js
51614,41265,Node.js
51615,41265,React
51616,41265,Spring Boot
51617,41265,Vue.js
51618,41274,Express
51619,41274,Node.js
51621,41274,React
51623,41281,Next.js
51624,41281,Node.js
51625,41281,React
51627,41281,Svelte
51628,41283,Node.js
51630,41286,FastAPI
51631,41288,ASP.NET CORE
51632,41288,FastAPI
51633,41288,Spring Boot
51634,41288,Svelte
51635,41288,Vue.js
51636,41300,ASP.NET CORE
51639,41307,FastAPI
51640,41307,Next.js
51641,41307,Node.js
51642,41307,React
51644,41308,ASP.NET CORE
51645,41308,Next.js
51646,41308,React
51647,41308,Spring Boot
51648,41308,Vue.js
51649,41312,Express
51650,41312,Next.js
51651,41312,Node.js
51652,41312,React
51655,41315,ASP.NET CORE
51656,41315,FastAPI
51657,41315,Next.js
51659,41315,React
51660,41315,Vue.js
51662,41320,Express
51663,41320,FastAPI
51664,41320,Next.js
51665,41320,Node.js
51666,41320,React
51668,41321,ASP.NET CORE
51669,41321,Express
51670,41321,Next.js
51671,41321,Node.js
51672,41321,React
51675,41322,React
51676,41322,Svelte
51678,41334,FastAPI
51682,41334,Next.js
51683,41334,Node.js
51684,41334,React
51687,41337,Angular
51690,41337,ASP.NET CORE
51692,41337,Express
51693,41337,FastAPI
51697,41337,Next.js
51698,41337,Node.js
51699,41337,React
51701,41337,Svelte
51702,41337,Vue.js
51704,41351,Node.js
51705,41351,Vue.js
51706,41355,Express
51707,41355,Node.js
51708,41355,React
51709,41355,Spring Boot
51710,41357,ASP.NET CORE
51714,41363,Angular
51715,41363,Express
51717,41363,Node.js
51718,41363,React
51719,41364,ASP.NET CORE
51723,41366,Next.js
51724,41366,Node.js
51725,41366,Spring Boot
51726,41367,Angular
51728,41375,Angular
51730,41375,Node.js
51731,41375,React
51732,41378,Express
51733,41378,Node.js
51734,41378,Vue.js
51735,41379,ASP.NET CORE
51736,41379,Node.js
51737,41381,Angular
51739,41381,React
51741,41382,Express
51743,41382,React
51744,41384,Angular
51746,41384,Express
51748,41384,Next.js
51749,41384,Node.js
51750,41384,React
51752,41384,Svelte
51753,41384,Vue.js
51755,41388,FastAPI
51758,41388,Node.js
51759,41388,React
51764,41394,Angular
51766,41394,ASP.NET CORE
51769,41394,Node.js
51770,41394,React
51777,41401,Node.js
51778,41402,Express
51779,41402,Node.js
51780,41403,Node.js
51781,41403,Vue.js
51787,41406,Vue.js
51792,41420,ASP.NET CORE
51793,41422,Angular
51797,41422,Express
51798,41422,FastAPI
51806,41422,Next.js
51807,41422,Node.js
51809,41422,React
51813,41422,Spring Boot
51815,41422,Svelte
51816,41422,Vue.js
51817,41427,Angular
51819,41427,Express
51820,41427,FastAPI
51821,41427,Next.js
51822,41427,React
51824,41427,Spring Boot
51826,41429,Svelte
51827,41430,Angular
51828,41430,ASP.NET CORE
51829,41430,Svelte
51834,41442,Vue.js
51836,41444,FastAPI
51839,41453,Svelte
51840,41453,Vue.js
51842,41454,FastAPI
51844,41454,Spring Boot
51845,41454,Vue.js
51849,41463,React
51852,41475,ASP.NET CORE
51854,41475,Express
51858,41475,Next.js
51859,41475,Node.js
51861,41475,React
51862,41475,Spring Boot
51864,41475,Vue.js
51867,41476,Next.js
51868,41476,React
51870,41479,Express
51872,41479,Next.js
51873,41479,Node.js
51874,41479,React
51875,41482,Next.js
51876,41482,Node.js
51877,41482,React
51878,41494,Angular
51880,41494,Express
51882,41494,Node.js
51885,41503,Next.js
51886,41503,Node.js
51887,41503,React
51889,41505,Next.js
51890,41505,Spring Boot
51891,41505,Vue.js
51892,41506,Express
51895,41506,Node.js
51896,41506,React
51898,41510,React
51900,41512,FastAPI
51904,41512,Node.js
51905,41512,React
51906,41512,Vue.js
51909,41513,Next.js
51910,41513,Node.js
51911,41513,React
51912,41516,Angular
51913,41516,Spring Boot
51914,41520,Angular
51916,41520,Next.js
51917,41520,Node.js
51918,41520,React
51919,41520,Spring Boot
51920,41526,React
51922,41528,Vue.js
51926,41531,Node.js
51929,41531,Svelte
51930,41531,Vue.js
51934,41533,Express
51935,41533,Next.js
51936,41533,Node.js
51937,41533,React
51938,41533,Svelte
51939,41535,ASP.NET CORE
51942,41535,Next.js
51943,41535,Node.js
51946,41535,React
51947,41535,Svelte
51948,41535,Vue.js
51951,41539,Node.js
51953,41542,Vue.js
51954,41543,Next.js
51955,41543,React
51956,41548,Node.js
51957,41548,React
51958,41551,Express
51959,41551,Node.js
51960,41551,React
51961,41551,Vue.js
51962,41554,Spring Boot
51963,41557,Express
51964,41557,FastAPI
51965,41557,Next.js
51966,41557,Node.js
51967,41557,React
51968,41558,React
51972,41564,Express
51974,41564,Node.js
51976,41564,Svelte
51977,41564,Vue.js
51978,41570,ASP.NET CORE
51980,41571,Express
51982,41571,Next.js
51983,41571,Node.js
51985,41571,React
51986,41571,Vue.js
51987,41578,Angular
51989,41578,Next.js
51990,41578,Node.js
51991,41578,React
51993,41578,Vue.js
51995,41587,Express
51997,41587,Next.js
51998,41587,Node.js
51999,41587,React
52001,41587,Svelte
52004,41588,FastAPI
52006,41588,Node.js
52007,41588,React
52009,41589,Express
52010,41589,FastAPI
52012,41589,Next.js
52013,41589,Node.js
52014,41589,React
52015,41589,Vue.js
52017,41590,Express
52018,41590,FastAPI
52019,41590,Node.js
52022,41591,Spring Boot
52023,41596,Angular
52024,41596,ASP.NET CORE
52027,41596,Express
52028,41596,FastAPI
52031,41596,Next.js
52032,41596,Node.js
52034,41596,React
52036,41596,Vue.js
52041,41600,Next.js
52042,41600,React
52043,41601,Svelte
52044,41601,Vue.js
52046,41602,Next.js
52048,41602,React
52049,41602,Vue.js
52050,41603,FastAPI
52051,41603,Next.js
52052,41603,React
52055,41604,Next.js
52056,41604,Node.js
52057,41604,React
52059,41605,FastAPI
52065,41605,Spring Boot
52066,41605,Svelte
52067,41605,Vue.js
52068,41613,Node.js
52069,41613,React
52071,41615,Express
52072,41615,Next.js
52073,41615,Node.js
52074,41615,React
52077,41615,Svelte
52080,41618,Next.js
52081,41618,Node.js
52083,41618,React
52085,41619,FastAPI
52086,41619,Node.js
52087,41619,React
52088,41619,Spring Boot
52089,41619,Vue.js
52090,41620,Express
52091,41620,Next.js
52092,41620,Node.js
52093,41620,React
52095,41622,Next.js
52096,41622,Node.js
52097,41622,React
52098,41622,Spring Boot
52099,41626,FastAPI
52101,41626,Next.js
52102,41626,Node.js
52103,41628,Spring Boot
52104,41632,Angular
52106,41632,Next.js
52107,41632,Node.js
52109,41633,Angular
52112,41633,FastAPI
52114,41633,Node.js
52115,41633,React
52117,41635,Next.js
52118,41635,Node.js
52119,41635,React
52120,41638,ASP.NET CORE
52121,41638,Svelte
52122,41640,ASP.NET CORE
52124,41647,Node.js
52125,41647,Vue.js
52127,41648,Next.js
52128,41648,Node.js
52129,41648,React
52133,41650,Vue.js
52135,41654,Express
52136,41654,FastAPI
52138,41654,Next.js
52139,41654,Node.js
52140,41654,React
52143,41654,Svelte
52144,41659,FastAPI
52146,41659,React
52148,41664,Express
52149,41664,FastAPI
52151,41664,Next.js
52152,41664,Node.js
52153,41664,React
52155,41665,Next.js
52156,41665,Node.js
52157,41665,React
52158,41666,Angular
52159,41666,Express
52160,41666,Node.js
52161,41666,Spring Boot
52162,41667,Node.js
52163,41667,Spring Boot
52164,41668,Angular
52166,41668,FastAPI
52169,41668,Next.js
52170,41668,Node.js
52172,41668,React
52173,41668,Vue.js
52175,41670,Spring Boot
52176,41670,Vue.js
52177,41672,ASP.NET CORE
52178,41672,Express
52179,41672,Node.js
52180,41672,React
52181,41672,Svelte
52182,41674,ASP.NET CORE
52183,41674,Express
52184,41674,Node.js
52185,41674,React
52186,41674,Spring Boot
52187,41675,React
52188,41675,Spring Boot
52189,41676,FastAPI
52190,41679,Angular
52193,41679,Express
52195,41679,Next.js
52196,41679,Node.js
52197,41679,React
52198,41679,Svelte
52199,41679,Vue.js
52201,41683,Angular
52203,41683,ASP.NET CORE
52204,41683,Express
52205,41683,Node.js
52206,41683,React
52207,41683,Vue.js
52208,41686,FastAPI
52213,41687,Node.js
52214,41687,React
52217,41691,Next.js
52218,41691,Node.js
52220,41691,React
52221,41691,Svelte
52222,41691,Vue.js
52223,41693,Express
52224,41693,FastAPI
52225,41693,Next.js
52226,41693,Node.js
52228,41693,React
52229,41693,Spring Boot
52230,41693,Vue.js
52231,41697,Angular
52232,41697,Spring Boot
52233,41699,Angular
52234,41699,ASP.NET CORE
52235,41699,Express
52236,41699,Node.js
52237,41699,React
52238,41699,Spring Boot
52240,41706,ASP.NET CORE
52242,41706,Node.js
52243,41706,React
52244,41707,ASP.NET CORE
52246,41707,Express
52247,41707,React
52249,41711,Vue.js
52251,41715,FastAPI
52252,41715,Vue.js
52254,41717,FastAPI
52256,41717,Svelte
52257,41717,Vue.js
52259,41721,ASP.NET CORE
52261,41721,FastAPI
52263,41721,Spring Boot
52264,41725,Angular
52266,41725,FastAPI
52268,41725,React
52269,41725,Spring Boot
52270,41725,Vue.js
52271,41730,Angular
52273,41730,Express
52275,41730,Next.js
52276,41730,Node.js
52277,41730,React
52278,41731,Express
52281,41731,Next.js
52282,41731,Node.js
52283,41731,React
52284,41736,Svelte
52285,41739,Angular
52287,41739,ASP.NET CORE
52290,41746,Express
52291,41746,Next.js
52292,41746,Node.js
52293,41746,React
52295,41746,Svelte
52296,41746,Vue.js
52297,41750,Angular
52298,41751,Angular
52300,41751,Node.js
52301,41752,Node.js
52302,41752,React
52303,41752,Spring Boot
52304,41753,Angular
52306,41760,Angular
52307,41760,ASP.NET CORE
52309,41760,React
52310,41765,Express
52312,41765,Next.js
52313,41765,Node.js
52314,41765,React
52315,41769,ASP.NET CORE
52316,41769,Node.js
52317,41769,Vue.js
52318,41773,Next.js
52319,41773,React
52320,41785,ASP.NET CORE
52323,41800,Express
52324,41800,Node.js
52325,41801,ASP.NET CORE
52328,41801,Node.js
52329,41805,Node.js
52333,41813,Vue.js
52338,41819,Node.js
52339,41819,React
52340,41819,Spring Boot
52342,41821,FastAPI
52343,41821,React
52344,41823,Angular
52346,41823,ASP.NET CORE
52348,41823,Express
52349,41823,Next.js
52350,41823,Node.js
52355,41827,Next.js
52356,41827,Node.js
52357,41827,React
52358,41827,Spring Boot
52359,41829,Node.js
52362,41848,Express
52364,41848,Node.js
52365,41848,React
52366,41848,Spring Boot
52367,41849,FastAPI
52368,41849,Node.js
52369,41849,React
52372,41854,Next.js
52373,41854,Node.js
52374,41854,React
52375,41860,FastAPI
52379,41861,Node.js
52381,41862,React
52384,41867,Express
52387,41867,Next.js
52388,41867,Node.js
52390,41867,React
52391,41868,FastAPI
52393,41869,FastAPI
52394,41880,Angular
52395,41880,FastAPI
52397,41888,FastAPI
52399,41888,Svelte
52400,41890,Express
52403,41890,Next.js
52404,41890,Node.js
52405,41890,React
52407,41890,Svelte
52411,41892,Node.js
52412,41892,React
52413,41892,Vue.js
52414,41894,Next.js
52415,41894,Node.js
52416,41894,React
52417,41895,Express
52421,41895,Next.js
52422,41895,Node.js
52423,41895,Svelte
52424,41899,ASP.NET CORE
52425,41899,FastAPI
52427,41917,Node.js
52428,41921,ASP.NET CORE
52429,41921,Node.js
52430,41921,Vue.js
52432,41923,FastAPI
52434,41925,Angular
52435,41925,ASP.NET CORE
52437,41925,Express
52440,41925,Next.js
52441,41925,Node.js
52442,41925,React
52444,41932,ASP.NET CORE
52446,41936,React
52448,41939,FastAPI
52449,41939,React
52450,41942,ASP.NET CORE
52452,41942,Node.js
52453,41942,React
52454,41942,Vue.js
52455,41944,ASP.NET CORE
52456,41944,React
52458,41945,Express
52461,41945,Svelte
52462,41947,Angular
52465,41947,ASP.NET CORE
52466,41949,Node.js
52467,41949,React
52468,41951,Angular
52470,41951,ASP.NET CORE
52472,41951,React
52473,41954,ASP.NET CORE
52476,41954,Vue.js
52477,41958,Express
52478,41958,Node.js
52480,41958,React
52481,41958,Svelte
52482,41958,Vue.js
52484,41959,ASP.NET CORE
52486,41959,Express
52487,41959,FastAPI
52490,41959,Next.js
52491,41959,Node.js
52492,41959,React
52494,41959,Vue.js
52495,41962,React
52496,41967,Angular
52498,41967,Node.js
52500,41970,React
52501,41972,FastAPI
52502,41972,Next.js
52505,41978,Next.js
52506,41978,Node.js
52507,41978,React
52508,41978,Svelte
52510,41980,Next.js
52511,41980,Node.js
52512,41980,React
52513,41980,Spring Boot
52515,41985,Next.js
52516,41985,Node.js
52519,41987,Vue.js
52521,41989,Node.js
52522,41993,Angular
52523,41996,ASP.NET CORE
52524,41996,React
52525,42003,Express
52526,42003,Next.js
52527,42003,Node.js
52528,42003,React
52529,42007,ASP.NET CORE
52530,42007,Node.js
52531,42007,Vue.js
52534,42008,ASP.NET CORE
52537,42008,Node.js
52538,42008,React
52539,42010,ASP.NET CORE
52540,42010,React
52541,42012,Svelte
52542,42012,Vue.js
52545,42013,FastAPI
52547,42013,Node.js
52548,42013,React
52549,42014,Angular
52552,42014,Next.js
52553,42014,React
52555,42015,ASP.NET CORE
52557,42015,Node.js
52558,42015,React
52561,42021,Next.js
52562,42021,React
52563,42023,Angular
52564,42023,Node.js
52568,42035,Svelte
52569,42036,Angular
52570,42036,Node.js
52571,42036,React
52572,42036,Spring Boot
52573,42037,ASP.NET CORE
52574,42037,FastAPI
52576,42039,Spring Boot
52577,42039,Svelte
52579,42040,Vue.js
52581,42042,ASP.NET CORE
52583,42042,FastAPI
52586,42048,Spring Boot
52588,42055,Angular
52590,42055,Node.js
52591,42055,Spring Boot
52592,42059,ASP.NET CORE
52596,42063,ASP.NET CORE
52598,42063,Vue.js
52599,42065,Express
52600,42065,FastAPI
52604,42065,Node.js
52605,42065,React
52607,42065,Spring Boot
52608,42065,Vue.js
52610,42077,ASP.NET CORE
52611,42077,React
52612,42083,FastAPI
52614,42083,Node.js
52617,42090,Angular
52622,42094,Next.js
52623,42094,React
52624,42097,Spring Boot
52628,42098,Spring Boot
52629,42098,Vue.js
52630,42104,Angular
52632,42104,Node.js
52633,42104,React
52635,42107,ASP.NET CORE
52636,42107,Node.js
52637,42114,Angular
52639,42114,Express
52641,42114,Node.js
52642,42114,React
52645,42117,Express
52646,42117,FastAPI
52649,42117,Next.js
52650,42117,Node.js
52651,42117,React
52653,42123,ASP.NET CORE
52654,42123,Express
52655,42123,FastAPI
52656,42123,Node.js
52658,42123,React
52659,42123,Spring Boot
52660,42123,Svelte
52661,42123,Vue.js
52662,42126,ASP.NET CORE
52663,42126,Next.js
52665,42126,React
52666,42126,Vue.js
52668,42131,Node.js
52670,42131,Vue.js
52671,42132,Express
52672,42132,Next.js
52673,42132,Node.js
52674,42132,React
52675,42132,Vue.js
52676,42133,Svelte
52677,42134,Angular
52678,42134,ASP.NET CORE
52681,42134,Express
52684,42134,Node.js
52685,42134,React
52686,42136,Svelte
52687,42138,Vue.js
52689,42141,ASP.NET CORE
52691,42145,ASP.NET CORE
52692,42145,Next.js
52693,42145,Node.js
52694,42145,React
52695,42148,ASP.NET CORE
52696,42148,React
52697,42148,Svelte
52698,42148,Vue.js
52700,42149,FastAPI
52702,42151,Angular
52703,42151,Node.js
52704,42151,Spring Boot
52705,42167,Angular
52706,42167,ASP.NET CORE
52710,42177,Angular
52714,42183,Next.js
52715,42183,Node.js
52716,42183,React
52717,42183,Vue.js
52719,42188,Next.js
52720,42188,React
52725,42192,ASP.NET CORE
52728,42193,Express
52729,42193,FastAPI
52731,42193,React
52734,42206,Node.js
52735,42206,React
52736,42206,Spring Boot
52739,42208,FastAPI
52744,42216,Express
52745,42216,FastAPI
52750,42216,Next.js
52751,42216,Node.js
52753,42216,React
52755,42216,Svelte
52756,42216,Vue.js
52757,42220,FastAPI
52759,42220,Svelte
52760,42221,ASP.NET CORE
52763,42221,FastAPI
52765,42223,FastAPI
52767,42223,Node.js
52768,42223,React
52769,42224,Angular
52770,42224,ASP.NET CORE
52776,42224,Next.js
52777,42224,Node.js
52780,42224,React
52783,42224,Spring Boot
52784,42228,Next.js
52785,42228,Node.js
52786,42228,React
52787,42232,Angular
52790,42233,React
52791,42233,Spring Boot
52792,42233,Vue.js
52794,42237,Svelte
52796,42240,FastAPI
52798,42240,Next.js
52799,42240,Node.js
52800,42240,React
52801,42241,FastAPI
52805,42249,Node.js
52806,42258,FastAPI
52807,42258,Node.js
52808,42258,React
52809,42258,Vue.js
52811,42260,Node.js
52812,42260,React
52814,42261,React
52815,42263,Angular
52817,42263,Node.js
52818,42263,React
52819,42265,Node.js
52820,42265,Svelte
52821,42266,Spring Boot
52823,42271,FastAPI
52826,42272,React
52828,42273,ASP.NET CORE
52829,42273,Node.js
52830,42273,React
52831,42274,ASP.NET CORE
52832,42274,React
52833,42277,Node.js
52834,42277,React
52835,42278,ASP.NET CORE
52840,42278,Spring Boot
52841,42278,Vue.js
52842,42282,Express
52843,42282,Next.js
52844,42282,Node.js
52846,42282,Vue.js
52847,42283,Angular
52849,42283,FastAPI
52851,42283,React
52852,42283,Spring Boot
52855,42284,Next.js
52856,42284,Node.js
52857,42284,React
52858,42287,FastAPI
52859,42287,React
52860,42287,Spring Boot
52861,42287,Svelte
52862,42296,Angular
52863,42296,FastAPI
52864,42296,Node.js
52868,42298,Next.js
52869,42298,Node.js
52870,42298,React
52873,42298,Svelte
52874,42304,Express
52876,42304,Next.js
52877,42304,Node.js
52879,42304,React
52880,42304,Spring Boot
52881,42304,Vue.js
52883,42310,Node.js
52885,42311,ASP.NET CORE
52887,42311,FastAPI
52889,42316,Svelte
52890,42318,Express
52891,42318,Node.js
52892,42318,Vue.js
52893,42319,Express
52894,42319,Next.js
52895,42319,Node.js
52896,42319,React
52900,42319,Vue.js
52902,42320,FastAPI
52906,42329,Next.js
52910,42334,Vue.js
52911,42335,Express
52913,42335,Next.js
52914,42335,Node.js
52916,42339,ASP.NET CORE
52918,42339,Node.js
52919,42339,React
52920,42339,Vue.js
52921,42341,ASP.NET CORE
52922,42342,ASP.NET CORE
52923,42343,Express
52924,42343,FastAPI
52926,42343,React
52927,42343,Vue.js
52928,42350,React
52929,42350,Spring Boot
52930,42351,React
52931,42358,Angular
52933,42358,ASP.NET CORE
52936,42358,Node.js
52938,42363,Node.js
52939,42363,Svelte
52941,42376,Express
52943,42376,Svelte
52944,42384,Svelte
52945,42385,ASP.NET CORE
52947,42385,Express
52949,42385,Node.js
52950,42385,Svelte
52951,42385,Vue.js
52953,42390,ASP.NET CORE
52954,42390,Express
52955,42390,Next.js
52956,42390,Node.js
52957,42390,React
52958,42392,ASP.NET CORE
52960,42392,Node.js
52961,42392,React
52963,42392,Vue.js
52965,42395,Express
52968,42395,Next.js
52969,42395,Node.js
52972,42395,React
52973,42395,Svelte
52974,42395,Vue.js
52976,42400,Angular
52979,42400,Node.js
52981,42400,Svelte
52982,42400,Vue.js
52986,42401,Next.js
52987,42401,Node.js
52990,42401,React
52993,42401,Vue.js
52995,42402,FastAPI
52997,42412,Next.js
52998,42412,Node.js
52999,42412,React
53002,42413,Express
53003,42413,Next.js
53004,42413,Node.js
53005,42413,React
53007,42414,ASP.NET CORE
53009,42422,Express
53010,42422,Node.js
53011,42424,Express
53012,42424,Node.js
53014,42424,React
53016,42424,Svelte
53017,42424,Vue.js
53018,42435,Express
53019,42435,Next.js
53020,42435,Node.js
53021,42435,Svelte
53022,42444,FastAPI
53023,42445,ASP.NET CORE
53024,42446,Express
53026,42446,Node.js
53027,42446,React
53028,42446,Vue.js
53029,42455,ASP.NET CORE
53031,42458,Next.js
53032,42458,Node.js
53033,42458,React
53036,42460,Vue.js
53039,42461,Express
53041,42461,Next.js
53042,42461,Node.js
53043,42461,React
53044,42463,Express
53045,42463,Node.js
53046,42463,React
53047,42463,Spring Boot
53050,42465,FastAPI
53054,42465,Node.js
53056,42465,Vue.js
53057,42472,Angular
53058,42472,Express
53060,42472,Node.js
53063,42474,FastAPI
53066,42476,Spring Boot
53067,42476,Vue.js
53068,42479,Express
53070,42479,Next.js
53071,42479,Node.js
53072,42479,React
53074,42482,Angular
53075,42482,Spring Boot
53077,42489,ASP.NET CORE
53080,42492,Next.js
53081,42492,Node.js
53082,42492,React
53083,42497,Node.js
53084,42497,React
53086,42499,ASP.NET CORE
53088,42499,Next.js
53089,42499,Node.js
53090,42499,Vue.js
53095,42504,Next.js
53096,42504,Node.js
53097,42504,React
53098,42504,Svelte
53099,42504,Vue.js
53102,42508,Svelte
53104,42510,ASP.NET CORE
53109,42514,FastAPI
53110,42514,Next.js
53112,42514,React
53114,42518,Next.js
53115,42518,Svelte
53117,42519,React
53118,42520,Angular
53120,42522,Express
53122,42522,Next.js
53123,42522,Node.js
53124,42522,React
53127,42526,ASP.NET CORE
53128,42526,Express
53129,42526,Node.js
53130,42526,React
53132,42528,FastAPI
53134,42540,Node.js
53135,42540,Vue.js
53136,42545,Express
53138,42545,Next.js
53139,42545,Node.js
53140,42545,React
53142,42550,ASP.NET CORE
53143,42552,Angular
53145,42552,FastAPI
53148,42552,Node.js
53149,42552,React
53150,42553,Express
53151,42553,Next.js
53152,42555,Angular
53155,42555,ASP.NET CORE
53158,42555,Next.js
53159,42555,Node.js
53160,42555,Vue.js
53162,42558,Next.js
53163,42558,Node.js
53164,42558,React
53165,42558,Svelte
53166,42566,Next.js
53167,42566,Node.js
53168,42566,React
53170,42570,ASP.NET CORE
53173,42570,Next.js
53174,42570,Node.js
53175,42570,React
53176,42570,Vue.js
53178,42575,Vue.js
53179,42578,Angular
53180,42578,ASP.NET CORE
53182,42579,FastAPI
53184,42582,React
53185,42582,Spring Boot
53186,42582,Svelte
53187,42585,Angular
53190,42585,ASP.NET CORE
53192,42585,Next.js
53193,42585,Node.js
53194,42585,React
53196,42586,Express
53197,42586,Node.js
53198,42586,React
53199,42586,Svelte
53202,42588,Express
53203,42588,FastAPI
53205,42588,Next.js
53206,42588,Node.js
53207,42588,React
53208,42588,Spring Boot
53209,42591,React
53212,42593,Express
53213,42593,FastAPI
53218,42593,Next.js
53219,42593,Node.js
53221,42593,React
53224,42593,Svelte
53225,42593,Vue.js
53228,42607,React
53229,42607,Svelte
53230,42613,Node.js
53231,42613,React
53233,42619,Angular
53237,42619,Spring Boot
53238,42619,Vue.js
53240,42624,Vue.js
53244,42626,Svelte
53246,42627,Express
53247,42627,FastAPI
53248,42627,Next.js
53249,42627,Node.js
53250,42627,React
53251,42628,ASP.NET CORE
53253,42628,Next.js
53254,42628,React
53255,42630,Express
53256,42630,FastAPI
53258,42630,React
53260,42632,Vue.js
53261,42634,Next.js
53262,42634,Node.js
53263,42634,React
53267,42641,Next.js
53268,42642,ASP.NET CORE
53271,42642,React
53272,42642,Svelte
53273,42646,Express
53274,42646,Next.js
53275,42646,Node.js
53276,42646,React
53277,42647,ASP.NET CORE
53278,42647,Svelte
53281,42650,Node.js
53282,42652,ASP.NET CORE
53287,42657,Node.js
53289,42657,Vue.js
53291,42669,FastAPI
53292,42671,Express
53293,42679,ASP.NET CORE
53294,42679,React
53295,42681,Express
53297,42681,Vue.js
53298,42688,Angular
53300,42688,React
53301,42688,Spring Boot
53302,42690,Next.js
53303,42690,Node.js
53304,42690,React
53306,42692,Angular
53307,42692,Node.js
53308,42692,React
53310,42692,Vue.js
53311,42700,Express
53312,42700,FastAPI
53313,42700,Node.js
53314,42700,React
53315,42700,Vue.js
53317,42704,ASP.NET CORE
53320,42704,Vue.js
53321,42707,Node.js
53323,42707,Vue.js
53324,42711,Spring Boot
53327,42713,Next.js
53328,42713,Node.js
53329,42713,React
53333,42720,React
53334,42720,Svelte
53335,42729,Angular
53337,42730,React
53340,42742,Express
53342,42742,Next.js
53343,42742,React
53344,42744,Next.js
53345,42744,Node.js
53347,42744,React
53348,42745,Next.js
53349,42745,Node.js
53350,42745,React
53351,42746,ASP.NET CORE
53355,42749,Express
53356,42749,Node.js
53357,42749,React
53358,42749,Vue.js
53360,42750,ASP.NET CORE
53362,42751,Node.js
53363,42752,Express
53365,42752,Node.js
53366,42752,React
53367,42752,Vue.js
53368,42755,Angular
53369,42755,ASP.NET CORE
53372,42758,Express
53373,42758,Node.js
53375,42759,Express
53376,42759,Node.js
53377,42759,Vue.js
53378,42770,ASP.NET CORE
53380,42770,React
53381,42771,Node.js
53382,42771,React
53383,42782,Express
53384,42782,Node.js
53385,42782,Svelte
53386,42784,Angular
53387,42784,ASP.NET CORE
53388,42784,Node.js
53389,42784,Vue.js
53391,42794,ASP.NET CORE
53394,42794,Next.js
53395,42794,Node.js
53396,42798,ASP.NET CORE
53397,42800,Angular
53400,42800,Svelte
53401,42801,Node.js
53402,42801,React
53404,42803,Next.js
53405,42803,React
53406,42803,Vue.js
53408,42810,Angular
53410,42810,ASP.NET CORE
53412,42810,Node.js
53414,42813,Node.js
53415,42813,React
53416,42813,Spring Boot
53417,42816,Express
53418,42816,Node.js
53419,42816,React
53421,42818,Node.js
53422,42818,React
53423,42818,Svelte
53424,42824,Svelte
53425,42828,FastAPI
53427,42832,Angular
53429,42832,ASP.NET CORE
53430,42832,React
53435,42844,Node.js
53438,42850,Angular
53440,42850,ASP.NET CORE
53443,42851,Node.js
53444,42851,React
53446,42859,ASP.NET CORE
53450,42862,Node.js
53451,42862,React
53452,42862,Vue.js
53454,42864,Express
53455,42864,FastAPI
53458,42864,Node.js
53459,42864,React
53461,42867,ASP.NET CORE
53463,42873,Express
53464,42873,FastAPI
53468,42873,Node.js
53469,42873,Spring Boot
53470,42876,Express
53471,42876,Next.js
53472,42876,Node.js
53473,42876,React
53474,42876,Svelte
53475,42877,ASP.NET CORE
53477,42885,ASP.NET CORE
53478,42885,Express
53479,42890,Angular
53481,42890,Node.js
53482,42890,React
53483,42890,Vue.js
53485,42891,Express
53487,42891,Next.js
53488,42891,Node.js
53489,42891,React
53492,42895,Next.js
53493,42895,Node.js
53494,42895,React
53496,42895,Svelte
53500,42899,React
53501,42899,Vue.js
53502,42905,Angular
53505,42905,Node.js
53511,42918,Node.js
53512,42918,React
53513,42918,Vue.js
53514,42940,Angular
53515,42940,React
53516,42940,Spring Boot
53517,42940,Vue.js
53518,42941,Next.js
53519,42941,Node.js
53520,42941,React
53521,42941,Spring Boot
53522,42942,ASP.NET CORE
53524,42942,Node.js
53525,42942,Svelte
53526,42942,Vue.js
53528,42945,Express
53529,42945,Node.js
53530,42945,React
53531,42945,Svelte
53535,42960,Svelte
53538,42962,Next.js
53539,42962,React
53540,42962,Spring Boot
53543,42965,Node.js
53544,42965,Spring Boot
53545,42972,Angular
53546,42972,Express
53548,42972,Next.js
53549,42972,Node.js
53550,42972,React
53553,42982,ASP.NET CORE
53556,42982,Express
53558,42982,Next.js
53559,42982,Node.js
53560,42982,React
53561,42982,Vue.js
53564,42987,Express
53567,42987,Node.js
53568,42987,Vue.js
53571,42988,Svelte
53572,42991,React
53576,42992,Vue.js
53582,42997,Vue.js
53584,42998,Express
53586,42998,Next.js
53587,42998,Node.js
53589,42998,React
53590,42998,Vue.js
53591,42999,Node.js
53592,42999,React
53593,42999,Vue.js
53594,43005,Next.js
53595,43005,React
53597,43006,Node.js
53598,43008,FastAPI
53600,43008,Next.js
53601,43008,React
53604,43011,Angular
53606,43011,Node.js
53608,43012,Spring Boot
53612,43014,ASP.NET CORE
53614,43014,Express
53615,43014,React
53616,43014,Vue.js
53617,43032,ASP.NET CORE
53621,43032,Svelte
53622,43032,Vue.js
53625,43038,ASP.NET CORE
53626,43043,Spring Boot
53627,43045,React
53628,43047,Angular
53630,43047,ASP.NET CORE
53631,43047,Express
53632,43047,Next.js
53633,43047,Node.js
53634,43047,Spring Boot
53635,43047,Svelte
53636,43047,Vue.js
53637,43049,Angular
53639,43049,ASP.NET CORE
53640,43049,Node.js
53641,43049,Svelte
53643,43053,ASP.NET CORE
53644,43053,Express
53646,43053,Next.js
53647,43053,Node.js
53648,43053,React
53649,43053,Spring Boot
53650,43059,Node.js
53652,43061,FastAPI
53653,43061,Next.js
53654,43063,FastAPI
53657,43063,React
53658,43063,Vue.js
53659,43066,Angular
53660,43066,ASP.NET CORE
53661,43066,FastAPI
53662,43066,Next.js
53663,43066,Node.js
53664,43066,React
53667,43073,ASP.NET CORE
53669,43078,React
53670,43083,FastAPI
53671,43083,Svelte
53672,43084,Angular
53673,43084,React
53674,43086,Angular
53677,43086,Node.js
53680,43087,Next.js
53682,43087,Svelte
53686,43095,ASP.NET CORE
53687,43095,React
53688,43096,ASP.NET CORE
53689,43098,Angular
53691,43098,Next.js
53692,43098,Node.js
53694,43098,React
53695,43098,Vue.js
53697,43101,FastAPI
53699,43101,Next.js
53700,43101,Node.js
53701,43101,React
53702,43103,Express
53703,43103,Next.js
53704,43103,Node.js
53705,43103,React
53706,43107,FastAPI
53707,43107,React
53708,43112,Angular
53709,43112,React
53710,43114,Express
53711,43114,Node.js
53712,43114,Vue.js
53716,43118,Node.js
53719,43124,Node.js
53720,43124,Vue.js
53721,43125,Angular
53724,43125,ASP.NET CORE
53726,43125,Node.js
53727,43126,Angular
53729,43126,ASP.NET CORE
53732,43126,Next.js
53733,43126,Node.js
53734,43126,React
53735,43126,Spring Boot
53736,43128,Angular
53737,43128,ASP.NET CORE
53739,43134,ASP.NET CORE
53744,43135,React
53746,43139,Express
53747,43139,FastAPI
53749,43139,Next.js
53750,43139,Node.js
53751,43139,React
53753,43142,Node.js
53755,43142,Vue.js
53756,43144,ASP.NET CORE
53759,43147,Next.js
53761,43150,Express
53763,43150,Next.js
53764,43150,Node.js
53765,43150,Svelte
53766,43151,ASP.NET CORE
53768,43151,Node.js
53769,43151,React
53771,43152,FastAPI
53773,43153,Node.js
53774,43153,Vue.js
53777,43160,Node.js
53779,43160,React
53781,43161,Svelte
53782,43168,ASP.NET CORE
53783,43168,React
53785,43176,Express
53787,43176,Node.js
53788,43176,React
53790,43178,ASP.NET CORE
53792,43180,ASP.NET CORE
53795,43180,Node.js
53796,43180,Vue.js
53798,43184,Vue.js
53800,43190,Svelte
53802,43194,Node.js
53803,43195,Express
53805,43195,Next.js
53806,43195,Node.js
53808,43195,React
53809,43195,Svelte
53811,43198,Node.js
53813,43202,Angular
53815,43202,Next.js
53816,43202,Node.js
53817,43202,React
53818,43203,FastAPI
53819,43207,Spring Boot
53820,43209,Next.js
53821,43209,React
53823,43213,FastAPI
53824,43213,React
53825,43222,Next.js
53826,43222,React
53827,43222,Spring Boot
53829,43223,FastAPI
53833,43223,Vue.js
53836,43226,Spring Boot
53838,43230,Angular
53839,43230,Node.js
53841,43234,Spring Boot
53842,43235,Angular
53843,43235,ASP.NET CORE
53844,43235,FastAPI
53846,43235,React
53847,43237,Next.js
53848,43237,Node.js
53849,43237,React
53850,43237,Svelte
53851,43237,Vue.js
53854,43247,ASP.NET CORE
53855,43253,ASP.NET CORE
53856,43253,Next.js
53857,43253,React
53860,43264,Node.js
53862,43269,ASP.NET CORE
53865,43269,Next.js
53866,43269,React
53868,43270,Express
53870,43270,Node.js
53871,43270,React
53872,43270,Spring Boot
53874,43272,Vue.js
53875,43274,Angular
53879,43274,Node.js
53880,43274,Vue.js
53884,43275,React
53886,43276,Node.js
53888,43276,Svelte
53889,43276,Vue.js
53890,43277,FastAPI
53893,43277,Next.js
53894,43277,React
53895,43278,Express
53896,43278,Next.js
53897,43278,Node.js
53898,43278,React
53899,43282,Angular
53900,43282,Express
53901,43282,FastAPI
53903,43282,Node.js
53906,43282,Spring Boot
53907,43282,Vue.js
53910,43283,Next.js
53911,43283,Node.js
53912,43283,React
53914,43283,Svelte
53916,43286,ASP.NET CORE
53917,43286,Express
53918,43286,Node.js
53919,43289,Express
53920,43289,Node.js
53922,43289,Svelte
53923,43289,Vue.js
53924,43295,Node.js
53925,43307,Express
53926,43307,Next.js
53927,43307,Node.js
53929,43307,React
53931,43307,Svelte
53932,43307,Vue.js
53934,43317,ASP.NET CORE
53936,43317,Node.js
53937,43327,ASP.NET CORE
53939,43327,Next.js
53940,43327,Node.js
53941,43327,Vue.js
53942,43328,React
53945,43336,Express
53947,43336,Node.js
53948,43336,React
53949,43340,Express
53950,43340,Next.js
53951,43340,Node.js
53952,43340,React
53953,43341,Express
53955,43341,Node.js
53957,43341,React
53958,43341,Spring Boot
53959,43345,ASP.NET CORE
53960,43345,React
53962,43350,Node.js
53963,43351,Express
53966,43351,Next.js
53967,43351,Node.js
53968,43351,React
53969,43351,Vue.js
53970,43354,Angular
53971,43354,Express
53974,43354,Next.js
53975,43354,Node.js
53976,43354,Spring Boot
53977,43358,Angular
53978,43358,ASP.NET CORE
53980,43360,Express
53981,43360,FastAPI
53982,43360,Node.js
53983,43363,Node.js
53984,43363,React
53987,43367,Node.js
53988,43367,React
53990,43380,FastAPI
53991,43380,React
53992,43384,Node.js
53993,43384,React
53995,43385,Express
53996,43385,FastAPI
53998,43385,Node.js
53999,43385,React
54000,43385,Vue.js
54001,43397,Next.js
54002,43397,Node.js
54003,43397,React
54008,43401,Angular
54010,43401,Express
54011,43401,Node.js
54013,43403,ASP.NET CORE
54017,43404,Vue.js
54018,43405,React
54021,43410,ASP.NET CORE
54022,43410,React
54023,43416,React
54028,43420,ASP.NET CORE
54029,43420,Node.js
54031,43420,Vue.js
54032,43421,Next.js
54033,43421,Node.js
54034,43421,React
54035,43421,Svelte
54036,43421,Vue.js
54037,43424,Next.js
54038,43424,Node.js
54039,43424,React
54041,43424,Svelte
54042,43424,Vue.js
54045,43428,Next.js
54046,43428,Node.js
54047,43428,React
54048,43433,ASP.NET CORE
54053,43433,Node.js
54054,43433,Svelte
54055,43434,Node.js
54056,43434,React
54058,43438,Vue.js
54059,43440,Angular
54060,43440,ASP.NET CORE
54062,43441,Vue.js
54065,43445,Next.js
54066,43445,Node.js
54067,43445,React
54068,43447,FastAPI
54069,43452,ASP.NET CORE
54071,43454,Spring Boot
54072,43454,Vue.js
54076,43471,Next.js
54077,43471,Node.js
54078,43471,React
54080,43478,Angular
54082,43478,Spring Boot
54083,43490,Express
54085,43490,Next.js
54086,43490,Node.js
54088,43490,React
54090,43490,Svelte
54091,43495,Angular
54093,43495,ASP.NET CORE
54094,43495,React
54095,43495,Spring Boot
54096,43497,React
54098,43504,Express
54100,43504,Next.js
54101,43504,Node.js
54102,43504,React
54104,43504,Vue.js
54109,43528,Angular
54110,43528,Express
54111,43528,Node.js
54112,43528,React
54113,43528,Vue.js
54115,43529,Next.js
54116,43529,React
54122,43532,Spring Boot
54125,43534,Node.js
54126,43541,Spring Boot
54127,43543,Express
54128,43543,Next.js
54129,43543,Node.js
54130,43543,React
54131,43543,Svelte
54135,43545,Next.js
54136,43545,Node.js
54138,43545,React
54140,43545,Vue.js
54143,43550,Next.js
54144,43550,Node.js
54145,43553,ASP.NET CORE
54148,43554,FastAPI
54149,43554,Vue.js
54151,43559,FastAPI
54155,43559,Spring Boot
54156,43562,Express
54158,43562,Next.js
54159,43562,Node.js
54160,43562,React
54163,43563,React
54167,43568,Next.js
54168,43568,React
54170,43568,Spring Boot
54171,43570,Express
54173,43570,Next.js
54174,43570,Node.js
54175,43570,React
54178,43572,FastAPI
54181,43572,Svelte
54182,43574,ASP.NET CORE
54184,43574,Next.js
54185,43574,React
54186,43577,Next.js
54187,43577,Node.js
54188,43577,React
54190,43578,React
54194,43581,Angular
54195,43581,Express
54196,43581,Node.js
54197,43581,React
54198,43588,Angular
54199,43588,ASP.NET CORE
54207,43589,Spring Boot
54209,43617,Angular
54211,43617,Next.js
54212,43617,Node.js
54214,43617,React
54215,43617,Svelte
54216,43617,Vue.js
54219,43621,Svelte
54222,43625,Next.js
54223,43625,React
54224,43625,Spring Boot
54226,43632,FastAPI
54227,43632,React
54228,43632,Svelte
54230,43638,ASP.NET CORE
54231,43638,React
54232,43638,Svelte
54233,43639,Angular
54235,43639,FastAPI
54239,43639,Next.js
54240,43639,Node.js
54242,43639,React
54246,43639,Vue.js
54250,43643,Express
54254,43643,Next.js
54255,43643,Node.js
54256,43643,React
54257,43643,Vue.js
54259,43644,ASP.NET CORE
54261,43644,Node.js
54263,43645,Node.js
54264,43645,React
54265,43645,Vue.js
54266,43653,Express
54268,43653,Next.js
54269,43653,React
54270,43660,FastAPI
54272,43669,ASP.NET CORE
54276,43669,Node.js
54278,43669,React
54280,43670,Angular
54281,43670,Express
54284,43670,React
54285,43670,Spring Boot
54286,43671,Express
54287,43671,Next.js
54288,43671,Node.js
54289,43671,React
54290,43671,Svelte
54293,43673,Vue.js
54295,43679,Node.js
54299,43680,Node.js
54302,43680,Vue.js
54303,43683,Angular
54305,43683,Spring Boot
54307,43686,FastAPI
54308,43689,Angular
54311,43689,Next.js
54312,43689,Node.js
54313,43689,Spring Boot
54315,43690,Node.js
54316,43690,React
54318,43691,Svelte
54320,43696,Next.js
54321,43696,Node.js
54322,43696,React
54323,43696,Vue.js
54325,43698,Spring Boot
54326,43699,FastAPI
54327,43699,Next.js
54328,43699,Node.js
54329,43702,Next.js
54330,43702,Node.js
54331,43702,Spring Boot
54332,43703,FastAPI
54334,43705,ASP.NET CORE
54335,43705,Next.js
54336,43705,Node.js
54337,43705,React
54338,43705,Svelte
54340,43707,ASP.NET CORE
54342,43708,Node.js
54343,43708,React
54344,43708,Vue.js
54345,43714,Angular
54346,43714,Spring Boot
54347,43719,ASP.NET CORE
54350,43719,Svelte
54352,43729,Node.js
54355,43732,Svelte
54356,43738,Angular
54357,43738,ASP.NET CORE
54359,43738,FastAPI
54360,43738,Node.js
54361,43738,React
54365,43743,Node.js
54366,43743,React
54368,43745,ASP.NET CORE
54374,43746,Next.js
54375,43746,React
54377,43746,Svelte
54379,43748,Next.js
54381,43748,Vue.js
54382,43754,Spring Boot
54384,43756,Node.js
54385,43758,Express
54387,43758,Node.js
54388,43764,ASP.NET CORE
54392,43764,Node.js
54393,43764,Vue.js
54396,43766,Express
54397,43766,FastAPI
54399,43766,Node.js
54400,43766,React
54401,43766,Vue.js
54402,43768,Angular
54403,43768,ASP.NET CORE
54404,43777,ASP.NET CORE
54407,43779,React
54408,43784,Node.js
54409,43784,React
54410,43784,Spring Boot
54413,43788,FastAPI
54414,43792,Node.js
54415,43792,React
54417,43794,Angular
54420,43794,Spring Boot
54421,43795,ASP.NET CORE
54423,43799,Angular
54424,43799,Spring Boot
54425,43802,React
54426,43807,Angular
54430,43807,Vue.js
54432,43809,React
54433,43809,Vue.js
54434,43814,Next.js
54435,43814,React
54438,43815,Next.js
54440,43815,React
54442,43820,Angular
54443,43820,Express
54445,43820,Next.js
54446,43820,Node.js
54447,43820,React
54448,43820,Spring Boot
54450,43825,Express
54451,43825,FastAPI
54453,43825,Node.js
54454,43825,React
54455,43825,Svelte
54456,43830,Angular
54459,43830,ASP.NET CORE
54460,43830,Node.js
54461,43830,React
54464,43841,Next.js
54465,43841,Node.js
54466,43841,React
54468,43847,FastAPI
54470,43847,Node.js
54474,43848,Node.js
54475,43848,React
54476,43857,Node.js
54478,43857,Vue.js
54480,43859,React
54481,43859,Spring Boot
54483,43861,Node.js
54485,43864,Node.js
54486,43864,React
54489,43870,Next.js
54490,43870,Node.js
54491,43870,React
54492,43870,Svelte
54493,43870,Vue.js
54495,43874,Next.js
54496,43874,Node.js
54497,43874,React
54499,43875,Angular
54502,43875,Node.js
54503,43875,Spring Boot
54504,43885,Angular
54505,43885,ASP.NET CORE
54507,43885,React
54510,43888,React
54513,43890,FastAPI
54515,43893,FastAPI
54517,43893,Node.js
54518,43897,FastAPI
54519,43897,Vue.js
54520,43899,ASP.NET CORE
54527,43909,Node.js
54529,43909,Svelte
54530,43909,Vue.js
54531,43910,Angular
54533,43910,Express
54534,43910,Next.js
54535,43910,Node.js
54536,43910,React
54537,43914,Express
54539,43914,Node.js
54540,43914,React
54541,43921,Express
54542,43921,Node.js
54543,43921,React
54544,43926,React
54545,43926,Spring Boot
54547,43927,Node.js
54549,43933,ASP.NET CORE
54553,43935,ASP.NET CORE
54556,43936,Next.js
54557,43936,Node.js
54558,43936,React
54562,43939,Next.js
54563,43939,Node.js
54565,43939,React
54567,43939,Vue.js
54569,43941,ASP.NET CORE
54570,43941,React
54571,43942,Angular
54572,43942,ASP.NET CORE
54575,43949,ASP.NET CORE
54582,43956,Express
54583,43956,FastAPI
54585,43956,Next.js
54586,43956,Node.js
54587,43956,Spring Boot
54588,43957,Node.js
54591,43957,Spring Boot
54592,43957,Svelte
54593,43957,Vue.js
54594,43958,Express
54595,43958,Node.js
54596,43958,Svelte
54597,43962,Node.js
54599,43962,Vue.js
54600,43966,Angular
54602,43971,ASP.NET CORE
54604,43971,Vue.js
54606,43973,Express
54607,43973,Node.js
54608,43973,React
54609,43975,FastAPI
54610,43975,Node.js
54611,43976,React
54613,43979,React
54615,43984,Svelte
54616,43985,Svelte
54618,43989,Next.js
54620,43989,React
54626,44011,Node.js
54629,44014,Node.js
54633,44018,Node.js
54634,44018,Spring Boot
54636,44026,Spring Boot
54637,44030,Angular
54640,44030,Next.js
54641,44030,Node.js
54642,44030,React
54644,44030,Svelte
54645,44030,Vue.js
54649,44033,FastAPI
54652,44037,React
54653,44037,Spring Boot
54654,44043,FastAPI
54658,44047,React
54660,44047,Vue.js
54661,44048,Angular
54663,44048,Express
54665,44048,Node.js
54667,44049,Vue.js
54668,44053,Express
54669,44053,FastAPI
54670,44053,Next.js
54671,44053,Node.js
54672,44053,React
54673,44054,Next.js
54674,44054,React
54676,44059,Svelte
54678,44061,Next.js
54679,44061,Node.js
54680,44061,React
54681,44061,Vue.js
54682,44063,Angular
54683,44063,ASP.NET CORE
54684,44063,React
54686,44064,Vue.js
54687,44069,Angular
54688,44069,Node.js
54689,44069,React
54693,44073,Node.js
54694,44073,Svelte
54697,44080,ASP.NET CORE
54698,44087,Angular
54699,44087,ASP.NET CORE
54700,44091,ASP.NET CORE
54702,44095,Angular
54704,44099,Angular
54705,44099,ASP.NET CORE
54706,44099,Next.js
54707,44099,React
54708,44101,FastAPI
54709,44101,Spring Boot
54710,44101,Vue.js
54711,44103,Angular
54713,44103,Express
54714,44103,Node.js
54720,44112,ASP.NET CORE
54721,44112,React
54722,44118,Next.js
54723,44118,Node.js
54724,44118,React
54725,44118,Spring Boot
54729,44125,Node.js
54735,44131,Node.js
54736,44131,Vue.js
54738,44132,Next.js
54739,44132,Node.js
54740,44132,React
54742,44133,Next.js
54743,44133,React
54744,44133,Vue.js
54749,44143,Express
54751,44143,Next.js
54752,44143,Node.js
54753,44143,React
54754,44144,Express
54755,44144,React
54756,44147,Angular
54759,44147,React
54760,44147,Vue.js
54761,44150,Express
54763,44150,Node.js
54764,44150,React
54765,44150,Spring Boot
54767,44151,Spring Boot
54769,44154,Node.js
54771,44158,ASP.NET CORE
54774,44158,Node.js
54775,44158,React
54776,44158,Vue.js
54777,44162,Angular
54780,44162,Node.js
54781,44162,Svelte
54782,44163,Express
54783,44163,Node.js
54784,44163,React
54785,44166,Express
54786,44166,Node.js
54789,44172,Next.js
54790,44172,Node.js
54791,44172,React
54792,44174,Node.js
54794,44181,Express
54795,44181,Next.js
54796,44181,Node.js
54797,44181,React
54799,44184,Express
54800,44184,Next.js
54801,44184,Node.js
54802,44184,React
54803,44185,Angular
54804,44185,Express
54806,44185,Node.js
54808,44185,Vue.js
54810,44186,ASP.NET CORE
54812,44188,Express
54813,44188,FastAPI
54815,44188,Next.js
54816,44188,React
54818,44188,Svelte
54819,44191,Angular
54820,44191,ASP.NET CORE
54821,44194,Express
54822,44194,FastAPI
54823,44194,Node.js
54825,44194,React
54828,44195,Express
54830,44195,Node.js
54831,44195,Svelte
54832,44197,FastAPI
54833,44197,Node.js
54834,44197,React
54836,44197,Spring Boot
54838,44200,Svelte
54840,44206,React
54841,44206,Spring Boot
54843,44209,Spring Boot
54844,44210,Angular
54845,44210,Express
54847,44210,Node.js
54849,44215,Spring Boot
54850,44216,ASP.NET CORE
54851,44218,FastAPI
54855,44225,Node.js
54856,44225,Vue.js
54857,44226,ASP.NET CORE
54859,44226,React
54861,44227,React
54862,44227,Svelte
54864,44228,ASP.NET CORE
54865,44234,Express
54866,44234,FastAPI
54868,44234,Next.js
54869,44234,Node.js
54871,44234,React
54873,44237,ASP.NET CORE
54875,44237,React
54876,44238,Node.js
54877,44238,Vue.js
54878,44240,Express
54879,44240,FastAPI
54880,44240,Next.js
54881,44240,Node.js
54882,44240,React
54885,44245,Vue.js
54888,44247,React
54890,44249,ASP.NET CORE
54891,44249,Node.js
54894,44251,FastAPI
54896,44251,Node.js
54897,44251,Vue.js
54898,44259,ASP.NET CORE
54899,44261,Node.js
54900,44261,React
54901,44264,Angular
54903,44270,Angular
54906,44270,Next.js
54907,44270,Node.js
54908,44270,React
54909,44270,Vue.js
54911,44271,React
54912,44276,Express
54914,44276,Next.js
54915,44276,Node.js
54916,44279,React
54917,44279,Svelte
54919,44283,ASP.NET CORE
54920,44283,Node.js
54921,44284,Express
54922,44284,Node.js
54923,44284,React
54925,44293,Spring Boot
54926,44293,Vue.js
54927,44295,ASP.NET CORE
54930,44297,Next.js
54931,44297,React
54932,44303,Express
54933,44303,Next.js
54934,44303,Node.js
54935,44303,React
54938,44308,React
54939,44308,Vue.js
54940,44313,React
54942,44314,FastAPI
54943,44316,ASP.NET CORE
54945,44316,Express
54947,44316,Node.js
54948,44316,React
54949,44316,Vue.js
54952,44324,Next.js
54954,44324,React
54955,44330,Express
54956,44330,Next.js
54957,44330,Node.js
54958,44330,React
54959,44330,Vue.js
54962,44332,Express
54964,44332,Next.js
54965,44332,Node.js
54967,44332,React
54970,44337,Express
54971,44337,FastAPI
54973,44337,Next.js
54974,44337,Node.js
54976,44337,React
54978,44339,Express
54979,44339,Next.js
54980,44339,Node.js
54982,44339,React
54984,44339,Svelte
54985,44339,Vue.js
54986,44340,FastAPI
54988,44341,Node.js
54992,44342,Node.js
54993,44342,Vue.js
54994,44346,React
54995,44347,ASP.NET CORE
54998,44347,Node.js
54999,44347,React
55000,44349,ASP.NET CORE
55001,44349,Next.js
55002,44349,Node.js
55003,44349,React
55005,44353,Next.js
55006,44353,Node.js
55007,44353,React
55008,44353,Spring Boot
55009,44358,Angular
55012,44358,ASP.NET CORE
55015,44360,ASP.NET CORE
55017,44360,Node.js
55018,44360,React
55020,44362,Express
55021,44362,Node.js
55022,44363,ASP.NET CORE
55023,44364,Spring Boot
55024,44366,Angular
55026,44366,Express
55028,44366,Next.js
55029,44366,React
55031,44372,Express
55033,44372,Node.js
55034,44372,Spring Boot
55035,44382,FastAPI
55036,44382,Next.js
55037,44382,Node.js
55039,44384,Node.js
55040,44384,Svelte
55042,44396,ASP.NET CORE
55043,44396,Next.js
55044,44396,Node.js
55045,44396,React
55046,44404,React
55047,44404,Vue.js
55048,44405,Spring Boot
55050,44407,FastAPI
55055,44407,Next.js
55056,44407,Node.js
55058,44407,React
55059,44407,Svelte
55060,44407,Vue.js
55061,44410,Angular
55066,44410,Node.js
55067,44410,Vue.js
55069,44413,Angular
55071,44413,ASP.NET CORE
55073,44413,Node.js
55074,44414,ASP.NET CORE
55076,44414,Node.js
55077,44415,Angular
55078,44415,Express
55080,44415,React
55082,44424,Express
55083,44424,FastAPI
55085,44424,Next.js
55086,44424,Node.js
55087,44424,React
55090,44429,Node.js
55091,44433,Angular
55093,44433,ASP.NET CORE
55095,44433,Next.js
55096,44433,Node.js
55098,44433,React
55099,44433,Vue.js
55100,44437,Svelte
55101,44438,ASP.NET CORE
55103,44438,Svelte
55104,44439,FastAPI
55105,44445,Express
55106,44445,Node.js
55107,44445,React
55108,44445,Vue.js
55109,44447,Next.js
55110,44447,Node.js
55111,44447,React
55114,44452,Angular
55116,44452,React
55118,44462,ASP.NET CORE
55120,44462,Vue.js
55121,44465,Vue.js
55123,44479,ASP.NET CORE
55125,44479,React
55127,44479,Spring Boot
55128,44479,Svelte
55132,44484,Next.js
55133,44484,Spring Boot
55135,44485,ASP.NET CORE
55138,44493,Express
55140,44493,Node.js
55141,44493,React
55142,44493,Spring Boot
55143,44500,ASP.NET CORE
55144,44500,React
55146,44501,Next.js
55147,44501,Node.js
55148,44501,React
55150,44503,Express
55152,44503,Next.js
55153,44503,Node.js
55154,44503,React
55155,44513,Next.js
55156,44513,React
55157,44518,Angular
55159,44518,Next.js
55161,44518,React
55162,44518,Svelte
55164,44521,Spring Boot
55165,44524,FastAPI
55167,44524,React
55169,44524,Spring Boot
55170,44525,Spring Boot
55171,44526,Node.js
55172,44526,Vue.js
55174,44529,Next.js
55175,44529,React
55176,44529,Spring Boot
55177,44531,ASP.NET CORE
55178,44531,Express
55179,44531,Node.js
55180,44531,React
55181,44542,Angular
55182,44542,Node.js
55183,44542,Spring Boot
55184,44546,Angular
55187,44546,ASP.NET CORE
55190,44546,Node.js
55191,44546,React
55192,44547,Node.js
55193,44547,Vue.js
55194,44558,Node.js
55195,44558,Vue.js
55196,44566,React
55197,44570,Angular
55198,44570,Spring Boot
55200,44574,Next.js
55204,44575,Node.js
55207,44575,Vue.js
55208,44577,ASP.NET CORE
55210,44583,Angular
55211,44583,Next.js
55212,44583,Node.js
55213,44583,React
55216,44585,FastAPI
55218,44585,Svelte
55219,44586,React
55222,44587,Node.js
55223,44587,React
55224,44590,Spring Boot
55225,44591,React
55226,44597,Next.js
55228,44604,Angular
55229,44604,Next.js
55230,44604,Spring Boot
55233,44608,Angular
55234,44608,Node.js
55235,44608,Spring Boot
55236,44610,Angular
55237,44610,Spring Boot
55239,44612,Next.js
55240,44612,Node.js
55242,44612,React
55244,44612,Vue.js
55248,44616,Vue.js
55249,44618,Spring Boot
55250,44620,ASP.NET CORE
55252,44620,Svelte
55253,44620,Vue.js
55254,44622,Node.js
55256,44622,React
55258,44622,Vue.js
55259,44624,Angular
55262,44624,React
55263,44624,Spring Boot
55264,44626,Next.js
55265,44626,React
55266,44631,Angular
55268,44631,Next.js
55272,44642,React
55274,44645,React
55278,44647,React
55280,44653,Next.js
55281,44653,Node.js
55282,44653,React
55283,44653,Vue.js
55284,44654,Spring Boot
55286,44658,FastAPI
55290,44662,Next.js
55292,44662,React
55295,44662,Vue.js
55297,44664,Next.js
55298,44664,Node.js
55299,44664,Svelte
55302,44667,FastAPI
55304,44667,Vue.js
55307,44680,ASP.NET CORE
55310,44682,ASP.NET CORE
55312,44682,Vue.js
55313,44694,Spring Boot
55314,44697,Spring Boot
55315,44706,Svelte
55316,44706,Vue.js
55317,44712,Express
55318,44712,Node.js
55319,44712,Vue.js
55320,44713,ASP.NET CORE
55322,44713,React
55323,44713,Vue.js
55325,44716,Node.js
55326,44716,React
55327,44717,Next.js
55328,44717,Node.js
55329,44717,React
55331,44725,ASP.NET CORE
55333,44725,Node.js
55338,44729,Next.js
55339,44729,Node.js
55341,44729,React
55343,44731,ASP.NET CORE
55347,44732,Svelte
55348,44739,Node.js
55351,44742,React
55353,44744,React
55354,44744,Spring Boot
55355,44745,Next.js
55356,44745,Spring Boot
55357,44746,FastAPI
55358,44746,Next.js
55359,44747,ASP.NET CORE
55360,44747,Vue.js
55361,44748,Express
55362,44748,FastAPI
55366,44751,Node.js
55367,44751,React
55368,44751,Svelte
55370,44754,ASP.NET CORE
55372,44754,Node.js
55373,44754,Vue.js
55376,44757,Express
55379,44757,Next.js
55380,44757,Node.js
55381,44757,React
55384,44757,Vue.js
55386,44759,FastAPI
55387,44761,Angular
55388,44761,ASP.NET CORE
55389,44761,Node.js
55390,44764,Angular
55394,44764,Node.js
55395,44764,React
55397,44768,Next.js
55398,44768,Node.js
55399,44768,React
55400,44770,React
55401,44770,Vue.js
55404,44772,ASP.NET CORE
55406,44774,ASP.NET CORE
55408,44774,React
55411,44775,React
55412,44776,Express
55415,44776,Next.js
55416,44776,Node.js
55417,44776,React
55418,44776,Svelte
55419,44776,Vue.js
55422,44782,Next.js
55423,44782,Node.js
55425,44782,React
55428,44783,Angular
55431,44786,Svelte
55432,44787,Express
55433,44787,Node.js
55434,44787,React
55439,44793,Next.js
55440,44793,Node.js
55441,44793,React
55442,44793,Svelte
55443,44795,React
55444,44798,Node.js
55445,44798,React
55447,44798,Vue.js
55450,44799,Svelte
55451,44799,Vue.js
55452,44800,ASP.NET CORE
55453,44803,Next.js
55454,44803,React
55459,44809,React
55461,44809,Vue.js
55462,44814,Angular
55463,44814,Node.js
55467,44824,Next.js
55468,44824,Node.js
55469,44824,React
55471,44824,Svelte
55472,44825,FastAPI
55473,44825,Svelte
55474,44825,Vue.js
55476,44826,React
55479,44831,Next.js
55480,44831,React
55482,44831,Spring Boot
55484,44835,ASP.NET CORE
55486,44837,Next.js
55487,44837,React
55488,44839,Angular
55490,44839,Express
55491,44839,FastAPI
55495,44839,Next.js
55496,44839,Node.js
55497,44839,React
55498,44839,Vue.js
55499,44843,Express
55500,44843,Next.js
55501,44843,Node.js
55505,44848,Node.js
55507,44848,React
55509,44849,Angular
55512,44849,Next.js
55513,44849,React
55514,44849,Svelte
55515,44849,Vue.js
55519,44856,React
55520,44858,Node.js
55521,44858,Spring Boot
55522,44858,Vue.js
55528,44866,Spring Boot
55529,44870,Angular
55530,44870,Spring Boot
55531,44874,Node.js
55532,44874,React
55534,44882,Next.js
55535,44882,React
55536,44887,React
55537,44887,Spring Boot
55545,44893,React
55548,44894,FastAPI
55549,44894,Next.js
55550,44894,Node.js
55552,44894,React
55554,44895,Next.js
55556,44896,React
55558,44896,Vue.js
55560,44906,Node.js
55562,44906,Vue.js
55564,44909,Next.js
55565,44911,ASP.NET CORE
55566,44911,Svelte
55567,44913,React
55568,44913,Spring Boot
55569,44913,Vue.js
55571,44918,Next.js
55572,44918,Node.js
55573,44918,React
55574,44920,FastAPI
55575,44920,Next.js
55576,44920,Node.js
55577,44920,React
55578,44931,Angular
55579,44931,Express
55580,44931,Next.js
55581,44931,Node.js
55582,44931,React
55583,44931,Spring Boot
55584,44932,Spring Boot
55585,44937,Angular
55586,44937,Node.js
55587,44937,Spring Boot
55588,44937,Vue.js
55589,44941,Spring Boot
55590,44944,Angular
55592,44944,Node.js
55595,44951,Next.js
55596,44951,Node.js
55598,44951,React
55601,44952,ASP.NET CORE
55603,44953,FastAPI
55607,44961,Spring Boot
55609,44962,Express
55610,44962,Node.js
55611,44962,React
55612,44966,Angular
55613,44966,ASP.NET CORE
55614,44966,Express
55617,44966,Next.js
55618,44966,Node.js
55620,44966,React
55622,44966,Svelte
55623,44966,Vue.js
55624,44969,Angular
55625,44969,ASP.NET CORE
55626,44971,Node.js
55628,44971,React
55629,44975,Spring Boot
55631,44976,ASP.NET CORE
55634,44983,Svelte
55635,44983,Vue.js
55639,44985,Next.js
55640,44985,Node.js
55641,44985,React
55642,44989,FastAPI
55643,44989,Node.js
55644,44989,React
55647,44991,Vue.js
55648,44994,ASP.NET CORE
55651,44994,React
55652,45000,ASP.NET CORE
55655,45003,Express
55657,45003,Node.js
55658,45003,Svelte
55660,45006,React
55661,45006,Vue.js
55662,45007,ASP.NET CORE
55664,45008,Next.js
55665,45008,Node.js
55666,45008,React
55668,45009,Vue.js
55669,45011,React
55671,45014,Next.js
55672,45014,Node.js
55673,45014,React
55674,45014,Svelte
55675,45016,Express
55678,45016,Next.js
55679,45016,Node.js
55680,45016,React
55683,45026,Angular
55684,45026,ASP.NET CORE
55685,45026,React
55686,45027,React
55690,45028,Next.js
55691,45028,Node.js
55693,45028,React
55694,45028,Svelte
55695,45028,Vue.js
55696,45031,Angular
55698,45031,ASP.NET CORE
55700,45031,Node.js
55701,45031,Vue.js
55702,45034,Node.js
55703,45036,React
55704,45036,Spring Boot
55707,45039,ASP.NET CORE
55708,45042,ASP.NET CORE
55710,45042,Vue.js
55711,45045,FastAPI
55713,45046,Express
55717,45046,Next.js
55718,45046,Node.js
55719,45046,React
55720,45046,Spring Boot
55721,45051,Express
55722,45051,FastAPI
55723,45051,Node.js
55725,45051,React
55726,45051,Vue.js
55727,45052,FastAPI
55728,45052,React
55729,45055,Angular
55730,45055,Spring Boot
55731,45057,ASP.NET CORE
55734,45057,Vue.js
55736,45058,Vue.js
55737,45062,ASP.NET CORE
55741,45065,React
55742,45069,Angular
55743,45069,Node.js
55744,45070,Node.js
55745,45070,Svelte
55747,45074,Node.js
55748,45078,FastAPI
55749,45078,Next.js
55750,45078,Node.js
55751,45078,React
55752,45079,FastAPI
55754,45079,Next.js
55755,45079,React
55756,45079,Svelte
55757,45080,ASP.NET CORE
55760,45080,Next.js
55761,45080,Node.js
55762,45080,Svelte
55764,45082,FastAPI
55767,45082,Node.js
55768,45082,React
55770,45083,Angular
55772,45083,ASP.NET CORE
55775,45085,FastAPI
55776,45085,Next.js
55777,45085,React
55778,45085,Vue.js
55779,45086,Next.js
55780,45086,Node.js
55781,45086,React
55783,45087,Node.js
55784,45087,React
55787,45091,Angular
55789,45091,ASP.NET CORE
55791,45091,FastAPI
55795,45091,Next.js
55796,45091,Node.js
55797,45091,React
55798,45091,Spring Boot
55799,45096,Angular
55800,45096,Express
55801,45096,Node.js
55802,45102,Angular
55803,45102,ASP.NET CORE
55804,45102,Express
55806,45102,Node.js
55808,45103,Next.js
55809,45103,Node.js
55810,45103,React
55812,45103,Svelte
55814,45113,Next.js
55815,45113,React
55816,45113,Spring Boot
55817,45116,ASP.NET CORE
55819,45116,Node.js
55821,45131,Angular
55823,45131,ASP.NET CORE
55827,45131,Node.js
55829,45131,Vue.js
55833,45136,ASP.NET CORE
55836,45136,Vue.js
55838,45144,Next.js
55839,45144,Node.js
55840,45144,React
55842,45146,ASP.NET CORE
55843,45146,Node.js
55844,45146,React
55845,45147,React
55849,45149,ASP.NET CORE
55850,45150,Node.js
55851,45150,React
55852,45151,Express
55853,45151,Node.js
55854,45153,ASP.NET CORE
55856,45155,Angular
55858,45155,ASP.NET CORE
55860,45155,Node.js
55861,45155,Spring Boot
55862,45156,FastAPI
55864,45156,Next.js
55865,45156,Node.js
55867,45156,React
55868,45156,Vue.js
55870,45160,React
55872,45162,FastAPI
55876,45163,Angular
55879,45163,Express
55880,45163,FastAPI
55883,45163,Next.js
55884,45163,Node.js
55885,45163,React
55886,45163,Spring Boot
55888,45170,FastAPI
55889,45170,React
55890,45172,Angular
55892,45172,Express
55893,45172,Node.js
55894,45176,Express
55896,45176,Node.js
55898,45179,Angular
55899,45179,Express
55900,45179,FastAPI
55902,45179,Next.js
55903,45179,Node.js
55904,45179,React
55905,45179,Svelte
55907,45183,ASP.NET CORE
55909,45185,Angular
55910,45185,ASP.NET CORE
55912,45185,Node.js
55913,45185,React
55916,45186,Next.js
55917,45186,Node.js
55919,45186,React
55921,45186,Vue.js
55922,45193,React
55923,45193,Spring Boot
55924,45195,Angular
55926,45195,Express
55929,45195,Node.js
55934,45195,Svelte
55935,45195,Vue.js
55937,45199,Next.js
55938,45199,Node.js
55939,45199,React
55945,45202,Node.js
55952,45208,Angular
55955,45208,Node.js
55956,45208,React
55957,45216,Next.js
55958,45216,React
55959,45217,Angular
55961,45217,ASP.NET CORE
55962,45217,Next.js
55964,45217,React
55965,45218,ASP.NET CORE
55968,45218,React
55969,45219,Node.js
55970,45219,React
55972,45220,Spring Boot
55973,45223,ASP.NET CORE
55974,45223,Node.js
55975,45223,React
55976,45225,Angular
55977,45225,ASP.NET CORE
55979,45225,FastAPI
55980,45225,Node.js
55981,45225,React
55982,45226,Angular
55983,45226,ASP.NET CORE
55986,45229,Vue.js
55988,45231,Express
55990,45231,Node.js
55991,45231,Svelte
55992,45232,ASP.NET CORE
55993,45232,React
55995,45235,FastAPI
55997,45235,Node.js
55998,45235,React
55999,45236,Next.js
56000,45236,React
56001,45237,Next.js
56002,45237,Node.js
56003,45237,React
56007,45244,Node.js
56008,45244,React
56009,45252,Next.js
56012,45253,Angular
56014,45253,Node.js
56019,45255,Next.js
56020,45255,Node.js
56024,45257,Vue.js
56026,45261,Vue.js
56027,45269,ASP.NET CORE
56028,45276,React
56030,45278,Next.js
56031,45278,Node.js
56032,45278,React
56034,45280,Node.js
56035,45280,React
56036,45281,Node.js
56037,45281,React
56039,45287,React
56040,45288,ASP.NET CORE
56041,45288,Node.js
56042,45288,Vue.js
56043,45289,Express
56045,45289,Node.js
56048,45289,Vue.js
56051,45294,Vue.js
56054,45299,Next.js
56055,45299,React
56056,45300,Angular
56057,45300,Express
56059,45300,Node.js
56060,45301,FastAPI
56061,45301,React
56062,45309,Node.js
56063,45309,React
56066,45313,ASP.NET CORE
56070,45313,Svelte
56071,45313,Vue.js
56073,45319,Node.js
56074,45319,React
56077,45325,Node.js
56078,45325,React
56079,45325,Vue.js
56080,45329,Express
56081,45329,FastAPI
56085,45329,Next.js
56086,45329,Node.js
56088,45329,React
56092,45329,Svelte
56093,45329,Vue.js
56095,45331,FastAPI
56096,45341,React
56098,45342,Next.js
56099,45342,Node.js
56100,45342,React
56101,45342,Svelte
56104,45347,Node.js
56108,45349,FastAPI
56110,45349,Spring Boot
56111,45351,ASP.NET CORE
56112,45351,Express
56113,45351,Node.js
56114,45351,React
56115,45353,Angular
56116,45353,Express
56117,45353,Node.js
56118,45353,Spring Boot
56119,45357,FastAPI
56120,45357,Node.js
56121,45357,React
56122,45357,Spring Boot
56123,45360,Spring Boot
56124,45364,ASP.NET CORE
56126,45364,Vue.js
56127,45365,Express
56128,45365,Node.js
56129,45365,React
56130,45365,Spring Boot
56131,45366,Angular
56132,45366,React
56133,45366,Spring Boot
56134,45368,React
56135,45368,Spring Boot
56137,45373,Node.js
56138,45373,Vue.js
56139,45375,React
56140,45377,Express
56141,45377,Node.js
56142,45378,Angular
56143,45378,Express
56145,45378,Node.js
56146,45378,React
56147,45378,Spring Boot
56148,45384,React
56151,45386,React
56153,45397,FastAPI
56154,45397,React
56158,45399,ASP.NET CORE
56161,45401,Next.js
56162,45401,Node.js
56163,45401,React
56166,45401,Svelte
56167,45403,ASP.NET CORE
56169,45404,FastAPI
56172,45405,React
56173,45405,Vue.js
56175,45406,Node.js
56176,45406,Spring Boot
56177,45407,ASP.NET CORE
56181,45408,React
56182,45409,Express
56184,45409,Node.js
56185,45416,Node.js
56186,45416,Svelte
56188,45417,Express
56189,45417,Node.js
56190,45417,React
56193,45421,FastAPI
56196,45421,Next.js
56197,45421,React
56198,45421,Vue.js
56199,45424,Express
56200,45424,Next.js
56201,45424,Node.js
56203,45425,Next.js
56204,45425,Node.js
56205,45425,React
56207,45433,Next.js
56208,45433,Node.js
56209,45433,React
56211,45434,Express
56213,45434,Node.js
56214,45435,Angular
56217,45435,Svelte
56219,45437,ASP.NET CORE
56221,45437,Next.js
56222,45437,Node.js
56223,45437,React
56224,45441,Next.js
56225,45441,Node.js
56226,45441,React
56227,45443,Angular
56229,45443,ASP.NET CORE
56232,45443,Express
56234,45443,Next.js
56235,45443,Node.js
56236,45443,React
56237,45443,Vue.js
56238,45445,Node.js
56239,45445,React
56240,45446,Svelte
56241,45446,Vue.js
56242,45447,React
56243,45448,Next.js
56244,45448,Node.js
56246,45450,Angular
56248,45450,ASP.NET CORE
56249,45450,Node.js
56251,45452,Next.js
56252,45452,Node.js
56253,45452,React
56254,45453,Angular
56256,45453,Svelte
56258,45455,React
56260,45455,Spring Boot
56261,45455,Vue.js
56263,45458,Node.js
56264,45458,React
56266,45460,Node.js
56267,45460,React
56269,45463,ASP.NET CORE
56270,45463,Express
56273,45463,Node.js
56274,45463,Svelte
56275,45463,Vue.js
56278,45468,Express
56279,45468,Node.js
56280,45468,React
56283,45470,React
56284,45472,Angular
56286,45472,Express
56287,45472,FastAPI
56292,45472,Node.js
56294,45472,Vue.js
56295,45473,Express
56298,45473,React
56299,45474,Angular
56300,45474,ASP.NET CORE
56308,45483,Next.js
56313,45485,FastAPI
56314,45485,Next.js
56315,45485,React
56317,45487,FastAPI
56318,45487,React
56319,45487,Spring Boot
56320,45488,Angular
56321,45488,ASP.NET CORE
56322,45488,Node.js
56324,45491,ASP.NET CORE
56328,45491,Vue.js
56329,45495,Svelte
56330,45495,Vue.js
56333,45496,Node.js
56334,45496,React
56337,45498,Node.js
56338,45498,Vue.js
56342,45501,Svelte
56343,45501,Vue.js
56344,45502,FastAPI
56346,45502,Node.js
56348,45505,FastAPI
56349,45506,Next.js
56350,45506,Node.js
56351,45506,React
56353,45509,Express
56357,45509,Svelte
56359,45509,Vue.js
56361,45511,Express
56362,45511,Node.js
56363,45511,React
56364,45512,FastAPI
56366,45512,Spring Boot
56367,45514,ASP.NET CORE
56369,45514,FastAPI
56371,45516,Angular
56372,45516,ASP.NET CORE
56373,45516,Next.js
56374,45516,Node.js
56376,45533,Angular
56377,45535,Next.js
56378,45535,React
56379,45535,Vue.js
56382,45540,ASP.NET CORE
56387,45543,FastAPI
56389,45545,FastAPI
56394,45556,ASP.NET CORE
56397,45557,Svelte
56398,45562,ASP.NET CORE
56400,45562,Next.js
56401,45562,Node.js
56402,45562,React
56403,45569,Angular
56404,45569,Express
56406,45569,Node.js
56407,45574,Angular
56408,45574,ASP.NET CORE
56409,45574,React
56411,45576,FastAPI
56413,45577,Express
56414,45577,Node.js
56415,45577,Svelte
56416,45587,Node.js
56417,45587,React
56418,45587,Spring Boot
56419,45591,Angular
56421,45591,Node.js
56423,45596,Express
56426,45596,Next.js
56427,45596,Node.js
56429,45596,React
56432,45596,Vue.js
56434,45600,Node.js
56435,45600,React
56437,45601,ASP.NET CORE
56439,45601,Node.js
56440,45601,React
56441,45605,Node.js
56444,45606,Svelte
56445,45606,Vue.js
56446,45608,Express
56447,45608,Next.js
56448,45608,Node.js
56449,45608,React
56450,45608,Svelte
56451,45612,Angular
56452,45612,Express
56453,45612,Next.js
56454,45612,Node.js
56455,45612,Spring Boot
56456,45612,Svelte
56457,45613,ASP.NET CORE
56460,45613,React
56462,45613,Svelte
56464,45615,ASP.NET CORE
56466,45615,Next.js
56467,45615,Node.js
56468,45615,React
56470,45619,Vue.js
56472,45626,Express
56473,45626,Node.js
56474,45626,React
56475,45626,Spring Boot
56476,45626,Svelte
56482,45637,Angular
56483,45637,Node.js
56484,45638,ASP.NET CORE
56488,45639,Vue.js
56489,45646,Angular
56492,45646,Next.js
56493,45646,React
56495,45646,Spring Boot
56496,45646,Svelte
56498,45646,Vue.js
56500,45651,Angular
56501,45651,Node.js
56502,45654,Angular
56505,45657,Angular
56506,45657,Node.js
56508,45659,ASP.NET CORE
56510,45659,Svelte
56513,45660,Node.js
56514,45660,React
56516,45661,Angular
56517,45661,Spring Boot
56518,45666,Angular
56519,45666,ASP.NET CORE
56520,45666,Node.js
56521,45668,ASP.NET CORE
56522,45668,React
56524,45670,Spring Boot
56525,45672,Node.js
56526,45672,Vue.js
56529,45676,FastAPI
56533,45676,Svelte
56534,45678,Node.js
56535,45678,React
56536,45682,ASP.NET CORE
56537,45682,React
56538,45682,Spring Boot
56539,45684,FastAPI
56540,45684,Next.js
56541,45684,Node.js
56542,45684,React
56543,45687,Spring Boot
56547,45689,Svelte
56548,45699,Next.js
56549,45699,Node.js
56550,45699,React
56551,45700,ASP.NET CORE
56554,45700,FastAPI
56555,45700,React
56557,45701,ASP.NET CORE
56558,45701,Vue.js
56559,45706,React
56561,45708,React
56563,45711,Angular
56564,45711,Next.js
56565,45711,Node.js
56566,45711,React
56568,45712,Express
56569,45712,Node.js
56570,45712,React
56572,45713,React
56576,45714,Node.js
56577,45717,Spring Boot
56579,45720,ASP.NET CORE
56584,45725,Vue.js
56585,45726,Node.js
56586,45729,FastAPI
56589,45733,Svelte
56590,45736,Next.js
56591,45736,Node.js
56592,45736,Vue.js
56594,45738,Next.js
56595,45738,Node.js
56596,45738,React
56598,45742,Express
56600,45742,Node.js
56603,45742,Vue.js
56604,45746,Vue.js
56605,45749,Angular
56607,45749,Next.js
56608,45749,Node.js
56609,45749,React
56610,45750,ASP.NET CORE
56611,45750,Next.js
56612,45750,React
56617,45753,Vue.js
56618,45754,ASP.NET CORE
56619,45757,FastAPI
56620,45757,Node.js
56621,45757,Vue.js
56622,45758,React
56623,45758,Spring Boot
56624,45760,Express
56626,45760,Node.js
56627,45760,Svelte
56628,45761,ASP.NET CORE
56629,45761,React
56630,45762,Angular
56632,45763,FastAPI
56634,45763,Node.js
56635,45763,Svelte
56637,45766,Angular
56638,45766,React
56639,45766,Spring Boot
56640,45769,ASP.NET CORE
56641,45769,Node.js
56642,45769,React
56644,45788,Express
56645,45788,Node.js
56646,45788,Vue.js
56647,45791,Next.js
56648,45791,Node.js
56649,45791,React
56652,45794,Angular
56654,45799,Angular
56655,45799,ASP.NET CORE
56658,45799,Node.js
56660,45799,Vue.js
56661,45802,Node.js
56663,45818,Node.js
56664,45818,React
56666,45819,Spring Boot
56667,45820,React
56669,45821,Express
56670,45821,Next.js
56671,45821,Node.js
56672,45821,React
56673,45822,ASP.NET CORE
56674,45822,React
56676,45825,React
56677,45825,Vue.js
56678,45828,React
56679,45831,ASP.NET CORE
56680,45831,Next.js
56682,45833,Angular
56683,45833,Express
56684,45833,Node.js
56685,45833,Svelte
56687,45846,Angular
56688,45846,ASP.NET CORE
56689,45846,Next.js
56690,45846,React
56691,45846,Spring Boot
56692,45848,Angular
56694,45848,Express
56696,45848,Next.js
56697,45848,Node.js
56698,45848,Spring Boot
56699,45855,ASP.NET CORE
56700,45855,React
56701,45862,React
56705,45870,React
56707,45870,Vue.js
56708,45875,Next.js
56709,45875,Node.js
56710,45875,React
56711,45875,Svelte
56712,45877,Angular
56714,45877,FastAPI
56715,45877,Node.js
56717,45877,Vue.js
56720,45881,Angular
56722,45881,ASP.NET CORE
56724,45881,Next.js
56725,45881,React
56726,45881,Vue.js
56727,45887,React
56729,45892,Angular
56732,45892,FastAPI
56734,45892,Next.js
56735,45892,Node.js
56737,45892,React
56738,45892,Spring Boot
56739,45892,Svelte
56740,45892,Vue.js
56742,45907,Angular
56743,45907,FastAPI
56745,45907,React
56746,45913,Angular
56750,45913,Node.js
56751,45913,React
56757,45917,React
56758,45919,Angular
56760,45919,Node.js
56761,45919,React
56765,45927,Angular
56766,45937,Express
56767,45937,Node.js
56768,45937,React
56769,45938,Express
56770,45938,FastAPI
56772,45938,Next.js
56773,45938,Node.js
56774,45938,React
56778,45939,Node.js
56779,45939,Vue.js
56780,45941,Angular
56782,45941,Node.js
56783,45941,React
56784,45941,Svelte
56785,45941,Vue.js
56786,45943,FastAPI
56787,45943,Next.js
56788,45943,Node.js
56789,45945,ASP.NET CORE
56790,45946,ASP.NET CORE
56793,45947,ASP.NET CORE
56795,45949,ASP.NET CORE
56796,45949,Node.js
56797,45949,React
56798,45949,Svelte
56800,45952,Spring Boot
56802,45960,FastAPI
56804,45961,Angular
56808,45961,Node.js
56809,45961,React
56814,45968,React
56815,45972,Express
56818,45972,Node.js
56819,45972,Vue.js
56823,45973,React
56824,45973,Svelte
56825,45973,Vue.js
56826,45978,ASP.NET CORE
56828,45978,React
56829,45978,Svelte
56830,45979,Angular
56833,45979,Node.js
56834,45979,Spring Boot
56837,45986,Node.js
56839,45989,FastAPI
56840,45989,Svelte
56841,45989,Vue.js
56842,45995,Next.js
56843,45995,React
56844,45996,ASP.NET CORE
56849,45997,Next.js
56850,45997,Node.js
56852,45998,Spring Boot
56853,45998,Vue.js
56854,46002,Spring Boot
56855,46002,Vue.js
56857,46004,ASP.NET CORE
56858,46004,Node.js
56860,46004,Vue.js
56861,46006,Angular
56862,46006,ASP.NET CORE
56863,46006,Express
56864,46006,FastAPI
56868,46006,Node.js
56871,46015,Express
56872,46015,Node.js
56873,46015,Spring Boot
56874,46015,Vue.js
56875,46016,Node.js
56877,46016,Vue.js
56878,46017,Angular
56880,46017,ASP.NET CORE
56884,46019,Next.js
56885,46019,Node.js
56886,46019,React
56890,46025,Express
56891,46025,FastAPI
56893,46025,Next.js
56894,46025,Node.js
56895,46025,React
56896,46027,Node.js
56897,46027,React
56899,46027,Svelte
56900,46029,Vue.js
56901,46031,Next.js
56902,46031,React
56904,46039,React
56905,46039,Spring Boot
56906,46039,Vue.js
56907,46043,Svelte
56908,46054,Vue.js
56910,46055,Next.js
56911,46055,React
56912,46073,Next.js
56913,46073,Node.js
56914,46073,React
56916,46078,Spring Boot
56918,46078,Vue.js
56920,46085,FastAPI
56922,46086,Next.js
56923,46086,React
56926,46092,Express
56927,46092,FastAPI
56932,46092,Next.js
56933,46092,Node.js
56935,46092,React
56937,46092,Spring Boot
56938,46092,Svelte
56939,46092,Vue.js
56941,46097,Vue.js
56942,46103,Express
56943,46103,React
56944,46109,Express
56945,46109,Next.js
56946,46109,Node.js
56947,46109,React
56949,46112,Spring Boot
56951,46114,Node.js
56953,46116,ASP.NET CORE
56954,46116,Express
56956,46116,Next.js
56957,46116,Node.js
56958,46116,Spring Boot
56962,46123,Node.js
56963,46123,Vue.js
56964,46124,Node.js
56965,46124,Spring Boot
56966,46124,Vue.js
56969,46127,React
56971,46130,Angular
56973,46130,ASP.NET CORE
56977,46140,Next.js
56978,46140,Node.js
56980,46140,Vue.js
56981,46144,Node.js
56982,46145,Vue.js
56984,46152,Next.js
56985,46152,Node.js
56986,46152,React
56987,46157,ASP.NET CORE
56991,46161,Vue.js
56993,46162,Spring Boot
56995,46167,Next.js
56997,46167,React
57001,46168,React
57002,46168,Svelte
57003,46168,Vue.js
57004,46173,Node.js
57005,46173,Svelte
57006,46173,Vue.js
57008,46175,FastAPI
57009,46175,Node.js
57012,46177,React
57014,46178,ASP.NET CORE
57015,46178,Node.js
57016,46178,Spring Boot
57017,46178,Vue.js
57019,46179,Next.js
57020,46179,React
57021,46179,Svelte
57022,46184,Svelte
57023,46189,ASP.NET CORE
57028,46194,Angular
57031,46200,Node.js
57032,46200,React
57035,46205,ASP.NET CORE
57037,46205,React
57038,46205,Vue.js
57040,46209,React
57041,46209,Vue.js
57042,46216,ASP.NET CORE
57046,46218,Vue.js
57048,46219,Express
57052,46219,Svelte
57053,46222,React
57055,46222,Vue.js
57057,46226,FastAPI
57059,46226,Next.js
57060,46226,React
57061,46226,Vue.js
57062,46228,ASP.NET CORE
57064,46228,Svelte
57065,46228,Vue.js
57066,46230,Node.js
57067,46230,React
57069,46235,FastAPI
57070,46235,Svelte
57071,46237,ASP.NET CORE
57074,46241,ASP.NET CORE
57075,46241,React
57076,46242,FastAPI
57081,46255,ASP.NET CORE
57082,46255,Node.js
57083,46255,React
57085,46257,Express
57087,46257,Node.js
57088,46257,React
57089,46257,Vue.js
57091,46267,FastAPI
57093,46268,FastAPI
57095,46268,React
57096,46269,FastAPI
57106,46287,Next.js
57107,46287,Node.js
57108,46287,React
57110,46289,React
57111,46290,Spring Boot
57114,46291,React
57115,46291,Svelte
57118,46292,Vue.js
57119,46296,Vue.js
57120,46315,Spring Boot
57121,46316,Node.js
57122,46316,React
57123,46316,Spring Boot
57124,46324,Angular
57125,46324,React
57128,46327,Node.js
57129,46327,React
57130,46327,Spring Boot
57136,46342,React
57138,46347,Spring Boot
57139,46351,Next.js
57140,46351,Node.js
57141,46351,React
57142,46351,Spring Boot
57144,46357,ASP.NET CORE
57146,46363,FastAPI
57148,46363,React
57153,46365,Next.js
57154,46365,Node.js
57156,46365,React
57157,46366,Angular
57158,46366,ASP.NET CORE
57159,46366,Spring Boot
57160,46370,Angular
57162,46370,Next.js
57163,46370,Node.js
57164,46370,React
57166,46370,Spring Boot
57167,46370,Svelte
57168,46370,Vue.js
57169,46371,FastAPI
57170,46371,React
57172,46375,React
57174,46384,Angular
57176,46387,ASP.NET CORE
57177,46387,React
57179,46390,Next.js
57181,46390,React
57182,46390,Spring Boot
57183,46394,Angular
57186,46394,Node.js
57187,46394,Svelte
57188,46395,Express
57190,46395,Next.js
57191,46395,Node.js
57192,46395,React
57193,46396,ASP.NET CORE
57197,46405,React
57201,46406,React
57202,46410,ASP.NET CORE
57203,46410,Express
57204,46410,Node.js
57206,46417,ASP.NET CORE
57208,46417,Vue.js
57210,46419,ASP.NET CORE
57211,46419,Node.js
57213,46420,React
57214,46420,Spring Boot
57215,46430,Next.js
57216,46430,React
57217,46432,ASP.NET CORE
57220,46433,React
57223,46435,React
57224,46438,ASP.NET CORE
57226,46438,Node.js
57227,46438,React
57229,46447,ASP.NET CORE
57230,46447,React
57236,46449,Svelte
57237,46450,Svelte
57238,46451,React
57240,46460,Vue.js
57243,46461,Node.js
57244,46461,React
57245,46462,FastAPI
57249,46464,Svelte
57250,46465,Express
57251,46465,Node.js
57252,46465,React
57253,46467,Angular
57255,46468,Angular
57257,46468,React
57258,46468,Vue.js
57260,46470,Next.js
57261,46470,Node.js
57262,46470,React
57263,46471,Svelte
57268,46474,Angular
57270,46474,FastAPI
57273,46474,Next.js
57274,46474,Node.js
57275,46474,React
57276,46474,Svelte
57277,46474,Vue.js
57278,46475,ASP.NET CORE
57279,46480,ASP.NET CORE
57280,46484,ASP.NET CORE
57281,46484,Express
57283,46484,Node.js
57284,46485,Angular
57285,46485,Next.js
57286,46485,Node.js
57287,46485,React
57289,46485,Spring Boot
57290,46485,Svelte
57291,46485,Vue.js
57293,46498,React
57294,46506,ASP.NET CORE
57299,46506,Vue.js
57300,46507,FastAPI
57301,46507,Vue.js
57302,46511,Express
57303,46511,Node.js
57304,46511,Svelte
57305,46514,ASP.NET CORE
57306,46525,ASP.NET CORE
57307,46525,React
57311,46534,Next.js
57312,46534,React
57314,46536,Vue.js
57316,46542,Node.js
57317,46544,Express
57318,46544,Node.js
57319,46544,React
57320,46549,Node.js
57321,46553,Angular
57322,46553,ASP.NET CORE
57323,46554,Angular
57325,46554,React
57326,46554,Spring Boot
57329,46558,Spring Boot
57331,46560,Node.js
57333,46561,React
57334,46561,Spring Boot
57335,46564,Angular
57338,46564,ASP.NET CORE
57346,46564,Express
57347,46564,FastAPI
57355,46564,Next.js
57356,46564,Node.js
57360,46564,React
57364,46564,Spring Boot
57366,46564,Svelte
57368,46564,Vue.js
57371,46568,Express
57372,46568,Next.js
57373,46568,Node.js
57374,46568,React
57376,46572,Node.js
57378,46573,FastAPI
57379,46577,FastAPI
57380,46580,Angular
57383,46580,Express
57385,46580,Next.js
57386,46580,Node.js
57387,46580,React
57389,46585,Angular
57390,46585,Node.js
57391,46585,React
57395,46598,Next.js
57396,46604,Spring Boot
57397,46604,Svelte
57398,46606,Angular
57399,46606,Express
57401,46606,Next.js
57402,46606,Node.js
57404,46606,React
57410,46612,React
57411,46612,Vue.js
57412,46618,Spring Boot
57413,46618,Vue.js
57414,46620,ASP.NET CORE
57416,46620,Next.js
57417,46620,Node.js
57418,46620,React
57419,46621,Express
57421,46621,Node.js
57422,46621,React
57425,46622,ASP.NET CORE
57427,46622,Node.js
57429,46624,FastAPI
57432,46624,React
57434,46627,Node.js
57436,46631,Node.js
57438,46633,ASP.NET CORE
57439,46640,Angular
57441,46640,React
57442,46640,Spring Boot
57444,46642,Next.js
57445,46642,Node.js
57446,46642,React
57451,46652,ASP.NET CORE
57453,46652,Next.js
57454,46652,React
57456,46654,ASP.NET CORE
57457,46654,Node.js
57458,46654,React
57460,46660,Express
57461,46660,FastAPI
57462,46660,Next.js
57463,46660,Node.js
57464,46660,React
57466,46660,Svelte
57467,46660,Vue.js
57469,46666,Next.js
57470,46666,Node.js
57472,46666,React
57473,46669,FastAPI
57474,46669,React
57477,46672,FastAPI
57479,46672,Node.js
57480,46672,React
57483,46678,Angular
57484,46678,Spring Boot
57486,46683,FastAPI
57488,46689,Next.js
57489,46689,React
57491,46691,FastAPI
57493,46691,Svelte
57495,46696,Express
57498,46696,Next.js
57499,46696,React
57501,46696,Svelte
57503,46699,Angular
57505,46699,ASP.NET CORE
57508,46699,Next.js
57509,46699,Node.js
57510,46699,React
57513,46708,Spring Boot
57515,46711,ASP.NET CORE
57518,46712,Angular
57519,46712,ASP.NET CORE
57520,46712,React
57521,46712,Spring Boot
57522,46714,Angular
57524,46714,ASP.NET CORE
57528,46714,Next.js
57529,46714,React
57531,46714,Spring Boot
57532,46714,Vue.js
57534,46717,Next.js
57535,46717,Node.js
57536,46717,React
57537,46717,Svelte
57538,46717,Vue.js
57539,46718,Angular
57540,46718,ASP.NET CORE
57542,46720,Node.js
57543,46720,React
57544,46731,Angular
57545,46731,Node.js
57546,46731,React
57547,46731,Spring Boot
57549,46733,Express
57550,46733,React
57551,46736,Express
57553,46736,Node.js
57554,46736,Vue.js
57556,46738,ASP.NET CORE
57558,46738,FastAPI
57560,46738,Spring Boot
57561,46738,Svelte
57562,46744,Express
57564,46744,Next.js
57565,46744,Node.js
57566,46744,React
57567,46749,ASP.NET CORE
57569,46749,Next.js
57570,46749,React
57572,46756,ASP.NET CORE
57575,46756,Spring Boot
57577,46757,Node.js
57578,46757,React
57582,46758,Next.js
57583,46758,Node.js
57584,46758,React
57585,46758,Svelte
57586,46762,Node.js
57588,46762,Vue.js
57589,46768,Node.js
57590,46768,Vue.js
57592,46771,React
57593,46776,ASP.NET CORE
57594,46776,Next.js
57595,46776,React
57596,46784,Angular
57597,46786,ASP.NET CORE
57598,46786,Express
57599,46786,Node.js
57600,46786,Vue.js
57601,46787,Express
57603,46787,Next.js
57604,46787,Node.js
57605,46787,React
57607,46790,Next.js
57608,46790,Node.js
57609,46790,React
57611,46802,ASP.NET CORE
57612,46802,Node.js
57613,46803,FastAPI
57615,46803,Node.js
57616,46803,Svelte
57623,46808,Node.js
57625,46809,ASP.NET CORE
57628,46809,React
57631,46810,Node.js
57634,46813,React
57635,46820,Angular
57637,46820,FastAPI
57638,46820,React
57639,46820,Spring Boot
57640,46821,Node.js
57642,46821,Vue.js
57643,46822,Node.js
57644,46822,React
57645,46823,Node.js
57646,46823,React
57648,46825,FastAPI
57652,46825,Next.js
57653,46825,Node.js
57655,46825,React
57657,46825,Svelte
57658,46825,Vue.js
57660,46833,Next.js
57661,46833,Node.js
57662,46833,React
57663,46841,Express
57665,46841,Next.js
57666,46841,Node.js
57667,46841,React
57668,46841,Spring Boot
57669,46842,React
57671,46857,Angular
57673,46857,ASP.NET CORE
57674,46866,React
57675,46875,ASP.NET CORE
57677,46883,Express
57680,46883,Spring Boot
57682,46890,FastAPI
57688,46892,ASP.NET CORE
57691,46892,React
57692,46899,Spring Boot
57693,46901,ASP.NET CORE
57695,46902,Angular
57696,46902,Node.js
57699,46912,ASP.NET CORE
57703,46913,Node.js
57705,46913,Svelte
57709,46938,Vue.js
57710,46939,Angular
57712,46939,Express
57714,46939,Node.js
57715,46939,React
57716,46939,Svelte
57718,46942,ASP.NET CORE
57719,46942,Node.js
57720,46942,Vue.js
57721,46951,React
57722,46954,Spring Boot
57723,46962,FastAPI
57724,46967,Node.js
57725,46967,Vue.js
57726,46969,FastAPI
57729,46971,ASP.NET CORE
57732,46971,React
57734,46977,ASP.NET CORE
57735,46983,FastAPI
57737,46986,ASP.NET CORE
57738,46986,Next.js
57741,46987,ASP.NET CORE
57743,46989,Angular
57744,46989,ASP.NET CORE
57746,46989,Next.js
57747,46989,Node.js
57748,46989,React
57749,46989,Spring Boot
57752,46990,React
57755,46991,Node.js
57756,46991,React
57757,46991,Vue.js
57759,46996,React
57760,46996,Spring Boot
57761,46999,Svelte
57763,47005,Next.js
57765,47005,React
57766,47005,Spring Boot
57767,47005,Svelte
57768,47005,Vue.js
57769,47013,Express
57770,47013,Node.js
57771,47013,Vue.js
57773,47016,ASP.NET CORE
57775,47016,Node.js
57776,47017,ASP.NET CORE
57778,47017,Next.js
57780,47018,Next.js
57781,47018,Node.js
57782,47018,React
57783,47018,Vue.js
57786,47023,Angular
57787,47023,React
57789,47025,Node.js
57790,47025,React
57791,47030,Express
57793,47030,Node.js
57794,47030,Vue.js
57796,47032,FastAPI
57798,47032,Next.js
57799,47032,Node.js
57800,47032,React
57801,47037,Next.js
57803,47040,Angular
57804,47040,ASP.NET CORE
57805,47040,React
57806,47042,Node.js
57808,47042,Svelte
57809,47042,Vue.js
57811,47053,Express
57814,47053,Node.js
57815,47053,Svelte
57816,47055,Vue.js
57817,47057,Angular
57819,47057,ASP.NET CORE
57820,47057,Node.js
57821,47057,React
57823,47058,Next.js
57824,47058,Node.js
57825,47058,React
57826,47058,Spring Boot
57827,47058,Vue.js
57830,47060,Next.js
57831,47060,React
57832,47060,Spring Boot
57833,47060,Vue.js
57834,47064,Angular
57836,47064,ASP.NET CORE
57837,47064,Svelte
57838,47075,FastAPI
57840,47075,Next.js
57841,47075,React
57843,47079,Node.js
57844,47079,Spring Boot
57845,47079,Vue.js
57846,47080,ASP.NET CORE
57847,47080,Node.js
57849,47080,Vue.js
57852,47088,Next.js
57853,47088,Node.js
57854,47088,React
57855,47088,Spring Boot
57856,47090,ASP.NET CORE
57857,47092,ASP.NET CORE
57858,47095,Angular
57860,47095,Spring Boot
57861,47099,ASP.NET CORE
57863,47099,Node.js
57864,47099,React
57868,47105,Next.js
57869,47105,Node.js
57870,47106,ASP.NET CORE
57872,47106,React
57874,47112,Spring Boot
57875,47114,React
57876,47117,Angular
57877,47117,React
57878,47121,ASP.NET CORE
57879,47121,React
57880,47131,Spring Boot
57881,47131,Vue.js
57882,47132,Spring Boot
57883,47141,ASP.NET CORE
57884,47141,Svelte
57887,47143,Next.js
57889,47143,React
57890,47145,React
57891,47145,Spring Boot
57892,47152,Express
57894,47152,Next.js
57895,47152,Node.js
57896,47152,React
57897,47154,ASP.NET CORE
57898,47161,Angular
57899,47161,Node.js
57900,47161,React
57901,47161,Svelte
57902,47161,Vue.js
57903,47162,Angular
57904,47163,Next.js
57905,47163,Node.js
57906,47163,React
57909,47166,Next.js
57910,47166,Node.js
57911,47166,React
57914,47176,Next.js
57915,47176,Node.js
57916,47176,React
57919,47177,Vue.js
57921,47178,Next.js
57922,47178,Node.js
57923,47178,React
57925,47180,Angular
57926,47180,ASP.NET CORE
57928,47184,React
57929,47184,Spring Boot
57932,47185,Next.js
57933,47185,React
57936,47201,Express
57937,47201,Node.js
57938,47204,Angular
57939,47204,ASP.NET CORE
57943,47212,Angular
57944,47212,ASP.NET CORE
57945,47212,Next.js
57946,47212,Node.js
57947,47212,React
57949,47228,React
57950,47231,Express
57951,47231,Node.js
57952,47231,React
57956,47236,Svelte
57959,47252,Vue.js
57960,47258,Angular
57962,47258,FastAPI
57964,47258,Next.js
57965,47258,Node.js
57966,47259,React
57967,47259,Spring Boot
57970,47275,ASP.NET CORE
57972,47277,Angular
57974,47277,React
57975,47279,ASP.NET CORE
57978,47283,Angular
57980,47283,Node.js
57982,47297,Express
57983,47297,Node.js
57984,47297,React
57985,47299,Express
57986,47299,Node.js
57988,47309,Spring Boot
57989,47314,Angular
57990,47314,Node.js
57991,47317,FastAPI
57994,47319,Next.js
57995,47319,Node.js
57996,47319,React
57997,47319,Vue.js
57998,47321,React
58001,47322,Next.js
58002,47322,Node.js
58003,47322,React
58005,47323,ASP.NET CORE
58007,47323,Express
58008,47323,Next.js
58009,47323,Node.js
58011,47323,React
58013,47323,Vue.js
58014,47329,ASP.NET CORE
58016,47329,Node.js
58017,47329,React
58018,47336,Node.js
58019,47336,Spring Boot
58020,47342,FastAPI
58022,47342,Next.js
58024,47342,React
58026,47342,Vue.js
58028,47347,FastAPI
58029,47347,Node.js
58030,47347,Svelte
58031,47349,ASP.NET CORE
58034,47356,Node.js
58035,47356,Svelte
58036,47357,Spring Boot
58038,47359,FastAPI
58040,47359,Next.js
58042,47359,React
58043,47359,Vue.js
58047,47369,FastAPI
58049,47373,FastAPI
58050,47373,Node.js
58051,47373,Vue.js
58052,47374,Angular
58053,47374,Next.js
58054,47374,Node.js
58056,47374,React
58057,47374,Svelte
58058,47374,Vue.js
58060,47375,FastAPI
58061,47375,Svelte
58063,47376,Vue.js
58064,47389,Angular
58067,47389,Node.js
58068,47389,React
58069,47393,Node.js
58070,47393,React
58071,47393,Spring Boot
58072,47398,ASP.NET CORE
58073,47398,Express
58074,47398,Next.js
58075,47398,Node.js
58076,47398,React
58078,47401,Node.js
58081,47402,React
58082,47402,Spring Boot
58083,47402,Svelte
58084,47403,Spring Boot
58085,47405,ASP.NET CORE
58086,47405,React
58088,47418,Angular
58089,47418,Spring Boot
58091,47432,React
58092,47435,Svelte
58093,47436,Next.js
58094,47436,Node.js
58095,47436,React
58096,47437,Angular
58098,47437,ASP.NET CORE
58101,47437,Express
58102,47437,FastAPI
58106,47437,Next.js
58107,47437,Node.js
58110,47437,React
58112,47437,Spring Boot
58113,47437,Svelte
58114,47437,Vue.js
58115,47439,Angular
58116,47439,Express
58117,47439,Node.js
58118,47439,Spring Boot
58119,47441,Node.js
58120,47441,Vue.js
58121,47444,FastAPI
58122,47444,Node.js
58123,47444,Svelte
58124,47449,React
58125,47455,ASP.NET CORE
58126,47460,ASP.NET CORE
58129,47460,Express
58131,47460,Next.js
58132,47460,Node.js
58133,47460,React
58134,47462,FastAPI
58135,47462,React
58137,47463,Next.js
58138,47463,React
58140,47467,ASP.NET CORE
58141,47467,Spring Boot
58142,47470,ASP.NET CORE
58144,47472,Svelte
58146,47476,Express
58148,47476,Svelte
58150,47477,Next.js
58152,47477,React
58156,47485,ASP.NET CORE
58158,47489,ASP.NET CORE
58160,47490,React
58162,47491,Angular
58163,47491,ASP.NET CORE
58165,47493,ASP.NET CORE
58167,47493,React
58168,47494,ASP.NET CORE
58170,47494,React
58171,47495,Angular
58175,47495,Express
58180,47495,Next.js
58181,47495,Node.js
58182,47495,React
58183,47495,Spring Boot
58185,47497,Angular
58186,47497,ASP.NET CORE
58187,47497,Node.js
58188,47497,React
58189,47501,Express
58191,47501,Node.js
58192,47501,React
58193,47501,Vue.js
58195,47503,Spring Boot
58198,47510,ASP.NET CORE
58201,47517,FastAPI
58203,47517,Next.js
58204,47517,Node.js
58205,47517,React
58206,47527,Angular
58207,47527,Express
58210,47527,Node.js
58212,47527,Vue.js
58213,47536,Angular
58214,47536,Express
58218,47540,Node.js
58221,47541,Node.js
58223,47547,ASP.NET CORE
58224,47547,React
58225,47549,Angular
58229,47554,Next.js
58230,47554,Node.js
58231,47554,React
58232,47554,Spring Boot
58233,47559,FastAPI
58235,47559,Node.js
58236,47567,Spring Boot
58238,47568,Spring Boot
58240,47584,Svelte
58241,47584,Vue.js
58244,47590,FastAPI
58246,47590,Vue.js
58248,47592,Node.js
58249,47592,React
58251,47599,Node.js
58252,47599,Vue.js
58253,47600,ASP.NET CORE
58255,47601,ASP.NET CORE
58257,47604,Node.js
58258,47604,React
58260,47604,Svelte
58261,47609,Express
58263,47609,Node.js
58264,47609,React
58267,47612,Node.js
58268,47612,React
58273,47614,Svelte
58274,47618,ASP.NET CORE
58276,47624,FastAPI
58277,47624,Node.js
58278,47624,React
58281,47625,FastAPI
58282,47625,Node.js
58285,47632,Node.js
58286,47632,React
58287,47632,Vue.js
58288,47645,Express
58289,47645,FastAPI
58290,47645,Spring Boot
58292,47650,Express
58293,47650,Node.js
58294,47650,Vue.js
58300,47659,FastAPI
58302,47659,Node.js
58304,47666,Node.js
58305,47666,Vue.js
58307,47671,Next.js
58308,47671,React
58309,47680,React
58310,47689,Node.js
58311,47689,Svelte
58313,47701,React
58314,47701,Spring Boot
58318,47705,Node.js
58319,47706,Express
58320,47706,Node.js
58321,47706,React
58322,47706,Spring Boot
58323,47713,ASP.NET CORE
58330,47718,Node.js
58331,47718,Vue.js
58332,47719,Angular
58333,47719,ASP.NET CORE
58335,47720,ASP.NET CORE
58336,47720,React
58337,47723,Angular
58338,47723,ASP.NET CORE
58341,47724,Vue.js
58342,47733,Vue.js
58343,47734,Node.js
58346,47734,Vue.js
58347,47737,FastAPI
58348,47737,Next.js
58349,47737,Node.js
58350,47737,React
58351,47737,Spring Boot
58352,47738,Angular
58354,47738,Next.js
58355,47738,Node.js
58358,47739,React
58359,47742,Angular
58361,47742,ASP.NET CORE
58365,47742,React
58366,47742,Vue.js
58368,47749,Node.js
58369,47749,Svelte
58370,47752,ASP.NET CORE
58371,47752,Express
58372,47752,Node.js
58373,47752,Svelte
58374,47752,Vue.js
58376,47754,Node.js
58378,47754,Vue.js
58380,47758,Spring Boot
58381,47762,Node.js
58382,47762,React
58383,47762,Spring Boot
58384,47764,ASP.NET CORE
58385,47764,Node.js
58386,47764,React
58390,47775,Angular
58393,47775,Next.js
58394,47775,Node.js
58395,47775,React
58396,47775,Spring Boot
58397,47776,Express
58399,47776,Next.js
58400,47776,Node.js
58401,47776,React
58403,47780,Angular
58404,47780,Spring Boot
58405,47783,Next.js
58406,47783,Node.js
58407,47784,Angular
58408,47784,Spring Boot
58409,47784,Vue.js
58411,47790,Express
58412,47790,FastAPI
58416,47790,Next.js
58417,47790,Node.js
58418,47790,React
58419,47795,ASP.NET CORE
58423,47795,Node.js
58424,47795,React
58425,47800,Express
58428,47800,Next.js
58429,47800,Node.js
58430,47800,React
58431,47810,Express
58435,47810,Next.js
58436,47810,Node.js
58438,47810,React
58440,47810,Spring Boot
58442,47810,Vue.js
58443,47812,Angular
58445,47812,Express
58449,47812,Next.js
58450,47812,Node.js
58452,47812,React
58454,47815,ASP.NET CORE
58456,47817,Spring Boot
58457,47817,Vue.js
58460,47818,React
58462,47819,Spring Boot
58463,47819,Svelte
58464,47826,Spring Boot
58465,47831,ASP.NET CORE
58466,47831,React
58467,47837,FastAPI
58469,47838,Node.js
58471,47838,Vue.js
58472,47841,Express
58473,47841,Node.js
58474,47841,React
58475,47842,Express
58476,47842,FastAPI
58477,47842,Next.js
58478,47842,Node.js
58479,47842,React
58480,47846,ASP.NET CORE
58481,47846,React
58483,47849,Node.js
58484,47849,Vue.js
58486,47850,Angular
58488,47851,Node.js
58489,47851,React
58490,47852,Next.js
58491,47852,Node.js
58492,47852,React
58495,47865,Express
58496,47865,Node.js
58497,47865,React
58500,47866,Node.js
58501,47866,Vue.js
58503,47878,React
58505,47881,ASP.NET CORE
58507,47881,Vue.js
58508,47894,Angular
58509,47894,Node.js
58510,47900,ASP.NET CORE
58511,47900,FastAPI
58513,47900,React
58514,47900,Vue.js
58515,47908,Spring Boot
58516,47909,Angular
58518,47909,ASP.NET CORE
58519,47909,Node.js
58520,47909,Svelte
58521,47918,Next.js
58522,47918,React
58526,47920,Node.js
58527,47920,Svelte
58528,47920,Vue.js
58530,47921,Node.js
58531,47921,React
58533,47921,Vue.js
58535,47922,Next.js
58536,47922,React
58538,47929,ASP.NET CORE
58539,47929,Express
58541,47929,Next.js
58542,47929,Node.js
58543,47929,React
58544,47929,Spring Boot
58546,47936,Angular
58547,47936,ASP.NET CORE
58548,47936,Next.js
58549,47936,React
58555,47938,Vue.js
58557,47941,Angular
58558,47941,FastAPI
58559,47941,Node.js
58561,47953,Next.js
58562,47953,React
58565,47953,Svelte
58568,47956,FastAPI
58569,47956,Next.js
58572,47956,Svelte
58573,47962,Angular
58574,47962,ASP.NET CORE
58576,47962,Express
58578,47962,Next.js
58579,47962,Node.js
58580,47962,React
58581,47962,Spring Boot
58583,47968,Next.js
58584,47968,Node.js
58585,47968,React
58588,47978,Angular
58589,47978,ASP.NET CORE
58590,47978,Next.js
58591,47978,React
58592,47978,Svelte
58593,47978,Vue.js
58594,47980,Angular
58596,47984,Spring Boot
58600,47986,Svelte
58601,47988,Vue.js
58603,47990,Vue.js
58608,47996,Express
58609,47996,FastAPI
58611,47996,React
58612,47996,Spring Boot
58613,47997,Express
58614,47997,Next.js
58615,47997,Node.js
58616,47997,React
58618,48000,ASP.NET CORE
58619,48001,FastAPI
58620,48007,Node.js
58624,48010,Next.js
58625,48010,Node.js
58626,48010,React
58628,48030,Angular
58629,48030,ASP.NET CORE
58632,48030,Node.js
58633,48030,React
58634,48030,Vue.js
58635,48039,Angular
58637,48039,Next.js
58638,48039,Node.js
58639,48039,React
58641,48039,Spring Boot
58642,48044,FastAPI
58643,48044,Next.js
58644,48044,Node.js
58645,48044,Vue.js
58646,48047,Angular
58648,48047,ASP.NET CORE
58651,48050,React
58653,48053,Angular
58656,48053,Express
58659,48053,Next.js
58660,48053,Node.js
58661,48053,React
58663,48056,Express
58664,48056,Next.js
58665,48056,Node.js
58666,48056,React
58669,48059,Node.js
58670,48059,Svelte
58671,48059,Vue.js
58672,48060,Angular
58674,48060,ASP.NET CORE
58675,48062,Angular
58676,48062,Express
58677,48062,FastAPI
58678,48062,Next.js
58679,48062,Node.js
58680,48062,React
58682,48062,Spring Boot
58684,48064,Vue.js
58687,48065,Node.js
58688,48065,React
58691,48067,Svelte
58692,48067,Vue.js
58693,48068,Angular
58695,48069,FastAPI
58699,48069,Node.js
58700,48069,React
58703,48071,FastAPI
58704,48071,Node.js
58706,48071,Vue.js
58707,48075,Express
58709,48075,Node.js
58710,48075,React
58711,48076,ASP.NET CORE
58714,48077,ASP.NET CORE
58715,48077,Node.js
58716,48077,React
58717,48078,Express
58718,48078,Node.js
58719,48083,Angular
58721,48084,Angular
58722,48087,Node.js
58723,48093,Angular
58724,48093,Express
58729,48093,Next.js
58730,48093,Node.js
58732,48093,Svelte
58733,48093,Vue.js
58734,48095,React
58735,48095,Spring Boot
58738,48096,Node.js
58739,48096,Vue.js
58741,48097,FastAPI
58742,48097,Vue.js
58743,48104,Express
58744,48104,Node.js
58745,48104,React
58746,48118,ASP.NET CORE
58747,48118,React
58750,48126,Express
58751,48126,FastAPI
58756,48126,Next.js
58757,48126,Node.js
58758,48126,React
58762,48136,Next.js
58764,48139,Angular
58765,48139,ASP.NET CORE
58766,48151,Express
58767,48151,Next.js
58768,48151,Node.js
58769,48151,React
58770,48152,React
58772,48152,Vue.js
58775,48154,Node.js
58776,48154,React
58778,48161,FastAPI
58780,48163,ASP.NET CORE
58783,48172,Angular
58784,48172,Node.js
58785,48176,Angular
58786,48176,Spring Boot
58788,48178,ASP.NET CORE
58790,48185,Angular
58792,48185,Node.js
58793,48185,Spring Boot
58794,48187,ASP.NET CORE
58796,48187,React
58797,48187,Vue.js
58803,48200,Node.js
58804,48200,React
58807,48202,React
58809,48209,Express
58810,48209,FastAPI
58815,48209,Next.js
58816,48209,Node.js
58818,48209,Svelte
58820,48221,Angular
58821,48221,React
58822,48221,Spring Boot
58823,48229,ASP.NET CORE
58825,48234,Node.js
58826,48234,React
58827,48235,Angular
58829,48235,FastAPI
58832,48235,Next.js
58833,48235,Node.js
58834,48235,React
58835,48235,Vue.js
58837,48237,FastAPI
58838,48237,Next.js
58839,48237,React
58840,48237,Spring Boot
58841,48246,Angular
58843,48246,FastAPI
58845,48246,Node.js
58846,48249,Express
58847,48249,Next.js
58848,48249,Node.js
58849,48249,React
58850,48256,Angular
58856,48256,Next.js
58857,48256,Node.js
58860,48256,Svelte
58861,48256,Vue.js
58862,48257,Angular
58864,48257,Spring Boot
58866,48258,Node.js
58871,48265,Node.js
58872,48265,Vue.js
58873,48268,Angular
58875,48268,Next.js
58876,48268,Node.js
58877,48268,React
58878,48270,Next.js
58879,48270,Node.js
58881,48270,React
58882,48270,Vue.js
58883,48274,Node.js
58884,48281,React
58886,48283,React
58888,48289,Next.js
58889,48289,Node.js
58890,48289,React
58892,48299,Angular
58895,48299,Node.js
58896,48299,React
58897,48299,Spring Boot
58898,48300,React
58901,48303,Next.js
58902,48303,React
58903,48303,Spring Boot
58904,48303,Svelte
58905,48307,Vue.js
58907,48314,Express
58908,48314,FastAPI
58909,48314,React
58911,48318,FastAPI
58913,48331,ASP.NET CORE
58915,48331,FastAPI
58917,48344,Express
58918,48344,Node.js
58919,48344,React
58920,48346,Angular
58921,48346,ASP.NET CORE
58923,48349,FastAPI
58924,48349,Next.js
58925,48349,React
58927,48349,Svelte
58929,48353,Express
58930,48353,Next.js
58931,48353,Node.js
58932,48353,React
58935,48353,Svelte
58936,48353,Vue.js
58938,48355,Spring Boot
58941,48365,FastAPI
58944,48378,Angular
58945,48378,Node.js
58946,48378,Spring Boot
58947,48378,Svelte
58949,48381,Next.js
58950,48381,Node.js
58951,48381,React
58954,48386,ASP.NET CORE
58957,48386,Node.js
58958,48386,Vue.js
58959,48388,Angular
58961,48388,Node.js
58962,48389,Node.js
58964,48400,ASP.NET CORE
58966,48400,React
58969,48403,Svelte
58970,48403,Vue.js
58973,48418,Express
58976,48418,Next.js
58977,48418,Node.js
58978,48418,React
58980,48418,Vue.js
58981,48421,ASP.NET CORE
58983,48423,Express
58984,48423,Next.js
58985,48423,Node.js
58986,48423,React
58987,48427,Angular
58988,48427,Spring Boot
58989,48440,FastAPI
58992,48442,Svelte
58993,48442,Vue.js
58994,48444,Angular
58995,48444,ASP.NET CORE
58996,48444,React
58997,48450,FastAPI
58999,48450,Next.js
59000,48450,React
59001,48464,FastAPI
59004,48469,ASP.NET CORE
59007,48472,Angular
59009,48472,Spring Boot
59012,48476,FastAPI
59014,48476,Node.js
59016,48476,Spring Boot
59017,48477,Node.js
59019,48485,ASP.NET CORE
59022,48485,Vue.js
59024,48487,Node.js
59026,48501,Express
59027,48501,Next.js
59028,48501,Node.js
59029,48501,React
59030,48508,ASP.NET CORE
59033,48515,Express
59037,48515,Next.js
59038,48515,Node.js
59039,48515,React
59040,48515,Vue.js
59041,48516,Angular
59043,48516,ASP.NET CORE
59045,48518,Next.js
59046,48518,Node.js
59047,48518,React
59049,48521,FastAPI
59050,48521,Node.js
59051,48529,Angular
59053,48529,Node.js
59054,48529,React
59056,48536,React
59057,48539,ASP.NET CORE
59058,48539,React
59061,48541,FastAPI
59064,48543,Angular
59066,48543,FastAPI
59069,48543,Node.js
59072,48544,Vue.js
59075,48545,Vue.js
59078,48559,ASP.NET CORE
59081,48567,Express
59083,48567,Node.js
59084,48570,Express
59085,48570,Node.js
59086,48570,Svelte
59092,48583,Vue.js
59093,48589,Express
59094,48589,Next.js
59095,48589,Node.js
59096,48589,React
59097,48594,Angular
59099,48594,Express
59103,48594,Next.js
59104,48594,Node.js
59106,48594,React
59107,48594,Svelte
59108,48594,Vue.js
59110,48596,ASP.NET CORE
59111,48596,Vue.js
59112,48600,FastAPI
59115,48604,ASP.NET CORE
59116,48609,ASP.NET CORE
59117,48609,FastAPI
59118,48609,Spring Boot
59119,48609,Svelte
59120,48614,Express
59121,48614,FastAPI
59123,48614,Node.js
59125,48614,React
59127,48614,Spring Boot
59129,48614,Vue.js
59132,48624,FastAPI
59133,48624,Next.js
59134,48624,Node.js
59135,48624,React
59137,48625,ASP.NET CORE
59138,48628,Spring Boot
59140,48636,Angular
59141,48636,ASP.NET CORE
59143,48636,Next.js
59144,48636,Node.js
59145,48636,React
59146,48637,Express
59147,48637,Next.js
59148,48637,Node.js
59149,48637,React
59150,48637,Vue.js
59154,48645,Angular
59156,48645,FastAPI
59157,48645,React
59158,48645,Svelte
59159,48645,Vue.js
59161,48646,ASP.NET CORE
59162,48658,Spring Boot
59163,48668,Angular
59165,48668,Express
59167,48668,Node.js
59168,48668,React
59169,48668,Spring Boot
59170,48670,Next.js
59171,48670,Node.js
59174,48680,ASP.NET CORE
59176,48680,Node.js
59178,48681,Spring Boot
59181,48688,Express
59183,48688,Next.js
59184,48688,Node.js
59185,48688,React
59187,48698,Spring Boot
59188,48700,Express
59189,48700,Node.js
59190,48700,React
59191,48710,Angular
59192,48710,ASP.NET CORE
59193,48710,Express
59195,48710,Node.js
59196,48710,Spring Boot
59198,48712,Express
59199,48712,Next.js
59200,48712,Node.js
59202,48712,React
59205,48712,Svelte
59206,48712,Vue.js
59207,48713,React
59209,48717,Angular
59211,48717,ASP.NET CORE
59214,48722,Next.js
59215,48722,Node.js
59216,48722,React
59219,48735,Express
59222,48735,Next.js
59223,48735,Node.js
59224,48735,React
59225,48735,Spring Boot
59227,48744,Node.js
59228,48745,ASP.NET CORE
59229,48745,Express
59230,48745,Node.js
59231,48749,Angular
59232,48749,Vue.js
59238,48752,Node.js
59243,48760,Angular
59245,48760,Next.js
59246,48760,React
59247,48766,Node.js
59249,48776,Express
59251,48776,Node.js
59253,48776,React
59254,48776,Vue.js
59256,48779,ASP.NET CORE
59258,48779,React
59259,48779,Vue.js
59260,48787,Angular
59263,48787,Spring Boot
59264,48788,ASP.NET CORE
59266,48788,Svelte
59267,48788,Vue.js
59269,48795,React
59271,48798,ASP.NET CORE
59274,48798,Svelte
59275,48800,Express
59276,48800,Node.js
59278,48800,Vue.js
59281,48801,Next.js
59282,48801,Node.js
59283,48801,React
59286,48802,Next.js
59287,48802,React
59288,48802,Svelte
59289,48803,Next.js
59290,48805,Angular
59292,48805,React
59293,48813,ASP.NET CORE
59294,48813,Next.js
59295,48813,React
59296,48821,Angular
59297,48821,React
59299,48825,React
59302,48829,Node.js
59303,48829,Vue.js
59304,48839,Angular
59306,48842,Next.js
59307,48842,Node.js
59308,48842,React
59309,48845,Node.js
59310,48845,React
59312,48849,Express
59313,48849,Node.js
59314,48849,React
59315,48854,React
59316,48854,Vue.js
59318,48859,Node.js
59319,48859,React
59320,48860,Vue.js
59321,48861,React
59323,48870,Next.js
59324,48870,Node.js
59326,48870,React
59327,48873,Node.js
59328,48873,Vue.js
59330,48878,ASP.NET CORE
59334,48878,Next.js
59335,48878,Node.js
59337,48878,Vue.js
59338,48883,FastAPI
59340,48883,React
59342,48886,React
59343,48886,Spring Boot
59344,48890,Express
59345,48890,Node.js
59346,48890,React
59347,48891,Express
59348,48891,FastAPI
59350,48891,Next.js
59351,48891,Node.js
59353,48891,React
59354,48891,Spring Boot
59355,48891,Vue.js
59357,48904,Vue.js
59360,48908,Next.js
59361,48908,Node.js
59363,48911,ASP.NET CORE
59364,48911,Vue.js
59366,48912,Next.js
59367,48912,Node.js
59368,48912,React
59369,48912,Svelte
59371,48918,Vue.js
59374,48921,ASP.NET CORE
59376,48921,Next.js
59378,48921,React
59379,48921,Svelte
59380,48921,Vue.js
59381,48925,React
59382,48925,Spring Boot
59384,48928,Node.js
59386,48928,Vue.js
59388,48932,Node.js
59389,48937,Angular
59390,48937,ASP.NET CORE
59391,48937,Node.js
59392,48937,Vue.js
59393,48939,Angular
59395,48939,FastAPI
59396,48939,Spring Boot
59397,48940,React
59398,48956,FastAPI
59399,48956,React
59402,48959,Express
59404,48959,Node.js
59405,48960,Angular
59406,48962,Angular
59407,48963,ASP.NET CORE
59409,48969,FastAPI
59411,48976,Node.js
59413,48976,React
59414,48976,Vue.js
59415,48977,Express
59417,48977,Node.js
59418,48977,React
59421,48979,React
59423,48981,Angular
59425,48981,ASP.NET CORE
59427,48985,Express
59429,48985,React
59430,48987,Express
59431,48987,Next.js
59432,48987,Node.js
59434,48991,Express
59438,48991,Next.js
59439,48991,Node.js
59440,48991,React
59441,48991,Spring Boot
59444,49003,FastAPI
59445,49003,React
59446,49009,React
59448,49010,React
59449,49018,Node.js
59450,49018,Svelte
59452,49022,React
59454,49036,Next.js
59455,49036,Node.js
59456,49036,React
59457,49037,React
59458,49043,ASP.NET CORE
59461,49046,Express
59462,49046,Node.js
59463,49051,Node.js
59464,49051,React
59465,49056,React
59468,49057,Node.js
59470,49064,FastAPI
59473,49065,Vue.js
59474,49082,Express
59475,49082,Node.js
59479,49083,Node.js
59480,49083,Vue.js
59481,49085,Angular
59488,49085,Svelte
59490,49085,Vue.js
59496,49086,Next.js
59497,49086,Node.js
59498,49086,React
59499,49086,Spring Boot
59500,49086,Svelte
59501,49086,Vue.js
59502,49087,Express
59503,49087,FastAPI
59504,49087,Next.js
59505,49087,Node.js
59506,49087,React
59507,49088,Angular
59511,49088,Next.js
59512,49088,Node.js
59513,49088,React
59515,49098,Angular
59517,49105,Express
59518,49105,FastAPI
59519,49105,Next.js
59520,49105,Node.js
59522,49105,React
59526,49109,Vue.js
59527,49116,Node.js
59528,49116,React
59529,49117,Angular
59532,49117,Next.js
59533,49117,Node.js
59534,49117,React
59536,49119,Next.js
59537,49119,Node.js
59538,49119,React
59539,49119,Vue.js
59541,49122,FastAPI
59543,49122,React
59545,49124,Express
59546,49124,React
59548,49127,Angular
59549,49127,Node.js
59551,49133,ASP.NET CORE
59552,49135,Spring Boot
59553,49140,Angular
59555,49140,ASP.NET CORE
59558,49140,Node.js
59559,49140,React
59561,49141,Node.js
59566,49143,ASP.NET CORE
59567,49143,Vue.js
59568,49152,Angular
59569,49152,ASP.NET CORE
59571,49152,Next.js
59572,49152,Node.js
59573,49152,React
59574,49152,Vue.js
59575,49153,Node.js
59577,49156,Node.js
59578,49156,React
59579,49156,Vue.js
59585,49175,Node.js
59586,49175,React
59588,49176,Node.js
59589,49176,React
59591,49180,ASP.NET CORE
59592,49180,Node.js
59593,49180,Vue.js
59594,49182,Angular
59595,49182,FastAPI
59596,49187,Angular
59597,49187,Node.js
59598,49189,ASP.NET CORE
59602,49197,ASP.NET CORE
59604,49199,ASP.NET CORE
59605,49199,Spring Boot
59611,49200,Node.js
59614,49205,ASP.NET CORE
59615,49205,Node.js
59618,49222,Angular
59619,49222,Vue.js
59620,49228,Angular
59621,49228,Node.js
59622,49228,Spring Boot
59624,49234,ASP.NET CORE
59628,49234,FastAPI
59632,49234,React
59635,49243,Express
59636,49243,FastAPI
59637,49243,Node.js
59638,49243,React
59642,49243,Svelte
59643,49243,Vue.js
59644,49247,Node.js
59645,49247,Svelte
59646,49251,Spring Boot
59647,49252,Svelte
59649,49266,Angular
59651,49266,ASP.NET CORE
59654,49266,Node.js
59655,49266,Vue.js
59656,49268,Angular
59657,49268,Spring Boot
59659,49270,React
59662,49288,Express
59663,49288,Next.js
59664,49288,Node.js
59665,49288,React
59666,49291,Express
59670,49291,Next.js
59671,49291,Node.js
59672,49291,React
59673,49291,Spring Boot
59674,49294,Express
59676,49294,Node.js
59677,49294,React
59678,49296,ASP.NET CORE
59679,49296,Node.js
59680,49296,React
59684,49300,Node.js
59686,49306,FastAPI
59688,49306,Next.js
59689,49309,Node.js
59690,49309,Svelte
59691,49309,Vue.js
59692,49312,Angular
59693,49312,ASP.NET CORE
59694,49312,Node.js
59695,49312,Spring Boot
59696,49313,Spring Boot
59700,49314,Next.js
59701,49314,Node.js
59703,49314,Vue.js
59704,49317,Node.js
59705,49317,React
59706,49321,ASP.NET CORE
59708,49322,ASP.NET CORE
59709,49322,Node.js
59710,49322,Svelte
59711,49324,Angular
59717,49324,Next.js
59718,49324,Node.js
59719,49324,React
59720,49324,Spring Boot
59721,49324,Svelte
59723,49336,Node.js
59724,49336,Vue.js
59725,49337,FastAPI
59726,49337,Vue.js
59727,49339,Spring Boot
59729,49341,FastAPI
59730,49348,Angular
59731,49348,Express
59732,49348,Node.js
59734,49349,Node.js
59736,49349,Vue.js
59738,49350,Express
59739,49350,Node.js
59740,49350,React
59741,49350,Vue.js
59742,49352,Node.js
59743,49352,Vue.js
59744,49353,Node.js
59746,49361,Vue.js
59750,49363,Node.js
59752,49374,ASP.NET CORE
59754,49374,React
59755,49377,Angular
59756,49377,ASP.NET CORE
59759,49377,Next.js
59760,49377,Node.js
59761,49377,React
59762,49377,Svelte
59764,49385,React
59769,49396,Node.js
59770,49396,Vue.js
59771,49407,React
59773,49408,ASP.NET CORE
59774,49408,Svelte
59775,49411,Vue.js
59777,49415,Express
59778,49415,Next.js
59779,49415,Node.js
59780,49415,React
59782,49418,Node.js
59784,49418,Vue.js
59786,49419,ASP.NET CORE
59787,49422,FastAPI
59789,49422,Vue.js
59790,49427,Angular
59791,49427,ASP.NET CORE
59795,49427,Express
59796,49427,FastAPI
59801,49427,Next.js
59802,49427,Node.js
59803,49427,React
59804,49427,Spring Boot
59808,49428,Angular
59811,49435,Node.js
59812,49435,Spring Boot
59813,49435,Vue.js
59815,49445,FastAPI
59817,49445,React
59820,49446,FastAPI
59823,49446,React
59827,49458,Express
59828,49458,Next.js
59829,49458,Node.js
59830,49458,React
59831,49463,Node.js
59832,49464,Express
59833,49464,Node.js
59834,49464,Vue.js
59835,49477,Angular
59838,49477,ASP.NET CORE
59839,49477,React
59843,49478,Spring Boot
59844,49480,Angular
59845,49480,Next.js
59846,49480,Node.js
59847,49480,React
59848,49484,Express
59849,49484,Node.js
59850,49484,React
59851,49484,Vue.js
59852,49492,Angular
59853,49492,React
59854,49498,ASP.NET CORE
59855,49498,React
59856,49507,ASP.NET CORE
59857,49507,React
59858,49509,FastAPI
59859,49509,React
59860,49518,Angular
59862,49518,Svelte
59864,49526,Express
59865,49526,Next.js
59866,49526,Node.js
59867,49526,React
59868,49527,ASP.NET CORE
59870,49527,React
59873,49528,Node.js
59874,49528,React
59875,49531,Angular
59876,49531,ASP.NET CORE
59878,49531,Node.js
59881,49535,Node.js
59883,49535,Spring Boot
59885,49541,ASP.NET CORE
59886,49541,Express
59887,49541,Next.js
59888,49541,Node.js
59889,49541,React
59890,49545,Angular
59893,49545,Node.js
59894,49545,Spring Boot
59896,49545,Svelte
59897,49547,Node.js
59899,49549,Node.js
59901,49552,FastAPI
59902,49552,Next.js
59903,49552,React
59907,49554,Next.js
59908,49554,Node.js
59909,49554,React
59910,49555,Angular
59911,49555,ASP.NET CORE
59917,49555,React
59918,49555,Svelte
59919,49555,Vue.js
59922,49558,Svelte
59923,49558,Vue.js
59924,49562,FastAPI
59926,49562,Svelte
59927,49562,Vue.js
59928,49563,Node.js
59929,49563,React
59934,49575,Next.js
59935,49575,Node.js
59939,49575,Svelte
59942,49582,Express
59947,49582,Next.js
59948,49582,Node.js
59950,49582,React
59953,49582,Svelte
59954,49582,Vue.js
59956,49586,Node.js
59957,49586,React
59959,49589,FastAPI
59962,49589,Node.js
59963,49589,Spring Boot
59965,49593,React
59967,49602,FastAPI
59970,49603,ASP.NET CORE
59971,49603,React
59974,49617,Angular
59975,49617,ASP.NET CORE
59977,49617,Express
59979,49617,Node.js
59980,49617,Vue.js
59982,49634,ASP.NET CORE
59984,49641,Angular
59985,49641,Express
59989,49641,Node.js
59990,49641,React
59992,49643,FastAPI
59995,49643,Vue.js
59996,49647,React
59997,49648,Angular
59999,49648,ASP.NET CORE
60002,49648,Node.js
60003,49653,React
60006,49654,Svelte
60007,49654,Vue.js
60008,49655,Node.js
60009,49655,React
60012,49658,Node.js
60013,49663,Node.js
60015,49669,Angular
60016,49669,Express
60017,49669,React
60018,49669,Vue.js
60020,49671,ASP.NET CORE
60021,49671,React
60022,49674,Node.js
60023,49674,Vue.js
60024,49678,ASP.NET CORE
60025,49678,Vue.js
60026,49681,ASP.NET CORE
60027,49681,Next.js
60028,49688,Node.js
60029,49688,React
60030,49688,Spring Boot
60031,49689,Angular
60035,49689,Node.js
60036,49689,React
60037,49689,Spring Boot
60038,49689,Vue.js
60040,49691,Svelte
60041,49694,Angular
60042,49694,Next.js
60043,49694,Node.js
60044,49694,React
60045,49694,Vue.js
60048,49712,ASP.NET CORE
60049,49712,Vue.js
60051,49721,ASP.NET CORE
60052,49721,React
60053,49725,Svelte
60054,49731,Angular
60057,49738,React
60058,49739,Angular
60061,49739,ASP.NET CORE
60063,49739,Express
60065,49739,Node.js
60066,49739,React
60067,49739,Vue.js
60069,49747,FastAPI
60071,49747,React
60072,49749,React
60074,49754,React
60075,49755,Express
60076,49755,FastAPI
60078,49755,Next.js
60079,49755,Node.js
60080,49755,React
60081,49773,Express
60083,49773,Next.js
60084,49773,Node.js
60085,49773,React
60087,49784,Node.js
60089,49784,React
60090,49784,Vue.js
60091,49786,Angular
60096,49786,Express
60097,49786,FastAPI
60103,49786,Next.js
60104,49786,Node.js
60107,49786,React
60111,49786,Spring Boot
60112,49786,Svelte
60113,49786,Vue.js
60116,49798,ASP.NET CORE
60117,49798,Next.js
60118,49798,Node.js
60119,49798,React
60121,49799,FastAPI
60123,49803,React
60125,49810,FastAPI
60127,49810,React
60129,49813,ASP.NET CORE
60133,49824,Express
60134,49824,Node.js
60136,49824,Svelte
60138,49824,Vue.js
60142,49827,Svelte
60143,49833,Angular
60145,49833,Express
60146,49833,FastAPI
60149,49833,Next.js
60150,49833,Node.js
60151,49833,React
60153,49833,Vue.js
60160,49839,Next.js
60161,49839,Node.js
60163,49839,React
60166,49839,Spring Boot
60167,49839,Vue.js
60168,49845,Angular
60169,49845,Express
60170,49845,Node.js
60171,49845,React
60172,49845,Vue.js
60174,49852,ASP.NET CORE
60175,49853,ASP.NET CORE
60179,49855,Node.js
60180,49869,ASP.NET CORE
60181,49869,Spring Boot
60182,49883,React
60183,49885,Express
60185,49885,Node.js
60186,49885,React
60188,49889,Spring Boot
60190,49892,Next.js
60191,49892,React
60192,49892,Svelte
60194,49893,FastAPI
60195,49895,Angular
60198,49897,React
60199,49897,Vue.js
60201,49899,Spring Boot
60202,49901,ASP.NET CORE
60203,49901,FastAPI
60204,49901,React
60206,49919,Angular
60208,49919,FastAPI
60209,49919,Node.js
60210,49923,ASP.NET CORE
60211,49923,Next.js
60212,49923,Node.js
60213,49923,React
60214,49927,Spring Boot
60215,49927,Vue.js
60216,49932,Angular
60219,49932,ASP.NET CORE
60220,49941,Next.js
60221,49941,Node.js
60222,49941,React
60223,49949,Express
60225,49949,Next.js
60226,49949,Node.js
60227,49949,React
60228,49953,Express
60230,49953,Next.js
60231,49953,Node.js
60233,49955,FastAPI
60234,49955,Node.js
60235,49955,Vue.js
60236,49957,FastAPI
60237,49962,Angular
60239,49962,React
60240,49962,Spring Boot
60241,49970,ASP.NET CORE
60244,49980,FastAPI
60245,49982,Angular
60247,49982,ASP.NET CORE
60249,49982,Node.js
60250,49982,Vue.js
60251,49984,Next.js
60254,49990,FastAPI
60255,49990,Vue.js
60257,49994,Node.js
60259,49995,Express
60260,49995,Node.js
60261,49995,Spring Boot
60263,50000,Angular
60264,50000,Express
60265,50000,Node.js
60266,50004,React
60269,50018,Angular
60270,50018,Express
60271,50018,Node.js
60272,50018,Spring Boot
60273,50021,Angular
60274,50021,ASP.NET CORE
60276,50024,Svelte
60280,50030,FastAPI
60284,50030,Next.js
60285,50030,Node.js
60286,50030,Svelte
60287,50030,Vue.js
60288,50033,Angular
60289,50033,Express
60291,50033,Node.js
60292,50033,Svelte
60293,50033,Vue.js
60294,50034,Angular
60295,50034,Next.js
60296,50034,Node.js
60298,50034,React
60300,50034,Spring Boot
60301,50034,Svelte
60302,50037,Express
60304,50037,Next.js
60305,50037,Node.js
60306,50037,React
60307,50038,Express
60308,50038,Next.js
60309,50038,Node.js
60310,50038,React
60312,50040,ASP.NET CORE
60313,50043,React
60317,50058,Express
60318,50058,FastAPI
60320,50058,Next.js
60321,50058,Node.js
60322,50058,React
60323,50059,Angular
60327,50063,FastAPI
60329,50065,React
60330,50074,ASP.NET CORE
60332,50074,React
60333,50074,Vue.js
60336,50075,ASP.NET CORE
60338,50075,Node.js
60339,50075,React
60341,50082,ASP.NET CORE
60343,50082,Node.js
60344,50082,React
60346,50089,Next.js
60347,50089,React
60348,50089,Spring Boot
60349,50090,Angular
60351,50090,Next.js
60352,50090,Node.js
60353,50090,React
60354,50090,Spring Boot
60355,50092,FastAPI
60359,50094,React
60361,50095,React
60362,50096,Vue.js
60364,50099,FastAPI
60366,50099,Vue.js
60367,50101,ASP.NET CORE
60369,50103,Express
60370,50103,Node.js
60371,50103,React
60372,50103,Vue.js
60373,50104,React
60374,50104,Spring Boot
60375,50105,Node.js
60376,50109,Node.js
60377,50109,Svelte
60378,50115,Express
60379,50115,Node.js
60380,50115,React
60381,50115,Spring Boot
60382,50115,Vue.js
60383,50118,Angular
60384,50118,Next.js
60385,50118,React
60386,50118,Spring Boot
60387,50122,ASP.NET CORE
60389,50129,Angular
60391,50129,Express
60392,50129,FastAPI
60395,50129,Node.js
60396,50129,React
60397,50129,Svelte
60398,50129,Vue.js
60399,50130,Angular
60401,50130,Node.js
60402,50130,Spring Boot
60403,50130,Svelte
60404,50130,Vue.js
60406,50144,Express
60409,50144,Next.js
60410,50144,Node.js
60412,50144,React
60416,50145,Next.js
60417,50145,Node.js
60418,50145,Svelte
60419,50145,Vue.js
60420,50146,Spring Boot
60421,50149,Next.js
60422,50149,Node.js
60424,50149,React
60426,50149,Vue.js
60427,50150,ASP.NET CORE
60428,50156,Spring Boot
60429,50161,Spring Boot
60430,50163,Angular
60434,50163,Node.js
60435,50163,React
60438,50163,Vue.js
60440,50165,Express
60442,50165,Next.js
60443,50165,Node.js
60445,50165,React
60446,50165,Spring Boot
60447,50165,Vue.js
60448,50166,ASP.NET CORE
60450,50166,Vue.js
60451,50174,Express
60453,50174,Next.js
60454,50174,Node.js
60456,50174,React
60457,50174,Svelte
60458,50180,Express
60460,50180,Next.js
60461,50180,Node.js
60462,50180,React
60464,50182,Express
60465,50182,Next.js
60466,50182,Node.js
60467,50182,React
60470,50185,Express
60474,50185,Next.js
60475,50185,Node.js
60476,50185,React
60477,50187,Express
60479,50187,Node.js
60480,50192,Angular
60481,50192,Express
60482,50192,Node.js
60483,50196,Angular
60486,50196,ASP.NET CORE
60489,50196,Express
60494,50196,Next.js
60495,50196,Node.js
60497,50196,React
60499,50196,Spring Boot
60500,50196,Vue.js
60506,50202,Svelte
60507,50202,Vue.js
60508,50205,Angular
60509,50205,Express
60512,50205,Node.js
60513,50205,Vue.js
60515,50207,Next.js
60516,50207,Node.js
60517,50207,React
60520,50209,Angular
60521,50209,Spring Boot
60522,50212,Next.js
60523,50212,Node.js
60524,50212,React
60525,50212,Spring Boot
60526,50214,Express
60527,50214,Node.js
60528,50214,Vue.js
60529,50215,Express
60530,50215,FastAPI
60533,50215,Node.js
60534,50215,Spring Boot
60537,50223,ASP.NET CORE
60539,50226,ASP.NET CORE
60543,50230,Next.js
60544,50230,React
60546,50230,Svelte
60547,50230,Vue.js
60550,50231,Express
60551,50231,FastAPI
60555,50231,Next.js
60556,50231,Node.js
60557,50231,React
60559,50232,Express
60560,50232,Node.js
60561,50232,React
60562,50232,Svelte
60563,50232,Vue.js
60564,50233,ASP.NET CORE
60566,50234,React
60568,50234,Vue.js
60569,50237,Angular
60571,50237,ASP.NET CORE
60574,50237,Node.js
60575,50250,FastAPI
60577,50250,Node.js
60578,50250,Spring Boot
60579,50250,Svelte
60581,50251,Vue.js
60582,50259,Next.js
60583,50259,Node.js
60584,50259,React
60585,50262,Node.js
60586,50262,Vue.js
60587,50264,Node.js
60588,50264,React
60589,50264,Vue.js
60593,50267,FastAPI
60595,50267,Next.js
60596,50267,Node.js
60598,50268,FastAPI
60601,50269,Node.js
60603,50269,Vue.js
60604,50270,FastAPI
60606,50270,Next.js
60607,50270,React
60608,50276,Angular
60611,50276,ASP.NET CORE
60615,50276,Node.js
60616,50276,React
60617,50276,Spring Boot
60618,50276,Vue.js
60622,50277,Vue.js
60624,50280,ASP.NET CORE
60629,50280,Next.js
60630,50280,Node.js
60631,50280,React
60633,50283,Node.js
60634,50283,Spring Boot
60635,50283,Svelte
60636,50287,Angular
60638,50287,ASP.NET CORE
60639,50287,React
60642,50292,Node.js
60643,50297,Next.js
60644,50297,Node.js
60645,50297,React
60647,50300,Express
60649,50300,Node.js
60650,50300,React
60653,50303,React
60654,50303,Spring Boot
60655,50305,ASP.NET CORE
60656,50305,Next.js
60657,50305,Node.js
60658,50307,Node.js
60659,50307,React
60660,50307,Spring Boot
60661,50313,Angular
60663,50313,Node.js
60664,50314,Spring Boot
60666,50316,Next.js
60667,50316,Node.js
60668,50316,React
60669,50318,Angular
60672,50318,ASP.NET CORE
60675,50330,React
60677,50331,React
60678,50331,Spring Boot
60681,50335,Angular
60682,50335,ASP.NET CORE
60685,50343,Next.js
60686,50343,React
60687,50347,Express
60689,50347,Node.js
60690,50355,ASP.NET CORE
60691,50355,Svelte
60692,50363,ASP.NET CORE
60694,50367,Angular
60696,50370,FastAPI
60699,50370,Svelte
60700,50376,ASP.NET CORE
60701,50377,Next.js
60703,50379,Node.js
60705,50379,Vue.js
60707,50384,React
60708,50385,ASP.NET CORE
60709,50385,Node.js
60710,50385,React
60711,50390,ASP.NET CORE
60713,50390,Node.js
60714,50390,React
60715,50391,Express
60716,50391,Next.js
60717,50391,Node.js
60718,50391,React
60720,50404,ASP.NET CORE
60722,50404,Node.js
60724,50405,Node.js
60725,50405,Spring Boot
60726,50413,ASP.NET CORE
60728,50413,React
60729,50419,Angular
60730,50419,ASP.NET CORE
60732,50419,FastAPI
60734,50421,Node.js
60735,50421,React
60736,50421,Spring Boot
60739,50428,React
60741,50428,Vue.js
60742,50429,Express
60743,50429,Node.js
60744,50429,React
60747,50432,Next.js
60748,50432,Node.js
60750,50432,React
60753,50438,Angular
60754,50438,Express
60755,50438,Next.js
60756,50438,Node.js
60757,50438,React
60759,50446,Next.js
60760,50449,Angular
60761,50449,React
60764,50459,Next.js
60765,50459,Node.js
60766,50459,React
60767,50459,Spring Boot
60770,50461,Next.js
60771,50461,Node.js
60773,50463,Vue.js
60774,50465,ASP.NET CORE
60775,50465,React
60776,50472,FastAPI
60778,50475,FastAPI
60779,50475,React
60780,50484,React
60781,50484,Vue.js
60783,50488,Next.js
60784,50488,Node.js
60785,50488,React
60788,50488,Svelte
60789,50489,Angular
60790,50489,Express
60791,50489,Node.js
60792,50489,React
60793,50493,Node.js
60794,50493,React
60796,50495,Node.js
60798,50495,Vue.js
60799,50497,Node.js
60805,50507,Express
60806,50507,FastAPI
60808,50507,Next.js
60809,50507,React
60811,50507,Vue.js
60812,50508,ASP.NET CORE
60814,50508,React
60816,50513,React
60818,50521,ASP.NET CORE
60820,50521,Express
60821,50521,FastAPI
60825,50521,Node.js
60826,50521,Vue.js
60827,50527,Angular
60829,50527,ASP.NET CORE
60830,50527,Express
60833,50527,Node.js
60834,50527,React
60835,50529,React
60837,50534,Angular
60839,50534,ASP.NET CORE
60844,50534,Node.js
60846,50534,Vue.js
60847,50535,ASP.NET CORE
60848,50535,React
60851,50538,FastAPI
60854,50540,ASP.NET CORE
60855,50540,FastAPI
60856,50545,ASP.NET CORE
60857,50545,Node.js
60858,50545,React
60859,50545,Vue.js
60862,50551,React
60863,50551,Vue.js
60865,50552,FastAPI
60866,50559,Angular
60869,50559,Node.js
60870,50559,Spring Boot
60871,50559,Vue.js
60872,50561,Express
60873,50561,Node.js
60874,50561,React
60875,50561,Spring Boot
60877,50565,Svelte
60879,50567,Next.js
60880,50567,Node.js
60882,50568,Node.js
60883,50568,Svelte
60885,50573,ASP.NET CORE
60888,50580,Node.js
60889,50580,React
60890,50581,Express
60891,50581,Node.js
60893,50581,React
60894,50590,Angular
60900,50592,FastAPI
60902,50592,Next.js
60903,50592,React
60904,50592,Svelte
60905,50598,Express
60907,50598,Next.js
60908,50598,Node.js
60909,50598,React
60912,50605,Next.js
60913,50605,React
60914,50605,Spring Boot
60915,50606,Spring Boot
60917,50610,Node.js
60918,50610,React
60920,50611,Angular
60921,50611,Next.js
60922,50611,Node.js
60923,50611,React
60926,50616,FastAPI
60928,50616,Node.js
60929,50620,Express
60930,50620,FastAPI
60932,50620,React
60934,50624,FastAPI
60936,50629,Node.js
60937,50629,React
60940,50654,FastAPI
60941,50662,React
60942,50663,Angular
60946,50663,Vue.js
60951,50673,Next.js
60952,50673,Node.js
60953,50673,React
60954,50678,FastAPI
60956,50680,Angular
60958,50680,Svelte
60963,50691,Node.js
60965,50692,ASP.NET CORE
60966,50692,Next.js
60967,50692,Node.js
60968,50692,React
60969,50694,ASP.NET CORE
60972,50697,Angular
60973,50697,ASP.NET CORE
60974,50697,Node.js
60975,50698,Express
60977,50698,Next.js
60978,50698,Node.js
60979,50698,React
60980,50698,Spring Boot
60981,50698,Vue.js
60983,50711,ASP.NET CORE
60985,50717,Spring Boot
60986,50717,Vue.js
60987,50725,Node.js
60988,50725,React
60989,50739,Next.js
60990,50739,Node.js
60991,50739,React
60992,50745,FastAPI
60993,50745,Next.js
60994,50745,Node.js
60995,50745,Svelte
60996,50746,Angular
60997,50746,React
60998,50746,Spring Boot
60999,50746,Vue.js
61001,50750,FastAPI
61004,50750,Next.js
61005,50750,Node.js
61006,50750,React
61007,50750,Spring Boot
61009,50751,Vue.js
61010,50755,Express
61011,50755,Next.js
61012,50755,Node.js
61013,50755,React
61014,50756,Angular
61015,50756,Spring Boot
61016,50758,Express
61019,50758,Next.js
61020,50758,Node.js
61021,50758,React
61023,50760,Angular
61024,50760,ASP.NET CORE
61025,50761,Express
61027,50761,Next.js
61028,50761,Node.js
61029,50761,React
61030,50762,Angular
61032,50762,ASP.NET CORE
61034,50763,Next.js
61035,50763,Node.js
61038,50766,ASP.NET CORE
61044,50771,Svelte
61045,50774,Angular
61046,50778,Spring Boot
61047,50781,FastAPI
61048,50781,Spring Boot
61052,50797,Next.js
61053,50797,Node.js
61054,50797,React
61055,50798,Angular
61056,50803,ASP.NET CORE
61057,50806,Next.js
61058,50806,Node.js
61059,50806,React
61062,50807,Next.js
61063,50807,Node.js
61064,50807,React
61066,50809,Next.js
61067,50809,Node.js
61068,50809,React
61071,50810,FastAPI
61072,50810,Node.js
61073,50810,React
61075,50812,Angular
61076,50812,Node.js
61077,50812,React
61078,50814,Angular
61079,50814,Express
61080,50814,Node.js
61082,50814,Vue.js
61084,50818,FastAPI
61087,50818,Svelte
61088,50824,Angular
61089,50824,ASP.NET CORE
61090,50825,Express
61094,50825,Next.js
61095,50825,Node.js
61096,50825,React
61098,50825,Vue.js
61099,50827,ASP.NET CORE
61106,50830,Node.js
61107,50830,React
61108,50832,Angular
61110,50832,ASP.NET CORE
61113,50832,Express
61114,50832,FastAPI
61119,50832,Next.js
61120,50832,Node.js
61122,50832,React
61124,50832,Spring Boot
61125,50832,Svelte
61126,50832,Vue.js
61127,50833,ASP.NET CORE
61128,50833,Svelte
61130,50835,Express
61131,50835,Next.js
61132,50835,Node.js
61133,50835,Vue.js
61134,50837,Angular
61135,50837,ASP.NET CORE
61136,50837,Express
61137,50837,FastAPI
61138,50837,Node.js
61139,50837,Vue.js
61141,50839,FastAPI
61143,50840,ASP.NET CORE
61146,50855,Node.js
61147,50855,React
61148,50858,Angular
61150,50865,Angular
61151,50865,ASP.NET CORE
61153,50865,React
61154,50865,Vue.js
61156,50870,Node.js
61157,50870,React
61158,50871,Express
61159,50871,FastAPI
61160,50871,Next.js
61161,50871,Node.js
61162,50871,React
61164,50874,Node.js
61165,50874,React
61166,50874,Svelte
61167,50876,ASP.NET CORE
61168,50876,React
61169,50879,FastAPI
61171,50879,Svelte
61172,50880,ASP.NET CORE
61174,50883,Next.js
61175,50883,Node.js
61176,50883,React
61179,50885,ASP.NET CORE
61181,50885,FastAPI
61182,50885,Vue.js
61183,50896,Express
61184,50896,Node.js
61186,50899,Express
61189,50899,Next.js
61190,50899,Node.js
61192,50899,React
61193,50901,Angular
61198,50901,Node.js
61199,50901,Vue.js
61202,50910,Node.js
61203,50910,Svelte
61205,50912,Node.js
61206,50912,Vue.js
61208,50917,FastAPI
61210,50927,Angular
61211,50927,Express
61213,50927,Next.js
61214,50927,Node.js
61215,50927,React
61216,50927,Vue.js
61217,50928,Angular
61221,50928,Express
61222,50928,FastAPI
61225,50928,Next.js
61226,50928,Node.js
61227,50928,Spring Boot
61228,50928,Svelte
61230,50929,FastAPI
61231,50929,Next.js
61232,50929,Node.js
61233,50929,Vue.js
61235,50933,Next.js
61236,50933,Node.js
61238,50933,React
61239,50933,Vue.js
61240,50937,ASP.NET CORE
61241,50937,React
61246,50940,Node.js
61248,50940,React
61249,50940,Vue.js
61251,50943,Angular
61256,50945,Angular
61258,50945,ASP.NET CORE
61260,50945,Next.js
61261,50945,Node.js
61263,50948,Node.js
61264,50948,React
61266,50949,Express
61268,50949,Next.js
61269,50949,Node.js
61270,50949,React
61272,50954,Node.js
61276,50956,Node.js
61278,50957,Vue.js
61279,50959,Express
61280,50959,Node.js
61281,50959,React
61283,50963,ASP.NET CORE
61284,50963,React
61285,50964,Angular
61287,50964,ASP.NET CORE
61288,50964,React
61289,50967,FastAPI
61290,50967,Node.js
61291,50967,Spring Boot
61292,50967,Svelte
61295,50972,Next.js
61298,50972,React
61301,50972,Spring Boot
61302,50972,Svelte
61303,50972,Vue.js
61304,50973,Angular
61305,50973,Express
61307,50980,FastAPI
61312,50982,ASP.NET CORE
61315,50982,Node.js
61318,50982,Vue.js
61320,50983,React
61321,50986,Express
61322,50986,Node.js
61323,50988,Angular
61325,50988,ASP.NET CORE
61326,50989,React
61328,50999,Next.js
61329,50999,Node.js
61330,50999,React
61332,51000,FastAPI
61334,51000,Next.js
61335,51000,Node.js
61336,51000,React
61338,51001,Spring Boot
61339,51004,Angular
61340,51004,ASP.NET CORE
61344,51011,ASP.NET CORE
61346,51011,Node.js
61348,51013,Angular
61350,51013,Node.js
61352,51016,Angular
61353,51016,Node.js
61355,51023,FastAPI
61356,51023,Node.js
61357,51023,Spring Boot
61358,51025,ASP.NET CORE
61360,51025,Next.js
61361,51025,React
61363,51026,ASP.NET CORE
61369,51036,ASP.NET CORE
61372,51042,ASP.NET CORE
61374,51053,Spring Boot
61375,51056,ASP.NET CORE
61376,51056,Vue.js
61377,51067,Angular
61378,51067,Node.js
61379,51067,React
61380,51067,Spring Boot
61381,51078,Spring Boot
61383,51080,Express
61386,51080,React
61387,51087,Angular
61388,51087,Node.js
61389,51087,Spring Boot
61391,51092,Spring Boot
61393,51094,Next.js
61394,51094,React
61395,51094,Vue.js
61396,51099,Angular
61397,51099,ASP.NET CORE
61400,51100,Angular
61402,51100,Node.js
61403,51100,Spring Boot
61404,51100,Vue.js
61405,51101,FastAPI
61406,51101,React
61407,51108,Spring Boot
61409,51110,ASP.NET CORE
61410,51110,Express
61413,51110,Node.js
61414,51110,React
61415,51110,Vue.js
61418,51113,ASP.NET CORE
61420,51113,Node.js
61421,51113,React
61422,51115,ASP.NET CORE
61424,51116,FastAPI
61425,51116,Next.js
61426,51116,Node.js
61427,51116,React
61429,51116,Svelte
61430,51122,Next.js
61431,51122,Node.js
61433,51128,Express
61434,51128,Svelte
61437,51131,ASP.NET CORE
61439,51131,Next.js
61440,51131,Node.js
61441,51131,React
61445,51136,Vue.js
61448,51143,React
61449,51143,Spring Boot
61450,51144,FastAPI
61451,51144,Node.js
61453,51151,Express
61454,51151,Next.js
61455,51151,Node.js
61456,51151,React
61459,51153,Next.js
61460,51153,Node.js
61461,51153,React
61463,51153,Spring Boot
61465,51155,ASP.NET CORE
61466,51160,React
61467,51164,ASP.NET CORE
61468,51173,Node.js
61469,51173,React
61470,51174,Angular
61471,51174,ASP.NET CORE
61472,51175,Angular
61473,51175,ASP.NET CORE
61479,51178,Next.js
61480,51178,Node.js
61481,51178,React
61485,51178,Svelte
61486,51182,Node.js
61488,51193,Node.js
61489,51195,Next.js
61490,51195,React
61493,51200,Vue.js
61495,51201,Next.js
61496,51201,Node.js
61497,51201,React
61498,51209,ASP.NET CORE
61501,51209,Next.js
61502,51209,Node.js
61503,51209,React
61504,51219,Angular
61505,51219,Node.js
61506,51222,ASP.NET CORE
61509,51222,Vue.js
61511,51227,React
61514,51228,FastAPI
61515,51228,React
61517,51230,FastAPI
61518,51230,Node.js
61519,51230,Vue.js
61520,51232,FastAPI
61523,51232,Spring Boot
61525,51233,ASP.NET CORE
61526,51233,React
61527,51236,Express
61528,51236,Node.js
61529,51236,React
61530,51243,Angular
61535,51243,Node.js
61536,51243,React
61537,51244,Angular
61539,51244,ASP.NET CORE
61541,51244,React
61543,51260,ASP.NET CORE
61546,51263,React
61547,51266,ASP.NET CORE
61550,51270,Node.js
61551,51270,React
61553,51270,Vue.js
61555,51271,Angular
61556,51271,Node.js
61559,51272,ASP.NET CORE
61561,51272,Express
61564,51272,Next.js
61565,51272,Node.js
61566,51272,React
61569,51276,Express
61570,51276,Node.js
61571,51276,React
61575,51280,Svelte
61576,51282,Spring Boot
61579,51287,Vue.js
61580,51289,Angular
61582,51289,ASP.NET CORE
61583,51289,FastAPI
61584,51289,React
61585,51289,Svelte
61586,51289,Vue.js
61587,51291,Angular
61589,51291,ASP.NET CORE
61590,51291,Node.js
61591,51291,React
61593,51296,Next.js
61594,51296,Node.js
61596,51296,React
61597,51302,Angular
61599,51302,ASP.NET CORE
61604,51302,Vue.js
61605,51307,Angular
61607,51307,Express
61609,51307,Next.js
61610,51307,Node.js
61611,51307,React
61612,51307,Spring Boot
61613,51307,Svelte
61614,51308,Angular
61616,51308,React
61617,51308,Vue.js
61618,51313,Express
61619,51313,Node.js
61621,51314,Next.js
61622,51314,React
61623,51314,Vue.js
61626,51316,Next.js
61627,51316,Spring Boot
61628,51322,Angular
61630,51322,Node.js
61631,51325,ASP.NET CORE
61632,51325,Next.js
61633,51325,React
61634,51327,Express
61636,51327,Node.js
61638,51327,Vue.js
61641,51331,Node.js
61643,51331,React
61644,51331,Vue.js
61645,51334,Spring Boot
61646,51336,Next.js
61647,51336,Node.js
61648,51336,React
61649,51336,Spring Boot
61650,51337,Node.js
61651,51337,Spring Boot
61652,51337,Vue.js
61653,51338,FastAPI
61656,51340,ASP.NET CORE
61659,51341,Node.js
61661,51343,FastAPI
61662,51343,React
61663,51343,Svelte
61664,51350,Express
61666,51350,Next.js
61667,51350,Node.js
61669,51350,React
61670,51352,Angular
61671,51352,ASP.NET CORE
61675,51357,Node.js
61676,51362,FastAPI
61677,51362,Spring Boot
61681,51365,Spring Boot
61683,51370,ASP.NET CORE
61685,51370,FastAPI
61687,51370,Node.js
61688,51370,React
61689,51370,Vue.js
61690,51372,ASP.NET CORE
61691,51372,React
61692,51374,Next.js
61693,51374,Node.js
61694,51374,React
61696,51376,Next.js
61697,51379,Express
61699,51383,Next.js
61700,51383,Node.js
61704,51385,Express
61705,51385,FastAPI
61708,51385,Next.js
61709,51385,Node.js
61711,51385,React
61712,51385,Svelte
61713,51385,Vue.js
61715,51387,Svelte
61716,51389,ASP.NET CORE
61717,51389,Vue.js
61719,51390,Node.js
61720,51393,FastAPI
61721,51393,React
61723,51401,Angular
61728,51401,Spring Boot
61729,51406,Angular
61731,51406,Express
61733,51406,Node.js
61736,51408,Angular
61741,51408,Next.js
61742,51408,Node.js
61743,51408,React
61745,51411,Express
61747,51411,Node.js
61748,51411,React
61751,51417,React
61752,51421,Express
61753,51421,FastAPI
61756,51421,Next.js
61757,51421,Node.js
61759,51421,React
61761,51421,Svelte
61762,51428,Spring Boot
61765,51431,React
61766,51431,Spring Boot
61767,51431,Svelte
61768,51431,Vue.js
61769,51433,Express
61771,51433,Next.js
61772,51433,React
61773,51436,Angular
61775,51436,Vue.js
61777,51441,Angular
61778,51441,ASP.NET CORE
61780,51441,Node.js
61781,51441,React
61782,51441,Vue.js
61783,51448,ASP.NET CORE
61786,51448,Next.js
61787,51448,Node.js
61788,51448,React
61790,51448,Vue.js
61791,51451,Express
61792,51451,Node.js
61793,51457,Express
61794,51457,Node.js
61795,51457,React
61796,51463,Next.js
61797,51463,React
61800,51463,Svelte
61801,51473,Node.js
61802,51475,Angular
61805,51475,Express
61810,51475,Next.js
61811,51475,Node.js
61814,51475,Svelte
61815,51475,Vue.js
61818,51492,ASP.NET CORE
61819,51492,React
61822,51495,Node.js
61823,51495,React
61826,51496,Spring Boot
61827,51496,Svelte
61828,51497,Angular
61829,51497,React
61830,51497,Spring Boot
61832,51501,Next.js
61833,51501,Node.js
61834,51501,React
61836,51501,Svelte
61837,51503,Node.js
61838,51503,React
61839,51504,Angular
61840,51505,Spring Boot
61841,51506,Angular
61842,51506,FastAPI
61844,51506,Spring Boot
61845,51509,Node.js
61846,51509,Vue.js
61847,51512,Express
61848,51512,FastAPI
61849,51515,FastAPI
61850,51520,Next.js
61851,51520,Node.js
61852,51520,React
61854,51523,Angular
61855,51523,Node.js
61856,51524,Angular
61859,51524,Express
61860,51524,FastAPI
61862,51524,Node.js
61863,51524,React
61864,51525,ASP.NET CORE
61868,51526,Vue.js
61869,51527,Angular
61871,51527,Node.js
61874,51529,ASP.NET CORE
61878,51532,Angular
61880,51532,ASP.NET CORE
61882,51532,FastAPI
61883,51532,Svelte
61886,51533,Spring Boot
61891,51540,React
61892,51540,Spring Boot
61894,51542,Node.js
61895,51542,React
61899,51545,Node.js
61900,51545,Svelte
61902,51549,Angular
61906,51550,React
61909,51553,Express
61910,51553,FastAPI
61912,51553,Next.js
61913,51553,Node.js
61914,51553,React
61916,51553,Spring Boot
61917,51553,Vue.js
61919,51555,FastAPI
61920,51555,React
61921,51555,Svelte
61922,51555,Vue.js
61925,51558,FastAPI
61929,51558,Next.js
61930,51558,Node.js
61931,51558,React
61933,51558,Svelte
61934,51558,Vue.js
61935,51559,Express
61936,51559,Node.js
61937,51563,ASP.NET CORE
61938,51565,React
61940,51566,ASP.NET CORE
61941,51566,Next.js
61942,51566,React
61944,51576,Angular
61946,51576,ASP.NET CORE
61949,51576,React
61950,51576,Spring Boot
61955,51577,Node.js
61956,51577,React
61958,51577,Vue.js
61961,51580,Express
61962,51580,Next.js
61963,51580,Node.js
61964,51580,React
61965,51587,Express
61967,51587,Next.js
61968,51587,Node.js
61969,51587,React
61971,51587,Vue.js
61973,51594,Express
61974,51594,Node.js
61979,51600,Vue.js
61981,51601,FastAPI
61983,51608,Angular
61984,51608,ASP.NET CORE
61986,51614,FastAPI
61988,51614,Next.js
61990,51619,FastAPI
61991,51619,React
61993,51619,Svelte
61994,51621,Node.js
61995,51621,Svelte
61997,51627,Angular
61998,51627,React
61999,51627,Spring Boot
62003,51633,Express
62004,51633,FastAPI
62008,51633,Next.js
62009,51633,Node.js
62010,51633,React
62011,51633,Svelte
62013,51635,Node.js
62016,51639,React
62018,51639,Svelte
62019,51639,Vue.js
62021,51641,ASP.NET CORE
62022,51641,FastAPI
62024,51641,Next.js
62027,51647,Node.js
62028,51647,React
62029,51648,FastAPI
62030,51648,React
62031,51648,Vue.js
62032,51649,Angular
62033,51649,ASP.NET CORE
62034,51650,Express
62037,51650,Node.js
62038,51650,React
62039,51651,Angular
62041,51651,ASP.NET CORE
62042,51655,Angular
62044,51656,Express
62045,51656,FastAPI
62049,51656,Node.js
62051,51656,React
62054,51658,Angular
62055,51658,ASP.NET CORE
62057,51659,Angular
62058,51659,Express
62060,51659,Next.js
62061,51659,Node.js
62063,51659,React
62064,51659,Svelte
62065,51661,Express
62067,51661,Node.js
62068,51665,Angular
62069,51665,Express
62073,51665,Next.js
62074,51665,Node.js
62076,51665,React
62078,51665,Svelte
62079,51665,Vue.js
62080,51669,Angular
62082,51670,Angular
62083,51670,React
62084,51670,Spring Boot
62085,51680,Node.js
62087,51691,Angular
62088,51691,Node.js
62089,51691,Svelte
62091,51694,ASP.NET CORE
62092,51694,Next.js
62093,51694,Node.js
62094,51694,React
62095,51694,Svelte
62096,51707,ASP.NET CORE
62098,51707,Next.js
62099,51707,React
62100,51709,Angular
62101,51709,ASP.NET CORE
62102,51710,Angular
62107,51711,FastAPI
62108,51711,Node.js
62109,51711,React
62113,51713,Next.js
62114,51713,React
62115,51713,Svelte
62119,51718,Express
62120,51718,Node.js
62122,51719,ASP.NET CORE
62126,51721,Node.js
62127,51724,ASP.NET CORE
62129,51726,Angular
62132,51726,ASP.NET CORE
62134,51726,FastAPI
62139,51731,Angular
62141,51731,Spring Boot
62143,51734,ASP.NET CORE
62144,51734,FastAPI
62145,51734,React
62146,51734,Svelte
62148,51746,FastAPI
62149,51748,Express
62152,51748,Node.js
62153,51748,React
62155,51756,ASP.NET CORE
62156,51756,React
62157,51757,Express
62158,51757,FastAPI
62159,51757,Next.js
62160,51757,React
62162,51760,Node.js
62163,51760,React
62164,51760,Vue.js
62165,51766,Angular
62167,51766,Next.js
62168,51766,Node.js
62169,51766,React
62170,51766,Vue.js
62171,51775,Node.js
62172,51775,React
62174,51776,FastAPI
62175,51776,Node.js
62176,51776,Svelte
62179,51779,React
62181,51779,Svelte
62182,51780,Express
62183,51780,Next.js
62184,51780,Node.js
62185,51780,React
62186,51781,Next.js
62187,51783,Spring Boot
62188,51783,Vue.js
62189,51787,Express
62190,51787,Node.js
62191,51787,Spring Boot
62194,51788,Vue.js
62195,51790,Angular
62201,51790,Node.js
62204,51791,ASP.NET CORE
62207,51792,FastAPI
62208,51793,Angular
62210,51793,ASP.NET CORE
62212,51793,Next.js
62213,51793,Node.js
62214,51793,React
62215,51795,Angular
62217,51795,Next.js
62218,51795,Node.js
62219,51795,React
62220,51795,Spring Boot
62223,51802,Spring Boot
62224,51803,Spring Boot
62225,51817,FastAPI
62226,51818,Angular
62231,51818,Express
62232,51818,FastAPI
62239,51818,Next.js
62240,51818,Node.js
62242,51818,React
62246,51818,Spring Boot
62248,51818,Svelte
62249,51818,Vue.js
62256,51819,Node.js
62257,51819,React
62258,51819,Svelte
62260,51821,Angular
62261,51821,ASP.NET CORE
62263,51821,FastAPI
62264,51824,FastAPI
62265,51824,Node.js
62266,51824,React
62267,51828,Angular
62268,51828,ASP.NET CORE
62270,51834,Express
62271,51834,FastAPI
62272,51834,Next.js
62273,51834,Node.js
62274,51834,React
62277,51837,React
62278,51841,Angular
62279,51841,ASP.NET CORE
62280,51846,Express
62282,51846,Node.js
62283,51846,React
62284,51853,Express
62286,51853,Next.js
62287,51853,Node.js
62289,51855,Express
62290,51855,Next.js
62291,51855,Node.js
62293,51855,React
62294,51855,Vue.js
62295,51859,Angular
62297,51859,ASP.NET CORE
62299,51859,Next.js
62300,51859,Node.js
62301,51859,React
62302,51859,Svelte
62303,51860,ASP.NET CORE
62304,51860,Next.js
62305,51860,React
62307,51861,Next.js
62308,51861,React
62310,51862,ASP.NET CORE
62312,51875,ASP.NET CORE
62313,51875,Node.js
62314,51875,React
62315,51876,Node.js
62316,51876,React
62317,51876,Spring Boot
62318,51882,ASP.NET CORE
62319,51884,FastAPI
62320,51885,Angular
62323,51885,Next.js
62324,51885,React
62326,51887,ASP.NET CORE
62328,51887,FastAPI
62329,51887,React
62330,51887,Spring Boot
62333,51888,Express
62334,51888,FastAPI
62336,51888,Node.js
62338,51888,Svelte
62339,51888,Vue.js
62342,51890,Express
62343,51890,FastAPI
62348,51890,Next.js
62349,51890,Node.js
62351,51890,React
62354,51890,Vue.js
62356,51897,Node.js
62360,51899,Vue.js
62362,51904,FastAPI
62363,51904,Node.js
62365,51904,Vue.js
62366,51908,Angular
62367,51908,ASP.NET CORE
62368,51908,Next.js
62369,51908,Node.js
62370,51908,React
62372,51909,FastAPI
62375,51910,React
62376,51911,Next.js
62377,51911,React
62378,51911,Spring Boot
62380,51912,Next.js
62381,51912,Node.js
62383,51912,Vue.js
62389,51923,Vue.js
62390,51927,Express
62391,51927,Next.js
62392,51927,Node.js
62393,51927,React
62394,51928,Express
62396,51928,Node.js
62397,51928,React
62398,51928,Vue.js
62399,51929,Vue.js
62400,51930,Svelte
62401,51937,Angular
62402,51937,React
62403,51940,Angular
62406,51940,ASP.NET CORE
62408,51953,Angular
62411,51955,Svelte
62413,51955,Vue.js
62414,51959,ASP.NET CORE
62416,51959,Next.js
62417,51959,Node.js
62419,51959,React
62423,51965,React
62426,51966,React
62427,51966,Vue.js
62428,51967,Angular
62430,51967,ASP.NET CORE
62431,51971,ASP.NET CORE
62432,51971,Vue.js
62433,51974,Express
62434,51974,Node.js
62435,51974,React
62437,51979,Angular
62438,51979,ASP.NET CORE
62440,51981,ASP.NET CORE
62442,51981,FastAPI
62444,51981,Next.js
62445,51981,Node.js
62446,51981,React
62448,51982,FastAPI
62449,51982,Spring Boot
62450,51982,Vue.js
62452,51986,Angular
62454,51986,Node.js
62457,51991,Express
62458,51991,FastAPI
62459,51991,Next.js
62460,51991,Node.js
62461,51991,React
62463,51992,Node.js
62464,51992,React
62465,51993,Angular
62466,51993,ASP.NET CORE
62467,51994,Angular
62471,52004,Angular
62473,52004,Express
62474,52004,Next.js
62475,52004,Node.js
62476,52004,React
62477,52004,Svelte
62478,52007,Angular
62480,52007,Express
62482,52007,Node.js
62485,52018,FastAPI
62486,52018,React
62487,52022,ASP.NET CORE
62491,52022,FastAPI
62497,52022,Next.js
62498,52022,Node.js
62499,52022,React
62502,52022,Svelte
62503,52022,Vue.js
62504,52024,ASP.NET CORE
62506,52025,Next.js
62507,52025,React
62508,52025,Svelte
62509,52029,React
62510,52029,Spring Boot
62511,52030,React
62515,52032,Angular
62517,52043,ASP.NET CORE
62522,52045,Node.js
62523,52045,Svelte
62524,52045,Vue.js
62525,52046,ASP.NET CORE
62528,52051,Spring Boot
62529,52051,Vue.js
62530,52054,Angular
62532,52054,Node.js
62533,52054,Spring Boot
62534,52054,Vue.js
62535,52058,Angular
62540,52058,Next.js
62541,52058,Node.js
62542,52058,React
62544,52058,Vue.js
62549,52059,Node.js
62551,52059,Vue.js
62553,52060,ASP.NET CORE
62555,52060,Node.js
62556,52060,React
62560,52061,Next.js
62561,52061,Node.js
62562,52061,React
62564,52063,Svelte
62565,52069,FastAPI
62566,52069,Node.js
62568,52069,Svelte
62571,52072,FastAPI
62574,52081,Node.js
62575,52085,Express
62576,52085,Node.js
62577,52085,React
62581,52086,Node.js
62583,52086,React
62585,52086,Vue.js
62590,52089,ASP.NET CORE
62591,52089,Node.js
62592,52089,Vue.js
62599,52096,Next.js
62600,52096,Node.js
62602,52096,React
62603,52096,Spring Boot
62604,52098,ASP.NET CORE
62607,52101,Express
62608,52101,FastAPI
62613,52101,Next.js
62614,52101,Node.js
62616,52101,React
62618,52101,Svelte
62620,52101,Vue.js
62621,52108,Spring Boot
62622,52110,Express
62623,52110,Node.js
62624,52110,React
62630,52114,Node.js
62631,52114,React
62633,52116,Express
62634,52116,Svelte
62635,52120,ASP.NET CORE
62637,52120,React
62638,52122,Spring Boot
62639,52127,FastAPI
62640,52127,Vue.js
62641,52131,ASP.NET CORE
62643,52131,Next.js
62644,52131,Node.js
62645,52132,Svelte
62646,52136,Spring Boot
62647,52155,Vue.js
62651,52157,Vue.js
62654,52159,Express
62657,52159,Next.js
62658,52159,Node.js
62659,52159,React
62662,52159,Spring Boot
62663,52159,Svelte
62664,52168,Express
62666,52168,Node.js
62667,52168,React
62668,52176,React
62669,52179,Next.js
62670,52179,React
62675,52185,Express
62676,52185,Next.js
62677,52185,Node.js
62678,52185,React
62681,52185,Svelte
62683,52187,FastAPI
62685,52187,Vue.js
62686,52189,ASP.NET CORE
62692,52189,React
62694,52189,Vue.js
62697,52194,Next.js
62698,52194,Node.js
62699,52194,React
62700,52195,Angular
62703,52195,Node.js
62704,52195,React
62705,52195,Svelte
62706,52200,Angular
62707,52204,Spring Boot
62709,52211,Node.js
62712,52223,React
62714,52223,Vue.js
62716,52224,Node.js
62720,52226,React
62721,52226,Spring Boot
62722,52234,ASP.NET CORE
62723,52237,Next.js
62724,52237,Node.js
62726,52237,React
62727,52238,Angular
62728,52239,ASP.NET CORE
62729,52239,Express
62730,52239,Node.js
62731,52239,React
62732,52239,Svelte
62733,52239,Vue.js
62735,52242,FastAPI
62737,52245,FastAPI
62738,52246,Node.js
62739,52246,Vue.js
62740,52247,FastAPI
62743,52247,Next.js
62744,52247,Node.js
62746,52247,React
62747,52247,Spring Boot
62749,52252,FastAPI
62751,52252,React
62753,52253,FastAPI
62754,52253,Next.js
62755,52253,React
62756,52256,React
62757,52258,Angular
62760,52258,ASP.NET CORE
62761,52258,FastAPI
62764,52258,Vue.js
62765,52267,Angular
62766,52268,Spring Boot
62767,52269,Angular
62768,52269,Express
62769,52269,Node.js
62770,52269,Svelte
62772,52273,ASP.NET CORE
62773,52273,React
62774,52274,Angular
62777,52274,React
62778,52275,Angular
62781,52275,Spring Boot
62782,52276,ASP.NET CORE
62785,52281,Vue.js
62786,52289,Angular
62787,52289,Node.js
62788,52289,React
62789,52289,Vue.js
62791,52294,ASP.NET CORE
62792,52294,Next.js
62793,52294,React
62794,52294,Vue.js
62796,52297,Express
62798,52297,Next.js
62799,52297,Node.js
62800,52297,React
62802,52309,Angular
62804,52309,ASP.NET CORE
62806,52315,Angular
62807,52315,Express
62809,52315,Next.js
62810,52315,React
62811,52315,Spring Boot
62812,52316,Angular
62813,52318,Angular
62815,52318,Next.js
62816,52318,Spring Boot
62820,52319,Node.js
62824,52319,Svelte
62828,52324,ASP.NET CORE
62829,52324,Node.js
62830,52324,React
62831,52324,Spring Boot
62832,52333,Angular
62834,52333,ASP.NET CORE
62836,52333,Node.js
62837,52333,React
62839,52338,Angular
62840,52338,ASP.NET CORE
62842,52338,React
62845,52342,Express
62846,52342,FastAPI
62847,52342,Node.js
62848,52342,React
62849,52346,FastAPI
62852,52347,Express
62853,52347,Node.js
62855,52351,ASP.NET CORE
62858,52351,Next.js
62859,52351,Node.js
62860,52351,React
62862,52352,FastAPI
62864,52352,Node.js
62867,52358,Node.js
62868,52358,Vue.js
62870,52360,Node.js
62871,52366,Angular
62872,52366,React
62873,52370,Angular
62874,52370,React
62875,52370,Spring Boot
62876,52370,Vue.js
62877,52376,ASP.NET CORE
62879,52376,React
62880,52377,Express
62882,52377,Next.js
62883,52377,Node.js
62884,52377,React
62886,52377,Spring Boot
62887,52377,Vue.js
62888,52381,Vue.js
62889,52384,Angular
62890,52384,Express
62891,52384,Node.js
62896,52388,React
62898,52389,Spring Boot
62900,52395,ASP.NET CORE
62901,52395,Node.js
62902,52395,Vue.js
62904,52398,ASP.NET CORE
62908,52402,Next.js
62909,52402,React
62910,52406,Express
62911,52406,Node.js
62913,52413,Node.js
62914,52413,React
62915,52415,Angular
62920,52417,Angular
62922,52417,Express
62923,52417,Node.js
62924,52417,React
62927,52417,Spring Boot
62928,52417,Svelte
62931,52418,Node.js
62932,52418,React
62934,52419,FastAPI
62936,52419,Vue.js
62937,52420,FastAPI
62939,52420,Vue.js
62940,52421,Angular
62941,52421,ASP.NET CORE
62942,52421,Express
62943,52421,Node.js
62944,52421,React
62947,52429,FastAPI
62949,52429,Node.js
62951,52429,React
62953,52429,Vue.js
62955,52433,Angular
62957,52433,Next.js
62958,52433,Node.js
62959,52433,React
62962,52433,Svelte
62965,52436,Express
62967,52436,Node.js
62968,52436,React
62970,52436,Svelte
62971,52436,Vue.js
62974,52437,Vue.js
62975,52438,Node.js
62976,52438,React
62977,52439,Angular
62979,52439,ASP.NET CORE
62981,52439,Next.js
62982,52439,Node.js
62983,52439,React
62985,52440,Angular
62987,52441,ASP.NET CORE
62990,52443,Next.js
62991,52446,Next.js
62992,52446,React
62993,52449,FastAPI
62994,52449,Svelte
62995,52451,ASP.NET CORE
62997,52455,ASP.NET CORE
63000,52455,React
63003,52458,Vue.js
63005,52460,Node.js
63006,52460,Spring Boot
63007,52460,Vue.js
63008,52464,Angular
63011,52464,FastAPI
63012,52464,Next.js
63013,52464,Node.js
63015,52464,Spring Boot
63016,52464,Svelte
63017,52465,Angular
63020,52465,Next.js
63021,52465,Node.js
63022,52465,React
63024,52465,Spring Boot
63025,52468,ASP.NET CORE
63027,52475,React
63029,52476,Angular
63030,52476,Node.js
63031,52476,React
63032,52476,Spring Boot
63033,52478,React
63034,52478,Svelte
63035,52485,Angular
63036,52485,Node.js
63038,52492,ASP.NET CORE
63039,52492,Node.js
63040,52492,React
63041,52507,React
63042,52508,Express
63044,52508,Next.js
63045,52508,Node.js
63047,52508,React
63048,52508,Vue.js
63049,52510,FastAPI
63052,52511,ASP.NET CORE
63054,52511,React
63055,52516,Express
63056,52516,FastAPI
63058,52516,Node.js
63059,52516,React
63060,52518,Express
63061,52518,Next.js
63062,52518,Node.js
63063,52521,FastAPI
63067,52526,React
63068,52526,Vue.js
63070,52531,FastAPI
63073,52531,Vue.js
63074,52532,ASP.NET CORE
63079,52534,Node.js
63080,52534,React
63083,52535,FastAPI
63085,52538,Next.js
63086,52538,React
63090,52539,React
63093,52541,Express
63094,52541,Next.js
63095,52541,Node.js
63096,52541,React
63097,52550,React
63099,52552,Next.js
63100,52552,Node.js
63101,52552,React
63102,52557,Angular
63105,52557,Express
63107,52557,Next.js
63108,52557,Node.js
63109,52557,React
63112,52557,Svelte
63115,52560,Vue.js
63116,52561,FastAPI
63117,52561,Next.js
63118,52561,React
63119,52561,Vue.js
63120,52565,ASP.NET CORE
63122,52565,Next.js
63123,52565,React
63124,52569,Svelte
63127,52589,ASP.NET CORE
63131,52599,Node.js
63133,52599,Vue.js
63135,52605,React
63136,52605,Svelte
63138,52607,ASP.NET CORE
63143,52614,Node.js
63144,52614,Spring Boot
63145,52618,Express
63146,52618,Next.js
63147,52618,React
63149,52626,Express
63150,52626,Next.js
63151,52626,Node.js
63154,52626,React
63156,52626,Svelte
63157,52626,Vue.js
63158,52627,FastAPI
63161,52627,Vue.js
63162,52628,ASP.NET CORE
63164,52628,Node.js
63165,52628,Vue.js
63166,52634,Angular
63167,52634,ASP.NET CORE
63169,52634,React
63171,52636,ASP.NET CORE
63176,52638,Vue.js
63177,52643,Angular
63179,52643,ASP.NET CORE
63182,52643,React
63183,52650,Express
63185,52650,Next.js
63186,52650,Node.js
63187,52650,React
63190,52650,Svelte
63191,52653,React
63193,52654,ASP.NET CORE
63194,52654,FastAPI
63196,52654,React
63199,52657,React
63205,52661,Node.js
63206,52661,React
63207,52661,Spring Boot
63211,52662,React
63212,52662,Vue.js
63214,52668,FastAPI
63216,52673,ASP.NET CORE
63218,52673,Next.js
63219,52673,React
63221,52674,Node.js
63223,52680,Express
63224,52680,Next.js
63225,52680,Node.js
63226,52680,React
63227,52680,Spring Boot
63228,52681,Node.js
63229,52688,Express
63231,52688,Node.js
63232,52688,React
63233,52692,ASP.NET CORE
63235,52692,Node.js
63236,52692,React
63237,52692,Vue.js
63238,52697,Node.js
63239,52697,React
63241,52705,FastAPI
63244,52705,Vue.js
63245,52706,Angular
63248,52706,ASP.NET CORE
63249,52706,Express
63252,52706,Next.js
63253,52706,Node.js
63255,52706,React
63256,52706,Svelte
63257,52706,Vue.js
63258,52709,Next.js
63259,52709,Node.js
63261,52709,React
63263,52709,Vue.js
63266,52711,FastAPI
63269,52716,React
63270,52720,Spring Boot
63276,52727,Vue.js
63277,52733,ASP.NET CORE
63279,52733,Vue.js
63280,52742,Node.js
63281,52742,React
63282,52743,ASP.NET CORE
63284,52743,React
63286,52746,Express
63288,52746,Svelte
63289,52748,Angular
63291,52748,ASP.NET CORE
63293,52748,Node.js
63294,52748,React
63295,52748,Vue.js
63296,52759,Next.js
63297,52759,Node.js
63298,52759,React
63299,52761,Angular
63300,52761,ASP.NET CORE
63302,52764,Angular
63303,52764,Express
63304,52770,ASP.NET CORE
63306,52771,Spring Boot
63310,52772,React
63313,52772,Vue.js
63315,52774,React
63316,52778,Express
63318,52778,Svelte
63319,52781,ASP.NET CORE
63322,52781,Next.js
63323,52781,React
63326,52782,React
63329,52783,Next.js
63330,52783,Node.js
63331,52783,React
63332,52787,Express
63335,52787,Next.js
63336,52787,Node.js
63338,52787,React
63339,52787,Spring Boot
63340,52787,Vue.js
63341,52790,Angular
63342,52790,ASP.NET CORE
63343,52790,Express
63344,52790,Node.js
63345,52790,Vue.js
63348,52791,Next.js
63349,52791,Node.js
63350,52791,React
63351,52791,Svelte
63352,52794,FastAPI
63354,52794,React
63356,52801,FastAPI
63358,52801,React
63359,52805,Next.js
63360,52805,Node.js
63361,52805,React
63362,52805,Spring Boot
63364,52807,FastAPI
63366,52810,FastAPI
63369,52811,FastAPI
63373,52812,Express
63374,52812,FastAPI
63376,52812,Node.js
63379,52812,Svelte
63380,52812,Vue.js
63381,52816,Angular
63383,52816,ASP.NET CORE
63384,52816,Next.js
63385,52816,React
63386,52816,Vue.js
63387,52819,FastAPI
63388,52819,React
63389,52819,Spring Boot
63390,52820,FastAPI
63392,52823,Vue.js
63393,52829,Angular
63394,52829,ASP.NET CORE
63395,52829,Express
63396,52829,Node.js
63397,52829,React
63398,52829,Svelte
63399,52834,Angular
63401,52834,Node.js
63405,52836,ASP.NET CORE
63407,52836,React
63408,52839,Vue.js
63410,52845,ASP.NET CORE
63412,52850,Angular
63413,52850,Vue.js
63414,52855,React
63415,52855,Spring Boot
63416,52856,Angular
63417,52856,Node.js
63418,52856,React
63419,52856,Spring Boot
63422,52866,Next.js
63423,52866,React
63426,52871,Angular
63428,52871,Spring Boot
63430,52878,React
63433,52883,Next.js
63434,52883,Node.js
63435,52883,React
63436,52887,Express
63438,52887,Next.js
63439,52887,Node.js
63440,52887,React
63443,52888,Node.js
63444,52888,React
63447,52899,Express
63449,52899,Next.js
63450,52899,React
63452,52899,Svelte
63454,52899,Vue.js
63458,52902,React
63459,52902,Vue.js
63460,52906,Express
63462,52906,Node.js
63464,52906,Vue.js
63465,52907,ASP.NET CORE
63467,52907,Express
63468,52907,Next.js
63469,52907,Node.js
63470,52907,Vue.js
63473,52909,React
63474,52912,Angular
63476,52912,ASP.NET CORE
63479,52912,Express
63480,52912,Node.js
63481,52912,Vue.js
63483,52920,Express
63485,52920,Next.js
63486,52920,Node.js
63487,52920,React
63488,52921,Node.js
63489,52923,Angular
63491,52923,Express
63494,52923,Node.js
63495,52923,React
63497,52924,Express
63499,52924,Next.js
63500,52924,Node.js
63501,52924,React
63503,52924,Svelte
63504,52935,FastAPI
63507,52936,FastAPI
63512,52939,Node.js
63514,52939,Vue.js
63515,52942,Angular
63516,52942,Node.js
63517,52942,React
63518,52942,Spring Boot
63522,52957,Next.js
63523,52957,React
63525,52962,Express
63526,52962,Node.js
63527,52962,React
63534,52970,Svelte
63535,52970,Vue.js
63537,52971,Express
63538,52971,Next.js
63539,52971,Node.js
63540,52971,React
63542,52971,Svelte
63543,52971,Vue.js
63545,52972,Next.js
63546,52972,Node.js
63547,52972,React
63550,52973,Vue.js
63551,52975,Spring Boot
63552,52977,FastAPI
63553,52977,Node.js
63554,52977,Vue.js
63555,52988,Angular
63556,52988,ASP.NET CORE
63557,52988,Node.js
63558,52988,Vue.js
63559,52991,ASP.NET CORE
63562,52998,FastAPI
63563,52998,Next.js
63564,52998,Node.js
63565,52998,Vue.js
63566,53002,Angular
63569,53002,Node.js
63570,53002,React
63571,53002,Spring Boot
63573,53004,React
63574,53004,Vue.js
63575,53013,Next.js
63576,53013,Node.js
63577,53013,React
63578,53016,Angular
63580,53016,Express
63583,53016,Node.js
63585,53020,Angular
63587,53020,Next.js
63588,53020,Node.js
63590,53024,ASP.NET CORE
63591,53024,Next.js
63592,53024,React
63593,53024,Svelte
63595,53028,ASP.NET CORE
63597,53034,Spring Boot
63599,53034,Vue.js
63600,53048,ASP.NET CORE
63603,53048,Node.js
63604,53048,React
63606,53051,Node.js
63607,53051,Spring Boot
63608,53051,Svelte
63611,53061,ASP.NET CORE
63613,53061,React
63615,53063,Express
63617,53063,Node.js
63618,53063,React
63619,53064,Angular
63622,53064,Next.js
63623,53064,Node.js
63624,53064,React
63625,53080,Angular
63626,53080,ASP.NET CORE
63627,53080,FastAPI
63628,53080,Node.js
63629,53080,Vue.js
63630,53083,Express
63632,53083,Node.js
63635,53084,Express
63638,53084,Next.js
63639,53084,Node.js
63641,53084,React
63642,53084,Svelte
63643,53084,Vue.js
63644,53086,Angular
63646,53086,ASP.NET CORE
63647,53086,Node.js
63649,53091,ASP.NET CORE
63651,53097,Express
63652,53097,Node.js
63653,53097,Vue.js
63655,53109,React
63657,53115,Next.js
63658,53115,Node.js
63659,53115,React
63660,53123,ASP.NET CORE
63661,53125,ASP.NET CORE
63666,53125,Node.js
63667,53125,Svelte
63669,53130,Express
63670,53130,FastAPI
63673,53130,Node.js
63674,53130,React
63675,53130,Vue.js
63676,53134,FastAPI
63678,53137,ASP.NET CORE
63679,53137,Vue.js
63681,53143,Next.js
63682,53143,Vue.js
63683,53144,ASP.NET CORE
63685,53144,React
63687,53147,ASP.NET CORE
63689,53151,Angular
63690,53151,Express
63692,53151,Node.js
63693,53152,Angular
63694,53152,ASP.NET CORE
63695,53168,ASP.NET CORE
63697,53170,FastAPI
63698,53173,Node.js
63699,53177,Angular
63701,53177,React
63702,53180,Angular
63704,53180,Node.js
63705,53180,Vue.js
63709,53192,Express
63710,53192,Next.js
63711,53192,Node.js
63712,53192,React
63714,53192,Svelte
63715,53197,Angular
63716,53197,ASP.NET CORE
63717,53199,Angular
63718,53199,Spring Boot
63720,53202,Node.js
63722,53202,Svelte
63723,53202,Vue.js
63724,53203,Next.js
63725,53203,React
63727,53208,Node.js
63728,53208,React
63729,53208,Vue.js
63732,53217,FastAPI
63733,53223,ASP.NET CORE
63734,53223,React
63735,53229,Next.js
63736,53229,React
63739,53231,ASP.NET CORE
63740,53231,FastAPI
63741,53231,React
63742,53231,Vue.js
63744,53242,ASP.NET CORE
63746,53242,Node.js
63747,53242,React
63748,53242,Vue.js
63750,53244,Express
63752,53244,Next.js
63753,53244,Node.js
63754,53246,Express
63755,53246,Node.js
63756,53246,React
63757,53247,FastAPI
63759,53250,ASP.NET CORE
63761,53250,Node.js
63762,53254,Spring Boot
63763,53256,React
63764,53260,Angular
63765,53260,Express
63767,53260,Next.js
63768,53260,Node.js
63769,53260,Spring Boot
63772,53263,Node.js
63774,53263,Svelte
63775,53263,Vue.js
63776,53270,Angular
63780,53270,Express
63784,53270,Next.js
63785,53270,Node.js
63786,53270,React
63787,53270,Spring Boot
63788,53270,Vue.js
63790,53276,Spring Boot
63792,53279,Next.js
63793,53279,Node.js
63794,53279,Vue.js
63795,53282,ASP.NET CORE
63796,53282,React
63797,53283,Express
63798,53283,React
63800,53284,Node.js
63803,53284,Vue.js
63804,53285,Angular
63810,53285,Svelte
63811,53287,ASP.NET CORE
63813,53299,React
63815,53300,ASP.NET CORE
63817,53300,Express
63818,53300,Node.js
63819,53301,Angular
63820,53301,Express
63821,53301,Node.js
63822,53301,React
63823,53301,Svelte
63825,53302,Angular
63826,53302,ASP.NET CORE
63828,53302,React
63829,53302,Svelte
63830,53316,Angular
63831,53316,Next.js
63832,53316,Node.js
63834,53316,React
63835,53316,Spring Boot
63836,53316,Vue.js
63839,53328,Express
63840,53328,FastAPI
63843,53328,Node.js
63844,53328,React
63845,53328,Vue.js
63847,53332,Node.js
63848,53332,React
63849,53342,Angular
63851,53342,ASP.NET CORE
63853,53345,ASP.NET CORE
63855,53345,Express
63856,53345,Next.js
63857,53345,Node.js
63859,53345,React
63860,53345,Spring Boot
63861,53345,Vue.js
63862,53355,FastAPI
63864,53355,Svelte
63865,53363,Express
63866,53363,Node.js
63867,53367,Express
63869,53367,Node.js
63870,53367,React
63873,53397,Next.js
63874,53397,React
63878,53409,Vue.js
63880,53411,Express
63881,53411,Node.js
63884,53411,Vue.js
63886,53421,React
63887,53421,Vue.js
63889,53431,Node.js
63891,53436,Express
63892,53436,FastAPI
63894,53436,Node.js
63896,53436,React
63899,53445,Next.js
63900,53445,Node.js
63901,53445,React
63902,53445,Svelte
63904,53450,React
63906,53456,FastAPI
63907,53462,Node.js
63908,53463,Angular
63910,53463,ASP.NET CORE
63912,53463,Node.js
63917,53466,Spring Boot
63919,53467,Express
63920,53467,FastAPI
63922,53467,Node.js
63923,53468,ASP.NET CORE
63928,53468,Next.js
63929,53468,Node.js
63930,53468,React
63931,53468,Spring Boot
63932,53468,Svelte
63933,53468,Vue.js
63935,53472,FastAPI
63936,53472,Node.js
63939,53473,ASP.NET CORE
63942,53473,Svelte
63944,53491,FastAPI
63948,53491,Svelte
63949,53491,Vue.js
63951,53493,Express
63953,53493,Next.js
63954,53493,Node.js
63955,53493,React
63958,53494,Express
63962,53494,Node.js
63964,53494,Svelte
63966,53494,Vue.js
63967,53495,React
63968,53495,Spring Boot
63969,53495,Vue.js
63971,53503,Spring Boot
63974,53511,Node.js
63975,53511,Vue.js
63979,53531,Node.js
63980,53534,FastAPI
63981,53534,Next.js
63982,53534,Node.js
63983,53534,React
63984,53535,Spring Boot
63985,53539,ASP.NET CORE
63986,53539,React
63987,53542,Angular
63988,53542,React
63989,53542,Spring Boot
63995,53543,Vue.js
63998,53545,Next.js
63999,53546,Angular
64001,53546,ASP.NET CORE
64004,53546,Next.js
64005,53546,Node.js
64006,53546,React
64007,53547,Next.js
64008,53547,Node.js
64009,53547,React
64011,53550,Next.js
64012,53550,Node.js
64013,53550,React
64015,53551,ASP.NET CORE
64017,53551,Node.js
64018,53551,React
64021,53552,Vue.js
64023,53557,Node.js
64025,53559,FastAPI
64028,53564,React
64030,53568,ASP.NET CORE
64033,53568,React
64034,53570,ASP.NET CORE
64035,53570,Node.js
64036,53570,React
64038,53575,Express
64039,53575,FastAPI
64040,53575,Node.js
64041,53575,Spring Boot
64042,53575,Svelte
64043,53575,Vue.js
64044,53579,Angular
64046,53579,ASP.NET CORE
64049,53579,Node.js
64050,53579,React
64051,53582,Angular
64052,53582,ASP.NET CORE
64053,53585,ASP.NET CORE
64056,53586,ASP.NET CORE
64058,53589,FastAPI
64060,53591,Node.js
64062,53594,Node.js
64064,53594,Vue.js
64065,53596,Express
64067,53596,Node.js
64069,53596,React
64070,53599,Angular
64071,53599,React
64073,53600,ASP.NET CORE
64074,53600,React
64075,53609,FastAPI
64076,53609,React
64077,53612,Express
64078,53612,Node.js
64079,53621,Angular
64081,53621,Node.js
64083,53632,Vue.js
64084,53639,ASP.NET CORE
64085,53639,Node.js
64086,53640,Angular
64087,53640,ASP.NET CORE
64088,53643,Angular
64090,53643,Express
64092,53643,Node.js
64093,53643,React
64094,53643,Vue.js
64098,53645,Svelte
64099,53649,FastAPI
64102,53649,React
64103,53650,Express
64104,53650,Next.js
64105,53650,Node.js
64106,53650,React
64107,53652,Angular
64108,53652,ASP.NET CORE
64109,53652,Next.js
64110,53652,React
64111,53652,Svelte
64112,53652,Vue.js
64113,53653,ASP.NET CORE
64114,53653,Node.js
64116,53654,Node.js
64117,53654,React
64118,53654,Spring Boot
64119,53654,Vue.js
64120,53656,Node.js
64122,53658,Node.js
64123,53658,Spring Boot
64124,53662,Angular
64126,53662,Next.js
64127,53662,Node.js
64129,53670,ASP.NET CORE
64132,53671,Angular
64133,53671,Node.js
64134,53674,Express
64135,53674,Node.js
64139,53680,Svelte
64141,53686,Next.js
64142,53687,FastAPI
64143,53687,Next.js
64144,53687,React
64145,53688,ASP.NET CORE
64146,53688,FastAPI
64147,53688,React
64149,53691,Svelte
64151,53707,Node.js
64152,53707,React
64155,53710,Node.js
64156,53723,Express
64160,53723,Node.js
64161,53723,React
64162,53723,Vue.js
64164,53727,Express
64165,53727,Node.js
64166,53727,React
64167,53727,Vue.js
64168,53733,Angular
64169,53733,ASP.NET CORE
64170,53734,Express
64171,53734,FastAPI
64172,53734,Next.js
64173,53734,Node.js
64174,53734,Vue.js
64175,53735,Next.js
64178,53735,Svelte
64180,53737,React
64181,53738,Angular
64183,53738,Express
64185,53738,Next.js
64186,53738,Node.js
64187,53738,Svelte
64188,53738,Vue.js
64189,53739,ASP.NET CORE
64191,53740,FastAPI
64193,53748,Next.js
64194,53748,Node.js
64195,53748,React
64198,53750,Node.js
64199,53750,Svelte
64202,53755,Node.js
64203,53755,React
64205,53756,Express
64206,53756,FastAPI
64208,53756,Next.js
64209,53756,Node.js
64210,53756,React
64211,53758,Angular
64212,53758,ASP.NET CORE
64214,53775,Express
64216,53775,Node.js
64217,53775,React
64220,53784,Next.js
64221,53784,Node.js
64222,53784,React
64223,53784,Svelte
64224,53784,Vue.js
64228,53786,React
64230,53787,Next.js
64231,53787,Node.js
64232,53787,React
64234,53791,Next.js
64235,53791,Node.js
64237,53791,React
64238,53791,Svelte
64239,53791,Vue.js
64240,53799,Next.js
64242,53799,Spring Boot
64243,53808,Express
64244,53808,Node.js
64245,53808,Svelte
64246,53809,FastAPI
64248,53809,Next.js
64250,53809,React
64253,53827,Node.js
64254,53827,Vue.js
64255,53830,Node.js
64256,53831,ASP.NET CORE
64258,53831,React
64261,53838,React
64262,53838,Vue.js
64266,53849,React
64267,53856,ASP.NET CORE
64269,53857,ASP.NET CORE
64270,53862,FastAPI
64271,53862,Vue.js
64273,53867,Angular
64274,53868,Angular
64275,53868,ASP.NET CORE
64277,53868,Next.js
64279,53868,Vue.js
64280,53876,React
64283,53877,ASP.NET CORE
64284,53878,Angular
64286,53878,ASP.NET CORE
64287,53878,Next.js
64288,53880,Angular
64289,53880,ASP.NET CORE
64294,53881,Next.js
64295,53881,Node.js
64296,53881,React
64298,53885,Node.js
64300,53885,React
64301,53900,Angular
64303,53900,ASP.NET CORE
64307,53900,Node.js
64308,53900,React
64309,53905,FastAPI
64311,53905,Node.js
64312,53905,React
64314,53914,Vue.js
64316,53916,ASP.NET CORE
64319,53916,Node.js
64321,53917,Next.js
64322,53917,Node.js
64323,53917,Vue.js
64324,53922,Node.js
64325,53922,React
64327,53923,ASP.NET CORE
64328,53924,Node.js
64329,53924,React
64330,53927,FastAPI
64333,53927,Next.js
64334,53927,React
64336,53927,Vue.js
64337,53931,Node.js
64338,53931,Spring Boot
64341,53932,Node.js
64342,53932,Vue.js
64344,53937,Next.js
64345,53937,Node.js
64346,53937,React
64347,53937,Vue.js
64349,53939,Next.js
64350,53939,Node.js
64351,53939,React
64353,53940,FastAPI
64357,53940,Svelte
64359,53942,Express
64362,53942,Vue.js
64364,53952,FastAPI
64365,53956,FastAPI
64367,53962,ASP.NET CORE
64369,53962,Express
64370,53962,FastAPI
64372,53962,Next.js
64373,53962,Node.js
64374,53962,React
64375,53965,Angular
64376,53965,Express
64377,53965,React
64378,53965,Spring Boot
64379,53967,Express
64381,53967,Next.js
64382,53967,Node.js
64383,53967,React
64386,53967,Svelte
64387,53967,Vue.js
64389,53969,Node.js
64390,53975,Express
64391,53975,Svelte
64393,53977,Express
64394,53977,FastAPI
64397,53977,Next.js
64398,53977,Node.js
64399,53977,React
64401,53977,Vue.js
64403,53982,Svelte
64406,53985,Express
64407,53985,FastAPI
64411,53985,Next.js
64412,53985,Node.js
64413,53985,React
64414,53985,Vue.js
64417,53994,FastAPI
64418,53994,Next.js
64419,53994,Node.js
64421,53994,React
64422,53994,Vue.js
64423,53999,ASP.NET CORE
64425,53999,React
64426,54000,Express
64429,54000,Next.js
64430,54000,Node.js
64431,54000,React
64434,54009,FastAPI
64436,54009,Node.js
64437,54009,React
64440,54012,Next.js
64441,54012,Node.js
64442,54012,React
64443,54013,Angular
64449,54013,Node.js
64450,54013,React
64451,54013,Spring Boot
64452,54013,Vue.js
64454,54015,React
64457,54016,Express
64460,54016,Next.js
64461,54016,Node.js
64463,54016,React
64465,54016,Vue.js
64468,54023,ASP.NET CORE
64469,54023,Next.js
64470,54023,Node.js
64471,54024,Next.js
64472,54024,Node.js
64473,54024,Svelte
64475,54034,Svelte
64476,54037,Node.js
64477,54038,ASP.NET CORE
64478,54038,Node.js
64480,54043,Node.js
64481,54045,Angular
64484,54049,Angular
64485,54049,ASP.NET CORE
64488,54049,Express
64489,54049,FastAPI
64491,54049,Node.js
64492,54049,React
64493,54049,Vue.js
64495,54053,Vue.js
64496,54054,FastAPI
64497,54055,FastAPI
64498,54055,React
64499,54056,Express
64500,54056,Node.js
64501,54056,React
64503,54059,React
64506,54064,Vue.js
64507,54065,Spring Boot
64508,54074,Node.js
64509,54074,Spring Boot
64510,54074,Vue.js
64512,54075,ASP.NET CORE
64516,54075,Express
64517,54075,FastAPI
64518,54075,Next.js
64519,54075,Node.js
64520,54075,React
64522,54075,Svelte
64523,54079,Node.js
64524,54083,FastAPI
64525,54083,Spring Boot
64526,54087,Express
64527,54087,Node.js
64528,54087,React
64529,54087,Spring Boot
64530,54087,Svelte
64531,54087,Vue.js
64534,54088,ASP.NET CORE
64536,54088,Express
64537,54088,FastAPI
64539,54088,Node.js
64540,54088,Vue.js
64541,54090,Angular
64542,54090,ASP.NET CORE
64543,54106,Angular
64544,54106,Next.js
64545,54106,Node.js
64546,54106,React
64547,54106,Spring Boot
64548,54107,ASP.NET CORE
64551,54108,React
64554,54111,Angular
64555,54111,Express
64556,54111,Node.js
64557,54111,React
64558,54115,Angular
64560,54116,React
64563,54117,Svelte
64564,54133,ASP.NET CORE
64565,54133,Express
64567,54133,Next.js
64568,54133,Node.js
64569,54133,React
64572,54134,ASP.NET CORE
64574,54134,Node.js
64575,54134,Vue.js
64577,54137,Node.js
64578,54137,Svelte
64580,54141,Vue.js
64583,54144,ASP.NET CORE
64584,54144,Express
64587,54144,Node.js
64588,54144,React
64591,54160,ASP.NET CORE
64593,54160,Svelte
64595,54163,ASP.NET CORE
64596,54176,React
64597,54176,Vue.js
64600,54180,ASP.NET CORE
64601,54180,FastAPI
64603,54180,Next.js
64604,54180,Node.js
64605,54180,React
64606,54183,Angular
64609,54183,ASP.NET CORE
64612,54183,Express
64613,54183,FastAPI
64615,54183,Next.js
64616,54183,Node.js
64618,54183,React
64619,54183,Spring Boot
64620,54183,Vue.js
64621,54186,Next.js
64622,54186,Node.js
64623,54186,React
64624,54187,Node.js
64625,54187,Svelte
64629,54193,Next.js
64630,54193,Spring Boot
64632,54195,ASP.NET CORE
64638,54204,Angular
64639,54205,Angular
64640,54205,ASP.NET CORE
64641,54205,FastAPI
64643,54205,Next.js
64644,54205,Node.js
64647,54205,Svelte
64648,54205,Vue.js
64649,54210,Angular
64650,54210,Next.js
64651,54210,Node.js
64652,54210,React
64654,54219,Node.js
64655,54219,React
64657,54232,Angular
64659,54232,ASP.NET CORE
64662,54235,Next.js
64663,54235,Node.js
64664,54235,React
64667,54241,Node.js
64669,54245,ASP.NET CORE
64671,54245,Node.js
64672,54245,React
64673,54245,Vue.js
64676,54249,Vue.js
64677,54252,Express
64679,54252,Node.js
64680,54252,Svelte
64684,54257,Express
64685,54257,FastAPI
64687,54257,Next.js
64688,54257,Node.js
64689,54257,React
64690,54257,Spring Boot
64691,54257,Vue.js
64694,54258,Node.js
64695,54258,React
64696,54258,Spring Boot
64699,54261,Vue.js
64700,54269,Angular
64701,54269,Next.js
64702,54269,Node.js
64703,54269,React
64704,54270,Angular
64706,54270,FastAPI
64707,54270,Vue.js
64708,54272,Angular
64709,54272,Spring Boot
64713,54275,Next.js
64714,54275,React
64715,54276,Angular
64716,54276,Spring Boot
64718,54282,ASP.NET CORE
64721,54282,React
64722,54284,Next.js
64723,54284,Node.js
64724,54284,React
64726,54285,Spring Boot
64727,54287,ASP.NET CORE
64730,54291,Express
64731,54291,Next.js
64732,54291,Node.js
64733,54291,React
64735,54295,ASP.NET CORE
64737,54295,Node.js
64740,54301,React
64741,54301,Spring Boot
64742,54304,Angular
64744,54304,Next.js
64745,54304,Node.js
64746,54304,React
64747,54304,Spring Boot
64748,54304,Svelte
64749,54307,Angular
64750,54307,ASP.NET CORE
64751,54320,Angular
64752,54320,Node.js
64753,54320,React
64754,54320,Spring Boot
64756,54324,React
64757,54324,Spring Boot
64759,54332,Angular
64761,54332,ASP.NET CORE
64765,54332,Node.js
64766,54332,React
64767,54332,Vue.js
64768,54334,Express
64769,54334,Next.js
64770,54334,Node.js
64772,54334,React
64773,54334,Vue.js
64774,54335,Node.js
64775,54335,Spring Boot
64776,54335,Vue.js
64777,54339,Angular
64780,54339,ASP.NET CORE
64782,54339,Express
64783,54339,FastAPI
64785,54339,Next.js
64786,54339,Node.js
64787,54339,React
64790,54339,Vue.js
64795,54340,Node.js
64797,54342,ASP.NET CORE
64798,54347,ASP.NET CORE
64801,54347,Express
64803,54347,Next.js
64804,54347,Node.js
64805,54347,React
64807,54348,Angular
64808,54348,Node.js
64809,54348,React
64810,54354,Angular
64813,54354,Express
64816,54354,Next.js
64817,54354,Node.js
64818,54354,React
64819,54356,ASP.NET CORE
64820,54356,Vue.js
64823,54357,Express
64824,54357,FastAPI
64827,54357,Next.js
64828,54357,Node.js
64829,54357,React
64830,54357,Vue.js
64831,54359,Express
64832,54359,FastAPI
64833,54359,Next.js
64834,54359,Node.js
64835,54359,React
64836,54359,Spring Boot
64840,54363,Angular
64842,54365,Angular
64843,54365,ASP.NET CORE
64844,54365,Node.js
64845,54367,Angular
64847,54367,Next.js
64848,54367,React
64849,54382,FastAPI
64850,54383,Angular
64853,54383,ASP.NET CORE
64854,54383,Node.js
64856,54383,Spring Boot
64857,54383,Vue.js
64858,54392,Express
64860,54392,Next.js
64863,54399,Next.js
64864,54399,Node.js
64865,54399,React
64866,54405,Node.js
64867,54405,React
64868,54407,Express
64869,54407,Node.js
64870,54407,Vue.js
64872,54408,ASP.NET CORE
64875,54411,Node.js
64876,54411,React
64877,54411,Spring Boot
64878,54416,Angular
64879,54416,Express
64881,54416,Next.js
64882,54416,Node.js
64883,54416,React
64884,54416,Spring Boot
64885,54417,Express
64887,54417,Next.js
64888,54417,Node.js
64889,54417,React
64890,54417,Svelte
64891,54419,Express
64892,54419,Node.js
64893,54419,Svelte
64894,54420,Angular
64895,54420,Node.js
64896,54426,Node.js
64898,54426,Vue.js
64899,54434,Angular
64900,54434,ASP.NET CORE
64902,54434,React
64903,54443,Express
64905,54443,Next.js
64906,54443,Node.js
64907,54443,React
64908,54443,Spring Boot
64911,54447,Express
64912,54447,FastAPI
64913,54447,React
64914,54448,Express
64916,54448,React
64920,54451,Angular
64925,54451,Vue.js
64926,54455,Angular
64928,54455,FastAPI
64932,54455,Next.js
64933,54455,Node.js
64934,54455,React
64937,54455,Svelte
64938,54455,Vue.js
64939,54457,Angular
64941,54457,Express
64942,54457,FastAPI
64944,54457,Next.js
64945,54457,Node.js
64946,54457,React
64947,54457,Spring Boot
64948,54457,Svelte
64949,54462,ASP.NET CORE
64950,54462,React
64952,54475,Spring Boot
64953,54477,Angular
64956,54477,FastAPI
64959,54477,Next.js
64960,54477,Node.js
64961,54477,Vue.js
64966,54479,Vue.js
64968,54481,FastAPI
64969,54482,Node.js
64970,54482,Vue.js
64971,54495,FastAPI
64974,54495,Svelte
64975,54497,ASP.NET CORE
64977,54502,Angular
64978,54502,ASP.NET CORE
64979,54502,FastAPI
64981,54502,Node.js
64983,54524,FastAPI
64984,54524,Svelte
64985,54528,Angular
64986,54528,Express
64988,54528,Node.js
64990,54535,ASP.NET CORE
64992,54535,React
64993,54541,Angular
64995,54541,ASP.NET CORE
64996,54541,FastAPI
64997,54541,Node.js
64998,54547,Angular
65000,54547,Node.js
65001,54547,Spring Boot
65002,54547,Vue.js
65003,54548,Angular
65005,54548,ASP.NET CORE
65007,54548,Node.js
65008,54548,React
65009,54548,Vue.js
65010,54555,Angular
65012,54555,FastAPI
65014,54555,React
65017,54558,Next.js
65018,54558,Node.js
65019,54558,React
65022,54563,ASP.NET CORE
65024,54563,React
65026,54564,FastAPI
65028,54567,Vue.js
65029,54576,Angular
65031,54578,Node.js
65032,54578,React
65034,54582,Node.js
65037,54590,Node.js
65040,54592,ASP.NET CORE
65041,54592,React
65043,54594,Express
65044,54594,Next.js
65045,54594,Node.js
65046,54594,React
65047,54604,Express
65048,54604,FastAPI
65053,54604,React
65055,54605,Next.js
65057,54605,React
65058,54605,Spring Boot
65060,54605,Vue.js
65062,54611,React
65063,54611,Svelte
65064,54614,FastAPI
65065,54654,React
65067,54655,ASP.NET CORE
65070,54663,Next.js
65071,54663,React
65072,54663,Spring Boot
65073,54663,Vue.js
65074,54666,Node.js
65075,54674,React
65076,54677,Node.js
65079,54680,ASP.NET CORE
65080,54680,Next.js
65081,54680,React
65083,54680,Vue.js
65084,54681,Spring Boot
65085,54682,Angular
65087,54682,Node.js
65088,54682,Vue.js
65089,54685,FastAPI
65091,54685,React
65093,54690,ASP.NET CORE
65096,54694,ASP.NET CORE
65098,54696,ASP.NET CORE
65102,54696,Next.js
65103,54696,Vue.js
65105,54697,Node.js
65106,54697,React
65109,54712,Angular
65112,54712,Node.js
65114,54713,ASP.NET CORE
65116,54720,Angular
65117,54720,Next.js
65118,54720,Node.js
65119,54720,Vue.js
65120,54725,ASP.NET CORE
65122,54726,FastAPI
65124,54728,ASP.NET CORE
65128,54736,Spring Boot
65130,54740,Express
65132,54740,Next.js
65133,54740,Node.js
65134,54740,React
65138,54751,React
65139,54752,ASP.NET CORE
65141,54753,Angular
65143,54753,Spring Boot
65147,54767,FastAPI
65148,54767,React
65149,54770,Express
65151,54770,Next.js
65152,54770,React
65156,54782,Next.js
65157,54782,Node.js
65158,54782,React
65160,54783,Angular
65163,54783,Express
65164,54783,FastAPI
65168,54783,Next.js
65169,54783,Node.js
65170,54783,React
65171,54783,Spring Boot
65172,54783,Vue.js
65173,54790,FastAPI
65175,54794,Vue.js
65177,54801,FastAPI
65178,54807,Express
65180,54807,Node.js
65181,54807,React
65182,54807,Svelte
65183,54812,React
65184,54817,React
65187,54824,Next.js
65188,54827,Node.js
65191,54830,Svelte
65194,54837,Angular
65195,54837,Express
65196,54837,React
65200,54845,Svelte
65202,54845,Vue.js
65204,54846,ASP.NET CORE
65205,54852,Angular
65206,54852,ASP.NET CORE
65207,54866,Express
65209,54866,Next.js
65210,54866,React
65212,54866,Spring Boot
65213,54872,ASP.NET CORE
65214,54884,Angular
65215,54885,Angular
65216,54885,Spring Boot
65219,54896,Next.js
65220,54896,Node.js
65221,54896,React
65223,54909,Angular
65224,54909,Node.js
65225,54909,React
65226,54909,Spring Boot
65228,54915,React
65229,54915,Spring Boot
65230,54915,Vue.js
65233,54921,Express
65238,54921,Node.js
65240,54921,React
65242,54921,Vue.js
65244,54928,Vue.js
65246,54929,FastAPI
65249,54929,Next.js
65250,54929,React
65251,54931,Spring Boot
65254,54932,Next.js
65255,54932,Node.js
65256,54932,React
65258,54938,Angular
65259,54938,ASP.NET CORE
65262,54938,Express
65263,54938,FastAPI
65265,54938,Next.js
65266,54938,Node.js
65268,54938,React
65270,54938,Svelte
65271,54941,Angular
65272,54941,Spring Boot
65278,54962,Node.js
65279,54962,React
65280,54963,Angular
65281,54963,FastAPI
65282,54963,Next.js
65283,54963,Node.js
65284,54963,React
65285,54965,Angular
65286,54967,Angular
65287,54967,Spring Boot
65288,54967,Svelte
65289,54971,ASP.NET CORE
65292,54971,Express
65293,54971,Next.js
65294,54971,Node.js
65296,54971,React
65298,54971,Vue.js
65300,54972,ASP.NET CORE
65301,54972,Vue.js
65303,54975,ASP.NET CORE
65304,54976,Angular
65307,54976,ASP.NET CORE
65308,54976,Node.js
65309,54976,React
65310,54981,FastAPI
65312,54987,Angular
65313,54987,FastAPI
65315,54987,Spring Boot
65318,54992,Spring Boot
65319,54994,ASP.NET CORE
65321,55001,Angular
65323,55001,Spring Boot
65325,55003,Express
65326,55003,Next.js
65327,55003,Node.js
65328,55003,React
65329,55005,Express
65330,55005,Next.js
65331,55005,Node.js
65332,55005,React
65334,55012,Express
65335,55012,Next.js
65336,55012,Node.js
65337,55012,React
65338,55015,ASP.NET CORE
65340,55018,Angular
65341,55018,ASP.NET CORE
65344,55021,Angular
65347,55021,Next.js
65348,55021,Node.js
65349,55021,React
65350,55023,Angular
65353,55023,ASP.NET CORE
65356,55023,Node.js
65357,55023,React
65359,55023,Vue.js
65362,55028,Express
65363,55028,Next.js
65364,55028,Node.js
65365,55028,React
65366,55028,Spring Boot
65367,55028,Vue.js
65368,55030,ASP.NET CORE
65369,55030,React
65371,55032,ASP.NET CORE
65373,55032,Next.js
65375,55035,FastAPI
65376,55039,Angular
65381,55039,Next.js
65382,55039,Node.js
65383,55039,React
65384,55039,Spring Boot
65386,55040,FastAPI
65389,55040,Node.js
65391,55040,Svelte
65392,55040,Vue.js
65394,55046,Vue.js
65395,55053,ASP.NET CORE
65397,55053,Node.js
65398,55053,Svelte
65399,55053,Vue.js
65400,55056,Next.js
65401,55056,React
65402,55059,Express
65404,55059,Node.js
65405,55062,Angular
65406,55062,FastAPI
65407,55062,Node.js
65408,55062,Vue.js
65409,55070,ASP.NET CORE
65411,55070,Vue.js
65412,55076,Angular
65413,55076,ASP.NET CORE
65415,55076,Express
65417,55076,Next.js
65418,55076,Node.js
65419,55076,React
65420,55076,Spring Boot
65422,55076,Svelte
65423,55076,Vue.js
65424,55078,Node.js
65425,55080,Angular
65427,55080,Express
65429,55080,Next.js
65430,55080,Node.js
65431,55080,React
65432,55080,Vue.js
65436,55088,React
65438,55091,ASP.NET CORE
65439,55091,React
65440,55102,Angular
65442,55102,FastAPI
65445,55102,Node.js
65446,55102,Spring Boot
65447,55115,Spring Boot
65448,55116,ASP.NET CORE
65450,55116,Node.js
65451,55116,React
65455,55119,Node.js
65456,55119,React
65457,55119,Vue.js
65458,55126,Node.js
65459,55126,React
65460,55126,Spring Boot
65462,55131,FastAPI
65463,55131,Next.js
65465,55132,Express
65467,55132,Node.js
65468,55132,Vue.js
65469,55134,FastAPI
65471,55135,ASP.NET CORE
65472,55135,Express
65474,55135,Node.js
65477,55139,FastAPI
65480,55139,Node.js
65481,55139,Vue.js
65483,55144,ASP.NET CORE
65486,55144,Next.js
65487,55152,Next.js
65488,55152,React
65489,55164,ASP.NET CORE
65492,55166,Angular
65494,55167,FastAPI
65497,55167,React
65500,55171,FastAPI
65501,55171,Vue.js
65502,55172,Angular
65503,55172,ASP.NET CORE
65506,55173,Vue.js
65507,55176,FastAPI
65509,55176,React
65512,55178,Express
65514,55178,Next.js
65515,55178,Node.js
65516,55178,React
65518,55185,Spring Boot
65519,55196,Spring Boot
65520,55200,Angular
65521,55201,Angular
65523,55201,Node.js
65524,55203,Express
65525,55203,FastAPI
65526,55203,Node.js
65527,55203,React
65528,55205,ASP.NET CORE
65530,55205,FastAPI
65532,55215,ASP.NET CORE
65533,55215,Next.js
65534,55215,Node.js
65535,55215,React
65537,55220,FastAPI
65540,55220,Node.js
65541,55220,React
65542,55221,Angular
65544,55221,Next.js
65545,55221,Node.js
65546,55221,React
65547,55221,Spring Boot
65549,55230,React
65550,55230,Spring Boot
65551,55230,Svelte
65552,55230,Vue.js
65557,55239,React
65562,55242,ASP.NET CORE
65563,55242,Express
65564,55242,Node.js
65565,55242,React
65566,55244,ASP.NET CORE
65567,55244,Next.js
65568,55244,Node.js
65569,55244,React
65571,55246,Vue.js
65573,55247,Express
65575,55247,Node.js
65576,55247,Vue.js
65577,55249,ASP.NET CORE
65578,55249,Node.js
65579,55249,React
65584,55252,Next.js
65585,55252,Node.js
65586,55252,React
65588,55257,ASP.NET CORE
65591,55257,Node.js
65592,55257,Svelte
65593,55257,Vue.js
65595,55258,Node.js
65596,55258,React
65597,55259,ASP.NET CORE
65599,55259,Express
65601,55259,Node.js
65602,55259,React
65603,55259,Spring Boot
65604,55286,React
65609,55307,Next.js
65610,55307,Node.js
65611,55307,React
65612,55310,ASP.NET CORE
65613,55312,Express
65614,55312,Node.js
65615,55312,React
65616,55312,Spring Boot
65618,55313,Next.js
65619,55313,Node.js
65620,55313,React
65621,55314,ASP.NET CORE
65624,55320,FastAPI
65626,55322,Express
65627,55322,Node.js
65628,55322,React
65629,55334,ASP.NET CORE
65631,55345,FastAPI
65633,55346,Node.js
65634,55346,React
65635,55346,Spring Boot
65636,55357,Angular
65638,55357,React
65640,55357,Spring Boot
65641,55357,Svelte
65642,55357,Vue.js
65645,55359,ASP.NET CORE
65646,55359,React
65647,55359,Vue.js
65649,55367,Svelte
65651,55368,FastAPI
65653,55369,FastAPI
65655,55382,Angular
65656,55382,Express
65658,55382,Next.js
65659,55382,React
65661,55393,Spring Boot
65662,55404,Next.js
65663,55404,Node.js
65664,55405,Angular
65665,55405,Spring Boot
65666,55409,Express
65667,55409,Node.js
65668,55409,React
65669,55414,Angular
65670,55414,ASP.NET CORE
65672,55414,Spring Boot
65673,55414,Vue.js
65674,55417,Spring Boot
65676,55421,ASP.NET CORE
65678,55421,Next.js
65679,55421,React
65680,55422,ASP.NET CORE
65681,55422,Node.js
65682,55422,React
65683,55428,ASP.NET CORE
65686,55429,ASP.NET CORE
65688,55429,Node.js
65689,55429,React
65690,55430,Angular
65691,55430,ASP.NET CORE
65692,55430,FastAPI
65693,55430,Node.js
65695,55443,Svelte
65696,55447,Angular
65698,55447,ASP.NET CORE
65699,55449,FastAPI
65703,55456,Next.js
65704,55456,React
65705,55456,Vue.js
65707,55459,Node.js
65709,55459,Svelte
65711,55467,Angular
65713,55467,ASP.NET CORE
65714,55467,React
65715,55467,Vue.js
65716,55472,ASP.NET CORE
65718,55472,React
65721,55479,Next.js
65722,55479,Node.js
65723,55479,React
65725,55479,Spring Boot
65726,55479,Vue.js
65730,55481,Express
65731,55481,FastAPI
65733,55481,Node.js
65736,55481,React
65739,55481,Svelte
65740,55481,Vue.js
65742,55485,ASP.NET CORE
65745,55485,Node.js
65747,55492,Express
65750,55492,Node.js
65751,55492,React
65752,55497,FastAPI
65753,55501,Angular
65755,55502,ASP.NET CORE
65756,55502,Node.js
65757,55504,ASP.NET CORE
65758,55504,React
65759,55505,Angular
65760,55505,Express
65763,55505,Node.js
65764,55505,Svelte
65765,55505,Vue.js
65768,55506,Node.js
65770,55506,React
65771,55506,Svelte
65772,55506,Vue.js
65774,55508,Express
65778,55508,Next.js
65779,55508,Node.js
65780,55508,React
65781,55508,Vue.js
65782,55509,ASP.NET CORE
65785,55511,Node.js
65786,55511,React
65787,55513,Express
65788,55513,Node.js
65789,55513,React
65790,55514,React
65792,55516,Express
65793,55516,Next.js
65794,55516,Node.js
65795,55516,React
65796,55521,Next.js
65797,55521,Svelte
65798,55522,Node.js
65799,55522,React
65800,55522,Spring Boot
65802,55529,Express
65804,55529,Next.js
65805,55529,Node.js
65808,55529,React
65810,55536,React
65812,55538,ASP.NET CORE
65817,55541,FastAPI
65819,55541,React
65824,55549,Node.js
65826,55549,Vue.js
65827,55550,FastAPI
65829,55550,React
65830,55550,Spring Boot
65832,55551,ASP.NET CORE
65837,55551,Node.js
65841,55556,FastAPI
65843,55556,React
65845,55561,Svelte
65849,55562,Spring Boot
65852,55574,Svelte
65853,55578,ASP.NET CORE
65856,55579,React
65857,55579,Spring Boot
65858,55581,Angular
65859,55581,ASP.NET CORE
65861,55581,Express
65862,55581,Node.js
65863,55581,React
65865,55581,Svelte
65868,55584,Svelte
65869,55592,ASP.NET CORE
65870,55594,Express
65872,55594,Node.js
65874,55598,FastAPI
65877,55598,Svelte
65880,55617,Node.js
65881,55617,Svelte
65882,55623,Spring Boot
65887,55636,Next.js
65888,55636,Node.js
65890,55636,React
65891,55636,Svelte
65892,55636,Vue.js
65893,55637,Next.js
65896,55638,Next.js
65897,55638,React
65900,55638,Svelte
65901,55639,Express
65902,55639,Next.js
65903,55639,Node.js
65904,55639,React
65905,55639,Svelte
65906,55640,Spring Boot
65907,55642,Next.js
65908,55642,Node.js
65909,55642,React
65911,55644,Next.js
65912,55644,Node.js
65913,55644,React
65914,55645,Next.js
65915,55645,React
65917,55650,ASP.NET CORE
65920,55650,Next.js
65921,55650,React
65922,55652,React
65924,55653,Vue.js
65925,55660,ASP.NET CORE
65926,55660,Express
65927,55660,Node.js
65928,55660,React
65931,55664,Next.js
65932,55664,Node.js
65933,55664,React
65934,55665,Express
65935,55665,Next.js
65936,55665,Node.js
65937,55665,React
65938,55672,ASP.NET CORE
65939,55672,Node.js
65940,55674,Angular
65944,55690,React
65945,55690,Spring Boot
65950,55705,Node.js
65952,55705,Svelte
65953,55705,Vue.js
65955,55710,Svelte
65957,55712,FastAPI
65961,55717,ASP.NET CORE
65962,55717,Node.js
65964,55719,Node.js
65967,55727,Angular
65971,55727,Express
65972,55727,FastAPI
65975,55727,Next.js
65976,55727,Node.js
65978,55727,React
65981,55727,Svelte
65984,55730,React
65986,55735,ASP.NET CORE
65988,55736,Node.js
65989,55738,Express
65990,55738,Next.js
65991,55738,Node.js
65992,55738,React
65995,55747,Express
65997,55747,Next.js
65998,55747,Spring Boot
65999,55750,React
66001,55755,ASP.NET CORE
66002,55755,React
66003,55759,Angular
66005,55759,Next.js
66006,55759,Node.js
66007,55759,React
66008,55759,Svelte
66009,55760,ASP.NET CORE
66010,55760,Next.js
66011,55760,React
66012,55760,Svelte
66013,55760,Vue.js
66014,55767,Angular
66015,55767,FastAPI
66016,55767,Node.js
66017,55767,Spring Boot
66019,55769,ASP.NET CORE
66020,55769,Next.js
66021,55769,Node.js
66022,55769,React
66023,55770,Angular
66027,55770,FastAPI
66030,55770,React
66031,55770,Vue.js
66033,55780,Spring Boot
66034,55784,ASP.NET CORE
66037,55785,Node.js
66038,55785,React
66039,55785,Spring Boot
66040,55785,Vue.js
66046,55791,Vue.js
66048,55793,Express
66050,55793,Svelte
66051,55793,Vue.js
66053,55795,Express
66055,55795,Next.js
66056,55795,Node.js
66057,55795,React
66058,55795,Svelte
66059,55796,FastAPI
66060,55796,Node.js
66061,55796,React
66063,55796,Svelte
66064,55802,Node.js
66067,55802,Svelte
66068,55802,Vue.js
66069,55806,Express
66071,55806,Next.js
66072,55806,Node.js
66073,55806,React
66074,55806,Vue.js
66077,55820,Next.js
66078,55820,Node.js
66080,55820,React
66081,55820,Vue.js
66084,55828,React
66085,55829,Angular
66086,55829,Node.js
66087,55832,ASP.NET CORE
66089,55832,React
66091,55834,FastAPI
66092,55834,Svelte
66093,55835,FastAPI
66096,55835,Svelte
66097,55836,ASP.NET CORE
66098,55836,Vue.js
66099,55847,Angular
66101,55847,ASP.NET CORE
66103,55854,React
66104,55855,Next.js
66105,55855,Node.js
66106,55855,React
66108,55860,Spring Boot
66109,55866,React
66110,55866,Spring Boot
66111,55870,ASP.NET CORE
66113,55871,Angular
66116,55879,Node.js
66117,55879,React
66118,55889,React
66119,55891,FastAPI
66121,55891,Next.js
66122,55891,Node.js
66123,55891,React
66125,55891,Svelte
66130,55899,Next.js
66131,55899,Node.js
66132,55899,React
66134,55905,ASP.NET CORE
66140,55908,Svelte
66142,55910,ASP.NET CORE
66146,55912,Next.js
66147,55912,Node.js
66148,55912,React
66150,55912,Vue.js
66151,55919,Express
66153,55919,Node.js
66154,55919,React
66155,55919,Vue.js
66157,55925,Next.js
66158,55925,Node.js
66159,55925,React
66161,55926,Node.js
66162,55926,React
66164,55927,ASP.NET CORE
66167,55927,Express
66170,55927,Node.js
66172,55927,Vue.js
66174,55932,ASP.NET CORE
66178,55940,Node.js
66179,55940,React
66181,55948,Next.js
66183,55949,Angular
66184,55949,ASP.NET CORE
66187,55949,FastAPI
66189,55949,Svelte
66190,55949,Vue.js
66191,55964,Spring Boot
66193,55973,React
66196,55977,FastAPI
66198,55978,FastAPI
66200,55980,Node.js
66202,55983,ASP.NET CORE
66204,55983,React
66205,55983,Spring Boot
66206,55983,Vue.js
66210,55998,Svelte
66211,55998,Vue.js
66212,56003,Angular
66213,56003,Express
66214,56003,Node.js
66216,56003,Spring Boot
66217,56003,Vue.js
66219,56009,ASP.NET CORE
66221,56012,Next.js
66224,56019,FastAPI
66225,56019,Next.js
66226,56019,Node.js
66227,56019,React
66228,56019,Spring Boot
66229,56033,FastAPI
66230,56033,Spring Boot
66232,56036,Svelte
66233,56036,Vue.js
66236,56043,Node.js
66237,56043,Vue.js
66239,56048,ASP.NET CORE
66241,56048,React
66242,56050,ASP.NET CORE
66243,56050,Node.js
66244,56050,React
66245,56050,Svelte
66246,56051,Express
66248,56051,Next.js
66249,56051,Node.js
66250,56051,React
66252,56055,React
66255,56063,Spring Boot
66259,56070,Node.js
66261,56074,ASP.NET CORE
66263,56075,ASP.NET CORE
66264,56076,Next.js
66265,56076,Node.js
66266,56076,React
66269,56078,Express
66272,56078,Next.js
66273,56078,Node.js
66274,56078,React
66275,56096,FastAPI
66278,56099,Node.js
66279,56099,Vue.js
66280,56109,Next.js
66281,56109,React
66283,56114,ASP.NET CORE
66286,56119,Express
66289,56119,Next.js
66290,56119,Node.js
66291,56119,React
66293,56119,Svelte
66294,56119,Vue.js
66297,56124,Next.js
66298,56124,Node.js
66299,56124,React
66301,56140,FastAPI
66304,56140,Node.js
66305,56140,React
66308,56147,Angular
66309,56147,ASP.NET CORE
66312,56147,Next.js
66313,56147,Node.js
66314,56147,React
66315,56149,ASP.NET CORE
66322,56155,ASP.NET CORE
66324,56155,React
66325,56165,Angular
66326,56165,ASP.NET CORE
66327,56165,Node.js
66328,56167,ASP.NET CORE
66331,56169,Express
66333,56169,Node.js
66335,56169,Vue.js
66337,56170,Express
66339,56170,Next.js
66340,56170,Node.js
66341,56170,React
66345,56172,Express
66347,56172,Next.js
66348,56172,Node.js
66349,56172,React
66353,56175,Next.js
66354,56175,React
66355,56177,ASP.NET CORE
66356,56177,Node.js
66357,56177,React
66360,56182,Node.js
66362,56182,React
66363,56182,Svelte
66364,56182,Vue.js
66366,56186,ASP.NET CORE
66368,56186,React
66373,56202,ASP.NET CORE
66374,56202,Spring Boot
66377,56208,Express
66380,56208,Next.js
66381,56208,Node.js
66383,56208,React
66386,56208,Svelte
66387,56208,Vue.js
66390,56209,FastAPI
66392,56209,Svelte
66393,56210,ASP.NET CORE
66394,56210,Node.js
66395,56214,Express
66396,56214,FastAPI
66398,56214,Next.js
66399,56214,Node.js
66400,56214,React
66402,56223,Node.js
66403,56223,Spring Boot
66404,56225,Express
66406,56225,React
66407,56227,Express
66408,56227,Next.js
66410,56227,React
66411,56227,Vue.js
66412,56232,FastAPI
66413,56232,React
66414,56235,Angular
66417,56235,React
66418,56235,Spring Boot
66419,56235,Vue.js
66422,56243,Node.js
66423,56243,React
66424,56243,Spring Boot
66425,56243,Svelte
66428,56263,ASP.NET CORE
66431,56263,Vue.js
66433,56269,Next.js
66434,56269,Node.js
66436,56270,React
66440,56272,FastAPI
66442,56272,React
66447,56274,Express
66448,56274,FastAPI
66451,56274,Next.js
66452,56274,Node.js
66454,56274,React
66458,56286,ASP.NET CORE
66460,56286,FastAPI
66461,56286,Vue.js
66464,56292,Next.js
66465,56292,Node.js
66467,56296,Angular
66469,56296,React
66471,56302,ASP.NET CORE
66473,56302,Node.js
66474,56303,ASP.NET CORE
66475,56303,React
66476,56305,Next.js
66477,56305,Node.js
66478,56305,React
66480,56305,Svelte
66481,56305,Vue.js
66485,56309,Next.js
66486,56309,Node.js
66487,56309,React
66489,56317,Angular
66492,56317,Express
66493,56317,FastAPI
66495,56317,Next.js
66496,56317,Node.js
66498,56317,React
66500,56317,Vue.js
66501,56319,ASP.NET CORE
66503,56319,React
66504,56320,Angular
66506,56320,ASP.NET CORE
66509,56321,FastAPI
66511,56321,React
66512,56321,Spring Boot
66513,56325,Node.js
66514,56325,Vue.js
66515,56330,Express
66517,56330,Next.js
66518,56330,Node.js
66519,56330,React
66521,56336,Angular
66522,56336,ASP.NET CORE
66523,56336,Node.js
66524,56336,React
66525,56341,ASP.NET CORE
66527,56344,Angular
66528,56355,Node.js
66529,56356,ASP.NET CORE
66532,56357,React
66535,56361,Vue.js
66537,56363,FastAPI
66539,56372,Express
66541,56372,Next.js
66542,56372,Node.js
66543,56372,React
66544,56375,Node.js
66546,56376,React
66549,56377,Node.js
66551,56381,Express
66553,56381,Node.js
66556,56382,React
66557,56382,Vue.js
66558,56386,Node.js
66559,56398,React
66560,56400,Vue.js
66561,56404,Node.js
66564,56410,FastAPI
66567,56415,Node.js
66568,56415,React
66571,56421,Node.js
66572,56421,Svelte
66573,56421,Vue.js
66574,56425,Express
66575,56425,FastAPI
66576,56425,Next.js
66577,56425,Node.js
66578,56425,React
66579,56426,Vue.js
66581,56430,Express
66585,56430,Next.js
66586,56430,Node.js
66587,56430,React
66589,56435,ASP.NET CORE
66593,56435,React
66594,56449,Next.js
66595,56449,React
66596,56459,Angular
66598,56459,Next.js
66599,56459,React
66600,56476,Express
66602,56476,Node.js
66603,56476,React
66606,56477,FastAPI
66608,56486,Angular
66609,56486,ASP.NET CORE
66610,56488,FastAPI
66611,56488,Node.js
66612,56488,React
66613,56488,Spring Boot
66616,56506,Vue.js
66618,56507,React
66619,56507,Spring Boot
66620,56511,Next.js
66621,56511,React
66622,56514,Next.js
66623,56514,Node.js
66624,56514,React
66625,56514,Svelte
66626,56521,ASP.NET CORE
66628,56523,ASP.NET CORE
66629,56523,React
66630,56524,ASP.NET CORE
66634,56527,ASP.NET CORE
66637,56527,Node.js
66638,56527,React
66640,56530,Next.js
66641,56530,Node.js
66642,56530,React
66643,56530,Spring Boot
66644,56537,Angular
66646,56538,ASP.NET CORE
66650,56538,Vue.js
66651,56543,Angular
66652,56543,Express
66654,56543,Node.js
66655,56543,Vue.js
66656,56547,ASP.NET CORE
66657,56547,FastAPI
66659,56547,Node.js
66660,56547,Svelte
66661,56548,FastAPI
66662,56548,Node.js
66663,56548,React
66664,56548,Svelte
66665,56548,Vue.js
66668,56551,ASP.NET CORE
66670,56557,Angular
66672,56557,ASP.NET CORE
66674,56557,Express
66675,56557,FastAPI
66681,56557,Next.js
66682,56557,Node.js
66683,56557,React
66685,56557,Spring Boot
66686,56557,Vue.js
66690,56559,Next.js
66691,56559,React
66694,56559,Vue.js
66696,56560,Spring Boot
66697,56561,Express
66698,56561,Node.js
66700,56561,React
66701,56561,Vue.js
66703,56567,ASP.NET CORE
66706,56571,FastAPI
66708,56571,React
66709,56574,React
66711,56578,React
66712,56582,Express
66713,56582,FastAPI
66714,56582,Next.js
66715,56582,React
66719,56586,Node.js
66720,56586,React
66721,56589,Angular
66722,56589,ASP.NET CORE
66723,56596,Node.js
66724,56596,React
66727,56598,ASP.NET CORE
66728,56598,Express
66730,56598,React
66733,56611,Express
66735,56611,Next.js
66736,56611,Node.js
66741,56621,React
66742,56625,Angular
66744,56625,Express
66748,56625,Next.js
66749,56625,Node.js
66750,56625,React
66751,56625,Svelte
66752,56625,Vue.js
66754,56630,Node.js
66755,56632,Spring Boot
66758,56633,Next.js
66759,56633,Node.js
66760,56633,React
66762,56655,Node.js
66764,56655,React
66765,56655,Spring Boot
66766,56657,Node.js
66767,56657,Spring Boot
66768,56663,ASP.NET CORE
66770,56663,Svelte
66771,56665,Next.js
66772,56665,React
66773,56665,Spring Boot
66774,56671,Express
66776,56671,Next.js
66777,56671,Node.js
66778,56671,React
66783,56680,ASP.NET CORE
66785,56680,React
66786,56682,Spring Boot
66788,56688,Angular
66790,56688,ASP.NET CORE
66792,56689,Spring Boot
66793,56691,Express
66794,56691,Next.js
66795,56691,Node.js
66796,56691,Svelte
66798,56693,React
66800,56702,Node.js
66801,56702,Vue.js
66802,56709,Express
66803,56709,Node.js
66804,56709,React
66806,56709,Vue.js
66810,56711,Spring Boot
66811,56716,ASP.NET CORE
66813,56716,Node.js
66814,56716,Svelte
66815,56719,Angular
66818,56719,Node.js
66819,56719,Spring Boot
66820,56723,Angular
66821,56723,ASP.NET CORE
66822,56723,Express
66823,56723,Node.js
66826,56729,Express
66827,56729,FastAPI
66829,56729,Next.js
66830,56729,Node.js
66831,56729,React
66833,56729,Svelte
66834,56729,Vue.js
66835,56732,ASP.NET CORE
66837,56732,Next.js
66838,56732,Node.js
66839,56732,React
66841,56737,ASP.NET CORE
66842,56737,Vue.js
66843,56741,FastAPI
66845,56741,React
66847,56745,Node.js
66850,56745,Svelte
66852,56750,ASP.NET CORE
66853,56750,Vue.js
66856,56753,Node.js
66857,56753,React
66858,56753,Spring Boot
66859,56762,ASP.NET CORE
66863,56765,Spring Boot
66864,56765,Vue.js
66866,56767,Express
66867,56767,FastAPI
66869,56767,Next.js
66870,56767,Node.js
66871,56767,React
66874,56767,Spring Boot
66876,56767,Svelte
66877,56772,Express
66879,56772,Next.js
66880,56772,Node.js
66881,56772,React
66882,56772,Svelte
66884,56783,ASP.NET CORE
66887,56783,Express
66888,56783,Next.js
66889,56783,Node.js
66891,56783,React
66893,56783,Svelte
66894,56783,Vue.js
66899,56794,Node.js
66900,56794,Vue.js
66902,56800,Node.js
66903,56807,Angular
66904,56807,Express
66905,56807,Next.js
66906,56807,Node.js
66907,56807,React
66908,56807,Spring Boot
66909,56811,FastAPI
66911,56814,Next.js
66912,56814,Node.js
66913,56814,React
66914,56833,Angular
66916,56833,FastAPI
66918,56833,Vue.js
66919,56843,Angular
66920,56843,Express
66921,56843,Node.js
66922,56843,Spring Boot
66923,56845,ASP.NET CORE
66926,56845,Node.js
66928,56851,Express
66930,56851,Next.js
66931,56851,Node.js
66932,56851,React
66934,56852,Angular
66937,56852,ASP.NET CORE
66940,56852,Express
66944,56852,Next.js
66945,56852,Node.js
66947,56852,React
66948,56860,Node.js
66949,56860,React
66950,56860,Spring Boot
66951,56866,ASP.NET CORE
66952,56866,Next.js
66953,56866,Node.js
66954,56866,React
66956,56868,Node.js
66958,56868,Svelte
66959,56868,Vue.js
66960,56880,ASP.NET CORE
66962,56880,Next.js
66964,56892,Express
66966,56892,Next.js
66967,56892,Node.js
66968,56892,React
66971,56893,React
66973,56900,Express
66975,56900,Node.js
66976,56900,React
66979,56905,Next.js
66980,56905,Node.js
66981,56905,React
66982,56905,Vue.js
66985,56928,Angular
66986,56928,ASP.NET CORE
66987,56931,Spring Boot
66989,56938,FastAPI
66990,56941,Angular
66991,56941,React
66992,56941,Spring Boot
66994,56946,Vue.js
66996,56948,React
66997,56948,Vue.js
66998,56949,ASP.NET CORE
66999,56955,Angular
67000,56955,Express
67001,56955,Next.js
67002,56955,Node.js
67003,56955,Svelte
67008,56959,Next.js
67009,56959,Node.js
67010,56959,React
67011,56959,Vue.js
67015,56964,Next.js
67016,56964,Node.js
67017,56964,React
67018,56965,ASP.NET CORE
67020,56965,Node.js
67021,56965,Vue.js
67022,56966,Next.js
67023,56966,Spring Boot
67025,56968,Node.js
67027,56968,Vue.js
67029,56970,ASP.NET CORE
67032,56971,ASP.NET CORE
67033,56973,Angular
67035,56973,ASP.NET CORE
67036,56973,React
67037,56987,ASP.NET CORE
67038,56988,ASP.NET CORE
67039,56990,Node.js
67040,56990,Vue.js
67041,56992,ASP.NET CORE
67043,56992,React
67044,56997,Angular
67045,56997,Spring Boot
67046,57000,FastAPI
67049,57005,ASP.NET CORE
67050,57008,Express
67052,57008,Next.js
67053,57008,Node.js
67054,57008,React
67056,57024,Next.js
67057,57024,Node.js
67058,57025,Angular
67059,57025,Express
67060,57025,Node.js
67061,57025,React
67062,57025,Vue.js
67063,57037,FastAPI
67064,57038,Angular
67066,57038,ASP.NET CORE
67068,57038,Node.js
67069,57038,React
67070,57040,ASP.NET CORE
67072,57045,Vue.js
67073,57051,Express
67074,57051,Node.js
67075,57051,React
67076,57052,Spring Boot
67078,57055,Node.js
67082,57056,Express
67083,57056,Node.js
67084,57056,React
67086,57056,Vue.js
67088,57059,Node.js
67089,57059,Vue.js
67090,57061,React
67091,57066,React
67092,57070,Angular
67093,57070,ASP.NET CORE
67095,57070,Express
67098,57070,Next.js
67099,57070,Node.js
67101,57070,React
67103,57070,Spring Boot
67104,57070,Svelte
67105,57070,Vue.js
67106,57071,Angular
67108,57071,ASP.NET CORE
67110,57071,Node.js
67111,57071,React
67112,57071,Vue.js
67113,57072,Angular
67114,57072,Next.js
67115,57072,Node.js
67116,57072,React
67117,57095,React
67121,57100,Express
67122,57100,FastAPI
67124,57100,Next.js
67125,57100,Node.js
67126,57100,React
67129,57100,Svelte
67130,57100,Vue.js
67131,57105,React
67132,57111,Express
67133,57111,FastAPI
67135,57111,Next.js
67136,57111,Node.js
67138,57111,Svelte
67143,57124,Node.js
67145,57126,Angular
67146,57126,ASP.NET CORE
67149,57126,React
67150,57136,Angular
67152,57136,ASP.NET CORE
67154,57146,FastAPI
67157,57148,Next.js
67158,57148,Node.js
67159,57148,React
67161,57152,Node.js
67163,57154,Node.js
67164,57162,FastAPI
67165,57166,Next.js
67166,57166,Node.js
67167,57170,ASP.NET CORE
67168,57176,ASP.NET CORE
67170,57178,FastAPI
67171,57178,Spring Boot
67172,57188,React
67173,57190,Node.js
67174,57190,React
67176,57208,Express
67177,57208,Node.js
67178,57208,Svelte
67179,57209,React
67181,57213,React
67182,57213,Spring Boot
67183,57213,Vue.js
67184,57214,Next.js
67185,57214,Node.js
67188,57218,Next.js
67189,57218,Node.js
67190,57218,React
67191,57220,ASP.NET CORE
67193,57223,ASP.NET CORE
67196,57223,Express
67197,57223,FastAPI
67199,57223,Next.js
67200,57223,Node.js
67202,57223,React
67203,57223,Spring Boot
67204,57223,Svelte
67205,57223,Vue.js
67206,57226,FastAPI
67207,57234,ASP.NET CORE
67210,57247,ASP.NET CORE
67211,57247,Svelte
67213,57260,ASP.NET CORE
67217,57260,Node.js
67221,57263,Next.js
67222,57263,Node.js
67223,57263,React
67224,57263,Svelte
67225,57266,Express
67227,57266,Next.js
67228,57266,Node.js
67229,57266,React
67230,57266,Svelte
67231,57266,Vue.js
67233,57268,ASP.NET CORE
67236,57268,Next.js
67237,57268,Node.js
67238,57268,React
67240,57268,Vue.js
67242,57276,Express
67243,57276,Next.js
67244,57276,Node.js
67245,57276,React
67246,57276,Svelte
67248,57277,FastAPI
67250,57277,Node.js
67251,57279,Angular
67252,57279,Express
67253,57279,Node.js
67256,57284,React
67258,57284,Spring Boot
67259,57296,Express
67260,57296,Node.js
67261,57296,React
67263,57301,ASP.NET CORE
67266,57301,Next.js
67267,57301,Node.js
67268,57301,React
67270,57302,FastAPI
67272,57302,Next.js
67273,57302,Node.js
67274,57302,React
67276,57303,Node.js
67277,57309,Angular
67278,57309,Spring Boot
67279,57313,Express
67281,57313,React
67283,57322,Angular
67286,57322,Next.js
67287,57322,React
67290,57322,Svelte
67291,57328,ASP.NET CORE
67293,57328,FastAPI
67294,57328,React
67296,57330,FastAPI
67299,57333,Vue.js
67301,57336,ASP.NET CORE
67304,57337,Node.js
67306,57339,ASP.NET CORE
67308,57339,Node.js
67309,57339,React
67310,57344,Vue.js
67311,57350,ASP.NET CORE
67313,57353,ASP.NET CORE
67317,57355,Next.js
67318,57355,React
67319,57359,ASP.NET CORE
67321,57367,ASP.NET CORE
67322,57367,Node.js
67323,57367,Vue.js
67324,57369,ASP.NET CORE
67325,57369,Express
67326,57369,Node.js
67327,57369,Vue.js
67328,57377,Angular
67331,57377,Express
67332,57377,Node.js
67333,57377,React
67334,57377,Spring Boot
67335,57377,Svelte
67336,57379,Express
67338,57379,Next.js
67339,57379,Node.js
67340,57379,React
67341,57379,Svelte
67342,57380,Vue.js
67343,57388,Spring Boot
67344,57389,Angular
67346,57389,Express
67347,57389,FastAPI
67352,57389,Next.js
67353,57389,Node.js
67354,57389,React
67355,57392,Next.js
67356,57392,React
67357,57396,ASP.NET CORE
67359,57396,FastAPI
67362,57396,Spring Boot
67363,57402,Svelte
67364,57404,ASP.NET CORE
67367,57407,Node.js
67368,57407,React
67372,57412,Express
67373,57412,Node.js
67374,57412,React
67375,57413,Angular
67379,57413,Express
67383,57413,Next.js
67384,57413,Node.js
67385,57413,React
67387,57413,Svelte
67388,57413,Vue.js
67389,57420,Angular
67391,57420,Node.js
67394,57434,Node.js
67397,57434,Vue.js
67399,57440,Node.js
67401,57440,React
67405,57445,Express
67406,57445,Next.js
67407,57445,Node.js
67408,57445,React
67412,57447,Next.js
67413,57447,Node.js
67416,57451,ASP.NET CORE
67417,57451,React
67419,57453,FastAPI
67422,57453,React
67424,57453,Vue.js
67428,57456,Node.js
67429,57460,Spring Boot
67431,57462,FastAPI
67432,57462,Next.js
67433,57462,Node.js
67434,57462,React
67435,57466,Node.js
67436,57466,React
67437,57466,Svelte
67438,57466,Vue.js
67439,57469,Angular
67442,57469,Express
67444,57469,Next.js
67445,57469,Node.js
67447,57469,React
67448,57469,Svelte
67449,57469,Vue.js
67452,57473,ASP.NET CORE
67453,57473,Express
67455,57473,React
67457,57475,Vue.js
67458,57478,Angular
67459,57478,FastAPI
67460,57479,Angular
67461,57479,Next.js
67462,57479,Node.js
67463,57479,React
67464,57479,Spring Boot
67469,57487,Next.js
67470,57487,React
67471,57487,Spring Boot
67475,57505,Next.js
67476,57513,Express
67478,57513,Next.js
67479,57513,Node.js
67480,57513,React
67481,57513,Vue.js
67482,57516,Angular
67483,57516,Node.js
67484,57516,React
67490,57523,Vue.js
67491,57526,Angular
67494,57526,ASP.NET CORE
67495,57526,Node.js
67496,57531,ASP.NET CORE
67497,57531,React
67498,57533,FastAPI
67501,57533,Next.js
67502,57533,React
67506,57536,Node.js
67507,57536,React
67508,57536,Vue.js
67510,57544,Next.js
67511,57544,Node.js
67512,57544,React
67513,57548,Angular
67516,57548,ASP.NET CORE
67519,57548,Node.js
67520,57553,Angular
67522,57553,Express
67524,57553,Node.js
67525,57553,React
67528,57562,Express
67529,57562,FastAPI
67530,57562,Node.js
67531,57562,Vue.js
67532,57566,Angular
67533,57566,ASP.NET CORE
67535,57566,Express
67538,57566,Node.js
67539,57566,Spring Boot
67544,57570,Svelte
67546,57577,React
67549,57580,Svelte
67550,57581,Node.js
67551,57590,ASP.NET CORE
67555,57595,FastAPI
67557,57595,React
67558,57597,Angular
67559,57597,ASP.NET CORE
67564,57610,FastAPI
67566,57610,React
67568,57611,FastAPI
67569,57611,Spring Boot
67570,57613,ASP.NET CORE
67572,57614,Angular
67573,57614,ASP.NET CORE
67574,57614,Next.js
67575,57614,React
67576,57614,Svelte
67579,57619,Node.js
67580,57619,Vue.js
67581,57620,Spring Boot
67582,57628,Angular
67584,57628,FastAPI
67587,57628,Svelte
67589,57637,ASP.NET CORE
67591,57637,Node.js
67592,57637,React
67593,57637,Spring Boot
67594,57640,Angular
67595,57640,Spring Boot
67596,57650,FastAPI
67597,57650,Next.js
67598,57650,React
67599,57661,Angular
67601,57661,Node.js
67602,57661,Spring Boot
67604,57665,ASP.NET CORE
67605,57665,FastAPI
67606,57665,Vue.js
67608,57669,Next.js
67609,57669,Node.js
67610,57669,React
67613,57669,Svelte
67615,57682,FastAPI
67618,57689,Express
67620,57689,Next.js
67621,57689,Node.js
67622,57689,React
67624,57691,Angular
67625,57691,Next.js
67626,57691,React
67631,57697,Next.js
67632,57697,Node.js
67634,57697,React
67637,57697,Svelte
67640,57699,Node.js
67643,57699,Svelte
67644,57699,Vue.js
67645,57704,FastAPI
67647,57704,React
67649,57711,Next.js
67650,57711,Node.js
67651,57711,React
67654,57719,Node.js
67656,57731,Node.js
67657,57739,Next.js
67658,57739,React
67661,57742,Next.js
67662,57742,Node.js
67663,57742,React
67665,57742,Svelte
67666,57750,Next.js
67667,57767,ASP.NET CORE
67669,57769,ASP.NET CORE
67670,57769,React
67671,57777,ASP.NET CORE
67674,57779,Node.js
67675,57779,React
67676,57779,Spring Boot
67677,57782,Angular
67678,57782,ASP.NET CORE
67680,57782,FastAPI
67681,57782,Next.js
67682,57782,React
67683,57783,Angular
67684,57783,Express
67685,57783,Next.js
67686,57783,Node.js
67688,57783,React
67689,57783,Vue.js
67693,57787,Node.js
67694,57787,React
67695,57791,ASP.NET CORE
67698,57791,Node.js
67700,57793,ASP.NET CORE
67706,57807,Vue.js
67708,57811,Next.js
67709,57811,React
67710,57814,ASP.NET CORE
67711,57814,Express
67712,57814,Next.js
67713,57814,Node.js
67714,57814,React
67715,57814,Spring Boot
67716,57819,ASP.NET CORE
67719,57819,Svelte
67720,57819,Vue.js
67722,57824,ASP.NET CORE
67723,57824,Vue.js
67724,57828,Node.js
67725,57828,Vue.js
67727,57842,Next.js
67728,57842,Node.js
67729,57842,React
67732,57843,FastAPI
67734,57843,Node.js
67735,57843,React
67737,57844,Express
67738,57844,Next.js
67739,57844,Node.js
67740,57844,React
67741,57848,Node.js
67742,57848,Vue.js
67745,57851,Express
67746,57851,FastAPI
67747,57851,Next.js
67748,57851,Node.js
67750,57851,React
67752,57851,Svelte
67753,57851,Vue.js
67754,57854,Vue.js
67756,57857,Node.js
67758,57857,Svelte
67761,57862,Next.js
67762,57862,Node.js
67764,57862,React
67765,57862,Svelte
67766,57871,Angular
67767,57871,Node.js
67768,57871,Vue.js
67769,57874,FastAPI
67774,57886,Angular
67775,57886,ASP.NET CORE
67777,57886,Node.js
67778,57886,React
67780,57887,React
67783,57887,Svelte
67784,57887,Vue.js
67786,57889,Express
67787,57889,FastAPI
67789,57889,Next.js
67790,57889,Node.js
67791,57889,React
67794,57891,Spring Boot
67795,57891,Vue.js
67798,57897,Angular
67799,57897,Node.js
67800,57897,React
67801,57899,React
67802,57899,Spring Boot
67804,57903,Svelte
67805,57906,Node.js
67806,57915,Express
67807,57915,Next.js
67808,57915,React
67812,57916,Next.js
67815,57920,Svelte
67819,57925,Express
67820,57925,Svelte
67821,57925,Vue.js
67823,57926,ASP.NET CORE
67826,57927,FastAPI
67827,57927,Node.js
67828,57927,React
67830,57928,FastAPI
67832,57933,Express
67833,57933,Node.js
67834,57933,React
67835,57933,Svelte
67838,57935,Node.js
67839,57935,React
67840,57941,Next.js
67841,57941,React
67842,57941,Vue.js
67844,57944,ASP.NET CORE
67846,57947,Angular
67847,57947,React
67848,57947,Spring Boot
67850,57949,Node.js
67852,57949,Svelte
67853,57950,Angular
67854,57950,React
67855,57951,Angular
67857,57951,ASP.NET CORE
67860,57951,Next.js
67861,57951,Node.js
67862,57951,React
67865,57957,Next.js
67866,57958,Next.js
67867,57958,Node.js
67869,57958,React
67870,57958,Vue.js
67872,57962,Node.js
67873,57962,React
67875,57962,Spring Boot
67877,57965,Node.js
67878,57965,React
67881,57973,FastAPI
67882,57973,Next.js
67883,57973,React
67885,57973,Svelte
67887,57979,Next.js
67888,57979,React
67889,57979,Spring Boot
67890,57982,ASP.NET CORE
67895,57986,FastAPI
67897,57986,Next.js
67898,57986,Node.js
67900,57986,React
67903,57986,Svelte
67905,57989,ASP.NET CORE
67906,57990,ASP.NET CORE
67908,57992,React
67913,58002,Express
67914,58002,FastAPI
67915,58002,Node.js
67916,58002,Svelte
67917,58002,Vue.js
67922,58011,Express
67923,58011,FastAPI
67927,58011,Next.js
67928,58011,Node.js
67929,58011,React
67932,58011,Svelte
67934,58013,ASP.NET CORE
67937,58013,Express
67938,58013,FastAPI
67941,58013,Next.js
67942,58013,Node.js
67944,58013,React
67948,58013,Svelte
67949,58013,Vue.js
67951,58014,Node.js
67952,58014,Svelte
67954,58023,Next.js
67955,58023,Node.js
67957,58023,React
67958,58023,Vue.js
67959,58025,Express
67960,58025,Next.js
67961,58025,Node.js
67963,58028,Next.js
67964,58028,Node.js
67965,58028,React
67966,58029,Express
67968,58029,Node.js
67969,58029,React
67970,58037,Express
67971,58037,Next.js
67972,58037,Node.js
67973,58037,React
67974,58037,Svelte
67975,58037,Vue.js
67976,58039,Express
67977,58039,Node.js
67978,58039,Spring Boot
67980,58042,Vue.js
67981,58045,ASP.NET CORE
67982,58045,Node.js
67984,58045,Vue.js
67985,58049,Angular
67988,58049,ASP.NET CORE
67991,58049,Express
67994,58049,Next.js
67995,58049,Node.js
67996,58049,React
67998,58049,Spring Boot
67999,58049,Vue.js
68000,58058,Angular
68004,58058,Express
68009,58058,Spring Boot
68011,58061,Angular
68012,58061,Next.js
68013,58061,Node.js
68015,58064,Express
68017,58064,Next.js
68018,58064,Node.js
68020,58064,React
68021,58073,Angular
68025,58073,Next.js
68026,58073,Node.js
68027,58073,React
68029,58080,ASP.NET CORE
68032,58080,Node.js
68033,58080,React
68034,58080,Spring Boot
68035,58091,Node.js
68037,58091,Svelte
68038,58093,Node.js
68039,58093,React
68041,58106,React
68042,58106,Spring Boot
68043,58107,ASP.NET CORE
68044,58107,Vue.js
68045,58112,ASP.NET CORE
68046,58112,Spring Boot
68047,58113,FastAPI
68048,58113,React
68049,58116,ASP.NET CORE
68052,58118,FastAPI
68053,58118,Node.js
68055,58118,Svelte
68056,58121,Angular
68057,58121,Node.js
68060,58127,ASP.NET CORE
68062,58136,Spring Boot
68063,58139,Express
68065,58139,Node.js
68066,58139,Spring Boot
68068,58140,FastAPI
68070,58142,Express
68072,58142,Node.js
68073,58142,React
68077,58156,Next.js
68078,58156,Node.js
68080,58156,React
68081,58167,Angular
68083,58167,Express
68085,58167,Next.js
68086,58167,Node.js
68087,58167,React
68088,58167,Spring Boot
68089,58169,Express
68090,58169,Next.js
68091,58169,Spring Boot
68094,58177,Vue.js
68095,58180,Next.js
68096,58180,React
68097,58180,Vue.js
68099,58182,ASP.NET CORE
68101,58191,Angular
68105,58191,React
68108,58196,Express
68109,58196,FastAPI
68111,58196,Next.js
68112,58196,Node.js
68113,58196,React
68116,58203,Next.js
68117,58203,Node.js
68118,58204,Angular
68121,58204,Express
68122,58204,FastAPI
68126,58204,Next.js
68127,58204,Node.js
68128,58204,React
68130,58204,Spring Boot
68131,58204,Vue.js
68133,58205,ASP.NET CORE
68134,58207,ASP.NET CORE
68138,58216,Express
68139,58216,React
68141,58220,Node.js
68142,58225,Angular
68143,58225,ASP.NET CORE
68145,58225,Next.js
68146,58225,React
68147,58225,Svelte
68149,58229,Express
68150,58229,FastAPI
68152,58229,Next.js
68153,58229,Node.js
68154,58229,React
68156,58233,Node.js
68157,58233,React
68160,58237,Vue.js
68161,58240,Angular
68165,58240,React
68168,58242,ASP.NET CORE
68171,58242,Express
68174,58242,Node.js
68176,58243,Angular
68181,58246,Angular
68183,58246,ASP.NET CORE
68184,58246,Express
68186,58250,ASP.NET CORE
68187,58251,ASP.NET CORE
68189,58257,FastAPI
68190,58265,FastAPI
68191,58265,React
68192,58265,Spring Boot
68196,58269,Vue.js
68197,58280,Angular
68199,58282,Next.js
68200,58282,React
68201,58283,FastAPI
68202,58286,ASP.NET CORE
68204,58286,Vue.js
68205,58287,Angular
68207,58287,Express
68208,58287,FastAPI
68214,58287,Next.js
68215,58287,Node.js
68217,58287,React
68219,58287,Vue.js
68223,58288,React
68225,58301,Node.js
68227,58301,Spring Boot
68228,58301,Vue.js
68229,58305,ASP.NET CORE
68232,58305,FastAPI
68234,58305,Next.js
68236,58306,Vue.js
68237,58333,Angular
68239,58333,Vue.js
68241,58335,Node.js
68242,58338,React
68243,58347,Angular
68245,58347,Spring Boot
68246,58347,Vue.js
68247,58357,FastAPI
68248,58357,Node.js
68249,58357,React
68250,58360,React
68251,58360,Spring Boot
68253,58364,FastAPI
68256,58365,ASP.NET CORE
68258,58365,Node.js
68262,58372,Next.js
68263,58372,React
68264,58382,ASP.NET CORE
68266,58382,Node.js
68267,58382,Vue.js
68268,58384,Angular
68271,58384,ASP.NET CORE
68279,58384,Express
68280,58384,FastAPI
68288,58384,Next.js
68289,58384,Node.js
68293,58384,React
68297,58384,Spring Boot
68299,58384,Svelte
68301,58384,Vue.js
68304,58391,ASP.NET CORE
68306,58401,Node.js
68307,58401,React
68308,58405,Next.js
68309,58405,Node.js
68310,58405,React
68312,58411,ASP.NET CORE
68315,58417,ASP.NET CORE
68317,58418,Angular
68319,58418,ASP.NET CORE
68320,58418,Node.js
68321,58418,Spring Boot
68323,58441,ASP.NET CORE
68324,58441,Next.js
68325,58441,Node.js
68327,58441,React
68329,58441,Spring Boot
68330,58441,Vue.js
68331,58456,ASP.NET CORE
68334,58456,FastAPI
68336,58456,Next.js
68338,58456,Svelte
68339,58464,Next.js
68340,58464,Node.js
68341,58464,React
68343,58467,FastAPI
68345,58467,Next.js
68346,58467,Node.js
68347,58467,React
68349,58467,Svelte
68351,58475,Express
68352,58475,Next.js
68353,58475,Node.js
68356,58477,Express
68357,58477,Next.js
68358,58477,Node.js
68359,58477,React
68360,58480,Next.js
68361,58480,Node.js
68364,58485,ASP.NET CORE
68366,58485,Node.js
68367,58485,React
68369,58485,Vue.js
68372,58491,Express
68374,58491,React
68379,58493,Node.js
68381,58493,Svelte
68382,58493,Vue.js
68384,58495,Angular
68386,58495,ASP.NET CORE
68392,58499,Node.js
68393,58500,Angular
68396,58500,ASP.NET CORE
68404,58500,Express
68405,58500,FastAPI
68413,58500,Next.js
68414,58500,Node.js
68418,58500,React
68422,58500,Spring Boot
68424,58500,Svelte
68426,58500,Vue.js
68429,58507,Express
68430,58507,Next.js
68431,58507,Node.js
68432,58507,React
68434,58510,FastAPI
68436,58512,ASP.NET CORE
68438,58512,Vue.js
68440,58533,FastAPI
68442,58545,Angular
68443,58545,Express
68444,58545,Next.js
68445,58545,Node.js
68446,58545,React
68447,58546,Angular
68448,58546,ASP.NET CORE
68449,58548,Next.js
68450,58548,Spring Boot
68452,58554,ASP.NET CORE
68454,58554,Node.js
68455,58554,React
68456,58564,Express
68457,58564,Node.js
68458,58564,Svelte
68459,58571,FastAPI
68460,58571,Node.js
68461,58574,Spring Boot
68462,58582,Angular
68465,58582,ASP.NET CORE
68466,58582,React
68468,58600,Spring Boot
68469,58603,Angular
68472,58603,Express
68475,58603,Node.js
68478,58604,Angular
68480,58604,Node.js
68481,58609,Angular
68483,58609,Express
68485,58609,Node.js
68486,58609,Spring Boot
68487,58609,Vue.js
68488,58617,Angular
68489,58617,Node.js
68490,58625,React
68492,58630,Next.js
68493,58630,Node.js
68494,58630,React
68495,58631,React
68496,58631,Spring Boot
68497,58633,React
68498,58633,Spring Boot
68500,58635,ASP.NET CORE
68504,58635,FastAPI
68506,58635,Node.js
68508,58635,React
68510,58635,Svelte
68511,58636,Angular
68512,58636,ASP.NET CORE
68513,58636,Express
68514,58636,React
68515,58638,React
68516,58641,React
68518,58647,ASP.NET CORE
68519,58647,Node.js
68520,58647,React
68521,58647,Vue.js
68523,58655,FastAPI
68524,58655,Next.js
68525,58655,React
68528,58665,Angular
68530,58665,FastAPI
68533,58665,Next.js
68534,58665,React
68535,58665,Spring Boot
68537,58671,Express
68538,58671,Next.js
68539,58671,Node.js
68540,58671,React
68541,58673,Angular
68542,58673,ASP.NET CORE
68544,58673,Svelte
68545,58673,Vue.js
68546,58678,Express
68547,58678,Node.js
68548,58678,Vue.js
68549,58680,React
68550,58681,FastAPI
68553,58683,Express
68556,58683,Next.js
68557,58683,Node.js
68558,58683,React
68560,58683,Vue.js
68561,58686,Angular
68562,58686,ASP.NET CORE
68567,58693,Angular
68568,58697,Angular
68571,58697,React
68572,58697,Spring Boot
68573,58710,Next.js
68574,58710,Spring Boot
68576,58711,FastAPI
68580,58727,Express
68582,58727,Next.js
68583,58727,Node.js
68585,58727,React
68586,58727,Vue.js
68588,58729,Express
68592,58729,Vue.js
68593,58732,Express
68595,58732,Node.js
68596,58732,React
68597,58741,Angular
68599,58741,Next.js
68600,58741,Node.js
68601,58741,React
68602,58741,Spring Boot
68604,58743,FastAPI
68605,58743,Node.js
68606,58743,React
68607,58743,Vue.js
68608,58745,Node.js
68609,58746,Angular
68611,58746,Spring Boot
68612,58746,Vue.js
68617,58753,ASP.NET CORE
68619,58753,Express
68621,58753,Next.js
68622,58753,Node.js
68623,58753,React
68624,58754,Angular
68626,58754,Express
68628,58754,Svelte
68630,58757,Vue.js
68632,58759,Node.js
68634,58763,Next.js
68635,58763,React
68639,58769,Svelte
68640,58769,Vue.js
68642,58771,Express
68645,58771,Next.js
68646,58771,Node.js
68648,58771,React
68650,58775,ASP.NET CORE
68653,58775,Express
68654,58775,FastAPI
68655,58775,Next.js
68656,58775,Node.js
68658,58775,Svelte
68659,58775,Vue.js
68660,58780,FastAPI
68661,58780,React
68662,58780,Spring Boot
68664,58781,Node.js
68665,58781,Vue.js
68666,58783,Next.js
68667,58783,Node.js
68668,58783,React
68669,58783,Spring Boot
68671,58787,React
68673,58789,Node.js
68674,58789,Vue.js
68676,58796,Next.js
68677,58796,React
68678,58796,Svelte
68679,58813,FastAPI
68682,58819,Spring Boot
68683,58819,Svelte
68684,58822,Angular
68686,58825,Next.js
68687,58825,React
68689,58830,Next.js
68690,58830,Node.js
68691,58830,React
68693,58838,FastAPI
68694,58842,Express
68696,58842,React
68697,58842,Svelte
68698,58850,Angular
68701,58850,FastAPI
68705,58850,Next.js
68706,58850,Node.js
68707,58850,React
68709,58850,Vue.js
68712,58851,Next.js
68713,58851,React
68717,58863,FastAPI
68718,58863,Next.js
68719,58863,React
68720,58863,Spring Boot
68721,58863,Vue.js
68723,58864,Svelte
68726,58867,Express
68728,58867,React
68729,58870,FastAPI
68734,58873,Svelte
68735,58881,Node.js
68736,58881,React
68737,58881,Spring Boot
68739,58888,FastAPI
68741,58888,Next.js
68742,58888,Node.js
68744,58888,React
68745,58888,Vue.js
68751,58891,React
68752,58896,Node.js
68753,58896,React
68754,58896,Spring Boot
68755,58898,FastAPI
68756,58899,Spring Boot
68760,58907,Spring Boot
68761,58908,React
68763,58910,Vue.js
68765,58913,ASP.NET CORE
68768,58913,React
68769,58913,Vue.js
68772,58924,FastAPI
68773,58927,Angular
68774,58927,React
68775,58927,Spring Boot
68776,58927,Vue.js
68778,58935,Next.js
68779,58935,React
68781,58941,ASP.NET CORE
68782,58941,Vue.js
68785,58945,Express
68788,58945,Node.js
68789,58945,React
68790,58945,Spring Boot
68791,58945,Vue.js
68793,58947,Svelte
68795,58952,FastAPI
68798,58952,React
68799,58952,Vue.js
68800,58953,Svelte
68801,58953,Vue.js
68804,58959,Node.js
68805,58959,React
68806,58959,Vue.js
68808,58962,ASP.NET CORE
68811,58962,Node.js
68812,58962,React
68813,58966,ASP.NET CORE
68814,58966,Next.js
68815,58966,React
68818,58972,React
68819,58973,Node.js
68820,58973,Vue.js
68821,58979,Angular
68822,58979,Node.js
68823,58979,Spring Boot
68825,58981,Angular
68827,58981,ASP.NET CORE
68829,58981,React
68831,58989,Angular
68832,58989,ASP.NET CORE
68833,58990,ASP.NET CORE
68835,58990,FastAPI
68836,58990,Node.js
68837,58990,React
68838,59003,FastAPI
68840,59004,ASP.NET CORE
68842,59004,Node.js
68843,59004,React
68845,59005,Next.js
68846,59005,Node.js
68847,59005,React
68850,59010,Svelte
68851,59010,Vue.js
68852,59015,ASP.NET CORE
68855,59017,React
68856,59021,Angular
68857,59021,Express
68860,59021,Node.js
68861,59021,Svelte
68862,59023,Angular
68864,59023,ASP.NET CORE
68868,59023,Node.js
68869,59023,React
68870,59023,Vue.js
68872,59027,Angular
68874,59027,ASP.NET CORE
68876,59027,FastAPI
68877,59027,Node.js
68878,59027,React
68880,59027,Spring Boot
68881,59031,React
68884,59035,Vue.js
68886,59042,Vue.js
68889,59050,FastAPI
68890,59050,Next.js
68891,59050,Svelte
68892,59051,FastAPI
68893,59051,Spring Boot
68895,59072,Angular
68897,59072,ASP.NET CORE
68899,59072,Next.js
68900,59072,Node.js
68901,59072,Spring Boot
68902,59077,Express
68903,59077,Next.js
68904,59077,Node.js
68905,59077,React
68906,59077,Vue.js
68908,59090,FastAPI
68910,59096,Vue.js
68911,59101,ASP.NET CORE
68914,59101,Node.js
68915,59101,Vue.js
68916,59116,Next.js
68917,59116,Node.js
68918,59116,React
68919,59118,Angular
68922,59118,FastAPI
68923,59118,Node.js
68924,59118,React
68925,59118,Spring Boot
68926,59121,Express
68927,59121,Next.js
68928,59121,Node.js
68929,59121,React
68930,59123,Express
68933,59123,Node.js
68934,59129,Express
68935,59129,Next.js
68936,59129,Node.js
68937,59129,React
68938,59134,Angular
68939,59134,Express
68941,59134,Next.js
68942,59134,Node.js
68943,59134,React
68945,59146,Spring Boot
68946,59146,Svelte
68948,59150,FastAPI
68949,59150,Node.js
68950,59160,Angular
68951,59160,ASP.NET CORE
68952,59161,Angular
68954,59161,FastAPI
68956,59161,Spring Boot
68957,59169,ASP.NET CORE
68958,59173,Angular
68959,59173,ASP.NET CORE
68960,59173,Node.js
68961,59173,React
68962,59182,FastAPI
68963,59183,React
68965,59190,Next.js
68966,59190,Node.js
68967,59190,React
68968,59190,Spring Boot
68969,59199,Express
68970,59199,Node.js
68971,59199,React
68972,59202,Next.js
68973,59202,Node.js
68975,59202,React
68977,59202,Vue.js
68979,59221,Express
68980,59221,FastAPI
68984,59221,Node.js
68985,59221,React
68986,59222,ASP.NET CORE
68988,59230,Angular
68990,59230,React
68991,59230,Vue.js
68992,59237,Angular
68993,59237,ASP.NET CORE
68994,59237,React
68995,59239,Angular
68997,59239,FastAPI
68999,59239,Next.js
69000,59239,Node.js
69003,59245,FastAPI
69006,59251,Next.js
69007,59251,React
69008,59254,Angular
69011,59260,Express
69012,59260,Next.js
69013,59260,Node.js
69014,59260,React
69015,59260,Vue.js
69018,59275,React
69019,59279,React
69021,59287,Express
69022,59287,Next.js
69023,59287,Node.js
69024,59287,React
69027,59287,Svelte
69028,59300,Next.js
69029,59300,Node.js
69030,59300,React
69036,59303,Next.js
69037,59303,React
69041,59323,Next.js
69042,59323,React
69043,59323,Spring Boot
69045,59337,Node.js
69046,59337,React
69047,59337,Spring Boot
69048,59337,Vue.js
69050,59344,Spring Boot
69051,59353,Node.js
69052,59353,React
69053,59353,Vue.js
69057,59356,FastAPI
69060,59356,Next.js
69061,59356,Node.js
69064,59356,Vue.js
69067,59369,Vue.js
69072,59375,Vue.js
69073,59385,Angular
69074,59385,Node.js
69075,59385,Spring Boot
69076,59388,React
69078,59398,Angular
69079,59398,Express
69082,59398,Node.js
69083,59398,Spring Boot
69084,59398,Vue.js
69085,59408,React
69087,59416,ASP.NET CORE
69088,59416,Node.js
69089,59416,React
69090,59418,ASP.NET CORE
69092,59418,React
69094,59426,React
69097,59429,React
69099,59430,FastAPI
69100,59432,ASP.NET CORE
69101,59432,Next.js
69102,59432,React
69103,59432,Svelte
69104,59442,ASP.NET CORE
69105,59442,React
69106,59450,Angular
69109,59450,Node.js
69111,59500,Angular
69113,59500,ASP.NET CORE
69114,59501,React
69115,59501,Spring Boot
69116,59502,Angular
69119,59502,Express
69120,59502,FastAPI
69121,59502,Next.js
69122,59502,Node.js
69123,59502,React
69126,59505,Node.js
69127,59505,React
69128,59505,Spring Boot
69129,59514,Node.js
69130,59515,Express
69131,59515,Next.js
69132,59515,Node.js
69133,59515,React
69135,59515,Svelte
69137,59530,FastAPI
69138,59544,Angular
69140,59544,Express
69142,59544,Node.js
69145,59544,Vue.js
69146,59550,Node.js
69148,59552,React
69149,59558,Angular
69150,59558,React
69151,59558,Spring Boot
69154,59566,React
69157,59566,Svelte
69162,59578,Node.js
69163,59578,Svelte
69164,59578,Vue.js
69166,59591,Express
69167,59591,FastAPI
69169,59591,Next.js
69170,59591,Node.js
69171,59591,React
69172,59591,Vue.js
69173,59608,Angular
69174,59608,ASP.NET CORE
69176,59608,Node.js
69178,59614,Node.js
69179,59614,React
69180,59623,Angular
69182,59623,FastAPI
69189,59623,Next.js
69190,59623,Node.js
69191,59623,React
69192,59623,Vue.js
69196,59628,Angular
69198,59628,ASP.NET CORE
69199,59628,Node.js
69200,59635,Spring Boot
69202,59640,Node.js
69203,59640,Svelte
69204,59640,Vue.js
69206,59647,React
69207,59664,Express
69208,59664,Node.js
69209,59666,Angular
69211,59666,ASP.NET CORE
69212,59676,Express
69213,59676,Node.js
69217,59678,Express
69218,59678,FastAPI
69219,59678,Next.js
69220,59678,Node.js
69221,59678,React
69223,59684,Express
69225,59684,Next.js
69226,59684,Node.js
69227,59684,React
69228,59684,Vue.js
69229,59685,React
69230,59685,Svelte
69232,59693,ASP.NET CORE
69234,59693,Express
69236,59693,Node.js
69237,59693,React
69238,59694,Express
69240,59694,Next.js
69241,59694,Node.js
69242,59694,React
69243,59694,Svelte
69244,59694,Vue.js
69245,59700,Express
69246,59700,FastAPI
69247,59700,Next.js
69248,59700,Node.js
69249,59700,React
69251,59703,Node.js
69252,59703,Spring Boot
69253,59710,FastAPI
69254,59710,Next.js
69255,59710,Node.js
69256,59710,React
69258,59731,FastAPI
69261,59741,ASP.NET CORE
69263,59749,Express
69265,59749,React
69266,59752,ASP.NET CORE
69267,59759,Node.js
69268,59759,React
69269,59759,Svelte
69270,59760,ASP.NET CORE
69272,59777,Angular
69273,59777,Express
69275,59777,Next.js
69276,59777,Node.js
69277,59777,React
69278,59777,Spring Boot
69281,59792,Next.js
69282,59792,Node.js
69283,59792,React
69284,59794,Svelte
69285,59794,Vue.js
69287,59799,Next.js
69288,59799,Node.js
69289,59799,React
69292,59802,Spring Boot
69293,59804,Angular
69295,59804,ASP.NET CORE
69297,59804,React
69298,59804,Spring Boot
69301,59815,Node.js
69302,59820,Angular
69304,59820,Node.js
69305,59820,React
69306,59821,Express
69307,59821,Node.js
69308,59821,React
69309,59821,Spring Boot
69311,59834,Vue.js
69312,59835,Express
69313,59835,React
69314,59835,Vue.js
69315,59838,Angular
69316,59838,ASP.NET CORE
69317,59838,Node.js
69318,59847,Spring Boot
69319,59850,ASP.NET CORE
69320,59850,FastAPI
69321,59885,Angular
69323,59885,Node.js
69324,59885,Vue.js
69325,59886,Express
69326,59886,Node.js
69332,59909,Node.js
69333,59909,React
69335,59932,Express
69338,59932,Node.js
69339,59932,React
69340,59937,ASP.NET CORE
69341,59937,Node.js
69342,59937,React
69345,59959,Next.js
69346,59959,Node.js
69347,59959,React
69349,59959,Spring Boot
69350,59975,Node.js
69352,59977,Vue.js
69353,59979,Express
69354,59979,Node.js
69357,59989,Node.js
69358,59989,React
69359,59994,FastAPI
69360,59994,Node.js
69361,59994,Svelte
69363,60002,ASP.NET CORE
69365,60002,Express
69367,60006,React
69368,60006,Svelte
69374,60012,Vue.js
69380,60014,React
69384,60014,Vue.js
69385,60018,Next.js
69386,60018,Node.js
69387,60018,React
69388,60018,Svelte
69389,60019,FastAPI
69391,60022,Express
69392,60022,Next.js
69393,60022,Node.js
69394,60022,React
69399,60032,Node.js
69400,60033,FastAPI
69403,60045,Next.js
69404,60045,React
69405,60045,Svelte
69408,60046,FastAPI
69411,60046,Svelte
69412,60046,Vue.js
69413,60048,Next.js
69414,60048,Node.js
69415,60048,React
69417,60048,Vue.js
69419,60052,Express
69423,60052,Next.js
69424,60052,Node.js
69425,60052,React
69426,60052,Svelte
69427,60052,Vue.js
69428,60059,Angular
69430,60059,React
69431,60073,ASP.NET CORE
69432,60073,React
69434,60076,FastAPI
69436,60082,Angular
69439,60082,ASP.NET CORE
69441,60084,Express
69442,60084,FastAPI
69444,60084,Next.js
69445,60084,Node.js
69447,60084,React
69448,60084,Svelte
69450,60086,Vue.js
69452,60091,FastAPI
69454,60093,Angular
69456,60093,Node.js
69457,60093,Spring Boot
69460,60098,Node.js
69463,60103,Angular
69465,60103,ASP.NET CORE
69466,60103,Express
69468,60103,Next.js
69469,60103,Node.js
69470,60103,React
69471,60103,Vue.js
69472,60107,FastAPI
69473,60115,Angular
69474,60115,Spring Boot
69475,60119,Spring Boot
69476,60120,ASP.NET CORE
69477,60137,Express
69480,60137,Node.js
69482,60137,Vue.js
69484,60141,Express
69488,60154,Node.js
69489,60154,React
69492,60162,Express
69494,60162,Node.js
69495,60162,Svelte
69496,60173,Angular
69497,60176,ASP.NET CORE
69500,60176,Next.js
69501,60176,Node.js
69502,60176,React
69504,60186,Node.js
69505,60186,React
69507,60193,Spring Boot
69508,60195,ASP.NET CORE
69509,60195,React
69510,60203,FastAPI
69511,60203,Svelte
69514,60223,FastAPI
69515,60223,React
69516,60235,Express
69517,60235,Next.js
69518,60235,Node.js
69519,60235,React
69522,60239,Node.js
69523,60239,React
69524,60241,Express
69525,60241,Next.js
69526,60241,Node.js
69527,60241,React
69528,60241,Vue.js
69529,60243,ASP.NET CORE
69531,60243,Next.js
69532,60243,Node.js
69533,60243,React
69534,60257,Angular
69536,60257,ASP.NET CORE
69537,60257,Node.js
69540,60259,Next.js
69541,60259,Node.js
69542,60259,React
69545,60260,Node.js
69547,60260,Vue.js
69553,60265,Vue.js
69554,60271,Next.js
69555,60271,Node.js
69556,60271,React
69561,60272,Next.js
69562,60272,Svelte
69563,60278,ASP.NET CORE
69565,60278,React
69568,60282,Next.js
69570,60282,React
69571,60287,Angular
69577,60287,Next.js
69578,60287,Node.js
69580,60287,React
69581,60287,Vue.js
69583,60310,FastAPI
69585,60310,React
69587,60317,ASP.NET CORE
69588,60317,Node.js
69590,60337,Next.js
69591,60337,Node.js
69592,60337,React
69595,60348,ASP.NET CORE
69596,60348,React
69597,60352,Express
69599,60352,Next.js
69600,60352,Node.js
69601,60352,React
69603,60365,Next.js
69604,60365,Node.js
69605,60365,React
69607,60368,ASP.NET CORE
69610,60375,Angular
69612,60375,ASP.NET CORE
69614,60375,Node.js
69615,60375,React
69616,60375,Spring Boot
69618,60384,Express
69621,60384,Node.js
69622,60384,Svelte
69623,60384,Vue.js
69628,60385,Next.js
69629,60385,Node.js
69630,60385,React
69633,60388,Node.js
69635,60400,ASP.NET CORE
69638,60400,Node.js
69639,60400,Vue.js
69641,60404,ASP.NET CORE
69645,60419,Node.js
69647,60419,Vue.js
69651,60423,React
69652,60423,Spring Boot
69653,60423,Vue.js
69654,60428,Vue.js
69655,60443,React
69657,60461,Express
69660,60461,Node.js
69661,60461,React
69663,60463,Angular
69664,60463,Next.js
69665,60463,Node.js
69666,60463,React
69667,60463,Spring Boot
69668,60463,Vue.js
69670,60470,React
69671,60470,Spring Boot
69673,60477,Express
69674,60477,Next.js
69675,60477,Node.js
69676,60477,React
69679,60482,Express
69680,60482,FastAPI
69682,60482,Node.js
69684,60482,Svelte
69685,60482,Vue.js
69686,60493,Next.js
69687,60493,React
69690,60500,ASP.NET CORE
69694,60501,Next.js
69695,60501,Node.js
69697,60501,React
69698,60501,Svelte
69699,60501,Vue.js
69700,60520,ASP.NET CORE
69701,60520,Next.js
69702,60520,Node.js
69703,60520,React
69705,60522,React
69706,60535,ASP.NET CORE
69707,60558,Express
69708,60558,Node.js
69709,60558,Vue.js
69712,60559,Next.js
69713,60559,Node.js
69714,60559,React
69715,60563,ASP.NET CORE
69722,60568,Svelte
69723,60568,Vue.js
69724,60572,Spring Boot
69726,60617,Node.js
69729,60619,ASP.NET CORE
69730,60629,Angular
69732,60629,ASP.NET CORE
69733,60629,Node.js
69734,60629,React
69736,60654,ASP.NET CORE
69741,60656,ASP.NET CORE
69743,60656,Express
69745,60656,Next.js
69746,60656,Node.js
69747,60656,React
69748,60656,Spring Boot
69749,60656,Vue.js
69751,60682,ASP.NET CORE
69753,60686,Angular
69754,60686,Spring Boot
69756,60712,ASP.NET CORE
69758,60716,Angular
69759,60718,Node.js
69760,60718,React
69761,60728,Angular
69763,60728,Node.js
69764,60728,React
69765,60728,Spring Boot
69766,60728,Svelte
69767,60744,Angular
69769,60744,ASP.NET CORE
69771,60744,Vue.js
69772,60763,Next.js
69773,60763,Node.js
69774,60763,React
69777,60786,Next.js
69779,60786,React
69780,60786,Svelte
69782,60788,Next.js
69783,60788,Node.js
69784,60815,Angular
69787,60815,ASP.NET CORE
69795,60815,Express
69796,60815,FastAPI
69804,60815,Next.js
69805,60815,Node.js
69809,60815,React
69813,60815,Spring Boot
69815,60815,Svelte
69817,60815,Vue.js
69820,60823,FastAPI
69824,60825,Next.js
69825,60825,React
69827,60825,Svelte
69831,60826,Svelte
69832,60832,Angular
69834,60832,ASP.NET CORE
69836,60832,React
69837,60832,Vue.js
69838,60840,Node.js
69839,60861,Angular
69840,60861,Express
69844,60861,Next.js
69845,60861,Node.js
69847,60861,React
69850,60869,Vue.js
69855,60879,Next.js
69856,60879,React
69859,60879,Svelte
69863,60928,Angular
69866,60928,ASP.NET CORE
69867,60928,Express
69870,60928,Next.js
69871,60928,Node.js
69872,60928,React
69874,60935,Express
69877,60935,Next.js
69878,60935,Node.js
69879,60935,React
69881,60935,Vue.js
69886,60956,ASP.NET CORE
69887,60956,Node.js
69888,60962,Angular
69890,60962,ASP.NET CORE
69893,60962,Node.js
69894,60962,React
69895,60964,Angular
69896,60964,Express
69897,60964,Next.js
69898,60964,Node.js
69899,60964,React
69900,60964,Vue.js
69902,60975,ASP.NET CORE
69904,60975,Spring Boot
69905,60979,ASP.NET CORE
69906,60979,Next.js
69907,60979,React
69908,60991,FastAPI
69910,60993,FastAPI
69912,60993,Next.js
69913,60993,React
69914,61011,ASP.NET CORE
69915,61011,Express
69916,61011,Next.js
69917,61011,Node.js
69918,61011,React
69921,61011,Svelte
69922,61011,Vue.js
69923,61020,Spring Boot
69924,61027,Spring Boot
69925,61038,FastAPI
69927,61038,React
69928,61038,Svelte
69929,61038,Vue.js
69930,61039,ASP.NET CORE
69932,61039,Express
69933,61039,FastAPI
69934,61039,Node.js
69935,61039,React
69936,61054,Express
69938,61054,Node.js
69940,61054,React
69941,61056,Angular
69942,61056,FastAPI
69945,61057,Next.js
69946,61057,Node.js
69947,61057,React
69954,61075,Spring Boot
69955,61075,Svelte
69956,61084,Angular
69957,61084,Express
69958,61084,FastAPI
69962,61084,Node.js
69963,61084,React
69964,61084,Svelte
69966,61096,Next.js
69967,61096,Node.js
69968,61096,React
69969,61096,Svelte
69972,61116,ASP.NET CORE
69974,61116,Svelte
69977,61119,Next.js
69978,61119,Node.js
69979,61119,React
69982,61124,ASP.NET CORE
69986,61154,FastAPI
69987,61154,Next.js
69988,61154,Node.js
69989,61154,React
69991,61154,Svelte
69992,61154,Vue.js
69994,61158,Express
69996,61158,Node.js
69997,61158,Svelte
69998,61165,Next.js
69999,61165,React
70003,61170,Svelte
70004,61175,Node.js
70005,61175,React
70006,61175,Spring Boot
70007,61184,Next.js
70008,61184,Node.js
70009,61184,React
70011,61188,FastAPI
70014,61192,FastAPI
70016,61192,React
70017,61195,Angular
70019,61195,Express
70020,61195,FastAPI
70021,61195,Node.js
70022,61195,Vue.js
70023,61200,Angular
70026,61200,React
70027,61200,Vue.js
70031,61201,Vue.js
70032,61202,ASP.NET CORE
70034,61211,Next.js
70035,61212,Express
70036,61212,Node.js
70037,61212,React
70038,61244,Next.js
70039,61244,Node.js
70040,61244,React
70043,61246,Next.js
70045,61246,React
70046,61246,Vue.js
70047,61252,FastAPI
70049,61252,Next.js
70050,61254,Angular
70051,61254,ASP.NET CORE
70052,61254,Spring Boot
70054,61256,Node.js
70055,61256,React
70056,61256,Spring Boot
70058,61259,ASP.NET CORE
70059,61259,React
70060,61268,Angular
70061,61268,Express
70063,61268,Node.js
70065,61274,Vue.js
70068,61306,Angular
70071,61306,ASP.NET CORE
70073,61306,Node.js
70074,61319,Express
70076,61319,Node.js
70077,61319,React
70078,61319,Vue.js
70079,61331,Angular
70080,61331,ASP.NET CORE
70082,61331,Node.js
70083,61331,React
70086,61352,Next.js
70087,61352,React
70088,61356,ASP.NET CORE
70091,61356,Vue.js
70094,61358,Next.js
70095,61358,Node.js
70098,61358,React
70100,61358,Svelte
70101,61358,Vue.js
70104,61398,Vue.js
70105,61406,Angular
70111,61406,Node.js
70113,61406,React
70114,61406,Vue.js
70116,61410,ASP.NET CORE
70119,61423,Angular
70120,61423,ASP.NET CORE
70123,61423,React
70124,61429,ASP.NET CORE
70127,61454,React
70128,61466,Express
70130,61466,Node.js
70132,61472,ASP.NET CORE
70134,61472,Svelte
70135,61472,Vue.js
70137,61480,ASP.NET CORE
70138,61480,Svelte
70139,61492,Angular
70140,61492,FastAPI
70142,61492,Next.js
70144,61492,Spring Boot
70145,61492,Svelte
70146,61499,React
70148,61504,FastAPI
70151,61506,ASP.NET CORE
70155,61506,Node.js
70156,61506,React
70158,61506,Svelte
70159,61519,React
70160,61519,Spring Boot
70163,61531,Node.js
70165,61531,React
70168,61543,ASP.NET CORE
70169,61543,React
70171,61551,Express
70172,61551,FastAPI
70177,61551,Next.js
70178,61551,Node.js
70179,61551,React
70181,61551,Spring Boot
70182,61551,Svelte
70183,61551,Vue.js
70185,61554,FastAPI
70186,61554,Next.js
70187,61554,React
70190,61555,Express
70191,61555,FastAPI
70192,61555,Next.js
70193,61555,Node.js
70194,61555,React
70196,61578,ASP.NET CORE
70197,61585,Angular
70198,61585,Spring Boot
70199,61596,React
70201,61599,Express
70202,61599,FastAPI
70203,61599,Next.js
70204,61599,Node.js
70205,61599,React
70206,61610,Node.js
70207,61610,Svelte
70208,61610,Vue.js
70209,61643,Svelte
70210,61643,Vue.js
70213,61645,Next.js
70214,61645,React
70215,61645,Spring Boot
70217,61654,ASP.NET CORE
70219,61687,Angular
70222,61705,Express
70224,61705,Next.js
70225,61705,Node.js
70226,61705,React
70227,61705,Vue.js
70229,61707,Next.js
70230,61707,React
70232,61726,Next.js
70233,61726,React
70235,61726,Spring Boot
70236,61744,Node.js
70238,61744,React
70240,61777,FastAPI
70242,61777,Next.js
70243,61777,Node.js
70244,61777,React
70245,61786,Angular
70247,61786,ASP.NET CORE
70248,61786,Express
70251,61786,Next.js
70252,61786,Node.js
70253,61786,React
70256,61800,Angular
70257,61800,ASP.NET CORE
70259,61802,ASP.NET CORE
70260,61802,Express
70261,61802,Node.js
70262,61802,React
70263,61809,React
70265,61814,FastAPI
70269,61821,Angular
70273,61821,Express
70276,61821,React
70277,61821,Spring Boot
70278,61821,Vue.js
70280,61823,Next.js
70281,61823,Node.js
70283,61823,React
70286,61847,Node.js
70289,61847,Svelte
70290,61864,ASP.NET CORE
70292,61871,Express
70293,61871,FastAPI
70295,61871,Next.js
70296,61871,Node.js
70297,61871,React
70299,61876,Angular
70301,61876,Next.js
70302,61876,Node.js
70303,61876,React
70306,61885,React
70309,61913,Spring Boot
70310,61925,Angular
70313,61925,Next.js
70314,61925,Node.js
70315,61925,React
70317,61932,Next.js
70318,61932,Node.js
70319,61932,React
70320,61932,Spring Boot
70322,61939,FastAPI
70325,61942,Vue.js
70327,61951,ASP.NET CORE
70331,61955,ASP.NET CORE
70332,61955,Express
70333,61955,Node.js
70334,61955,React
70335,61963,Express
70336,61963,Next.js
70337,61963,Node.js
70338,61963,React
70340,61966,React
70341,61966,Svelte
70344,61970,Svelte
70345,61971,Express
70346,61971,Node.js
70347,61971,React
70349,61974,ASP.NET CORE
70351,61974,Next.js
70352,61974,React
70353,61974,Spring Boot
70354,61974,Vue.js
70355,61990,Express
70356,61990,FastAPI
70360,61990,Next.js
70361,61990,Node.js
70363,61990,React
70365,62015,Angular
70366,62015,ASP.NET CORE
70367,62015,React
70369,62024,Next.js
70371,62028,Angular
70372,62028,ASP.NET CORE
70373,62028,Spring Boot
70375,62055,ASP.NET CORE
70380,62055,Next.js
70381,62055,Node.js
70382,62055,React
70384,62078,Express
70385,62078,Node.js
70386,62078,React
70387,62078,Svelte
70389,62087,Express
70390,62091,Express
70391,62091,FastAPI
70393,62091,Next.js
70394,62091,Node.js
70395,62091,React
70397,62097,Node.js
70398,62097,Spring Boot
70400,62104,Vue.js
70401,62128,FastAPI
70407,62133,ASP.NET CORE
70410,62134,FastAPI
70412,62134,React
70413,62139,Next.js
70415,62170,Angular
70418,62170,Node.js
70419,62170,React
70421,62200,Express
70422,62200,Next.js
70423,62200,Node.js
70424,62200,React
70426,62226,FastAPI
70428,62226,React
70429,62231,Express
70430,62231,Node.js
70431,62231,React
70433,62246,Node.js
70435,62268,Express
70436,62268,Next.js
70437,62268,Node.js
70438,62268,React
70440,62268,Svelte
70441,62271,Angular
70443,62271,ASP.NET CORE
70446,62271,FastAPI
70448,62271,Next.js
70449,62271,Node.js
70452,62271,Svelte
70453,62271,Vue.js
70454,62276,Angular
70456,62276,FastAPI
70458,62276,React
70459,62280,Express
70460,62280,Next.js
70461,62280,Node.js
70462,62280,React
70463,62316,React
70465,62316,Vue.js
70466,62332,Express
70468,62332,Next.js
70469,62332,Node.js
70471,62332,React
70472,62332,Spring Boot
70473,62332,Vue.js
70474,62339,React
70475,62339,Spring Boot
70476,62354,Angular
70478,62354,Next.js
70479,62354,Node.js
70480,62362,Angular
70481,62388,Express
70482,62388,Node.js
70483,62394,ASP.NET CORE
70485,62394,Express
70487,62394,Node.js
70488,62394,React
70490,62402,React
70491,62402,Spring Boot
70493,62413,Angular
70495,62413,Next.js
70496,62413,Node.js
70497,62413,React
70498,62413,Svelte
70500,62421,ASP.NET CORE
70501,62433,ASP.NET CORE
70502,62433,Express
70503,62440,FastAPI
70504,62443,Angular
70505,62443,Node.js
70506,62443,Vue.js
70507,62449,Node.js
70508,62449,React
70510,62470,Node.js
70511,62470,React
70513,62481,Svelte
70514,62483,FastAPI
70515,62483,Node.js
70516,62483,Vue.js
70519,62501,React
70522,62506,Express
70523,62506,Next.js
70524,62506,Node.js
70525,62506,React
70527,62506,Svelte
70529,62510,ASP.NET CORE
70534,62510,Express
70535,62510,FastAPI
70537,62510,Next.js
70538,62510,Node.js
70541,62510,Svelte
70542,62510,Vue.js
70543,62516,ASP.NET CORE
70545,62525,ASP.NET CORE
70546,62552,ASP.NET CORE
70550,62554,Vue.js
70552,62574,Node.js
70553,62574,React
70554,62574,Svelte
70556,62585,Spring Boot
70559,62600,Node.js
70560,62600,Svelte
70564,62630,Angular
70568,62630,React
70571,62630,Svelte
70572,62630,Vue.js
70574,62636,FastAPI
70576,62636,React
70577,62652,React
70578,62660,Spring Boot
70581,62671,Express
70582,62671,FastAPI
70583,62671,Next.js
70584,62671,Node.js
70585,62671,React
70586,62693,React
70587,62706,Node.js
70591,62713,Express
70592,62713,FastAPI
70595,62713,Next.js
70596,62713,Node.js
70597,62713,React
70599,62713,Spring Boot
70600,62713,Svelte
70601,62713,Vue.js
70603,62730,Node.js
70604,62730,React
70605,62747,Angular
70607,62752,Express
70608,62752,Node.js
70609,62752,React
70610,62752,Svelte
70612,62771,FastAPI
70615,62786,React
70616,62786,Spring Boot
70617,62798,FastAPI
70618,62798,Vue.js
70619,62800,FastAPI
70621,62800,Node.js
70622,62800,React
70626,62811,Express
70627,62811,FastAPI
70630,62811,Node.js
70631,62811,React
70636,62811,Svelte
70638,62819,ASP.NET CORE
70641,62819,React
70644,62850,Node.js
70645,62850,Vue.js
70646,62854,FastAPI
70649,62877,Spring Boot
70652,62879,Node.js
70653,62879,React
70656,62888,Next.js
70657,62888,Node.js
70658,62888,React
70661,62895,React
70664,62913,Angular
70668,62913,Node.js
70670,62946,Node.js
70671,62946,React
70672,62950,Node.js
70673,62950,React
70674,62950,Spring Boot
70675,62952,FastAPI
70677,62952,React
70678,62975,ASP.NET CORE
70679,62976,Svelte
70680,62981,FastAPI
70682,62981,Node.js
70683,62981,Spring Boot
70684,62984,Node.js
70685,62984,React
70687,63018,Next.js
70688,63018,Node.js
70689,63018,React
70690,63018,Vue.js
70691,63020,Angular
70692,63020,ASP.NET CORE
70694,63045,Node.js
70695,63045,Svelte
70696,63045,Vue.js
70698,63096,ASP.NET CORE
70699,63096,Express
70700,63096,Node.js
70701,63096,Spring Boot
70703,63098,ASP.NET CORE
70704,63098,Express
70705,63098,FastAPI
70706,63098,Next.js
70707,63098,Node.js
70708,63098,React
70709,63098,Spring Boot
70710,63106,Angular
70712,63106,ASP.NET CORE
70715,63106,Next.js
70716,63106,Node.js
70717,63106,React
70718,63106,Vue.js
70720,63116,ASP.NET CORE
70721,63130,Angular
70728,63130,Spring Boot
70729,63133,Angular
70730,63133,ASP.NET CORE
70732,63133,Express
70733,63133,Next.js
70734,63133,Node.js
70735,63133,React
70736,63133,Vue.js
70737,63140,Angular
70741,63140,FastAPI
70743,63140,Node.js
70744,63140,React
70745,63140,Spring Boot
70746,63140,Vue.js
70749,63170,ASP.NET CORE
70753,63191,Express
70754,63191,Node.js
70757,63191,Svelte
70759,63198,Angular
70761,63198,ASP.NET CORE
70762,63201,Angular
70765,63201,ASP.NET CORE
70773,63201,Express
70774,63201,FastAPI
70782,63201,Next.js
70783,63201,Node.js
70787,63201,React
70791,63201,Spring Boot
70793,63201,Svelte
70795,63201,Vue.js
70800,63230,Angular
70801,63230,Express
70803,63230,Next.js
70804,63230,Node.js
70805,63230,React
70807,63234,Angular
70808,63234,Spring Boot
70809,63241,FastAPI
70812,63241,React
70814,63268,Express
70816,63268,Node.js
70817,63268,React
70819,63268,Vue.js
70822,63277,Express
70824,63277,Next.js
70825,63277,Node.js
70826,63277,React
70827,63293,React
70828,63294,Angular
70830,63294,Node.js
70834,63341,FastAPI
70835,63341,Node.js
70836,63341,React
70838,63341,Svelte
70839,63341,Vue.js
70842,63353,Vue.js
70845,63394,Next.js
70846,63394,React
70847,63396,Node.js
70848,63396,React
70849,63438,Next.js
70850,63438,Node.js
70851,63438,React
70854,63450,Next.js
70855,63450,Spring Boot
70856,63450,Vue.js
70857,63453,ASP.NET CORE
70859,63453,React
70860,63453,Vue.js
70861,63466,React
70862,63489,Angular
70864,63489,ASP.NET CORE
70866,63506,Next.js
70867,63506,Node.js
70868,63506,React
70869,63522,FastAPI
70870,63522,React
70871,63532,Next.js
70872,63532,Node.js
70873,63532,React
70874,63532,Svelte
70875,63532,Vue.js
70876,63534,Express
70878,63534,Next.js
70879,63534,Node.js
70880,63534,React
70882,63539,ASP.NET CORE
70885,63540,Spring Boot
70888,63548,Vue.js
70892,63559,Node.js
70893,63559,Vue.js
70896,63573,React
70898,63578,ASP.NET CORE
70900,63578,Vue.js
70902,63594,ASP.NET CORE
70903,63594,Node.js
70904,63594,React
70905,63601,Spring Boot
70909,63629,Angular
70910,63629,Node.js
70912,63629,React
70914,63629,Vue.js
70918,63656,ASP.NET CORE
70919,63656,React
70922,63668,Next.js
70923,63668,Node.js
70924,63668,React
70931,63683,Next.js
70932,63683,React
70934,63692,ASP.NET CORE
70936,63697,Next.js
70937,63697,React
70938,63698,Express
70939,63698,Node.js
70940,63698,React
70942,63708,ASP.NET CORE
70943,63708,FastAPI
70944,63708,Vue.js
70946,63712,ASP.NET CORE
70948,63722,Express
70949,63722,Next.js
70950,63722,Node.js
70952,63727,Node.js
70954,63740,Angular
70957,63740,Node.js
70959,63740,React
70960,63740,Spring Boot
70961,63741,Next.js
70962,63741,Node.js
70963,63741,React
70964,63741,Spring Boot
70965,63748,Spring Boot
70968,63762,Next.js
70970,63790,FastAPI
70973,63790,Next.js
70974,63790,Node.js
70975,63809,Angular
70976,63809,ASP.NET CORE
70978,63837,Node.js
70980,63843,React
70981,63846,Angular
70983,63846,ASP.NET CORE
70987,63846,Spring Boot
70988,63871,Next.js
70989,63871,React
70990,63885,Angular
70991,63885,Node.js
70993,63900,Express
70994,63900,FastAPI
70995,63900,Next.js
70996,63900,Node.js
70997,63900,React
70999,63933,Next.js
71000,63933,Node.js
71001,63933,React
71002,63942,Angular
71003,63942,ASP.NET CORE
71005,63968,FastAPI
71009,63968,Node.js
71010,63968,Vue.js
71012,63985,Spring Boot
71014,63988,ASP.NET CORE
71015,63988,FastAPI
71017,63988,React
71021,64031,Vue.js
71023,64037,Spring Boot
71024,64049,Angular
71026,64049,Express
71027,64049,FastAPI
71030,64049,Node.js
71031,64049,React
71032,64049,Spring Boot
71036,64058,FastAPI
71039,64066,Svelte
71040,64066,Vue.js
71041,64080,Node.js
71044,64084,ASP.NET CORE
71046,64084,Next.js
71047,64084,Node.js
71048,64084,React
71049,64091,FastAPI
71050,64091,Next.js
71051,64091,Node.js
71052,64091,React
71053,64091,Svelte
71054,64135,Next.js
71055,64135,React
71057,64137,FastAPI
71058,64137,Vue.js
71059,64139,Angular
71061,64139,Next.js
71062,64139,Node.js
71063,64139,Vue.js
71065,64169,React
71066,64186,React
71067,64186,Spring Boot
71068,64197,Svelte
71069,64218,Node.js
71070,64218,React
71071,64255,Angular
71074,64255,ASP.NET CORE
71076,64255,Node.js
71078,64267,ASP.NET CORE
71079,64267,Express
71080,64267,Next.js
71081,64267,Node.js
71082,64267,React
71083,64280,Express
71085,64280,Next.js
71086,64280,Node.js
71087,64280,React
71089,64280,Vue.js
71092,64319,Node.js
71093,64319,Vue.js
71096,64349,Next.js
71097,64349,Node.js
71098,64349,React
71101,64355,Express
71103,64355,Next.js
71104,64355,Node.js
71105,64355,Vue.js
71107,64363,Node.js
71108,64363,React
71111,64369,FastAPI
71113,64369,Next.js
71114,64369,Node.js
71116,64369,React
71118,64369,Vue.js
71119,64374,Spring Boot
71121,64395,Node.js
71122,64395,React
71123,64397,React
71124,64399,Angular
71125,64399,Node.js
71126,64399,Spring Boot
71127,64423,Next.js
71128,64423,React
71129,64425,Svelte
71130,64430,ASP.NET CORE
71131,64430,Express
71133,64430,Next.js
71134,64430,Node.js
71135,64430,React
71136,64451,Angular
71138,64451,Express
71139,64451,Next.js
71140,64451,Node.js
71141,64451,React
71143,64451,Svelte
71144,64458,FastAPI
71146,64458,Node.js
71147,64458,React
71148,64458,Spring Boot
71149,64468,ASP.NET CORE
71150,64468,Next.js
71151,64468,React
71152,64504,FastAPI
71156,64509,React
71157,64520,FastAPI
71158,64520,Svelte
71159,64521,ASP.NET CORE
71162,64521,Node.js
71164,64525,Next.js
71165,64525,Node.js
71168,64570,FastAPI
71172,64570,Next.js
71173,64570,Node.js
71176,64570,Spring Boot
71177,64570,Svelte
71178,64570,Vue.js
71179,64579,Spring Boot
71180,64594,ASP.NET CORE
71182,64600,Express
71184,64600,Node.js
71185,64600,React
71188,64610,ASP.NET CORE
71192,64610,FastAPI
71194,64610,Next.js
71195,64610,Node.js
71198,64610,React
71205,64633,Node.js
71209,64651,Express
71210,64651,Next.js
71211,64651,Node.js
71212,64651,React
71214,64655,Node.js
71216,64679,Express
71217,64679,FastAPI
71218,64679,React
71220,64686,Next.js
71221,64686,React
71222,64686,Spring Boot
71223,64686,Vue.js
71224,64718,FastAPI
71225,64724,Spring Boot
71227,64725,Vue.js
71229,64741,FastAPI
71230,64741,Node.js
71231,64741,Vue.js
71233,64744,Express
71234,64744,Next.js
71235,64744,React
71236,64744,Spring Boot
71237,64764,Angular
71240,64764,Svelte
71241,64765,Angular
71242,64807,Spring Boot
71244,64809,Express
71246,64809,Next.js
71247,64809,Node.js
71248,64809,React
71249,64809,Svelte
71250,64809,Vue.js
71254,64854,FastAPI
71256,64854,Next.js
71257,64854,Node.js
71258,64856,FastAPI
71260,64861,Spring Boot
71261,64873,ASP.NET CORE
71262,64873,React
71263,64905,Node.js
71264,64905,React
71266,64907,ASP.NET CORE
71268,64910,Express
71269,64910,Node.js
71270,64930,React
71274,64944,Next.js
71276,64944,React
71279,64944,Svelte
71280,64944,Vue.js
71282,64955,Express
71283,64955,FastAPI
71285,64955,Next.js
71287,64955,React
71288,64955,Svelte
71290,64960,Node.js
71291,64977,Node.js
71293,64977,React
71294,64977,Vue.js
71295,64981,Node.js
71296,64981,React
71300,64990,Next.js
71301,64990,Node.js
71302,64990,Svelte
71303,64990,Vue.js
71304,64992,Node.js
71305,64992,Svelte
71306,64995,Angular
71307,64995,ASP.NET CORE
71308,64995,Express
71309,64995,Node.js
71310,64995,Spring Boot
71315,65000,Node.js
71317,65000,Vue.js
71319,65003,Next.js
71321,65016,React
71322,65037,Express
71323,65037,Node.js
71324,65053,Next.js
71325,65053,Node.js
71326,65053,React
71328,65118,Next.js
71330,65118,React
71331,65118,Spring Boot
71332,65118,Svelte
71334,65129,Next.js
71335,65129,React
71336,65129,Spring Boot
71337,65129,Svelte
71338,65133,Svelte
71340,65135,ASP.NET CORE
71343,65147,ASP.NET CORE
71345,65147,Next.js
71346,65147,Node.js
71347,65147,React
71348,65149,ASP.NET CORE
71349,65149,Spring Boot
71350,65152,React
71351,65152,Spring Boot
71354,65162,Next.js
71355,65162,Node.js
71357,65162,React
71359,65164,ASP.NET CORE
71360,65164,Next.js
71361,65164,Node.js
71363,65167,Node.js
71366,65167,Svelte
71367,65167,Vue.js
71368,65224,FastAPI
71369,65224,Next.js
71370,65237,ASP.NET CORE
71372,65237,Express
71373,65237,Next.js
71374,65237,Node.js
71376,65237,React
71378,65237,Vue.js
71379,65243,FastAPI
71381,65250,ASP.NET CORE
71383,65250,Node.js
71387,65269,Svelte
71388,65269,Vue.js
71392,65306,React
71393,65306,Spring Boot
71395,65307,Express
71397,65307,Node.js
71398,65327,Spring Boot
71400,65352,Express
71403,65352,Next.js
71404,65352,Node.js
71406,65352,React
71407,65352,Spring Boot
71409,65352,Vue.js
71411,65402,Angular
71412,65402,Node.js
71413,65432,Angular
71415,65432,ASP.NET CORE
71416,65432,Node.js
71417,65432,Spring Boot
