Id,ResponseId,WebframeHaveWorkedWith
1,2,Express
2,2,Next.js
3,2,Node.js
4,2,React
5,3,ASP.NET CORE
6,10,Express
7,10,Next.js
8,10,Node.js
9,10,React
10,11,Node.js
11,11,React
13,12,ASP.NET
14,12,ASP.NET CORE
15,12,Express
16,12,jQuery
17,12,Node.js
18,12,React
19,19,ASP.NET
20,19,ASP.NET CORE
22,19,jQuery
23,23,ASP.NET CORE
25,24,jQuery
27,27,ASP.NET
28,27,Node.js
29,29,ASP.NET
30,29,ASP.NET CORE
31,29,jQuery
32,29,Node.js
35,30,ASP.NET
36,30,ASP.NET CORE
37,30,jQuery
38,30,Node.js
39,30,React
42,33,Node.js
43,36,ASP.NET
44,36,ASP.NET CORE
46,37,ASP.NET
47,37,ASP.NET CORE
48,37,Spring Boot
49,39,jQuery
51,39,Vue.js
52,41,React
54,44,ASP.NET
55,44,ASP.NET CORE
56,45,Angular
57,45,ASP.NET
58,45,ASP.NET CORE
59,45,jQuery
63,52,Angular
64,52,ASP.NET
65,52,ASP.NET CORE
66,52,Node.js
67,52,React
69,53,Angular
71,53,Node.js
72,53,Spring Boot
73,55,Express
74,55,jQuery
76,55,Node.js
77,62,Angular
79,62,ASP.NET
80,62,ASP.NET CORE
81,62,jQuery
82,65,Spring Boot
83,72,ASP.NET
84,72,ASP.NET CORE
86,72,React
90,75,Next.js
92,75,React
95,75,Vue.js
97,78,Node.js
98,78,React
102,79,Spring Boot
103,79,Vue.js
105,87,ASP.NET CORE
106,87,Express
108,87,Node.js
109,87,Vue.js
110,111,ASP.NET
111,111,ASP.NET CORE
112,111,jQuery
113,111,Node.js
115,113,Node.js
116,113,React
117,113,Vue.js
118,114,Angular
120,114,ASP.NET
121,114,ASP.NET CORE
126,114,jQuery
127,114,Next.js
128,114,Node.js
129,114,React
130,114,Spring Boot
131,114,Vue.js
133,119,ASP.NET
134,119,ASP.NET CORE
135,121,Express
136,121,Node.js
137,122,ASP.NET
138,122,ASP.NET CORE
139,122,jQuery
140,122,Next.js
141,122,Node.js
142,122,React
144,125,Express
149,125,Next.js
150,125,Node.js
152,125,React
153,125,Vue.js
156,127,React
157,129,ASP.NET
158,129,ASP.NET CORE
159,129,jQuery
160,130,ASP.NET CORE
162,130,Vue.js
164,132,Next.js
165,132,Node.js
166,132,React
167,134,ASP.NET CORE
170,134,React
171,138,Express
173,138,Next.js
174,138,Node.js
175,140,Express
177,140,Next.js
178,140,Node.js
179,140,React
181,142,Angular
183,142,jQuery
185,142,React
186,142,Vue.js
187,150,Express
189,150,jQuery
190,150,Node.js
193,150,Vue.js
196,151,ASP.NET CORE
197,151,Express
198,151,Node.js
199,151,React
202,156,Node.js
203,156,React
204,156,Spring Boot
206,158,ASP.NET
207,158,ASP.NET CORE
208,158,React
209,159,Angular
210,159,Express
212,159,Next.js
213,159,Node.js
214,159,React
217,163,Express
219,163,Next.js
220,163,Node.js
221,163,React
222,166,Angular
223,166,ASP.NET
224,166,ASP.NET CORE
225,166,jQuery
226,173,jQuery
228,173,React
230,176,ASP.NET
231,176,Next.js
232,176,Node.js
233,176,Spring Boot
235,181,Express
237,181,jQuery
239,181,Node.js
240,182,ASP.NET CORE
242,182,jQuery
243,182,React
245,183,Angular
246,183,ASP.NET
247,183,ASP.NET CORE
249,183,React
252,185,Node.js
253,185,React
254,189,Angular
256,189,Node.js
257,190,Angular
259,190,ASP.NET
260,190,ASP.NET CORE
262,190,jQuery
263,190,Node.js
264,190,React
265,190,Vue.js
266,191,ASP.NET CORE
269,192,Node.js
270,196,Angular
272,196,Express
273,196,Node.js
274,196,Spring Boot
275,200,React
276,200,Vue.js
277,205,ASP.NET
278,205,ASP.NET CORE
279,205,Express
280,205,React
282,208,Node.js
287,209,React
289,210,Angular
290,210,Express
292,210,Node.js
295,212,Vue.js
297,215,Next.js
298,215,React
299,216,Angular
300,216,ASP.NET
301,216,ASP.NET CORE
302,216,jQuery
303,216,Node.js
304,218,Angular
305,218,ASP.NET
306,218,ASP.NET CORE
307,218,Express
308,218,Node.js
309,218,Vue.js
312,223,jQuery
313,223,Node.js
314,226,Angular
316,226,Express
317,226,Next.js
318,226,Node.js
319,226,React
321,226,Vue.js
322,230,Angular
324,230,jQuery
325,230,Next.js
326,230,Node.js
327,230,React
328,230,Vue.js
329,235,Angular
330,235,Next.js
331,235,Node.js
332,235,React
333,238,Angular
334,238,ASP.NET CORE
336,242,Vue.js
337,243,Angular
339,243,ASP.NET
340,243,ASP.NET CORE
342,243,Express
343,243,jQuery
345,243,Node.js
346,243,React
348,254,Angular
350,254,ASP.NET
351,254,ASP.NET CORE
352,254,jQuery
354,254,Node.js
355,254,React
356,254,Vue.js
359,256,React
360,256,Spring Boot
361,262,Next.js
362,262,Node.js
363,262,React
364,263,ASP.NET CORE
365,274,Angular
367,274,ASP.NET
368,274,ASP.NET CORE
369,274,Spring Boot
372,275,Next.js
373,275,Node.js
374,275,React
376,276,ASP.NET
377,276,ASP.NET CORE
378,276,jQuery
379,276,Next.js
380,276,React
381,280,ASP.NET
382,280,ASP.NET CORE
383,280,Spring Boot
385,284,ASP.NET
387,284,Express
390,284,Next.js
391,284,Node.js
392,284,React
393,284,Spring Boot
395,285,Express
398,285,Next.js
399,285,Node.js
400,285,React
401,293,Spring Boot
403,299,Spring Boot
404,300,Angular
405,300,ASP.NET
406,300,ASP.NET CORE
408,300,React
413,315,Next.js
414,315,React
417,320,jQuery
418,320,Node.js
420,320,React
421,320,Spring Boot
422,324,Next.js
423,324,React
424,326,Angular
425,326,Express
427,326,Node.js
428,326,React
431,331,ASP.NET CORE
432,331,Node.js
433,331,React
434,333,ASP.NET
435,341,Angular
439,341,jQuery
441,341,Node.js
442,341,React
444,342,React
446,342,Spring Boot
447,347,Spring Boot
450,351,Vue.js
451,352,Angular
453,352,ASP.NET
454,352,ASP.NET CORE
455,352,Express
458,352,Next.js
459,352,Node.js
460,352,React
461,352,Spring Boot
462,353,ASP.NET CORE
464,353,Node.js
465,355,Spring Boot
467,358,jQuery
469,359,Node.js
470,360,Angular
472,360,ASP.NET
473,360,ASP.NET CORE
476,360,jQuery
477,360,Node.js
478,360,React
481,360,Vue.js
486,372,Node.js
487,372,React
488,372,Spring Boot
489,373,ASP.NET CORE
490,378,ASP.NET CORE
491,378,jQuery
492,378,Node.js
493,380,Next.js
494,380,React
495,380,Vue.js
496,385,ASP.NET CORE
497,385,React
498,385,Vue.js
501,389,Express
502,389,Next.js
503,389,Node.js
504,389,React
505,391,Next.js
506,391,Node.js
507,391,React
509,393,React
510,395,Next.js
511,395,Node.js
512,395,React
513,395,Vue.js
515,399,Angular
516,399,ASP.NET CORE
517,399,React
518,400,Angular
519,400,ASP.NET
520,400,Express
521,400,React
522,400,Vue.js
524,408,Express
527,408,Next.js
528,408,Node.js
529,408,React
531,408,Spring Boot
534,411,Express
536,411,jQuery
538,411,Next.js
539,411,Node.js
540,411,React
541,412,ASP.NET
543,412,jQuery
545,412,Node.js
548,413,Angular
551,413,Express
553,413,Next.js
554,413,Node.js
555,413,React
557,417,Express
558,417,Node.js
560,419,Angular
562,419,Express
563,419,jQuery
564,419,Node.js
565,419,React
566,419,Spring Boot
567,419,Vue.js
572,430,Node.js
574,432,ASP.NET
575,432,Node.js
576,433,Angular
577,433,ASP.NET CORE
579,434,Node.js
580,434,React
581,444,ASP.NET CORE
583,444,Next.js
584,444,Node.js
585,444,React
586,445,Next.js
588,450,Angular
590,450,Node.js
591,450,React
592,452,ASP.NET
593,452,ASP.NET CORE
595,452,jQuery
596,452,Node.js
597,452,React
599,453,Angular
600,453,ASP.NET
601,453,ASP.NET CORE
602,454,jQuery
603,464,ASP.NET
604,464,Express
605,464,Next.js
606,464,Node.js
607,464,React
612,469,Angular
616,469,jQuery
617,469,React
618,471,Angular
621,475,Express
624,475,jQuery
625,475,Node.js
626,475,React
628,480,Spring Boot
629,484,Express
630,484,Node.js
631,484,React
632,484,Vue.js
633,486,Express
634,486,Node.js
635,486,Spring Boot
637,489,React
638,492,Next.js
639,492,Node.js
640,492,React
642,493,React
643,493,Spring Boot
645,494,Express
647,494,Next.js
648,494,Node.js
649,495,jQuery
652,497,jQuery
653,497,Node.js
654,497,Vue.js
655,499,Angular
656,499,ASP.NET
657,499,ASP.NET CORE
658,499,jQuery
659,500,Express
660,500,Node.js
661,500,React
663,502,ASP.NET
664,502,ASP.NET CORE
668,506,jQuery
669,506,Node.js
670,506,React
671,506,Vue.js
674,507,jQuery
677,509,ASP.NET CORE
680,509,Node.js
681,511,Angular
683,511,ASP.NET CORE
684,511,React
685,515,jQuery
686,515,Next.js
687,515,React
689,523,Angular
693,529,ASP.NET
694,529,jQuery
695,531,ASP.NET
696,531,ASP.NET CORE
698,531,React
699,531,Vue.js
700,533,Node.js
701,533,Vue.js
703,535,ASP.NET
704,535,ASP.NET CORE
705,535,Express
706,535,jQuery
707,535,Node.js
708,543,Angular
709,543,ASP.NET CORE
713,543,jQuery
716,546,React
717,548,Express
722,548,Next.js
723,548,Node.js
725,548,React
726,549,Angular
727,549,Express
728,549,Node.js
729,549,Spring Boot
730,553,ASP.NET CORE
731,554,ASP.NET CORE
733,557,Express
734,557,Next.js
735,557,Node.js
736,557,React
738,562,Express
739,562,Node.js
740,562,React
741,565,ASP.NET
742,565,ASP.NET CORE
744,567,Angular
745,567,ASP.NET
746,567,ASP.NET CORE
747,570,ASP.NET
748,570,Vue.js
750,571,Next.js
751,571,Node.js
752,571,React
753,571,Spring Boot
755,573,ASP.NET
756,573,ASP.NET CORE
760,577,jQuery
761,577,Vue.js
764,585,Angular
765,585,Express
767,585,Node.js
768,585,React
769,585,Spring Boot
770,588,Node.js
771,588,Spring Boot
772,589,Express
774,589,jQuery
775,589,Node.js
777,591,Express
778,591,jQuery
779,591,Node.js
780,591,Spring Boot
781,593,ASP.NET
782,593,ASP.NET CORE
784,595,React
786,601,Angular
787,601,Express
791,601,Next.js
792,601,Node.js
793,601,React
794,601,Vue.js
796,603,ASP.NET
797,603,ASP.NET CORE
798,603,Next.js
799,603,React
800,604,React
801,604,Spring Boot
806,608,Node.js
809,608,Vue.js
811,609,Node.js
813,613,Next.js
814,613,Node.js
816,613,Vue.js
817,614,jQuery
818,614,Node.js
819,614,React
821,619,ASP.NET CORE
822,620,jQuery
825,620,Node.js
826,620,React
828,621,React
829,624,Vue.js
830,632,Angular
831,641,Angular
832,641,ASP.NET CORE
833,642,Angular
835,642,ASP.NET CORE
836,642,Node.js
837,643,React
838,645,Angular
839,645,ASP.NET CORE
840,645,React
841,647,Express
843,647,Vue.js
844,650,Angular
845,650,ASP.NET CORE
846,650,React
847,651,Express
848,651,jQuery
850,651,Next.js
851,651,Node.js
852,651,React
853,651,Spring Boot
857,654,React
860,657,ASP.NET CORE
863,663,jQuery
866,663,Node.js
867,663,React
869,663,Vue.js
871,666,Express
874,666,Next.js
875,666,Node.js
877,666,React
878,666,Vue.js
881,670,Node.js
882,670,Vue.js
884,672,Angular
885,672,ASP.NET
886,672,ASP.NET CORE
888,674,Angular
892,674,jQuery
894,674,Next.js
895,674,Node.js
896,674,React
898,674,Vue.js
899,675,ASP.NET
900,675,ASP.NET CORE
902,687,Express
903,687,Node.js
904,688,Angular
905,688,ASP.NET CORE
907,688,Express
912,688,Next.js
913,688,Node.js
915,688,Spring Boot
918,691,Spring Boot
919,692,Express
921,692,Node.js
923,692,React
925,692,Vue.js
927,695,ASP.NET CORE
928,695,jQuery
930,695,Vue.js
931,698,Express
933,698,Node.js
934,698,React
935,699,Express
937,699,Node.js
938,699,React
939,700,Next.js
940,700,Node.js
942,701,Next.js
943,701,Node.js
944,701,React
945,704,React
947,705,ASP.NET
948,705,jQuery
953,715,Angular
954,715,Node.js
955,715,React
956,723,Angular
959,723,Express
962,723,jQuery
964,723,Next.js
965,723,Node.js
966,723,React
967,723,Spring Boot
969,727,React
970,728,ASP.NET CORE
972,728,Node.js
973,729,Angular
974,729,jQuery
978,731,Node.js
979,731,React
980,735,Node.js
981,735,React
982,738,Express
984,738,Node.js
985,738,React
987,744,ASP.NET CORE
990,745,Next.js
991,745,React
992,745,Vue.js
993,760,Angular
997,760,Spring Boot
998,763,Angular
999,763,ASP.NET
1001,763,Express
1002,763,Node.js
1003,763,React
1006,767,Express
1008,767,jQuery
1011,767,Next.js
1012,767,Node.js
1014,767,React
1015,767,Vue.js
1018,770,ASP.NET CORE
1020,770,Node.js
1021,770,React
1022,772,Angular
1024,772,ASP.NET
1025,772,ASP.NET CORE
1026,772,Express
1028,772,jQuery
1029,772,Next.js
1030,772,Node.js
1032,772,React
1033,772,Spring Boot
1035,772,Vue.js
1037,773,Next.js
1038,773,Node.js
1039,773,React
1040,779,ASP.NET
1041,779,ASP.NET CORE
1042,779,Vue.js
1043,780,Angular
1044,780,ASP.NET CORE
1046,780,Vue.js
1049,782,Node.js
1050,788,ASP.NET
1051,788,Express
1053,788,Node.js
1054,788,React
1059,790,jQuery
1061,790,Next.js
1062,790,Node.js
1063,790,React
1065,790,Vue.js
1069,797,React
1070,808,Express
1072,808,Node.js
1073,811,Angular
1075,811,ASP.NET
1076,811,ASP.NET CORE
1077,811,Node.js
1078,813,React
1079,813,Spring Boot
1080,814,Node.js
1082,814,Vue.js
1084,816,Angular
1086,816,ASP.NET
1087,816,ASP.NET CORE
1089,816,jQuery
1091,820,ASP.NET CORE
1092,824,ASP.NET
1093,824,ASP.NET CORE
1094,824,jQuery
1095,824,Node.js
1096,824,React
1098,825,Express
1101,825,Next.js
1102,825,Node.js
1104,825,React
1107,825,Vue.js
1109,826,jQuery
1110,826,Next.js
1111,826,React
1115,827,Next.js
1116,827,Node.js
1117,827,React
1118,829,Spring Boot
1119,832,Express
1121,832,Node.js
1122,832,React
1125,834,Node.js
1126,844,React
1127,844,Vue.js
1128,848,jQuery
1130,849,Angular
1131,849,ASP.NET CORE
1132,852,jQuery
1133,852,Node.js
1134,857,Angular
1135,857,ASP.NET
1136,857,ASP.NET CORE
1138,857,jQuery
1139,859,ASP.NET
1140,859,ASP.NET CORE
1142,859,jQuery
1143,859,Node.js
1144,859,React
1145,859,Vue.js
1147,861,React
1149,862,Express
1150,862,Node.js
1151,862,React
1152,862,Vue.js
1153,870,jQuery
1156,874,Spring Boot
1157,880,ASP.NET CORE
1158,883,Next.js
1159,883,Node.js
1161,883,Vue.js
1162,884,Express
1164,884,jQuery
1165,884,Node.js
1167,884,Vue.js
1168,887,Node.js
1169,887,React
1171,888,Vue.js
1172,891,Express
1173,891,jQuery
1174,891,Node.js
1176,901,Express
1178,901,Next.js
1179,901,React
1180,902,Angular
1181,902,Express
1182,902,jQuery
1183,902,Next.js
1184,902,Node.js
1185,902,React
1186,902,Spring Boot
1187,902,Vue.js
1188,907,ASP.NET
1189,907,ASP.NET CORE
1190,907,Node.js
1192,909,Express
1194,909,Next.js
1195,909,Node.js
1196,909,React
1197,909,Vue.js
1198,913,Next.js
1199,913,Node.js
1200,913,React
1202,916,React
1203,916,Vue.js
1205,919,jQuery
1208,924,Spring Boot
1210,926,Angular
1211,926,Node.js
1212,926,React
1214,926,Spring Boot
1218,928,jQuery
1219,928,Node.js
1221,935,ASP.NET
1222,935,ASP.NET CORE
1230,944,Next.js
1231,944,Spring Boot
1233,946,Angular
1235,946,ASP.NET
1236,946,ASP.NET CORE
1238,946,jQuery
1239,946,Node.js
1240,948,jQuery
1241,948,Next.js
1242,948,Node.js
1243,948,React
1244,953,Angular
1249,953,Spring Boot
1251,954,Express
1253,954,jQuery
1255,954,Next.js
1256,954,Node.js
1257,954,React
1260,957,Node.js
1261,957,Vue.js
1262,958,ASP.NET
1263,958,ASP.NET CORE
1264,958,jQuery
1265,960,Angular
1266,960,Express
1268,960,Node.js
1269,961,ASP.NET
1270,961,ASP.NET CORE
1272,961,jQuery
1273,961,Node.js
1274,961,React
1276,964,Angular
1277,964,ASP.NET CORE
1278,964,React
1280,965,Node.js
1281,965,React
1283,978,ASP.NET CORE
1284,978,Next.js
1285,978,Node.js
1286,978,React
1288,988,ASP.NET
1289,988,ASP.NET CORE
1290,988,jQuery
1291,988,Node.js
1292,988,React
1296,989,React
1298,991,jQuery
1300,1003,React
1301,1004,Express
1302,1004,Next.js
1303,1004,Node.js
1304,1004,React
1305,1010,ASP.NET CORE
1309,1019,ASP.NET
1310,1019,ASP.NET CORE
1313,1020,jQuery
1315,1021,ASP.NET CORE
1317,1025,ASP.NET
1318,1025,ASP.NET CORE
1321,1025,Express
1322,1025,Next.js
1323,1025,Node.js
1324,1025,React
1326,1026,Angular
1327,1026,ASP.NET
1328,1026,ASP.NET CORE
1329,1026,Express
1332,1026,Node.js
1334,1030,Angular
1336,1030,ASP.NET
1337,1030,ASP.NET CORE
1338,1030,Express
1339,1030,jQuery
1341,1030,Next.js
1342,1030,Node.js
1343,1030,Vue.js
1344,1032,React
1345,1032,Spring Boot
1349,1033,jQuery
1350,1033,Node.js
1351,1033,React
1352,1034,Node.js
1356,1041,Angular
1358,1041,Express
1359,1041,jQuery
1360,1041,Next.js
1361,1041,Node.js
1362,1041,React
1364,1042,Angular
1366,1042,Express
1368,1042,Node.js
1369,1042,React
1370,1044,Express
1371,1044,jQuery
1373,1044,Node.js
1374,1044,React
1376,1044,Vue.js
1377,1052,ASP.NET
1378,1052,ASP.NET CORE
1380,1052,Node.js
1381,1052,React
1382,1053,Angular
1383,1053,Spring Boot
1384,1054,jQuery
1385,1054,Node.js
1387,1054,Vue.js
1388,1062,React
1392,1065,Node.js
1393,1070,Spring Boot
1394,1071,jQuery
1395,1071,Node.js
1397,1071,React
1400,1071,Vue.js
1401,1072,Node.js
1402,1073,jQuery
1404,1073,Vue.js
1405,1075,ASP.NET
1406,1075,ASP.NET CORE
1407,1080,Next.js
1408,1080,Node.js
1409,1080,React
1411,1084,React
1412,1084,Spring Boot
1414,1087,jQuery
1415,1087,Node.js
1417,1091,ASP.NET
1420,1092,jQuery
1422,1093,ASP.NET CORE
1424,1093,Express
1426,1093,Next.js
1427,1093,Node.js
1428,1093,React
1429,1093,Spring Boot
1430,1095,Spring Boot
1431,1096,Angular
1432,1096,Express
1434,1096,Node.js
1437,1109,Spring Boot
1439,1113,Angular
1440,1113,jQuery
1442,1113,Node.js
1444,1115,Angular
1445,1115,ASP.NET CORE
1448,1116,Next.js
1449,1116,Node.js
1450,1116,React
1451,1118,ASP.NET CORE
1452,1118,jQuery
1453,1121,Express
1456,1121,Next.js
1457,1121,Node.js
1458,1121,React
1459,1123,Angular
1461,1123,ASP.NET
1462,1123,ASP.NET CORE
1467,1123,Express
1469,1123,jQuery
1471,1123,Node.js
1473,1123,React
1475,1123,Spring Boot
1477,1123,Vue.js
1479,1124,jQuery
1480,1124,React
1482,1125,ASP.NET
1483,1125,ASP.NET CORE
1486,1125,jQuery
1488,1126,Angular
1490,1126,Express
1491,1126,jQuery
1493,1126,Node.js
1495,1128,Express
1497,1128,jQuery
1499,1128,Node.js
1500,1128,React
1501,1129,jQuery
1502,1129,Node.js
1503,1129,React
1505,1134,Angular
1506,1134,Vue.js
1507,1135,ASP.NET CORE
1509,1135,Express
1510,1135,Node.js
1511,1135,React
1512,1140,Angular
1513,1140,ASP.NET CORE
1514,1140,Node.js
1515,1140,Vue.js
1516,1141,ASP.NET
1517,1141,ASP.NET CORE
1518,1141,React
1521,1142,Express
1524,1142,jQuery
1525,1142,Node.js
1526,1142,React
1531,1145,jQuery
1533,1148,jQuery
1535,1151,Angular
1536,1151,ASP.NET
1537,1151,ASP.NET CORE
1539,1152,Angular
1540,1152,ASP.NET
1541,1152,ASP.NET CORE
1542,1152,Node.js
1545,1159,jQuery
1546,1159,Node.js
1547,1159,Vue.js
1549,1164,Express
1551,1164,Node.js
1555,1168,Node.js
1556,1168,Spring Boot
1557,1171,Node.js
1558,1171,React
1559,1172,jQuery
1561,1172,Vue.js
1562,1176,Node.js
1564,1177,Node.js
1565,1177,Vue.js
1567,1178,Next.js
1570,1180,Node.js
1571,1180,React
1573,1181,Node.js
1574,1181,React
1576,1182,Angular
1577,1182,Express
1580,1182,Next.js
1581,1182,Node.js
1583,1185,Angular
1584,1185,ASP.NET
1585,1185,ASP.NET CORE
1587,1185,Node.js
1588,1194,React
1589,1207,ASP.NET
1590,1207,ASP.NET CORE
1591,1207,jQuery
1592,1207,Next.js
1593,1207,React
1594,1207,Spring Boot
1597,1214,Angular
1599,1214,ASP.NET
1600,1214,ASP.NET CORE
1608,1214,Next.js
1609,1214,Node.js
1611,1214,React
1614,1216,ASP.NET
1615,1216,React
1617,1219,Next.js
1618,1219,Node.js
1619,1219,React
1621,1220,Next.js
1622,1220,Node.js
1623,1220,React
1624,1222,ASP.NET CORE
1626,1223,jQuery
1629,1224,Express
1630,1224,jQuery
1631,1224,React
1633,1225,Spring Boot
1634,1227,Angular
1637,1227,Express
1640,1227,Node.js
1643,1231,Next.js
1644,1231,Node.js
1645,1231,React
1652,1235,ASP.NET
1653,1235,ASP.NET CORE
1654,1235,Next.js
1655,1235,Node.js
1656,1235,React
1657,1238,Angular
1659,1238,Node.js
1660,1238,React
1661,1238,Spring Boot
1663,1240,Express
1665,1240,Next.js
1666,1240,Node.js
1668,1244,Express
1670,1244,Next.js
1671,1244,Node.js
1672,1244,React
1675,1249,jQuery
1676,1250,Node.js
1677,1250,React
1679,1251,jQuery
1681,1252,ASP.NET
1682,1252,ASP.NET CORE
1683,1259,Spring Boot
1685,1264,ASP.NET
1686,1264,ASP.NET CORE
1687,1264,Node.js
1688,1264,React
1689,1264,Spring Boot
1690,1267,ASP.NET CORE
1691,1267,React
1692,1278,Express
1693,1278,Next.js
1694,1278,Node.js
1695,1278,React
1696,1283,ASP.NET
1697,1283,ASP.NET CORE
1699,1285,Next.js
1700,1285,Node.js
1701,1285,React
1702,1285,Spring Boot
1704,1287,ASP.NET
1705,1287,ASP.NET CORE
1706,1287,Node.js
1707,1288,ASP.NET
1708,1288,Node.js
1709,1288,Vue.js
1710,1290,ASP.NET
1711,1290,ASP.NET CORE
1713,1296,ASP.NET
1715,1297,Next.js
1716,1297,React
1717,1299,Next.js
1718,1299,Node.js
1719,1299,React
1723,1300,Spring Boot
1724,1309,Node.js
1725,1309,React
1726,1316,Angular
1727,1316,Node.js
1728,1316,Spring Boot
1730,1319,ASP.NET
1731,1319,ASP.NET CORE
1732,1319,Express
1733,1319,jQuery
1734,1319,Next.js
1735,1319,Node.js
1736,1319,React
1738,1323,Node.js
1739,1330,Angular
1742,1330,Express
1744,1330,jQuery
1745,1330,Next.js
1746,1330,Node.js
1748,1330,React
1752,1331,Node.js
1754,1335,Express
1755,1335,Next.js
1756,1335,Node.js
1757,1335,React
1758,1336,Angular
1760,1336,Express
1761,1336,jQuery
1762,1336,Next.js
1763,1336,Node.js
1764,1336,React
1765,1336,Vue.js
1767,1339,Angular
1768,1339,ASP.NET
1769,1339,ASP.NET CORE
1770,1342,Express
1771,1342,Node.js
1774,1343,Next.js
1775,1343,Node.js
1776,1343,React
1777,1345,Angular
1778,1345,Express
1779,1345,jQuery
1781,1345,Next.js
1782,1345,Node.js
1783,1345,React
1784,1345,Vue.js
1786,1346,ASP.NET
1787,1346,ASP.NET CORE
1788,1346,jQuery
1791,1349,React
1792,1349,Spring Boot
1793,1350,Angular
1794,1352,Express
1796,1352,Next.js
1797,1352,Node.js
1798,1352,React
1799,1353,Express
1800,1353,jQuery
1801,1353,Node.js
1802,1353,Vue.js
1805,1355,jQuery
1807,1356,ASP.NET CORE
1808,1357,jQuery
1810,1361,Angular
1811,1361,Node.js
1812,1361,Spring Boot
1813,1365,Angular
1814,1365,ASP.NET CORE
1815,1365,React
1817,1367,ASP.NET
1818,1367,ASP.NET CORE
1822,1367,jQuery
1823,1367,Node.js
1824,1367,React
1825,1367,Spring Boot
1826,1370,Express
1827,1370,jQuery
1828,1370,Node.js
1829,1370,React
1830,1370,Spring Boot
1831,1373,Next.js
1832,1373,Node.js
1833,1373,React
1834,1376,Angular
1836,1376,ASP.NET
1837,1376,ASP.NET CORE
1839,1376,Node.js
1840,1376,React
1841,1376,Vue.js
1842,1380,Angular
1844,1380,Express
1847,1380,Next.js
1848,1380,React
1851,1380,Vue.js
1853,1385,Node.js
1856,1386,Vue.js
1857,1388,Angular
1858,1388,ASP.NET CORE
1860,1388,Express
1862,1388,Node.js
1863,1390,ASP.NET CORE
1865,1390,React
1868,1399,Express
1870,1399,Node.js
1871,1399,React
1873,1403,Spring Boot
1874,1404,Express
1875,1404,Next.js
1876,1404,Node.js
1877,1404,React
1878,1408,ASP.NET CORE
1879,1410,Angular
1882,1410,React
1883,1413,Node.js
1885,1414,Next.js
1886,1414,Node.js
1887,1414,React
1888,1422,React
1889,1425,Node.js
1891,1428,Angular
1892,1428,ASP.NET CORE
1894,1442,Node.js
1895,1442,Vue.js
1896,1444,ASP.NET
1897,1444,ASP.NET CORE
1898,1448,ASP.NET CORE
1899,1452,ASP.NET
1900,1452,ASP.NET CORE
1901,1452,React
1903,1453,Angular
1905,1453,React
1911,1465,Next.js
1912,1465,Node.js
1913,1465,React
1915,1465,Spring Boot
1917,1471,Vue.js
1919,1472,Express
1920,1472,Node.js
1921,1472,React
1922,1475,Angular
1925,1476,Next.js
1926,1476,Node.js
1927,1476,React
1930,1478,jQuery
1932,1478,Node.js
1933,1478,Vue.js
1935,1479,Angular
1936,1479,ASP.NET
1938,1481,Node.js
1939,1481,Spring Boot
1943,1487,Angular
1945,1487,Node.js
1946,1487,Spring Boot
1948,1489,Node.js
1950,1489,React
1952,1489,Spring Boot
1956,1490,Next.js
1957,1490,Node.js
1958,1490,React
1959,1493,React
1962,1496,jQuery
1965,1503,React
1967,1507,Next.js
1968,1507,Node.js
1969,1507,React
1970,1510,ASP.NET CORE
1971,1510,Express
1972,1510,Next.js
1973,1510,Node.js
1974,1510,React
1976,1513,jQuery
1978,1513,Node.js
1980,1516,ASP.NET CORE
1983,1516,jQuery
1984,1516,Node.js
1985,1516,React
1988,1518,React
1989,1522,Spring Boot
1990,1522,Vue.js
1992,1523,Next.js
1993,1523,React
1996,1527,React
1997,1529,Angular
1998,1529,ASP.NET
1999,1529,ASP.NET CORE
2001,1529,jQuery
2002,1529,React
2003,1531,Express
2006,1531,Node.js
2008,1531,React
2009,1531,Vue.js
2010,1533,ASP.NET CORE
2013,1535,Express
2016,1535,Next.js
2017,1535,Node.js
2018,1535,React
2020,1546,ASP.NET CORE
2022,1546,Express
2023,1546,Node.js
2024,1546,Vue.js
2026,1548,Angular
2027,1548,ASP.NET CORE
2031,1548,Node.js
2037,1549,Node.js
2038,1549,React
2040,1557,Node.js
2041,1557,React
2042,1560,Next.js
2043,1560,React
2045,1562,jQuery
2047,1562,Node.js
2049,1562,Vue.js
2053,1566,Express
2054,1566,Node.js
2055,1566,React
2056,1572,Angular
2057,1572,Express
2058,1572,jQuery
2059,1572,Next.js
2060,1572,Node.js
2061,1572,React
2065,1574,Angular
2066,1574,ASP.NET CORE
2071,1580,Angular
2073,1580,Node.js
2074,1580,React
2075,1580,Vue.js
2077,1581,Vue.js
2079,1582,Node.js
2080,1591,Angular
2081,1591,ASP.NET CORE
2082,1591,Next.js
2083,1591,React
2084,1594,React
2088,1595,Express
2090,1595,Node.js
2091,1595,Spring Boot
2092,1598,ASP.NET CORE
2096,1607,Next.js
2097,1607,Node.js
2099,1607,React
2102,1615,Express
2105,1615,Next.js
2106,1615,Node.js
2107,1615,React
2108,1627,Angular
2109,1627,Express
2112,1627,Node.js
2114,1627,Spring Boot
2116,1628,ASP.NET
2117,1628,ASP.NET CORE
2119,1628,React
2120,1629,ASP.NET
2121,1636,ASP.NET CORE
2123,1636,jQuery
2125,1639,Vue.js
2126,1641,ASP.NET
2127,1641,ASP.NET CORE
2130,1641,jQuery
2131,1641,Node.js
2132,1641,React
2134,1650,ASP.NET CORE
2135,1653,Node.js
2136,1653,React
2140,1655,Node.js
2141,1655,React
2143,1656,Angular
2144,1656,Express
2145,1656,jQuery
2147,1656,Next.js
2148,1656,Node.js
2149,1656,React
2152,1656,Vue.js
2153,1659,jQuery
2156,1660,ASP.NET CORE
2158,1664,ASP.NET CORE
2159,1664,Express
2162,1664,Next.js
2163,1664,Node.js
2164,1664,React
2165,1669,jQuery
2167,1670,ASP.NET CORE
2170,1670,React
2171,1672,ASP.NET CORE
2172,1672,React
2175,1678,jQuery
2179,1685,Angular
2180,1685,jQuery
2181,1685,Node.js
2182,1685,React
2183,1685,Spring Boot
2184,1686,ASP.NET
2185,1686,ASP.NET CORE
2186,1686,jQuery
2187,1690,ASP.NET
2188,1690,ASP.NET CORE
2194,1695,Next.js
2195,1695,Node.js
2196,1695,React
2197,1695,Spring Boot
2198,1699,ASP.NET
2199,1699,ASP.NET CORE
2200,1701,Express
2201,1701,Node.js
2202,1701,React
2203,1703,Angular
2204,1703,Spring Boot
2205,1704,ASP.NET CORE
2206,1705,Next.js
2207,1705,Node.js
2208,1705,React
2210,1706,Angular
2213,1706,Express
2215,1706,jQuery
2216,1706,Node.js
2217,1706,React
2218,1706,Spring Boot
2219,1710,React
2222,1714,Express
2224,1714,Next.js
2225,1714,Node.js
2226,1714,React
2227,1714,Spring Boot
2228,1714,Vue.js
2229,1716,ASP.NET CORE
2231,1716,jQuery
2232,1718,ASP.NET
2233,1718,ASP.NET CORE
2234,1718,React
2235,1727,Vue.js
2237,1728,Vue.js
2238,1729,Node.js
2241,1734,Next.js
2242,1734,Node.js
2243,1734,React
2247,1735,jQuery
2249,1735,Vue.js
2250,1736,Angular
2252,1736,ASP.NET
2253,1736,ASP.NET CORE
2255,1736,jQuery
2257,1736,Next.js
2258,1736,Node.js
2259,1736,React
2261,1736,Vue.js
2262,1742,Angular
2264,1744,ASP.NET CORE
2265,1744,jQuery
2266,1744,Node.js
2267,1744,React
2268,1750,Angular
2269,1750,ASP.NET CORE
2271,1750,jQuery
2272,1750,Node.js
2275,1758,Node.js
2277,1772,ASP.NET
2278,1772,ASP.NET CORE
2283,1773,jQuery
2285,1774,jQuery
2286,1774,Node.js
2288,1774,React
2289,1774,Spring Boot
2290,1775,Express
2291,1775,Node.js
2292,1788,ASP.NET
2293,1788,ASP.NET CORE
2295,1788,jQuery
2296,1788,Node.js
2298,1793,React
2299,1794,ASP.NET
2300,1794,ASP.NET CORE
2303,1794,Express
2306,1794,jQuery
2307,1794,Next.js
2308,1794,Node.js
2310,1794,Spring Boot
2311,1799,Next.js
2312,1799,Node.js
2313,1799,React
2315,1800,Express
2319,1800,Node.js
2320,1800,React
2321,1800,Vue.js
2322,1801,ASP.NET
2323,1801,ASP.NET CORE
2325,1803,Angular
2326,1803,ASP.NET CORE
2327,1805,jQuery
2332,1806,Next.js
2333,1806,Node.js
2334,1806,React
2336,1806,Vue.js
2338,1808,Spring Boot
2340,1809,Next.js
2341,1809,Spring Boot
2343,1812,Node.js
2345,1814,ASP.NET
2346,1814,ASP.NET CORE
2347,1814,jQuery
2350,1817,Express
2352,1817,jQuery
2353,1817,React
2355,1818,Express
2356,1818,Node.js
2358,1831,Angular
2360,1831,jQuery
2361,1831,Node.js
2362,1831,Spring Boot
2364,1832,ASP.NET CORE
2365,1832,React
2366,1834,Angular
2369,1834,Node.js
2371,1837,Express
2372,1837,Node.js
2373,1837,Vue.js
2374,1841,jQuery
2376,1841,Next.js
2377,1841,React
2379,1843,ASP.NET CORE
2382,1843,Express
2387,1843,jQuery
2389,1843,Next.js
2390,1843,Node.js
2391,1843,React
2392,1843,Spring Boot
2393,1843,Vue.js
2394,1844,Angular
2396,1844,Express
2397,1844,Next.js
2398,1844,Node.js
2399,1844,React
2400,1844,Spring Boot
2402,1848,ASP.NET
2411,1851,Spring Boot
2412,1854,Angular
2413,1854,ASP.NET
2414,1854,ASP.NET CORE
2415,1854,Node.js
2417,1856,Angular
2418,1856,ASP.NET CORE
2419,1856,Node.js
2422,1866,ASP.NET
2423,1866,ASP.NET CORE
2424,1866,React
2425,1869,Express
2427,1869,Node.js
2428,1869,React
2431,1870,Node.js
2433,1870,Vue.js
2435,1876,Express
2436,1876,Next.js
2437,1876,React
2441,1880,jQuery
2446,1901,Angular
2447,1901,Next.js
2452,1905,Angular
2453,1905,ASP.NET
2454,1905,ASP.NET CORE
2456,1905,Next.js
2457,1905,Node.js
2458,1905,React
2460,1907,ASP.NET
2461,1907,ASP.NET CORE
2463,1907,jQuery
2466,1908,React
2469,1912,jQuery
2470,1912,Node.js
2473,1916,jQuery
2475,1916,React
2476,1916,Vue.js
2477,1921,Node.js
2479,1921,React
2480,1923,React
2482,1925,Node.js
2483,1925,Vue.js
2484,1926,React
2485,1926,Spring Boot
2488,1928,Node.js
2492,1929,Node.js
2494,1931,jQuery
2497,1934,Node.js
2498,1934,Vue.js
2499,1938,ASP.NET CORE
2503,1938,Next.js
2504,1938,React
2506,1940,Node.js
2507,1940,Vue.js
2508,1943,ASP.NET
2509,1943,Express
2511,1943,Node.js
2512,1943,React
2514,1944,React
2516,1946,Express
2518,1946,jQuery
2520,1946,Node.js
2521,1946,React
2523,1955,jQuery
2526,1955,Vue.js
2528,1957,Express
2533,1957,Next.js
2534,1957,Node.js
2535,1957,React
2536,1957,Vue.js
2538,1958,Express
2540,1958,Node.js
2541,1958,React
2542,1959,Angular
2544,1959,Node.js
2546,1959,Vue.js
2547,1962,Angular
2549,1962,ASP.NET
2550,1962,ASP.NET CORE
2551,1962,Express
2553,1962,jQuery
2555,1962,Next.js
2556,1962,Node.js
2557,1962,React
2558,1962,Vue.js
2560,1963,Next.js
2561,1963,Node.js
2562,1963,React
2565,1963,Vue.js
2567,1964,Angular
2569,1964,Express
2570,1964,jQuery
2571,1964,Node.js
2573,1971,Express
2575,1971,Node.js
2576,1971,React
2577,1971,Vue.js
2578,1972,Angular
2580,1972,React
2584,1974,jQuery
2585,1974,React
2587,1975,jQuery
2588,1975,Node.js
2590,1976,Node.js
2593,1978,Node.js
2594,1978,React
2596,1978,Vue.js
2597,1979,Node.js
2598,1979,Spring Boot
2599,1980,React
2601,1985,Express
2604,1985,jQuery
2605,1985,Node.js
2606,1985,React
2607,1986,Node.js
2608,1986,React
2609,1986,Spring Boot
2611,1991,Express
2612,1991,Next.js
2613,1991,Node.js
2614,1991,React
2615,1993,Node.js
2619,1996,Express
2621,1996,Next.js
2622,1996,Node.js
2623,1996,React
2624,2013,jQuery
2628,2016,Express
2631,2016,Next.js
2632,2016,Node.js
2633,2016,React
2635,2016,Vue.js
2637,2019,Express
2638,2019,Node.js
2639,2019,React
2643,2022,Express
2644,2022,Next.js
2645,2022,Node.js
2646,2022,React
2647,2022,Vue.js
2648,2031,Angular
2649,2031,ASP.NET
2650,2031,ASP.NET CORE
2652,2031,jQuery
2653,2031,React
2661,2036,React
2663,2038,Angular
2664,2038,ASP.NET CORE
2666,2038,Express
2667,2038,Next.js
2668,2038,Node.js
2669,2038,React
2671,2038,Vue.js
2672,2042,ASP.NET CORE
2675,2045,Next.js
2676,2045,Node.js
2677,2045,React
2680,2049,jQuery
2681,2054,ASP.NET CORE
2685,2059,Node.js
2689,2060,Express
2691,2060,Node.js
2692,2060,React
2694,2062,React
2696,2071,React
2697,2071,Spring Boot
2699,2081,Angular
2700,2081,ASP.NET
2701,2081,ASP.NET CORE
2703,2081,jQuery
2704,2081,Vue.js
2706,2082,jQuery
2707,2082,Node.js
2709,2083,ASP.NET CORE
2712,2089,ASP.NET CORE
2719,2095,Express
2722,2095,jQuery
2725,2095,Node.js
2727,2096,Node.js
2736,2100,Node.js
2737,2100,Vue.js
2738,2103,Angular
2740,2103,React
2743,2110,Angular
2745,2110,ASP.NET
2746,2110,ASP.NET CORE
2748,2110,Express
2751,2110,jQuery
2754,2110,Next.js
2755,2110,Node.js
2757,2110,React
2760,2110,Vue.js
2762,2113,Express
2764,2113,Next.js
2765,2113,Node.js
2766,2113,React
2768,2116,Node.js
2772,2118,ASP.NET
2776,2118,React
2779,2120,Node.js
2781,2122,ASP.NET CORE
2783,2123,Node.js
2784,2128,ASP.NET
2785,2128,ASP.NET CORE
2786,2128,jQuery
2787,2139,Angular
2788,2139,Express
2790,2139,Node.js
2791,2140,Next.js
2792,2140,React
2795,2141,ASP.NET
2796,2141,ASP.NET CORE
2798,2142,jQuery
2800,2142,Node.js
2803,2142,Vue.js
2807,2147,jQuery
2808,2147,Next.js
2809,2147,Node.js
2810,2147,React
2811,2153,React
2812,2154,Angular
2815,2154,Express
2816,2154,jQuery
2817,2154,Next.js
2818,2154,React
2821,2156,React
2823,2156,Vue.js
2827,2158,Node.js
2829,2159,Next.js
2830,2159,Node.js
2831,2159,React
2832,2161,jQuery
2834,2161,Next.js
2835,2161,Node.js
2836,2161,React
2838,2164,Express
2840,2164,Node.js
2841,2164,React
2842,2164,Spring Boot
2843,2164,Vue.js
2844,2165,Express
2846,2165,Next.js
2847,2165,Node.js
2848,2165,React
2850,2166,Spring Boot
2851,2171,Angular
2852,2171,ASP.NET CORE
2853,2171,Express
2855,2171,Next.js
2856,2171,Node.js
2857,2171,React
2860,2172,React
2861,2173,Angular
2862,2173,ASP.NET
2863,2173,Node.js
2864,2173,React
2869,2175,jQuery
2870,2175,Vue.js
2871,2176,Angular
2872,2176,ASP.NET CORE
2873,2176,Node.js
2876,2178,React
2877,2178,Spring Boot
2878,2180,Angular
2881,2180,React
2883,2181,Express
2884,2181,Node.js
2885,2182,Angular
2886,2182,Express
2887,2182,Node.js
2888,2182,React
2889,2183,Express
2890,2183,jQuery
2891,2183,Node.js
2897,2189,ASP.NET CORE
2901,2189,Next.js
2902,2189,Node.js
2903,2189,React
2904,2190,ASP.NET
2905,2190,ASP.NET CORE
2906,2190,Vue.js
2907,2191,Express
2910,2191,Next.js
2911,2191,React
2913,2193,Express
2914,2193,Node.js
2916,2194,Angular
2918,2194,Express
2920,2194,React
2921,2194,Spring Boot
2923,2196,ASP.NET
2924,2196,ASP.NET CORE
2926,2196,Node.js
2929,2199,Node.js
2932,2203,React
2933,2203,Vue.js
2934,2204,Node.js
2935,2204,React
2936,2204,Spring Boot
2937,2213,ASP.NET CORE
2938,2213,Express
2939,2213,Next.js
2940,2213,Node.js
2941,2213,React
2943,2215,ASP.NET
2944,2215,Express
2945,2215,jQuery
2947,2215,Node.js
2948,2219,Angular
2949,2219,ASP.NET
2950,2219,ASP.NET CORE
2951,2219,jQuery
2952,2221,Express
2953,2221,Node.js
2954,2221,React
2955,2222,Next.js
2956,2222,Node.js
2957,2222,React
2958,2222,Spring Boot
2959,2224,jQuery
2960,2224,Next.js
2961,2224,Node.js
2962,2224,Spring Boot
2967,2226,Next.js
2968,2226,Node.js
2969,2226,React
2975,2228,jQuery
2976,2228,Node.js
2978,2236,Angular
2984,2248,React
2985,2248,Vue.js
2988,2255,React
2990,2257,Next.js
2991,2257,React
2992,2257,Spring Boot
2995,2259,Express
2997,2259,Next.js
2998,2259,Node.js
2999,2259,React
3000,2259,Vue.js
3002,2261,Angular
3003,2261,React
3004,2264,ASP.NET
3005,2264,ASP.NET CORE
3007,2264,jQuery
3008,2264,Next.js
3009,2264,Node.js
3010,2264,Vue.js
3011,2267,Angular
3012,2267,ASP.NET CORE
3013,2267,Node.js
3014,2269,Angular
3015,2269,Express
3017,2269,jQuery
3019,2269,Next.js
3020,2269,Node.js
3022,2269,React
3023,2269,Spring Boot
3024,2269,Vue.js
3025,2275,jQuery
3026,2276,ASP.NET
3028,2276,Node.js
3029,2276,React
3030,2284,ASP.NET
3032,2284,Express
3034,2285,Express
3035,2285,Node.js
3036,2285,React
3038,2286,Node.js
3039,2286,React
3040,2287,Next.js
3042,2287,React
3044,2288,Angular
3046,2288,Node.js
3048,2293,Express
3049,2293,Node.js
3050,2293,React
3053,2294,ASP.NET
3054,2294,ASP.NET CORE
3055,2294,jQuery
3056,2294,Next.js
3057,2294,Node.js
3058,2294,React
3061,2295,ASP.NET
3062,2295,ASP.NET CORE
3063,2295,Express
3064,2295,Node.js
3065,2295,React
3068,2301,Node.js
3070,2303,ASP.NET
3071,2303,ASP.NET CORE
3072,2303,jQuery
3074,2304,ASP.NET
3075,2304,ASP.NET CORE
3077,2304,jQuery
3078,2304,Next.js
3079,2304,Node.js
3080,2304,React
3081,2304,Vue.js
3083,2306,Vue.js
3084,2308,Spring Boot
3087,2309,jQuery
3088,2309,React
3089,2309,Spring Boot
3091,2312,Express
3092,2312,jQuery
3093,2312,Next.js
3094,2312,Node.js
3095,2312,React
3096,2312,Vue.js
3098,2315,jQuery
3099,2315,Node.js
3103,2316,Angular
3104,2316,Next.js
3105,2323,Angular
3106,2323,ASP.NET
3107,2323,ASP.NET CORE
3108,2323,jQuery
3109,2326,ASP.NET CORE
3110,2326,Node.js
3113,2329,React
3115,2334,Express
3116,2334,Node.js
3117,2334,React
3119,2338,Next.js
3120,2338,React
3122,2340,jQuery
3123,2340,Next.js
3124,2340,Node.js
3126,2352,Express
3127,2352,Next.js
3128,2352,Node.js
3129,2352,React
3130,2352,Vue.js
3131,2354,ASP.NET CORE
3133,2355,Angular
3135,2355,ASP.NET
3136,2355,ASP.NET CORE
3139,2355,jQuery
3140,2355,Node.js
3142,2355,Vue.js
3144,2356,Express
3145,2356,Node.js
3150,2356,Vue.js
3151,2359,Spring Boot
3152,2363,Angular
3154,2365,Node.js
3155,2365,Spring Boot
3158,2366,Node.js
3159,2366,Vue.js
3160,2367,Angular
3162,2367,Spring Boot
3164,2369,Angular
3165,2369,Next.js
3166,2369,Node.js
3168,2371,Express
3171,2381,React
3174,2384,Next.js
3175,2384,Node.js
3176,2386,jQuery
3178,2390,ASP.NET
3179,2390,ASP.NET CORE
3182,2390,jQuery
3183,2390,React
3185,2390,Vue.js
3186,2392,jQuery
3187,2395,ASP.NET
3192,2395,React
3193,2395,Spring Boot
3194,2398,React
3195,2398,Vue.js
3196,2399,jQuery
3199,2400,ASP.NET
3200,2400,ASP.NET CORE
3204,2400,Express
3207,2400,jQuery
3208,2400,Node.js
3209,2400,React
3214,2402,Node.js
3215,2404,Angular
3216,2404,ASP.NET
3217,2404,ASP.NET CORE
3218,2415,Angular
3220,2416,Express
3222,2416,Next.js
3223,2416,Node.js
3224,2416,React
3226,2419,React
3228,2419,Vue.js
3230,2421,jQuery
3231,2422,Angular
3234,2422,Next.js
3235,2422,Node.js
3236,2422,React
3238,2423,ASP.NET
3239,2423,React
3240,2427,Express
3242,2427,Next.js
3243,2427,Node.js
3244,2427,React
3246,2430,Node.js
3247,2430,React
3251,2434,jQuery
3252,2450,jQuery
3253,2450,React
3254,2451,Vue.js
3256,2457,React
3257,2457,Spring Boot
3258,2464,jQuery
3260,2471,Angular
3261,2471,Express
3263,2471,Node.js
3264,2471,React
3268,2491,Node.js
3269,2491,React
3270,2491,Vue.js
3272,2492,ASP.NET CORE
3273,2492,jQuery
3274,2492,Vue.js
3275,2493,ASP.NET
3276,2493,ASP.NET CORE
3279,2494,ASP.NET CORE
3281,2495,jQuery
3283,2501,Express
3284,2501,Next.js
3285,2501,Node.js
3286,2501,React
3291,2511,Express
3294,2511,Node.js
3295,2511,React
3296,2515,Angular
3298,2515,ASP.NET
3302,2515,Express
3305,2515,Node.js
3309,2520,Next.js
3310,2520,React
3313,2525,React
3314,2527,Angular
3319,2527,Next.js
3320,2527,React
3321,2527,Spring Boot
3323,2527,Vue.js
3324,2528,React
3328,2529,Next.js
3329,2529,Node.js
3330,2529,React
3332,2530,React
3333,2531,Node.js
3334,2531,React
3335,2533,Express
3338,2533,Next.js
3339,2533,Node.js
3340,2533,React
3342,2535,React
3344,2536,Express
3345,2536,Node.js
3346,2536,React
3347,2537,Angular
3348,2537,ASP.NET CORE
3349,2537,Node.js
3350,2537,React
3351,2542,Express
3353,2542,Node.js
3354,2542,React
3359,2544,Node.js
3360,2544,React
3361,2544,Vue.js
3363,2546,Next.js
3364,2546,Node.js
3366,2546,React
3368,2546,Vue.js
3369,2547,Express
3370,2553,React
3372,2556,React
3374,2558,Angular
3375,2558,Next.js
3376,2558,Node.js
3377,2558,React
3378,2564,jQuery
3379,2564,Node.js
3380,2567,ASP.NET CORE
3383,2567,Express
3384,2567,jQuery
3386,2567,Next.js
3387,2567,Node.js
3388,2567,React
3390,2567,Vue.js
3392,2568,Node.js
3393,2568,React
3397,2569,React
3401,2572,Next.js
3402,2572,React
3404,2575,Angular
3405,2575,ASP.NET
3409,2576,Angular
3410,2576,ASP.NET
3411,2576,ASP.NET CORE
3412,2576,Express
3414,2576,jQuery
3415,2576,Node.js
3416,2576,React
3419,2579,Angular
3420,2579,Express
3423,2579,Next.js
3424,2579,Node.js
3425,2579,React
3426,2580,Angular
3428,2580,ASP.NET
3429,2580,ASP.NET CORE
3430,2580,jQuery
3431,2580,Next.js
3433,2587,ASP.NET
3434,2587,ASP.NET CORE
3436,2587,jQuery
3437,2588,ASP.NET
3438,2588,React
3439,2591,Express
3443,2591,Spring Boot
3445,2592,Node.js
3446,2592,React
3448,2593,Next.js
3449,2593,Node.js
3450,2593,React
3451,2595,Express
3452,2595,jQuery
3453,2595,Node.js
3454,2600,Express
3458,2600,jQuery
3459,2600,Node.js
3460,2600,React
3461,2606,Angular
3463,2606,jQuery
3464,2606,Node.js
3465,2606,Spring Boot
3466,2606,Vue.js
3468,2607,ASP.NET CORE
3470,2607,jQuery
3471,2607,Next.js
3472,2607,Node.js
3473,2607,React
3474,2607,Spring Boot
3476,2609,ASP.NET CORE
3478,2610,Angular
3480,2610,ASP.NET
3481,2610,ASP.NET CORE
3484,2610,Express
3485,2610,jQuery
3486,2610,Next.js
3487,2610,React
3488,2612,Node.js
3491,2616,React
3493,2624,Next.js
3494,2624,Node.js
3495,2624,React
3498,2625,Angular
3500,2625,jQuery
3501,2625,Node.js
3502,2629,Node.js
3504,2632,ASP.NET CORE
3506,2632,Next.js
3507,2632,Node.js
3508,2632,React
3510,2632,Vue.js
3515,2639,jQuery
3518,2639,Vue.js
3520,2641,Next.js
3521,2641,Node.js
3522,2641,React
3524,2644,Express
3525,2644,jQuery
3527,2644,Next.js
3528,2644,Node.js
3529,2644,React
3533,2646,React
3536,2651,React
3537,2656,Angular
3538,2656,jQuery
3539,2657,Express
3541,2657,jQuery
3543,2659,ASP.NET CORE
3545,2659,Node.js
3546,2663,Express
3548,2663,Node.js
3549,2663,React
3550,2666,Angular
3551,2666,ASP.NET CORE
3552,2667,ASP.NET
3553,2667,ASP.NET CORE
3554,2667,React
3556,2673,Spring Boot
3557,2674,Node.js
3558,2674,React
3559,2674,Vue.js
3560,2676,ASP.NET
3561,2676,ASP.NET CORE
3565,2677,ASP.NET
3567,2677,jQuery
3569,2679,Angular
3570,2679,Express
3573,2679,jQuery
3575,2679,Next.js
3576,2679,Node.js
3577,2679,React
3580,2680,jQuery
3582,2683,Spring Boot
3583,2684,ASP.NET CORE
3586,2685,Angular
3588,2688,ASP.NET
3589,2688,ASP.NET CORE
3590,2688,jQuery
3591,2688,Node.js
3592,2688,React
3593,2690,Node.js
3594,2690,React
3598,2698,jQuery
3599,2698,React
3600,2698,Spring Boot
3602,2702,Spring Boot
3606,2706,jQuery
3608,2706,Next.js
3609,2706,Node.js
3611,2706,React
3613,2706,Vue.js
3616,2711,Express
3617,2711,Next.js
3618,2711,React
3621,2719,Node.js
3622,2719,React
3623,2719,Spring Boot
3624,2721,Angular
3625,2721,Spring Boot
3630,2723,Vue.js
3632,2724,ASP.NET
3633,2724,ASP.NET CORE
3634,2724,jQuery
3635,2725,ASP.NET
3637,2725,Next.js
3638,2726,Angular
3639,2726,ASP.NET
3640,2726,ASP.NET CORE
3641,2726,Node.js
3643,2731,Express
3645,2731,Next.js
3646,2731,Node.js
3650,2732,React
3652,2735,Vue.js
3653,2737,Next.js
3654,2737,Node.js
3655,2737,React
3656,2738,Express
3657,2738,Node.js
3658,2738,React
3659,2740,Node.js
3660,2743,Angular
3662,2743,Express
3665,2743,jQuery
3666,2743,Next.js
3667,2743,Node.js
3668,2743,React
3669,2743,Vue.js
3670,2744,Angular
3671,2744,Express
3673,2744,Next.js
3674,2744,Node.js
3675,2744,React
3678,2744,Vue.js
3679,2747,React
3681,2748,Node.js
3684,2751,Next.js
3685,2751,Node.js
3686,2751,React
3687,2751,Spring Boot
3688,2752,Express
3689,2752,Node.js
3690,2752,React
3691,2754,Angular
3693,2754,Node.js
3696,2755,Node.js
3698,2755,Vue.js
3699,2757,Angular
3701,2759,ASP.NET
3702,2759,ASP.NET CORE
3703,2759,jQuery
3704,2764,Next.js
3705,2764,Node.js
3708,2769,ASP.NET CORE
3709,2771,Express
3711,2771,jQuery
3714,2771,Next.js
3715,2771,Node.js
3717,2771,React
3719,2771,Vue.js
3721,2773,ASP.NET
3722,2773,ASP.NET CORE
3723,2773,jQuery
3727,2782,Next.js
3728,2782,Node.js
3729,2782,React
3730,2784,Angular
3733,2784,Express
3736,2784,Next.js
3737,2784,Node.js
3738,2784,React
3740,2784,Vue.js
3742,2785,Node.js
3743,2785,React
3745,2785,Vue.js
3747,2787,Vue.js
3748,2788,ASP.NET CORE
3750,2788,Express
3752,2788,Node.js
3756,2788,Vue.js
3757,2790,Node.js
3758,2790,Spring Boot
3761,2801,ASP.NET
3762,2801,ASP.NET CORE
3763,2801,Next.js
3764,2801,React
3766,2801,Vue.js
3767,2803,Angular
3768,2803,jQuery
3770,2803,React
3772,2803,Vue.js
3773,2808,ASP.NET CORE
3778,2813,Express
3779,2813,jQuery
3782,2813,Node.js
3784,2813,Vue.js
3785,2822,Next.js
3786,2822,Node.js
3787,2822,Spring Boot
3788,2822,Vue.js
3789,2831,React
3790,2831,Spring Boot
3791,2832,Next.js
3792,2832,Node.js
3793,2832,React
3795,2838,Express
3796,2838,Node.js
3797,2838,React
3798,2842,Angular
3800,2842,ASP.NET CORE
3801,2842,Node.js
3802,2842,Spring Boot
3803,2844,jQuery
3805,2846,React
3808,2852,Express
3809,2852,Node.js
3810,2852,React
3811,2856,ASP.NET
3812,2856,ASP.NET CORE
3814,2859,Express
3818,2859,Node.js
3819,2859,React
3820,2860,ASP.NET CORE
3821,2860,jQuery
3823,2863,React
3826,2874,Angular
3829,2874,Express
3830,2874,React
3832,2877,ASP.NET CORE
3833,2877,Vue.js
3834,2879,Spring Boot
3835,2880,ASP.NET
3838,2880,jQuery
3840,2880,Node.js
3841,2880,Spring Boot
3842,2882,Express
3845,2882,Next.js
3846,2882,Node.js
3847,2882,React
3849,2884,React
3850,2886,ASP.NET CORE
3852,2886,jQuery
3853,2886,Node.js
3854,2886,React
3855,2892,Angular
3858,2896,jQuery
3859,2896,Node.js
3860,2903,Express
3861,2903,jQuery
3863,2903,Next.js
3864,2903,Node.js
3865,2903,React
3867,2904,Next.js
3868,2904,React
3871,2910,Express
3872,2910,Node.js
3873,2910,React
3876,2913,Express
3878,2913,Next.js
3879,2913,Node.js
3880,2913,React
3881,2913,Spring Boot
3882,2914,ASP.NET
3883,2914,ASP.NET CORE
3884,2914,jQuery
3885,2914,React
3888,2919,ASP.NET
3889,2919,ASP.NET CORE
3891,2919,Node.js
3892,2919,React
3893,2920,Angular
3895,2920,jQuery
3896,2920,Node.js
3897,2920,React
3898,2920,Spring Boot
3900,2923,Express
3901,2923,Node.js
3902,2928,Angular
3904,2928,jQuery
3906,2928,Node.js
3907,2928,React
3908,2928,Vue.js
3909,2931,ASP.NET CORE
3910,2931,jQuery
3911,2931,Node.js
3913,2934,Next.js
3914,2934,Node.js
3915,2934,React
3918,2945,Vue.js
3921,2956,Express
3924,2956,jQuery
3925,2956,Next.js
3926,2956,Node.js
3928,2956,React
3929,2956,Vue.js
3931,2957,Node.js
3932,2957,React
3935,2961,Angular
3937,2961,Express
3938,2961,jQuery
3940,2961,Node.js
3941,2961,Spring Boot
3943,2963,jQuery
3945,2966,Next.js
3946,2966,Node.js
3947,2966,React
3948,2967,Angular
3950,2967,jQuery
3951,2967,Next.js
3952,2967,Node.js
3953,2967,React
3954,2967,Spring Boot
3957,2968,Express
3959,2968,Next.js
3960,2968,Node.js
3961,2968,React
3963,2970,Angular
3966,2970,Next.js
3967,2970,React
3968,2972,Next.js
3969,2972,React
3970,2972,Spring Boot
3971,2981,Angular
3973,2981,Spring Boot
3975,2982,jQuery
3976,2982,Spring Boot
3979,2983,ASP.NET
3980,2983,Express
3981,2983,Next.js
3982,2983,Node.js
3983,2983,React
3986,2986,ASP.NET CORE
3990,2986,jQuery
3991,2986,Node.js
3992,2986,React
3995,2987,jQuery
3999,2997,jQuery
4000,2997,Node.js
4001,2997,React
4003,2997,Vue.js
4005,2999,Node.js
4006,2999,Vue.js
4008,3000,ASP.NET
4009,3000,ASP.NET CORE
4011,3005,Spring Boot
4013,3009,Express
4014,3009,jQuery
4015,3009,Next.js
4016,3009,Node.js
4018,3009,React
4019,3009,Vue.js
4021,3017,Next.js
4022,3017,Node.js
4023,3017,React
4024,3020,Angular
4026,3020,Node.js
4027,3020,React
4029,3023,ASP.NET
4031,3024,Express
4033,3028,ASP.NET CORE
4035,3030,Express
4037,3030,Node.js
4041,3030,Vue.js
4042,3033,Express
4043,3033,Node.js
4045,3039,ASP.NET
4047,3039,jQuery
4049,3039,React
4056,3045,Angular
4057,3045,ASP.NET CORE
4061,3045,Node.js
4064,3051,ASP.NET
4065,3051,ASP.NET CORE
4067,3051,Node.js
4068,3051,Vue.js
4069,3052,React
4070,3053,Angular
4072,3055,Node.js
4074,3058,Angular
4076,3058,Express
4077,3058,jQuery
4079,3058,Node.js
4080,3059,Express
4081,3059,React
4083,3064,Spring Boot
4084,3065,Angular
4086,3065,ASP.NET
4088,3065,Express
4091,3065,jQuery
4092,3065,Node.js
4093,3065,React
4095,3065,Vue.js
4097,3067,Angular
4098,3067,ASP.NET
4099,3067,ASP.NET CORE
4103,3067,Next.js
4104,3067,React
4106,3069,jQuery
4107,3069,React
4109,3074,Express
4111,3074,jQuery
4113,3074,Next.js
4114,3074,Node.js
4115,3074,React
4117,3076,Angular
4119,3076,React
4120,3078,ASP.NET
4121,3078,ASP.NET CORE
4124,3078,React
4125,3078,Spring Boot
4126,3079,Angular
4127,3079,Node.js
4128,3082,Angular
4131,3082,Spring Boot
4132,3082,Vue.js
4137,3087,Node.js
4138,3087,React
4139,3089,React
4140,3091,Angular
4141,3091,ASP.NET
4142,3091,ASP.NET CORE
4144,3091,Next.js
4145,3093,Angular
4147,3093,ASP.NET
4148,3093,ASP.NET CORE
4149,3093,jQuery
4150,3093,Node.js
4151,3097,Next.js
4152,3097,Node.js
4153,3097,React
4155,3100,jQuery
4157,3100,Vue.js
4158,3103,Angular
4159,3103,Node.js
4160,3104,Node.js
4161,3104,Vue.js
4162,3105,jQuery
4165,3107,Spring Boot
4166,3109,Express
4168,3109,Node.js
4169,3109,React
4170,3109,Spring Boot
4171,3110,ASP.NET
4172,3110,ASP.NET CORE
4173,3110,Express
4174,3110,Node.js
4175,3110,React
4176,3113,ASP.NET
4178,3117,ASP.NET CORE
4180,3117,jQuery
4181,3117,React
4182,3119,Angular
4183,3119,Node.js
4184,3119,Vue.js
4187,3129,Node.js
4188,3130,Express
4189,3130,Node.js
4190,3130,React
4191,3133,Angular
4192,3133,ASP.NET CORE
4194,3138,Angular
4195,3138,ASP.NET
4196,3138,ASP.NET CORE
4197,3138,Express
4198,3138,jQuery
4199,3138,React
4200,3138,Vue.js
4201,3139,Angular
4204,3139,Next.js
4205,3139,Node.js
4206,3139,React
4207,3141,jQuery
4209,3141,Next.js
4210,3141,React
4212,3144,ASP.NET CORE
4213,3147,Angular
4214,3147,React
4215,3147,Spring Boot
4216,3149,ASP.NET
4217,3149,ASP.NET CORE
4218,3149,Express
4219,3149,Node.js
4220,3149,React
4222,3150,Angular
4226,3150,Node.js
4227,3150,React
4230,3157,jQuery
4232,3161,ASP.NET
4233,3161,ASP.NET CORE
4234,3161,jQuery
4238,3163,React
4239,3172,Angular
4240,3174,Node.js
4245,3175,Vue.js
4248,3179,Node.js
4249,3191,Angular
4250,3191,ASP.NET
4251,3191,ASP.NET CORE
4252,3191,jQuery
4253,3191,Node.js
4254,3196,ASP.NET
4255,3196,ASP.NET CORE
4256,3198,Spring Boot
4259,3200,jQuery
4260,3200,Node.js
4262,3201,Node.js
4263,3201,React
4264,3207,Node.js
4267,3209,Express
4269,3209,Next.js
4270,3209,Node.js
4271,3209,React
4273,3209,Spring Boot
4274,3212,jQuery
4276,3212,React
4277,3212,Vue.js
4280,3213,jQuery
4281,3213,Node.js
4282,3213,React
4283,3215,Express
4284,3215,Node.js
4285,3215,React
4289,3216,React
4291,3217,Next.js
4292,3217,Node.js
4293,3217,React
4295,3218,ASP.NET CORE
4297,3221,Angular
4298,3221,ASP.NET CORE
4299,3223,Spring Boot
4300,3225,ASP.NET CORE
4301,3225,React
4306,3228,Node.js
4307,3228,React
4309,3230,Angular
4312,3230,Next.js
4313,3230,Node.js
4314,3230,React
4317,3231,Node.js
4318,3231,React
4323,3232,Express
4324,3232,jQuery
4326,3232,Next.js
4327,3232,Node.js
4328,3232,React
4330,3232,Vue.js
4333,3233,ASP.NET
4334,3233,ASP.NET CORE
4335,3239,ASP.NET
4336,3239,ASP.NET CORE
4337,3239,Express
4340,3239,Next.js
4341,3239,Node.js
4342,3239,React
4347,3242,ASP.NET
4348,3242,ASP.NET CORE
4349,3242,jQuery
4350,3249,Angular
4351,3249,Node.js
4352,3249,React
4353,3249,Spring Boot
4354,3252,Express
4357,3252,jQuery
4358,3252,Next.js
4359,3252,Node.js
4360,3252,React
4361,3252,Spring Boot
4363,3254,Angular
4364,3254,ASP.NET CORE
4365,3254,React
4367,3258,Node.js
4370,3260,Express
4372,3260,Node.js
4373,3260,Vue.js
4377,3269,Node.js
4378,3269,React
4380,3277,ASP.NET
4381,3277,ASP.NET CORE
4382,3277,jQuery
4383,3277,Node.js
4384,3278,Angular
4385,3278,Next.js
4386,3278,Node.js
4387,3278,Spring Boot
4392,3282,Angular
4394,3282,Node.js
4395,3282,React
4396,3282,Spring Boot
4398,3282,Vue.js
4399,3285,Express
4400,3285,Node.js
4402,3285,React
4403,3285,Vue.js
4404,3287,ASP.NET CORE
4407,3288,React
4409,3293,jQuery
4411,3293,Node.js
4412,3293,React
4413,3297,Node.js
4414,3297,React
4415,3297,Spring Boot
4416,3303,ASP.NET CORE
4417,3303,React
4418,3304,Angular
4419,3304,jQuery
4421,3304,React
4425,3305,Angular
4426,3305,ASP.NET
4427,3305,ASP.NET CORE
4429,3305,Node.js
4430,3306,Angular
4431,3306,ASP.NET
4433,3306,jQuery
4435,3306,Spring Boot
4437,3308,React
4438,3309,Express
4439,3309,jQuery
4441,3309,Next.js
4442,3309,Node.js
4443,3309,React
4445,3309,Vue.js
4446,3310,Node.js
4448,3313,Express
4450,3313,Next.js
4451,3313,Node.js
4452,3313,React
4453,3314,jQuery
4455,3314,Next.js
4456,3314,React
4457,3315,Angular
4458,3315,ASP.NET CORE
4460,3315,Express
4462,3315,Node.js
4463,3315,React
4465,3316,Angular
4467,3317,Angular
4469,3317,Next.js
4470,3317,React
4471,3317,Spring Boot
4472,3318,Angular
4473,3318,ASP.NET
4474,3318,ASP.NET CORE
4477,3318,Express
4478,3318,Node.js
4479,3318,Vue.js
4480,3327,Express
4481,3327,Next.js
4482,3327,Node.js
4483,3327,React
4487,3328,jQuery
4489,3328,Node.js
4490,3328,React
4491,3328,Vue.js
4493,3331,Node.js
4494,3331,React
4495,3331,Spring Boot
4496,3331,Vue.js
4497,3332,React
4500,3334,jQuery
4502,3336,React
4505,3340,Node.js
4506,3342,Express
4508,3342,Next.js
4509,3342,Node.js
4510,3342,React
4511,3346,Angular
4512,3346,Node.js
4513,3346,Spring Boot
4515,3347,Vue.js
4518,3351,Angular
4521,3351,Node.js
4522,3354,jQuery
4523,3360,Angular
4524,3360,jQuery
4525,3360,Node.js
4526,3360,React
4528,3365,Express
4529,3365,jQuery
4530,3365,Next.js
4531,3365,Node.js
4532,3365,React
4534,3371,Angular
4536,3371,Node.js
4537,3373,jQuery
4538,3373,Node.js
4540,3373,React
4541,3375,Express
4542,3375,Node.js
4543,3375,React
4544,3375,Spring Boot
4546,3375,Vue.js
4547,3377,ASP.NET
4548,3377,ASP.NET CORE
4550,3377,jQuery
4553,3377,Vue.js
4554,3379,ASP.NET CORE
4556,3386,Next.js
4557,3386,React
4563,3390,Vue.js
4567,3393,Express
4569,3393,Node.js
4570,3393,Spring Boot
4571,3395,Express
4573,3395,Node.js
4574,3395,React
4576,3397,Angular
4578,3397,jQuery
4579,3397,Node.js
4582,3398,React
4583,3398,Spring Boot
4584,3408,ASP.NET
4585,3408,ASP.NET CORE
4586,3408,Vue.js
4587,3410,Angular
4588,3410,ASP.NET
4589,3410,ASP.NET CORE
4590,3410,jQuery
4593,3412,Node.js
4594,3412,React
4595,3413,Angular
4596,3413,ASP.NET CORE
4598,3413,Next.js
4599,3413,React
4601,3414,ASP.NET
4602,3414,ASP.NET CORE
4603,3414,jQuery
4604,3414,Node.js
4605,3417,ASP.NET CORE
4607,3417,Next.js
4608,3417,Node.js
4609,3417,React
4610,3419,Node.js
4612,3425,Next.js
4613,3425,Node.js
4615,3427,Angular
4616,3427,ASP.NET
4617,3427,ASP.NET CORE
4619,3428,Next.js
4620,3428,Node.js
4621,3428,React
4623,3435,ASP.NET
4624,3435,ASP.NET CORE
4625,3435,jQuery
4626,3435,Node.js
4627,3435,React
4628,3435,Vue.js
4629,3436,Angular
4631,3437,ASP.NET
4632,3437,jQuery
4635,3438,jQuery
4637,3438,Vue.js
4639,3440,ASP.NET
4640,3440,ASP.NET CORE
4641,3440,jQuery
4643,3440,React
4644,3442,jQuery
4645,3442,Spring Boot
4646,3448,Express
4647,3448,Next.js
4648,3448,Node.js
4649,3448,Spring Boot
4650,3448,Vue.js
4651,3454,ASP.NET
4652,3454,jQuery
4654,3455,jQuery
4655,3455,Spring Boot
4656,3459,Spring Boot
4657,3460,Angular
4659,3467,Angular
4660,3467,ASP.NET
4661,3467,ASP.NET CORE
4662,3468,React
4663,3468,Spring Boot
4665,3470,Express
4667,3470,Node.js
4668,3473,Express
4669,3473,Node.js
4670,3473,React
4671,3474,ASP.NET
4672,3474,ASP.NET CORE
4674,3474,React
4678,3480,ASP.NET CORE
4680,3481,React
4681,3481,Spring Boot
4682,3484,Angular
4683,3484,Spring Boot
4684,3487,Node.js
4686,3487,Vue.js
4688,3488,Express
4689,3488,Node.js
4690,3488,React
4691,3491,Angular
4692,3491,ASP.NET CORE
4694,3491,Node.js
4695,3501,Angular
4696,3501,ASP.NET CORE
4697,3501,Node.js
4699,3503,Angular
4700,3503,Node.js
4701,3503,React
4702,3503,Spring Boot
4704,3505,jQuery
4706,3505,Spring Boot
4708,3509,Express
4710,3509,Next.js
4711,3509,Node.js
4712,3509,React
4713,3509,Vue.js
4715,3510,Express
4718,3510,Next.js
4719,3510,Node.js
4720,3510,React
4723,3511,ASP.NET CORE
4726,3517,Vue.js
4727,3518,Node.js
4729,3518,Vue.js
4731,3519,React
4733,3526,Next.js
4734,3526,React
4736,3526,Vue.js
4737,3528,Node.js
4738,3530,Express
4739,3530,Node.js
4740,3530,React
4742,3532,Spring Boot
4743,3540,ASP.NET
4744,3540,ASP.NET CORE
4745,3546,Angular
4747,3546,jQuery
4748,3546,Vue.js
4749,3549,Angular
4752,3549,Node.js
4753,3549,React
4754,3553,Node.js
4755,3554,Angular
4756,3554,ASP.NET
4757,3554,ASP.NET CORE
4758,3556,Node.js
4759,3556,React
4760,3562,Angular
4761,3562,Node.js
4764,3564,Angular
4766,3564,Express
4768,3564,Next.js
4769,3564,Node.js
4770,3564,React
4771,3564,Spring Boot
4772,3569,ASP.NET
4773,3569,ASP.NET CORE
4776,3570,Node.js
4777,3570,Vue.js
4778,3571,Angular
4779,3571,jQuery
4780,3571,Node.js
4781,3571,Spring Boot
4782,3572,Angular
4783,3572,ASP.NET CORE
4784,3572,Vue.js
4785,3576,Angular
4789,3576,Next.js
4790,3576,Node.js
4791,3576,React
4793,3586,Angular
4795,3586,ASP.NET
4796,3586,ASP.NET CORE
4797,3586,jQuery
4798,3588,Express
4799,3588,Node.js
4800,3588,React
4801,3588,Spring Boot
4803,3591,Next.js
4804,3591,Node.js
4806,3591,React
4808,3592,Node.js
4809,3592,Vue.js
4812,3597,jQuery
4814,3603,Angular
4815,3603,ASP.NET
4816,3603,ASP.NET CORE
4817,3603,Spring Boot
4818,3604,Node.js
4819,3604,React
4823,3608,Vue.js
4824,3610,Node.js
4826,3613,Angular
4828,3613,Express
4829,3613,Next.js
4831,3618,ASP.NET
4832,3618,ASP.NET CORE
4834,3619,ASP.NET
4835,3619,jQuery
4836,3620,ASP.NET CORE
4837,3620,jQuery
4839,3621,Spring Boot
4841,3624,Express
4843,3624,Node.js
4845,3624,Vue.js
4852,3629,React
4857,3635,Node.js
4859,3635,React
4860,3635,Vue.js
4861,3636,Angular
4863,3636,ASP.NET
4864,3636,ASP.NET CORE
4867,3636,Next.js
4868,3636,Node.js
4869,3636,React
4872,3642,Next.js
4873,3642,React
4875,3643,Spring Boot
4879,3644,jQuery
4881,3644,Node.js
4883,3647,ASP.NET CORE
4886,3648,Next.js
4887,3648,Node.js
4888,3648,React
4889,3649,Express
4891,3649,Next.js
4892,3649,Node.js
4893,3649,React
4894,3649,Vue.js
4896,3651,Express
4899,3651,jQuery
4901,3651,Next.js
4902,3651,Node.js
4903,3651,React
4904,3651,Vue.js
4908,3662,jQuery
4909,3663,Spring Boot
4910,3664,ASP.NET
4911,3664,ASP.NET CORE
4912,3664,jQuery
4913,3664,Node.js
4914,3672,Node.js
4917,3675,jQuery
4918,3675,Node.js
4919,3675,Spring Boot
4921,3677,Angular
4924,3677,jQuery
4925,3677,Node.js
4927,3677,Spring Boot
4929,3678,Node.js
4930,3678,React
4931,3680,Node.js
4933,3685,jQuery
4934,3687,ASP.NET CORE
4935,3687,Express
4936,3687,Node.js
4937,3687,React
4938,3692,Express
4939,3692,Node.js
4942,3693,Next.js
4943,3693,Node.js
4944,3693,React
4949,3695,Node.js
4951,3695,React
4952,3695,Vue.js
4954,3697,ASP.NET
4955,3697,ASP.NET CORE
4957,3697,jQuery
4958,3704,Angular
4960,3704,Node.js
4961,3705,Angular
4963,3705,Spring Boot
4964,3706,ASP.NET CORE
4966,3706,jQuery
4967,3716,Angular
4968,3716,ASP.NET
4969,3716,ASP.NET CORE
4970,3716,React
4971,3721,Express
4973,3721,Node.js
4974,3721,React
4978,3727,Express
4979,3727,jQuery
4980,3727,Next.js
4981,3727,Node.js
4982,3727,React
4983,3727,Vue.js
4984,3728,Vue.js
4985,3733,Spring Boot
4988,3734,Express
4989,3734,React
4993,3735,Next.js
4996,3736,ASP.NET
4997,3736,ASP.NET CORE
4998,3738,Angular
5000,3738,ASP.NET
5001,3738,ASP.NET CORE
5003,3738,jQuery
5006,3738,Node.js
5007,3738,React
5008,3738,Vue.js
5009,3740,Angular
5010,3740,ASP.NET CORE
5011,3746,Next.js
5012,3746,React
5013,3747,ASP.NET
5014,3747,ASP.NET CORE
5016,3747,jQuery
5017,3747,React
5018,3749,ASP.NET
5019,3749,ASP.NET CORE
5020,3749,Node.js
5021,3749,React
5022,3751,Spring Boot
5023,3754,Next.js
5024,3754,Node.js
5025,3754,React
5026,3755,Express
5027,3755,Node.js
5028,3755,React
5029,3755,Vue.js
5032,3756,Express
5035,3756,Node.js
5036,3756,React
5039,3758,Angular
5040,3758,ASP.NET CORE
5041,3758,React
5042,3759,ASP.NET CORE
5045,3762,Angular
5048,3762,Next.js
5049,3762,Node.js
5050,3762,Spring Boot
5051,3762,Vue.js
5052,3764,Express
5054,3764,Next.js
5055,3764,Node.js
5056,3764,React
5057,3766,React
5058,3766,Vue.js
5059,3771,Angular
5061,3771,ASP.NET
5062,3771,jQuery
5064,3771,Node.js
5065,3771,React
5066,3771,Spring Boot
5068,3772,jQuery
5071,3773,React
5073,3774,Angular
5076,3774,React
5077,3779,Angular
5079,3779,Express
5080,3779,jQuery
5082,3779,React
5085,3781,Angular
5087,3785,Angular
5089,3785,ASP.NET
5090,3785,ASP.NET CORE
5092,3785,Next.js
5093,3785,Node.js
5094,3785,Spring Boot
5095,3790,Angular
5100,3790,Next.js
5101,3790,Node.js
5103,3790,React
5109,3796,Angular
5110,3796,ASP.NET
5111,3796,ASP.NET CORE
5112,3796,jQuery
5116,3798,Next.js
5118,3803,Angular
5120,3803,Express
5122,3803,jQuery
5123,3803,Next.js
5124,3803,Node.js
5125,3803,React
5127,3803,Vue.js
5131,3809,Vue.js
5132,3810,Express
5133,3810,jQuery
5134,3810,Node.js
5137,3813,Angular
5139,3813,ASP.NET
5140,3813,Express
5141,3813,jQuery
5142,3813,Node.js
5143,3816,Angular
5144,3816,Express
5145,3816,jQuery
5146,3816,Node.js
5147,3816,Spring Boot
5148,3817,ASP.NET CORE
5149,3819,Node.js
5150,3821,Angular
5151,3821,ASP.NET
5152,3821,ASP.NET CORE
5158,3821,jQuery
5159,3821,Next.js
5160,3821,Node.js
5161,3821,React
5163,3827,Angular
5165,3827,ASP.NET
5166,3827,ASP.NET CORE
5168,3827,Next.js
5169,3827,Node.js
5170,3827,React
5174,3834,ASP.NET
5175,3834,ASP.NET CORE
5176,3834,jQuery
5177,3834,Node.js
5179,3837,React
5180,3837,Spring Boot
5181,3838,ASP.NET CORE
5184,3838,Vue.js
5185,3840,ASP.NET
5186,3840,ASP.NET CORE
5187,3840,Express
5188,3840,jQuery
5189,3840,Node.js
5190,3845,Express
5192,3845,jQuery
5194,3845,Node.js
5195,3845,React
5197,3845,Vue.js
5199,3850,Express
5200,3850,Node.js
5201,3850,React
5205,3857,Spring Boot
5207,3858,jQuery
5208,3858,Node.js
5209,3858,React
5211,3860,ASP.NET
5212,3860,ASP.NET CORE
5215,3860,jQuery
5216,3860,Node.js
5219,3863,ASP.NET CORE
5221,3866,ASP.NET CORE
5222,3866,Node.js
5225,3880,ASP.NET CORE
5226,3880,Node.js
5227,3880,React
5228,3881,Angular
5232,3881,jQuery
5233,3881,React
5235,3881,Spring Boot
5239,3886,Node.js
5240,3886,React
5242,3889,ASP.NET
5243,3889,ASP.NET CORE
5246,3895,ASP.NET
5248,3895,Express
5249,3895,jQuery
5251,3895,Node.js
5252,3895,React
5254,3895,Vue.js
5256,3898,Angular
5259,3898,React
5260,3901,Spring Boot
5261,3903,Next.js
5262,3903,Node.js
5263,3903,React
5264,3904,Angular
5266,3904,ASP.NET CORE
5267,3904,Express
5268,3904,Node.js
5269,3904,Vue.js
5270,3906,ASP.NET
5271,3906,ASP.NET CORE
5272,3906,Node.js
5273,3910,Angular
5276,3910,Node.js
5277,3910,React
5278,3910,Spring Boot
5279,3915,Angular
5280,3915,Express
5281,3915,Next.js
5282,3915,Node.js
5283,3915,React
5284,3917,Angular
5286,3917,jQuery
5287,3917,Vue.js
5288,3918,ASP.NET CORE
5290,3919,React
5291,3919,Spring Boot
5293,3923,Spring Boot
5294,3923,Vue.js
5295,3934,ASP.NET
5296,3934,ASP.NET CORE
5297,3937,ASP.NET
5298,3937,ASP.NET CORE
5302,3937,jQuery
5303,3937,Next.js
5304,3937,Node.js
5305,3937,React
5308,3941,Express
5310,3941,Node.js
5311,3941,React
5312,3941,Spring Boot
5315,3946,React
5316,3959,Angular
5318,3961,Next.js
5319,3961,Spring Boot
5320,3961,Vue.js
5326,3969,Next.js
5327,3969,Node.js
5328,3969,React
5330,3970,Express
5333,3970,React
5334,3970,Spring Boot
5335,3972,Express
5340,3972,Node.js
5341,3972,React
5342,3972,Spring Boot
5345,3973,Node.js
5346,3973,React
5348,3974,ASP.NET
5349,3974,ASP.NET CORE
5350,3974,Express
5351,3974,Next.js
5352,3974,React
5355,3983,Node.js
5358,3987,Angular
5360,3987,ASP.NET
5361,3987,ASP.NET CORE
5363,3987,jQuery
5364,3987,Next.js
5365,3987,React
5366,3992,ASP.NET
5367,3996,Node.js
5368,3996,React
5369,3996,Vue.js
5372,4003,Node.js
5373,4005,jQuery
5375,4006,Express
5376,4006,jQuery
5377,4006,Node.js
5379,4008,ASP.NET
5380,4008,ASP.NET CORE
5381,4008,jQuery
5383,4010,Node.js
5384,4010,Spring Boot
5386,4016,Angular
5387,4016,ASP.NET
5388,4016,ASP.NET CORE
5389,4016,Express
5390,4016,Node.js
5391,4017,ASP.NET
5392,4017,ASP.NET CORE
5397,4019,Express
5398,4019,jQuery
5400,4019,Node.js
5403,4019,Vue.js
5408,4026,Angular
5409,4026,ASP.NET CORE
5411,4026,Express
5415,4026,Node.js
5417,4027,ASP.NET
5418,4027,ASP.NET CORE
5420,4029,ASP.NET
5421,4029,ASP.NET CORE
5422,4029,jQuery
5423,4031,Node.js
5424,4035,Spring Boot
5425,4044,Angular
5428,4044,Express
5430,4044,Spring Boot
5431,4047,ASP.NET
5432,4047,ASP.NET CORE
5434,4047,jQuery
5436,4050,Angular
5438,4050,jQuery
5439,4050,Node.js
5440,4050,React
5441,4050,Vue.js
5443,4054,Angular
5444,4054,Express
5445,4054,Spring Boot
5446,4054,Vue.js
5447,4055,Express
5448,4055,Node.js
5452,4058,Express
5453,4058,Next.js
5454,4058,Node.js
5455,4058,React
5456,4064,ASP.NET CORE
5457,4064,jQuery
5459,4067,jQuery
5462,4067,Vue.js
5464,4068,Express
5466,4068,Next.js
5467,4068,React
5469,4071,Vue.js
5471,4072,React
5472,4073,ASP.NET
5473,4073,ASP.NET CORE
5474,4073,React
5475,4073,Vue.js
5476,4075,jQuery
5477,4075,React
5479,4083,ASP.NET CORE
5480,4083,Node.js
5481,4085,ASP.NET CORE
5482,4085,Express
5484,4085,Next.js
5485,4085,Node.js
5486,4085,React
5488,4086,Next.js
5490,4089,jQuery
5491,4089,Node.js
5492,4089,Vue.js
5494,4091,Angular
5496,4091,ASP.NET CORE
5498,4091,Express
5500,4091,jQuery
5501,4091,Node.js
5502,4091,React
5503,4091,Spring Boot
5505,4095,Express
5506,4095,Node.js
5507,4095,React
5508,4096,ASP.NET
5509,4096,ASP.NET CORE
5510,4096,React
5511,4096,Vue.js
5514,4103,ASP.NET
5515,4103,ASP.NET CORE
5516,4103,Node.js
5519,4113,Node.js
5523,4114,Express
5525,4114,Next.js
5526,4114,Node.js
5528,4114,React
5530,4114,Vue.js
5531,4115,ASP.NET CORE
5532,4115,React
5533,4117,ASP.NET CORE
5534,4117,Node.js
5536,4118,ASP.NET
5537,4118,ASP.NET CORE
5538,4121,Angular
5540,4121,ASP.NET
5541,4121,ASP.NET CORE
5542,4121,Node.js
5543,4121,React
5544,4125,Node.js
5547,4125,Vue.js
5552,4131,Node.js
5554,4133,Next.js
5555,4133,Node.js
5556,4133,React
5559,4134,Angular
5561,4134,ASP.NET
5562,4134,ASP.NET CORE
5563,4134,React
5564,4134,Vue.js
5566,4138,Express
5568,4138,React
5571,4141,jQuery
5573,4141,Node.js
5575,4141,React
5577,4141,Vue.js
5579,4145,Node.js
5581,4148,Angular
5583,4148,Node.js
5584,4148,React
5585,4151,Express
5589,4151,Next.js
5590,4151,Node.js
5591,4151,React
5592,4153,ASP.NET CORE
5597,4154,Angular
5598,4154,ASP.NET
5599,4154,ASP.NET CORE
5600,4154,Express
5601,4154,Node.js
5602,4154,Vue.js
5603,4173,ASP.NET CORE
5605,4173,Node.js
5606,4173,React
5608,4175,jQuery
5610,4175,React
5611,4175,Vue.js
5614,4179,Angular
5615,4179,Next.js
5616,4179,Node.js
5617,4179,React
5620,4184,React
5621,4184,Spring Boot
5623,4197,React
5625,4198,Angular
5626,4198,ASP.NET CORE
5630,4200,Next.js
5631,4200,Node.js
5633,4200,React
5634,4204,jQuery
5635,4204,Node.js
5636,4204,React
5638,4205,Angular
5639,4205,Node.js
5640,4206,ASP.NET
5641,4206,ASP.NET CORE
5644,4206,Express
5647,4206,Next.js
5648,4206,Node.js
5649,4206,React
5653,4207,Express
5656,4207,Node.js
5657,4207,React
5659,4208,Angular
5664,4208,jQuery
5665,4208,Node.js
5666,4208,React
5667,4208,Vue.js
5669,4209,ASP.NET CORE
5670,4211,Vue.js
5672,4212,ASP.NET
5673,4212,ASP.NET CORE
5674,4212,jQuery
5675,4214,ASP.NET CORE
5676,4214,Express
5678,4214,Next.js
5679,4214,Node.js
5680,4214,React
5683,4227,ASP.NET
5684,4227,ASP.NET CORE
5685,4227,Vue.js
5686,4228,Angular
5687,4228,ASP.NET
5688,4228,ASP.NET CORE
5689,4228,jQuery
5690,4231,ASP.NET
5691,4231,ASP.NET CORE
5692,4231,jQuery
5693,4231,Node.js
5694,4232,Express
5698,4232,Node.js
5699,4232,React
5700,4233,ASP.NET
5701,4233,ASP.NET CORE
5702,4234,Angular
5703,4234,ASP.NET
5704,4234,ASP.NET CORE
5705,4234,Node.js
5706,4235,Express
5708,4235,Next.js
5709,4235,Node.js
5710,4235,React
5711,4236,Angular
5712,4236,Express
5714,4236,Node.js
5715,4241,jQuery
5718,4243,Express
5720,4243,jQuery
5721,4243,Next.js
5722,4243,Node.js
5723,4243,React
5725,4246,Angular
5727,4246,React
5728,4246,Spring Boot
5729,4249,ASP.NET
5731,4249,Vue.js
5732,4251,Vue.js
5734,4255,Spring Boot
5735,4258,Angular
5736,4258,ASP.NET
5737,4258,ASP.NET CORE
5739,4258,Node.js
5740,4258,React
5744,4259,Next.js
5745,4259,React
5749,4263,Next.js
5750,4263,React
5751,4264,Node.js
5753,4264,Vue.js
5754,4268,Angular
5756,4268,Node.js
5757,4268,React
5760,4270,React
5762,4277,React
5766,4280,jQuery
5767,4280,Node.js
5768,4280,React
5769,4283,ASP.NET
5770,4283,ASP.NET CORE
5771,4284,Angular
5773,4284,ASP.NET
5774,4284,ASP.NET CORE
5777,4284,jQuery
5778,4284,Node.js
5779,4284,Spring Boot
5780,4284,Vue.js
5781,4285,Angular
5782,4285,ASP.NET CORE
5783,4285,Node.js
5784,4286,ASP.NET CORE
5785,4286,Vue.js
5786,4293,ASP.NET
5787,4293,ASP.NET CORE
5789,4293,jQuery
5790,4293,Node.js
5791,4293,Vue.js
5792,4294,ASP.NET CORE
5793,4297,ASP.NET CORE
5795,4297,jQuery
5796,4297,Node.js
5797,4297,React
5799,4297,Spring Boot
5800,4297,Vue.js
5801,4303,Angular
5803,4303,ASP.NET
5804,4303,ASP.NET CORE
5805,4303,Express
5806,4303,jQuery
5809,4303,Next.js
5810,4303,Node.js
5813,4303,Vue.js
5815,4304,Angular
5817,4304,ASP.NET
5818,4304,jQuery
5821,4304,Next.js
5822,4304,Node.js
5824,4304,React
5825,4304,Vue.js
5827,4307,ASP.NET
5828,4307,ASP.NET CORE
5829,4307,Node.js
5830,4311,Angular
5831,4311,jQuery
5832,4311,Node.js
5833,4311,React
5834,4311,Spring Boot
5837,4313,Spring Boot
5839,4316,Node.js
5840,4317,Angular
5842,4318,Next.js
5843,4318,React
5845,4318,Vue.js
5846,4319,ASP.NET
5847,4319,ASP.NET CORE
5849,4319,jQuery
5850,4319,Next.js
5851,4319,Node.js
5852,4319,React
5855,4320,Vue.js
5857,4327,Express
5858,4327,Next.js
5859,4327,Node.js
5860,4327,React
5861,4333,Angular
5862,4333,jQuery
5864,4333,Spring Boot
5866,4335,Angular
5869,4335,Express
5871,4335,jQuery
5872,4335,Node.js
5873,4335,React
5875,4337,Vue.js
5877,4339,jQuery
5878,4339,React
5880,4344,ASP.NET
5881,4344,jQuery
5885,4345,Next.js
5886,4345,React
5887,4345,Spring Boot
5888,4347,Angular
5889,4347,ASP.NET
5890,4347,ASP.NET CORE
5892,4347,jQuery
5893,4347,Node.js
5897,4349,React
5898,4349,Spring Boot
5900,4354,Angular
5902,4354,Node.js
5903,4354,React
5904,4354,Spring Boot
5905,4354,Vue.js
5909,4356,React
5910,4357,ASP.NET CORE
5912,4357,React
5913,4359,ASP.NET
5914,4359,ASP.NET CORE
5916,4359,React
5917,4362,ASP.NET
5918,4362,ASP.NET CORE
5920,4362,jQuery
5925,4374,ASP.NET
5926,4374,Vue.js
5927,4375,ASP.NET
5928,4375,ASP.NET CORE
5930,4376,Next.js
5931,4376,Node.js
5932,4376,React
5936,4383,jQuery
5940,4391,ASP.NET CORE
5942,4394,ASP.NET
5945,4397,Angular
5946,4397,ASP.NET CORE
5947,4397,Express
5948,4397,Node.js
5949,4397,Vue.js
5950,4400,ASP.NET CORE
5952,4401,Express
5954,4401,Next.js
5955,4401,Node.js
5956,4401,React
5960,4403,Next.js
5961,4403,React
5962,4403,Vue.js
5963,4408,ASP.NET CORE
5965,4412,Express
5966,4412,jQuery
5968,4412,Node.js
5970,4413,Express
5972,4413,Next.js
5973,4413,Node.js
5975,4413,React
5978,4414,Angular
5980,4414,Express
5981,4414,jQuery
5983,4414,Next.js
5984,4414,Node.js
5985,4414,Spring Boot
5986,4418,Vue.js
5987,4420,Next.js
5988,4420,Node.js
5989,4420,React
5990,4420,Vue.js
5993,4421,jQuery
5996,4422,Angular
5998,4422,Express
6000,4422,jQuery
6001,4422,Next.js
6002,4422,Node.js
6003,4422,React
6004,4423,Angular
6006,4423,Express
6007,4423,Node.js
6008,4423,React
6009,4423,Spring Boot
6011,4437,React
6013,4437,Vue.js
6014,4438,Express
6015,4438,Node.js
6018,4439,Express
6020,4439,Next.js
6021,4439,Node.js
6022,4439,React
6024,4440,Angular
6025,4440,Spring Boot
6026,4440,Vue.js
6029,4442,Express
6030,4442,jQuery
6032,4442,Next.js
6033,4442,Node.js
6037,4442,React
6038,4442,Vue.js
6039,4443,ASP.NET CORE
6040,4443,Node.js
6042,4443,Vue.js
6043,4444,Angular
6045,4444,jQuery
6046,4444,React
6048,4447,Node.js
6050,4447,Spring Boot
6052,4448,Vue.js
6053,4452,Node.js
6055,4452,Vue.js
6056,4454,Angular
6058,4454,jQuery
6059,4454,Spring Boot
6060,4455,Angular
6061,4455,ASP.NET
6062,4455,ASP.NET CORE
6063,4455,jQuery
6064,4455,React
6065,4455,Vue.js
6068,4457,Next.js
6069,4457,Node.js
6070,4457,React
6072,4460,React
6073,4460,Spring Boot
6075,4461,React
6076,4461,Spring Boot
6077,4461,Vue.js
6078,4465,ASP.NET
6079,4465,ASP.NET CORE
6080,4465,jQuery
6083,4467,Express
6085,4467,jQuery
6088,4467,Next.js
6089,4467,Node.js
6090,4467,React
6091,4467,Spring Boot
6092,4467,Vue.js
6094,4468,ASP.NET CORE
6096,4475,Node.js
6097,4475,React
6099,4479,React
6101,4480,Express
6104,4480,Node.js
6105,4480,Vue.js
6106,4481,Express
6108,4481,Next.js
6109,4481,Node.js
6110,4481,React
6112,4482,Node.js
6114,4484,ASP.NET CORE
6115,4484,jQuery
6121,4488,Node.js
6122,4488,React
6123,4490,ASP.NET
6124,4490,ASP.NET CORE
6127,4490,Express
6128,4490,jQuery
6129,4490,Next.js
6130,4490,Node.js
6131,4490,React
6133,4490,Vue.js
6135,4491,ASP.NET
6136,4491,jQuery
6137,4494,React
6138,4497,Next.js
6140,4497,React
6142,4498,Angular
6144,4498,ASP.NET
6145,4498,ASP.NET CORE
6146,4498,jQuery
6147,4498,Next.js
6148,4498,React
6156,4510,Vue.js
6157,4516,Express
6158,4516,Node.js
6159,4516,React
6160,4516,Vue.js
6162,4517,Angular
6163,4517,Express
6164,4517,Next.js
6165,4517,Node.js
6166,4517,React
6169,4518,React
6171,4519,Express
6172,4519,Node.js
6173,4519,React
6174,4520,Spring Boot
6176,4520,Vue.js
6177,4521,ASP.NET
6178,4521,jQuery
6179,4523,Spring Boot
6180,4523,Vue.js
6181,4528,ASP.NET CORE
6182,4528,Node.js
6183,4528,React
6184,4529,ASP.NET CORE
6185,4529,Express
6186,4529,Next.js
6187,4529,Node.js
6188,4529,React
6189,4529,Vue.js
6193,4537,Node.js
6194,4537,React
6196,4540,Express
6198,4540,Node.js
6200,4540,Vue.js
6201,4542,Spring Boot
6202,4544,jQuery
6205,4550,Node.js
6206,4550,React
6207,4550,Vue.js
6208,4553,ASP.NET
6209,4553,ASP.NET CORE
6213,4553,jQuery
6216,4553,Next.js
6217,4553,Node.js
6219,4553,React
6221,4553,Vue.js
6222,4555,Express
6224,4555,Node.js
6226,4557,Next.js
6227,4557,Vue.js
6229,4561,jQuery
6230,4561,React
6231,4561,Vue.js
6232,4564,Express
6234,4564,Node.js
6235,4564,Vue.js
6238,4568,Node.js
6240,4568,Vue.js
6242,4569,jQuery
6243,4569,Node.js
6244,4569,React
6246,4574,React
6247,4575,Express
6249,4575,Node.js
6251,4575,Vue.js
6254,4581,Next.js
6255,4581,Node.js
6256,4581,Spring Boot
6257,4583,Express
6258,4583,Node.js
6259,4584,Angular
6261,4584,Express
6262,4584,Node.js
6263,4584,Vue.js
6264,4586,Angular
6266,4586,ASP.NET
6267,4586,ASP.NET CORE
6269,4586,Express
6272,4586,jQuery
6275,4586,Vue.js
6280,4592,ASP.NET
6281,4592,ASP.NET CORE
6282,4593,jQuery
6283,4600,ASP.NET CORE
6284,4602,Angular
6285,4602,Next.js
6286,4602,React
6288,4602,Spring Boot
6292,4613,Express
6294,4613,jQuery
6296,4613,Node.js
6297,4613,React
6299,4613,Vue.js
6300,4614,jQuery
6301,4614,Spring Boot
6303,4614,Vue.js
6304,4617,Angular
6305,4617,Next.js
6306,4617,Node.js
6307,4617,React
6308,4619,ASP.NET
6309,4619,ASP.NET CORE
6312,4619,jQuery
6313,4619,Next.js
6314,4619,Node.js
6316,4619,React
6320,4628,Angular
6322,4629,React
6323,4629,Spring Boot
6324,4629,Vue.js
6325,4630,Node.js
6326,4630,React
6327,4630,Spring Boot
6328,4631,Angular
6329,4633,Angular
6330,4633,ASP.NET
6331,4633,ASP.NET CORE
6332,4633,Node.js
6333,4633,React
6334,4634,Spring Boot
6335,4636,Angular
6336,4636,Spring Boot
6337,4641,Spring Boot
6340,4646,Node.js
6341,4648,jQuery
6342,4648,Node.js
6343,4648,Spring Boot
6344,4655,ASP.NET CORE
6346,4656,Express
6348,4656,Node.js
6349,4657,Angular
6350,4657,ASP.NET
6351,4657,ASP.NET CORE
6358,4663,Next.js
6359,4663,Node.js
6360,4663,React
6363,4664,Angular
6365,4664,Express
6366,4664,Next.js
6367,4664,Node.js
6368,4664,React
6369,4668,Angular
6370,4668,ASP.NET
6371,4668,jQuery
6373,4668,Next.js
6374,4668,Node.js
6375,4668,React
6377,4668,Vue.js
6380,4673,jQuery
6384,4673,Vue.js
6388,4674,Spring Boot
6389,4675,Node.js
6390,4676,ASP.NET
6391,4676,ASP.NET CORE
6393,4681,Express
6396,4681,Node.js
6399,4683,ASP.NET
6400,4683,ASP.NET CORE
6401,4683,jQuery
6402,4683,React
6404,4683,Vue.js
6405,4684,ASP.NET CORE
6407,4684,Express
6410,4684,Next.js
6411,4684,Node.js
6412,4684,React
6413,4688,jQuery
6414,4688,Node.js
6417,4694,Express
6418,4694,jQuery
6419,4694,Node.js
6420,4694,Vue.js
6421,4696,Express
6422,4696,Next.js
6423,4696,Node.js
6424,4696,React
6425,4696,Vue.js
6428,4700,React
6429,4704,Express
6430,4704,Node.js
6431,4704,Vue.js
6432,4707,Express
6433,4707,Next.js
6434,4707,Node.js
6435,4707,React
6436,4708,jQuery
6437,4708,Next.js
6438,4708,Node.js
6439,4708,React
6441,4714,Angular
6443,4715,jQuery
6445,4715,Node.js
6447,4715,Vue.js
6448,4717,Express
6449,4717,jQuery
6450,4717,React
6451,4719,Next.js
6452,4719,React
6453,4724,Node.js
6454,4724,React
6455,4726,Angular
6457,4726,Spring Boot
6458,4731,Express
6459,4731,Node.js
6460,4731,React
6461,4731,Spring Boot
6463,4732,Spring Boot
6464,4734,Spring Boot
6465,4737,React
6467,4739,ASP.NET
6468,4739,ASP.NET CORE
6471,4739,Node.js
6475,4739,Vue.js
6477,4742,Angular
6479,4742,jQuery
6480,4742,Next.js
6481,4742,React
6482,4742,Spring Boot
6483,4742,Vue.js
6484,4748,Angular
6486,4748,ASP.NET
6487,4748,ASP.NET CORE
6489,4748,jQuery
6490,4748,Next.js
6491,4748,Node.js
6492,4748,React
6493,4748,Vue.js
6494,4750,Angular
6496,4750,ASP.NET CORE
6497,4757,Angular
6500,4757,Spring Boot
6501,4759,ASP.NET
6502,4759,ASP.NET CORE
6503,4759,jQuery
6504,4762,Angular
6507,4762,Next.js
6508,4762,Node.js
6509,4762,React
6512,4771,jQuery
6514,4771,Next.js
6515,4771,React
6516,4772,Angular
6518,4772,Node.js
6519,4772,React
6520,4772,Spring Boot
6528,4780,Vue.js
6531,4782,Express
6532,4782,jQuery
6533,4782,Next.js
6534,4782,Node.js
6535,4782,React
6537,4784,Angular
6541,4784,Node.js
6543,4787,React
6544,4787,Spring Boot
6545,4790,Angular
6548,4790,React
6549,4794,Angular
6550,4794,ASP.NET CORE
6552,4794,Node.js
6555,4798,ASP.NET
6556,4798,React
6557,4802,ASP.NET
6559,4802,Express
6560,4802,Next.js
6561,4802,Node.js
6562,4802,React
6564,4803,Angular
6565,4803,Express
6566,4803,React
6567,4803,Spring Boot
6568,4807,Angular
6569,4807,ASP.NET
6570,4807,ASP.NET CORE
6571,4807,jQuery
6572,4807,Node.js
6573,4807,React
6574,4807,Vue.js
6576,4811,Express
6579,4811,Node.js
6580,4816,Express
6581,4816,jQuery
6583,4816,Node.js
6585,4816,React
6586,4816,Spring Boot
6588,4816,Vue.js
6589,4817,Angular
6590,4817,ASP.NET
6591,4817,ASP.NET CORE
6592,4817,jQuery
6595,4829,Express
6596,4829,jQuery
6598,4829,Next.js
6599,4829,Node.js
6600,4829,React
6602,4832,Angular
6603,4832,ASP.NET CORE
6605,4832,Express
6607,4832,Next.js
6608,4832,Node.js
6609,4832,React
6610,4832,Spring Boot
6611,4832,Vue.js
6612,4834,ASP.NET CORE
6613,4835,Angular
6615,4835,Express
6617,4835,Next.js
6618,4835,Node.js
6620,4835,React
6622,4835,Vue.js
6623,4837,Angular
6624,4837,ASP.NET
6625,4837,ASP.NET CORE
6626,4837,Express
6627,4837,Node.js
6628,4842,Angular
6629,4842,ASP.NET CORE
6630,4842,Node.js
6631,4843,ASP.NET CORE
6633,4843,React
6634,4843,Vue.js
6635,4846,ASP.NET
6636,4846,ASP.NET CORE
6637,4846,jQuery
6638,4846,React
6641,4850,jQuery
6644,4852,Node.js
6646,4852,React
6647,4852,Vue.js
6648,4854,Angular
6649,4854,ASP.NET
6650,4854,ASP.NET CORE
6652,4854,Next.js
6653,4854,Node.js
6654,4854,React
6656,4856,Angular
6659,4865,ASP.NET CORE
6660,4870,Next.js
6661,4870,Node.js
6662,4870,React
6663,4870,Spring Boot
6668,4872,Next.js
6669,4872,React
6674,4873,jQuery
6675,4884,Angular
6677,4884,ASP.NET CORE
6678,4884,Express
6680,4884,Node.js
6681,4884,React
6682,4884,Vue.js
6685,4888,Express
6686,4888,Next.js
6687,4888,Node.js
6688,4888,React
6690,4889,Next.js
6691,4889,React
6693,4893,ASP.NET
6694,4893,ASP.NET CORE
6695,4893,Vue.js
6696,4897,ASP.NET CORE
6697,4898,Next.js
6699,4898,React
6702,4899,React
6703,4899,Spring Boot
6704,4902,Angular
6705,4902,ASP.NET
6706,4902,ASP.NET CORE
6709,4903,Angular
6710,4903,ASP.NET
6711,4903,ASP.NET CORE
6715,4903,Next.js
6716,4903,Node.js
6718,4903,React
6720,4903,Vue.js
6722,4908,Node.js
6723,4908,React
6729,4912,Next.js
6731,4912,React
6733,4915,jQuery
6734,4915,Node.js
6735,4915,React
6736,4915,Vue.js
6737,4919,Node.js
6738,4919,React
6739,4919,Spring Boot
6740,4922,ASP.NET CORE
6742,4923,jQuery
6743,4923,Spring Boot
6744,4923,Vue.js
6747,4924,jQuery
6749,4924,React
6751,4924,Vue.js
6754,4925,Express
6755,4925,Node.js
6756,4925,React
6758,4926,ASP.NET CORE
6760,4926,jQuery
6762,4930,Node.js
6763,4931,ASP.NET CORE
6764,4933,Express
6766,4933,Next.js
6767,4933,Node.js
6768,4933,React
6771,4938,Express
6772,4938,Node.js
6774,4940,Node.js
6775,4940,React
6776,4942,Express
6778,4942,Next.js
6779,4942,Node.js
6780,4942,React
6783,4950,Next.js
6785,4950,React
6786,4950,Vue.js
6787,4951,ASP.NET
6788,4951,ASP.NET CORE
6789,4951,jQuery
6790,4952,Spring Boot
6792,4953,Next.js
6793,4953,Node.js
6794,4953,React
6795,4956,Express
6797,4956,Next.js
6798,4956,Node.js
6799,4956,React
6800,4960,Spring Boot
6803,4961,Next.js
6804,4961,Node.js
6805,4961,React
6808,4962,Next.js
6809,4962,Node.js
6810,4962,React
6811,4963,Express
6812,4963,jQuery
6813,4963,Node.js
6814,4963,Spring Boot
6816,4973,Spring Boot
6817,4976,Next.js
6819,4976,React
6822,4983,Node.js
6824,4983,Vue.js
6825,4985,Express
6826,4985,jQuery
6827,4985,Node.js
6828,4985,React
6830,4986,ASP.NET
6831,4986,ASP.NET CORE
6833,4990,ASP.NET CORE
6834,4990,Node.js
6835,4990,React
6836,4991,Angular
6837,4991,ASP.NET
6838,4991,ASP.NET CORE
6839,4993,ASP.NET CORE
6840,4999,ASP.NET
6842,4999,jQuery
6843,4999,Node.js
6844,5005,ASP.NET CORE
6845,5005,React
6847,5008,Node.js
6848,5008,React
6850,5013,Spring Boot
6851,5018,Angular
6853,5018,ASP.NET
6854,5018,ASP.NET CORE
6855,5018,jQuery
6857,5019,jQuery
6859,5019,Node.js
6861,5019,React
6863,5019,Vue.js
6867,5027,Angular
6868,5027,Express
6871,5027,Node.js
6873,5030,Node.js
6874,5030,Vue.js
6875,5032,ASP.NET
6876,5032,React
6878,5033,Node.js
6879,5033,React
6883,5036,Angular
6884,5036,ASP.NET
6885,5036,ASP.NET CORE
6889,5036,jQuery
6890,5036,React
6891,5042,Angular
6893,5042,Node.js
6894,5046,Node.js
6895,5047,ASP.NET
6897,5050,Node.js
6898,5050,React
6899,5051,ASP.NET
6900,5051,ASP.NET CORE
6902,5051,jQuery
6903,5051,Next.js
6904,5051,Node.js
6905,5051,React
6909,5053,jQuery
6910,5053,Node.js
6911,5053,React
6914,5057,Node.js
6916,5066,React
6917,5070,Express
6918,5070,Next.js
6919,5070,Node.js
6920,5070,React
6923,5070,Vue.js
6924,5074,Angular
6925,5074,ASP.NET
6926,5074,ASP.NET CORE
6928,5074,jQuery
6929,5074,Next.js
6930,5074,Node.js
6931,5074,React
6933,5074,Spring Boot
6934,5074,Vue.js
6935,5075,Express
6936,5075,Next.js
6937,5075,Node.js
6938,5075,React
6939,5076,Angular
6940,5076,ASP.NET
6941,5076,ASP.NET CORE
6943,5076,Express
6945,5076,jQuery
6947,5076,React
6948,5079,Express
6949,5084,Angular
6950,5084,Express
6953,5084,Next.js
6954,5084,Node.js
6955,5084,React
6957,5087,jQuery
6961,5093,Node.js
6962,5093,React
6963,5096,Angular
6965,5096,Express
6968,5096,Node.js
6969,5096,React
6970,5096,Spring Boot
6972,5097,Node.js
6973,5097,React
6974,5098,Express
6976,5098,Next.js
6977,5098,Node.js
6978,5098,React
6979,5100,Spring Boot
6981,5109,ASP.NET CORE
6982,5109,Express
6984,5109,Next.js
6985,5109,Node.js
6986,5110,Express
6989,5110,Node.js
6990,5110,React
6993,5111,Express
6995,5111,Next.js
6996,5111,Node.js
6997,5111,React
7001,5112,ASP.NET
7002,5112,ASP.NET CORE
7004,5112,Express
7005,5112,jQuery
7006,5112,Next.js
7007,5112,Node.js
7008,5112,React
7010,5114,Express
7012,5114,jQuery
7013,5114,Node.js
7014,5114,React
7015,5114,Spring Boot
7016,5121,Express
7017,5121,Node.js
7018,5121,React
7020,5122,Express
7022,5122,Next.js
7023,5122,Node.js
7024,5122,React
7026,5124,Angular
7029,5124,Node.js
7030,5124,React
7031,5124,Spring Boot
7034,5131,Express
7037,5131,jQuery
7039,5131,Next.js
7040,5131,Node.js
7041,5131,React
7043,5134,Express
7045,5134,Node.js
7046,5135,Angular
7048,5135,ASP.NET CORE
7049,5135,Express
7051,5135,Node.js
7052,5138,Spring Boot
7053,5139,ASP.NET
7054,5139,ASP.NET CORE
7056,5139,jQuery
7057,5139,Node.js
7058,5139,React
7062,5141,Express
7064,5141,Next.js
7065,5141,Node.js
7066,5141,React
7068,5142,ASP.NET
7070,5145,Express
7071,5145,Next.js
7072,5145,Node.js
7073,5145,React
7076,5151,React
7078,5158,Angular
7081,5158,jQuery
7083,5158,Node.js
7084,5158,React
7086,5158,Vue.js
7088,5161,Express
7090,5161,Next.js
7091,5161,Node.js
7092,5161,React
7094,5169,Express
7096,5169,jQuery
7097,5169,Next.js
7098,5169,Node.js
7099,5169,React
7103,5171,jQuery
7104,5171,Node.js
7105,5171,React
7106,5176,ASP.NET
7107,5176,ASP.NET CORE
7108,5176,Express
7109,5176,Next.js
7110,5176,Node.js
7111,5176,React
7115,5181,Angular
7116,5181,ASP.NET CORE
7118,5182,ASP.NET
7119,5182,ASP.NET CORE
7120,5182,jQuery
7121,5184,ASP.NET
7122,5184,ASP.NET CORE
7127,5188,Express
7129,5188,Next.js
7130,5188,Node.js
7132,5188,React
7133,5188,Vue.js
7135,5198,Angular
7137,5198,ASP.NET
7138,5198,ASP.NET CORE
7143,5198,jQuery
7144,5198,Node.js
7146,5198,Spring Boot
7148,5198,Vue.js
7150,5199,Angular
7152,5199,ASP.NET
7153,5199,jQuery
7154,5199,Node.js
7155,5199,Vue.js
7156,5201,Angular
7159,5201,Next.js
7160,5201,Node.js
7161,5201,React
7162,5201,Spring Boot
7164,5202,Angular
7165,5202,ASP.NET
7166,5202,ASP.NET CORE
7168,5202,jQuery
7170,5202,Spring Boot
7172,5209,ASP.NET
7173,5209,ASP.NET CORE
7174,5209,jQuery
7175,5210,Angular
7176,5210,ASP.NET CORE
7177,5210,Node.js
7178,5211,Express
7179,5211,Node.js
7184,5215,Node.js
7185,5215,React
7188,5224,jQuery
7190,5224,Node.js
7191,5224,React
7193,5224,Vue.js
7195,5226,Node.js
7196,5227,Angular
7197,5227,ASP.NET
7198,5227,ASP.NET CORE
7200,5228,Node.js
7201,5229,Next.js
7202,5229,Node.js
7203,5229,React
7204,5229,Spring Boot
7206,5229,Vue.js
7208,5235,Express
7209,5235,Next.js
7210,5235,Node.js
7211,5235,React
7212,5235,Spring Boot
7218,5239,Spring Boot
7220,5241,Spring Boot
7221,5243,Angular
7223,5243,jQuery
7224,5243,Node.js
7225,5243,React
7228,5245,jQuery
7230,5245,Vue.js
7231,5249,Express
7232,5249,Node.js
7233,5249,React
7234,5253,Express
7235,5253,jQuery
7236,5253,Node.js
7239,5254,jQuery
7243,5255,Node.js
7244,5255,Spring Boot
7245,5257,Angular
7246,5257,ASP.NET CORE
7248,5257,jQuery
7251,5257,Node.js
7253,5257,React
7255,5257,Vue.js
7257,5263,Angular
7259,5263,Next.js
7260,5263,React
7264,5263,Vue.js
7265,5266,Express
7267,5266,Next.js
7268,5266,Node.js
7269,5266,React
7273,5271,Node.js
7276,5272,Express
7277,5272,jQuery
7278,5272,Node.js
7279,5272,React
7281,5272,Vue.js
7286,5279,Spring Boot
7288,5284,Node.js
7290,5285,ASP.NET
7291,5285,ASP.NET CORE
7293,5285,jQuery
7295,5285,Next.js
7296,5285,Node.js
7297,5285,React
7298,5285,Vue.js
7301,5292,ASP.NET
7302,5292,ASP.NET CORE
7306,5292,Express
7307,5292,jQuery
7309,5292,Next.js
7310,5292,Node.js
7311,5292,React
7313,5292,Spring Boot
7314,5292,Vue.js
7316,5296,ASP.NET
7317,5296,ASP.NET CORE
7318,5296,Express
7320,5296,jQuery
7321,5296,Node.js
7322,5296,React
7323,5296,Vue.js
7326,5297,Express
7328,5297,jQuery
7330,5297,Node.js
7331,5297,React
7334,5303,jQuery
7337,5303,Vue.js
7338,5305,Angular
7339,5305,Spring Boot
7340,5308,Spring Boot
7341,5308,Vue.js
7344,5309,Next.js
7345,5309,React
7346,5309,Vue.js
7347,5311,ASP.NET
7348,5311,ASP.NET CORE
7351,5311,jQuery
7352,5311,Node.js
7353,5311,React
7354,5311,Vue.js
7356,5312,Express
7357,5312,Node.js
7358,5312,Spring Boot
7359,5315,Angular
7360,5315,ASP.NET
7361,5315,ASP.NET CORE
7363,5315,Express
7364,5315,Node.js
7365,5315,React
7366,5320,Angular
7368,5320,ASP.NET
7369,5320,ASP.NET CORE
7370,5320,React
7372,5322,ASP.NET CORE
7374,5322,Node.js
7375,5322,React
7381,5330,ASP.NET
7382,5333,Angular
7383,5333,Express
7385,5333,Node.js
7386,5333,Spring Boot
7387,5334,jQuery
7388,5334,Node.js
7389,5337,Angular
7391,5337,jQuery
7392,5337,Node.js
7394,5337,Spring Boot
7395,5337,Vue.js
7398,5338,Next.js
7399,5338,Node.js
7400,5338,React
7402,5344,Express
7405,5344,Next.js
7406,5344,Node.js
7407,5344,React
7408,5348,Angular
7409,5348,ASP.NET
7410,5348,ASP.NET CORE
7412,5349,Angular
7416,5349,Vue.js
7421,5361,ASP.NET CORE
7425,5364,jQuery
7426,5364,Node.js
7428,5364,React
7431,5364,Vue.js
7433,5366,Angular
7435,5366,jQuery
7436,5366,Node.js
7437,5366,Spring Boot
7438,5366,Vue.js
7439,5367,Next.js
7440,5368,React
7441,5368,Spring Boot
7443,5370,React
7444,5372,ASP.NET
7445,5372,ASP.NET CORE
7447,5372,jQuery
7448,5380,Express
7450,5380,React
7452,5381,Node.js
7454,5381,Vue.js
7455,5382,Node.js
7458,5384,Express
7462,5384,Next.js
7463,5384,Node.js
7464,5384,React
7467,5387,Angular
7469,5387,ASP.NET
7470,5387,ASP.NET CORE
7471,5387,Express
7472,5387,jQuery
7473,5387,Node.js
7474,5387,React
7475,5390,Angular
7477,5390,jQuery
7478,5390,Node.js
7479,5390,React
7481,5390,Vue.js
7484,5391,Express
7485,5391,Next.js
7486,5391,Node.js
7487,5391,React
7488,5391,Vue.js
7489,5399,Angular
7492,5399,Spring Boot
7493,5399,Vue.js
7494,5400,Node.js
7495,5401,Node.js
7497,5401,React
7502,5407,Angular
7504,5407,Express
7508,5407,Node.js
7509,5407,React
7512,5409,Express
7513,5409,Node.js
7514,5411,Angular
7515,5411,Spring Boot
7518,5414,Node.js
7519,5423,Angular
7521,5423,Express
7524,5423,Next.js
7525,5423,Node.js
7527,5424,jQuery
7528,5424,React
7529,5425,Express
7531,5425,Node.js
7533,5425,Vue.js
7537,5431,Next.js
7538,5431,Node.js
7539,5431,React
7541,5431,Vue.js
7542,5433,ASP.NET CORE
7543,5433,Express
7545,5433,Node.js
7546,5435,Angular
7548,5435,ASP.NET
7549,5435,ASP.NET CORE
7550,5435,Node.js
7551,5436,jQuery
7552,5436,Node.js
7553,5436,React
7554,5436,Vue.js
7559,5440,jQuery
7562,5442,Next.js
7563,5442,Node.js
7564,5442,React
7565,5443,Angular
7567,5443,Node.js
7568,5443,React
7569,5443,Spring Boot
7571,5450,Node.js
7572,5450,React
7577,5459,ASP.NET CORE
7578,5459,Vue.js
7582,5470,Node.js
7583,5475,Express
7584,5475,Next.js
7585,5475,Node.js
7586,5475,React
7587,5477,Express
7590,5477,Node.js
7591,5479,ASP.NET CORE
7592,5479,Express
7594,5479,Next.js
7595,5479,Node.js
7596,5479,React
7597,5483,Angular
7598,5483,ASP.NET
7599,5483,ASP.NET CORE
7601,5484,ASP.NET
7602,5484,ASP.NET CORE
7603,5484,Express
7604,5484,jQuery
7606,5484,React
7607,5484,Vue.js
7608,5489,ASP.NET
7609,5489,ASP.NET CORE
7610,5489,jQuery
7611,5489,Node.js
7612,5489,Vue.js
7613,5490,Angular
7614,5490,Express
7615,5490,Node.js
7616,5493,jQuery
7618,5493,Vue.js
7620,5494,Angular
7622,5494,Express
7627,5494,jQuery
7629,5494,Next.js
7630,5494,Node.js
7632,5494,React
7633,5494,Spring Boot
7635,5494,Vue.js
7636,5501,Spring Boot
7637,5504,React
7638,5504,Spring Boot
7639,5505,ASP.NET
7640,5505,ASP.NET CORE
7643,5505,Express
7644,5505,jQuery
7647,5511,Express
7648,5511,Next.js
7649,5511,Node.js
7651,5511,React
7653,5511,Vue.js
7654,5515,Node.js
7655,5519,ASP.NET CORE
7656,5519,Vue.js
7657,5520,Express
7659,5520,Node.js
7661,5520,Vue.js
7663,5523,Angular
7665,5523,ASP.NET
7671,5523,jQuery
7673,5523,Next.js
7674,5523,Node.js
7675,5523,React
7677,5523,Vue.js
7678,5526,Next.js
7679,5526,React
7681,5527,Express
7682,5527,Node.js
7683,5527,React
7685,5529,jQuery
7686,5531,ASP.NET
7687,5531,ASP.NET CORE
7688,5531,jQuery
7690,5536,Express
7693,5536,Node.js
7694,5536,React
7696,5537,Express
7699,5537,Next.js
7700,5537,Node.js
7701,5537,React
7706,5538,jQuery
7707,5538,Node.js
7708,5538,React
7709,5538,Vue.js
7710,5541,ASP.NET
7714,5541,jQuery
7716,5541,Vue.js
7719,5543,Express
7720,5543,jQuery
7721,5543,Next.js
7722,5543,Node.js
7723,5543,React
7725,5545,Express
7727,5545,jQuery
7729,5545,Next.js
7730,5545,React
7733,5558,Vue.js
7734,5559,Node.js
7736,5559,React
7741,5560,Node.js
7742,5560,React
7744,5560,Vue.js
7745,5561,ASP.NET
7746,5561,ASP.NET CORE
7747,5561,Vue.js
7751,5567,Angular
7752,5567,ASP.NET
7753,5567,ASP.NET CORE
7755,5567,Node.js
7756,5569,Node.js
7757,5569,React
7759,5572,Angular
7761,5572,ASP.NET CORE
7762,5572,Express
7763,5572,Next.js
7764,5572,Node.js
7765,5572,React
7768,5574,jQuery
7769,5574,Node.js
7771,5575,Express
7774,5575,jQuery
7775,5575,Node.js
7776,5575,React
7777,5576,ASP.NET CORE
7778,5576,jQuery
7779,5578,jQuery
7781,5578,Spring Boot
7782,5578,Vue.js
7784,5579,Express
7786,5579,Node.js
7787,5579,React
7790,5587,ASP.NET CORE
7791,5587,Express
7793,5587,Node.js
7795,5587,React
7800,5593,ASP.NET
7801,5593,ASP.NET CORE
7802,5593,Express
7804,5593,jQuery
7805,5593,Next.js
7806,5593,Node.js
7807,5593,React
7808,5593,Vue.js
7815,5601,Next.js
7816,5601,Node.js
7817,5601,React
7820,5602,Next.js
7821,5602,Node.js
7822,5602,React
7823,5605,jQuery
7824,5605,Spring Boot
7825,5606,Express
7828,5606,React
7831,5610,jQuery
7833,5610,Next.js
7834,5610,Node.js
7835,5610,React
7839,5611,Express
7841,5611,Next.js
7842,5611,Node.js
7844,5611,React
7846,5611,Vue.js
7847,5618,Next.js
7849,5618,React
7851,5621,React
7855,5624,Express
7860,5624,Next.js
7861,5624,Node.js
7862,5624,React
7864,5627,Vue.js
7869,5630,Next.js
7870,5630,Node.js
7871,5630,React
7875,5631,Next.js
7876,5631,React
7877,5632,Angular
7879,5632,React
7880,5632,Vue.js
7884,5637,Node.js
7885,5637,React
7888,5639,React
7889,5639,Spring Boot
7890,5640,Angular
7893,5640,jQuery
7894,5640,Next.js
7895,5640,Node.js
7896,5640,React
7897,5640,Vue.js
7902,5642,Node.js
7903,5642,Spring Boot
7908,5643,Next.js
7909,5643,Node.js
7910,5643,React
7912,5647,Express
7913,5647,Node.js
7914,5647,React
7915,5648,ASP.NET CORE
7918,5649,Node.js
7919,5650,ASP.NET
7920,5650,ASP.NET CORE
7921,5650,jQuery
7922,5651,Angular
7923,5651,ASP.NET
7924,5651,ASP.NET CORE
7926,5651,Express
7927,5651,jQuery
7928,5651,Node.js
7929,5651,React
7931,5651,Spring Boot
7932,5651,Vue.js
7934,5654,Angular
7935,5654,ASP.NET
7936,5654,ASP.NET CORE
7937,5654,jQuery
7938,5654,React
7941,5655,Vue.js
7942,5657,Angular
7943,5658,Angular
7944,5658,ASP.NET CORE
7945,5658,Next.js
7946,5660,Angular
7949,5660,jQuery
7951,5660,Next.js
7952,5660,Node.js
7953,5660,React
7954,5660,Spring Boot
7956,5665,ASP.NET
7959,5665,Node.js
7960,5665,React
7962,5667,Next.js
7963,5667,React
7965,5668,Express
7967,5668,Node.js
7968,5668,React
7969,5670,Express
7971,5670,jQuery
7972,5670,Next.js
7973,5670,Node.js
7975,5670,React
7976,5672,Spring Boot
7977,5674,ASP.NET CORE
7978,5680,Next.js
7979,5680,Node.js
7980,5680,React
7985,5684,Express
7986,5684,jQuery
7988,5684,Next.js
7989,5684,React
7990,5685,ASP.NET CORE
7992,5688,Node.js
7994,5688,React
7995,5689,Angular
7996,5689,ASP.NET
7997,5689,ASP.NET CORE
7999,5689,Express
8001,5689,jQuery
8002,5689,Node.js
8007,5696,Angular
8009,5696,ASP.NET
8010,5696,ASP.NET CORE
8013,5696,jQuery
8014,5697,Express
8016,5697,jQuery
8018,5697,Node.js
8019,5697,React
8020,5699,Angular
8022,5699,ASP.NET
8023,5699,ASP.NET CORE
8025,5699,jQuery
8026,5699,Node.js
8027,5699,React
8030,5701,Next.js
8031,5701,Node.js
8032,5701,React
8033,5702,Express
8034,5702,jQuery
8035,5702,Node.js
8037,5705,Express
8038,5705,Node.js
8039,5706,Express
8041,5706,Next.js
8043,5706,React
8044,5706,Vue.js
8045,5707,Express
8046,5707,Node.js
8047,5707,Spring Boot
8048,5709,ASP.NET CORE
8049,5709,Node.js
8050,5709,React
8051,5711,Angular
8053,5711,Express
8054,5711,Node.js
8055,5711,React
8056,5711,Spring Boot
8064,5712,Next.js
8065,5712,Node.js
8067,5712,React
8069,5713,Express
8070,5713,Next.js
8071,5713,Node.js
8072,5713,React
8074,5721,React
8076,5722,Angular
8078,5722,ASP.NET
8081,5722,Express
8084,5722,jQuery
8085,5722,Next.js
8086,5722,Node.js
8088,5722,React
8090,5722,Vue.js
8091,5729,Express
8092,5729,Node.js
8093,5729,React
8096,5730,Vue.js
8099,5732,React
8103,5735,jQuery
8104,5735,Node.js
8108,5740,Vue.js
8109,5742,Spring Boot
8112,5745,Vue.js
8113,5746,Angular
8115,5746,Express
8116,5746,Next.js
8117,5746,Node.js
8118,5746,React
8119,5746,Vue.js
8122,5749,jQuery
8123,5749,Node.js
8124,5749,React
8129,5752,Angular
8130,5752,jQuery
8131,5752,Node.js
8132,5752,Spring Boot
8133,5752,Vue.js
8135,5757,Express
8136,5757,jQuery
8138,5757,Node.js
8140,5757,React
8142,5757,Spring Boot
8143,5757,Vue.js
8149,5761,Next.js
8150,5761,Node.js
8152,5761,React
8153,5764,Express
8154,5764,Next.js
8155,5764,Node.js
8156,5764,React
8157,5766,Angular
8161,5766,Node.js
8162,5769,ASP.NET CORE
8163,5769,jQuery
8164,5769,Node.js
8165,5770,Express
8166,5770,Node.js
8168,5770,React
8169,5770,Vue.js
8172,5771,React
8175,5773,React
8178,5777,React
8179,5777,Vue.js
8181,5778,Express
8182,5778,Next.js
8183,5778,Node.js
8184,5778,React
8190,5784,React
8191,5788,Next.js
8192,5788,React
8194,5789,jQuery
8195,5789,Next.js
8196,5789,Node.js
8198,5792,Spring Boot
8200,5802,Angular
8201,5802,Express
8204,5802,Node.js
8205,5802,React
8206,5803,Angular
8207,5803,jQuery
8208,5804,Angular
8209,5804,ASP.NET CORE
8211,5806,ASP.NET
8212,5806,ASP.NET CORE
8214,5806,jQuery
8215,5806,Node.js
8220,5815,Spring Boot
8221,5818,Angular
8224,5818,Next.js
8225,5818,Node.js
8226,5818,React
8227,5818,Spring Boot
8228,5821,jQuery
8229,5821,React
8231,5822,Express
8235,5822,Next.js
8236,5822,Node.js
8237,5822,React
8239,5822,Vue.js
8240,5826,ASP.NET
8241,5826,ASP.NET CORE
8243,5826,jQuery
8244,5834,ASP.NET CORE
8246,5834,Node.js
8247,5834,React
8248,5839,Spring Boot
8250,5840,Node.js
8251,5840,React
8253,5843,Next.js
8254,5843,Node.js
8255,5843,React
8257,5845,ASP.NET CORE
8260,5850,React
8264,5851,Node.js
8265,5852,Next.js
8266,5852,Node.js
8267,5852,React
8271,5854,Angular
8279,5868,React
8280,5868,Spring Boot
8281,5872,Express
8282,5872,React
8284,5876,React
8285,5881,Next.js
8286,5881,React
8287,5882,Express
8289,5882,Next.js
8290,5882,Node.js
8293,5882,React
8294,5882,Vue.js
8301,5896,ASP.NET CORE
8304,5896,Next.js
8305,5896,React
8307,5897,ASP.NET CORE
8309,5897,Node.js
8310,5897,Spring Boot
8311,5897,Vue.js
8313,5899,Spring Boot
8314,5899,Vue.js
8318,5910,Vue.js
8319,5911,ASP.NET
8320,5911,Express
8321,5911,jQuery
8322,5911,Next.js
8323,5911,Node.js
8324,5911,React
8326,5912,Express
8329,5912,Next.js
8330,5912,Node.js
8331,5912,React
8334,5917,Node.js
8336,5917,Vue.js
8338,5919,React
8339,5920,Angular
8340,5920,ASP.NET CORE
8341,5920,jQuery
8342,5920,Node.js
8343,5920,React
8344,5921,Next.js
8345,5921,Node.js
8346,5921,React
8348,5922,Next.js
8349,5922,React
8352,5923,ASP.NET
8353,5923,ASP.NET CORE
8354,5923,jQuery
8355,5923,React
8356,5924,ASP.NET CORE
8357,5925,Angular
8358,5925,ASP.NET
8360,5925,jQuery
8362,5925,Node.js
8363,5925,React
8369,5928,Node.js
8370,5928,React
8372,5928,Vue.js
8374,5929,Node.js
8375,5929,React
8376,5931,ASP.NET CORE
8377,5931,Express
8380,5931,Node.js
8382,5931,Vue.js
8384,5933,Express
8385,5933,Node.js
8386,5934,ASP.NET
8387,5934,Node.js
8388,5936,Angular
8389,5936,ASP.NET CORE
8390,5941,Express
8392,5941,Next.js
8393,5941,Node.js
8395,5941,React
8396,5941,Vue.js
8397,5942,Angular
8398,5942,jQuery
8399,5942,Node.js
8400,5942,Spring Boot
8401,5942,Vue.js
8403,5944,Vue.js
8404,5945,ASP.NET
8405,5945,ASP.NET CORE
8406,5945,React
8407,5946,Angular
8408,5946,Express
8411,5946,Next.js
8412,5946,Node.js
8413,5946,React
8414,5953,Express
8415,5953,Next.js
8416,5953,Node.js
8417,5953,React
8418,5955,Express
8421,5955,Next.js
8422,5955,Node.js
8423,5955,React
8424,5955,Spring Boot
8428,5960,Next.js
8429,5960,Node.js
8430,5960,React
8433,5963,Next.js
8434,5963,React
8437,5965,Spring Boot
8438,5970,jQuery
8439,5970,Spring Boot
8441,5971,React
8442,5971,Vue.js
8446,5977,Next.js
8447,5977,Node.js
8449,5977,React
8452,5980,Spring Boot
8453,5980,Vue.js
8457,5986,jQuery
8458,5986,Vue.js
8460,5994,Node.js
8461,5994,React
8462,5995,Next.js
8463,5995,Node.js
8464,5995,React
8467,5998,Express
8469,5998,Next.js
8470,5998,Node.js
8471,5998,React
8473,6003,Node.js
8476,6003,Vue.js
8481,6005,Next.js
8482,6005,Node.js
8483,6005,Spring Boot
8485,6013,Angular
8486,6013,jQuery
8490,6014,Next.js
8491,6014,Node.js
8493,6014,React
8498,6018,Angular
8499,6018,Express
8501,6018,Node.js
8502,6018,React
8504,6018,Vue.js
8505,6019,Node.js
8506,6019,React
8507,6019,Spring Boot
8508,6021,Express
8510,6021,jQuery
8512,6021,Next.js
8513,6021,Node.js
8514,6021,React
8515,6021,Vue.js
8517,6025,Angular
8518,6025,ASP.NET
8519,6025,ASP.NET CORE
8526,6036,Vue.js
8527,6042,jQuery
8528,6042,Vue.js
8529,6046,Spring Boot
8532,6047,jQuery
8534,6047,Vue.js
8536,6051,Node.js
8537,6051,Vue.js
8539,6056,jQuery
8540,6057,ASP.NET
8541,6057,ASP.NET CORE
8542,6057,jQuery
8544,6058,Express
8546,6058,Next.js
8547,6058,Node.js
8548,6058,React
8549,6058,Spring Boot
8553,6059,Angular
8554,6059,Express
8555,6059,jQuery
8556,6059,Spring Boot
8559,6064,ASP.NET
8560,6064,ASP.NET CORE
8561,6064,Express
8562,6064,jQuery
8563,6064,React
8564,6067,ASP.NET CORE
8565,6067,jQuery
8566,6067,Vue.js
8567,6072,Angular
8569,6072,ASP.NET
8570,6072,ASP.NET CORE
8572,6072,jQuery
8573,6073,Angular
8574,6073,ASP.NET
8575,6073,ASP.NET CORE
8576,6073,jQuery
8577,6073,React
8578,6079,Angular
8579,6079,ASP.NET
8580,6079,Express
8581,6079,jQuery
8582,6079,Next.js
8583,6079,Node.js
8584,6079,React
8586,6082,Express
8588,6082,Next.js
8589,6082,Node.js
8591,6082,React
8595,6089,Node.js
8596,6089,React
8599,6094,Vue.js
8600,6095,Node.js
8602,6097,Vue.js
8603,6103,Angular
8604,6103,Express
8606,6103,Next.js
8607,6103,Node.js
8608,6103,React
8609,6104,Spring Boot
8614,6109,Express
8615,6109,Next.js
8616,6109,Node.js
8618,6109,React
8620,6111,ASP.NET
8621,6111,ASP.NET CORE
8623,6111,jQuery
8625,6115,Spring Boot
8626,6118,Angular
8629,6118,Vue.js
8630,6121,Express
8631,6121,jQuery
8632,6121,Node.js
8633,6121,React
8636,6122,jQuery
8637,6122,Next.js
8638,6122,Node.js
8639,6122,React
8640,6122,Spring Boot
8643,6125,Angular
8644,6125,Express
8647,6125,Node.js
8648,6129,Angular
8650,6129,Node.js
8651,6129,React
8653,6131,Express
8655,6131,Next.js
8656,6131,React
8657,6133,ASP.NET
8658,6133,ASP.NET CORE
8660,6133,Express
8663,6133,jQuery
8664,6133,Next.js
8665,6133,Node.js
8667,6133,React
8671,6133,Vue.js
8673,6135,Angular
8674,6135,Express
8675,6135,Node.js
8679,6149,jQuery
8681,6149,React
8686,6156,Vue.js
8687,6159,Angular
8691,6159,React
8692,6160,Express
8693,6160,Next.js
8694,6160,Node.js
8695,6160,React
8696,6161,React
8697,6162,jQuery
8700,6162,Vue.js
8704,6168,ASP.NET
8705,6168,ASP.NET CORE
8706,6169,ASP.NET
8707,6169,ASP.NET CORE
8709,6169,jQuery
8710,6169,Node.js
8711,6169,React
8715,6173,React
8716,6174,ASP.NET CORE
8721,6179,ASP.NET CORE
8722,6179,Next.js
8723,6179,React
8724,6180,Spring Boot
8725,6187,jQuery
8727,6187,Node.js
8728,6187,Vue.js
8729,6192,Angular
8730,6192,ASP.NET
8731,6192,ASP.NET CORE
8733,6194,Next.js
8734,6194,Node.js
8735,6194,React
8736,6194,Spring Boot
8740,6197,jQuery
8742,6197,Next.js
8743,6197,Node.js
8745,6197,React
8748,6197,Vue.js
8750,6198,Angular
8752,6198,Node.js
8753,6202,ASP.NET CORE
8754,6204,Angular
8755,6204,ASP.NET CORE
8757,6211,ASP.NET
8758,6211,jQuery
8760,6213,Next.js
8761,6213,Node.js
8762,6213,React
8764,6213,Vue.js
8765,6214,Express
8766,6214,Node.js
8767,6214,React
8769,6215,Next.js
8770,6215,Node.js
8771,6216,ASP.NET
8772,6216,ASP.NET CORE
8773,6216,Node.js
8774,6220,Angular
8776,6220,ASP.NET CORE
8778,6220,Express
8779,6220,jQuery
8781,6220,Node.js
8782,6220,React
8784,6225,jQuery
8788,6234,Next.js
8789,6234,Node.js
8794,6236,Node.js
8795,6236,React
8798,6238,ASP.NET CORE
8800,6238,Node.js
8801,6241,Angular
8802,6246,Express
8805,6246,jQuery
8806,6246,Node.js
8807,6246,React
8808,6247,Express
8810,6247,Next.js
8811,6247,Node.js
8812,6247,React
8814,6247,Vue.js
8815,6249,ASP.NET CORE
8816,6251,ASP.NET
8817,6251,ASP.NET CORE
8818,6252,ASP.NET CORE
8822,6252,jQuery
8824,6253,Angular
8825,6253,ASP.NET CORE
8826,6253,Express
8829,6253,Next.js
8830,6253,Node.js
8831,6253,React
8832,6257,Angular
8834,6257,Node.js
8836,6258,jQuery
8837,6258,Node.js
8838,6258,Vue.js
8840,6259,Express
8842,6259,Next.js
8843,6259,Node.js
8844,6259,React
8850,6266,React
8851,6266,Spring Boot
8852,6268,Express
8854,6268,Next.js
8855,6268,Node.js
8856,6269,Next.js
8857,6269,Node.js
8858,6269,React
8861,6271,Express
8863,6271,Node.js
8864,6271,Spring Boot
8867,6282,Angular
8869,6282,ASP.NET
8870,6282,ASP.NET CORE
8873,6282,jQuery
8874,6282,Node.js
8875,6284,jQuery
8876,6284,Spring Boot
8877,6288,Angular
8879,6288,ASP.NET
8880,6288,ASP.NET CORE
8881,6288,React
8882,6289,Angular
8883,6289,ASP.NET CORE
8884,6289,Express
8885,6289,Node.js
8886,6289,React
8889,6290,Spring Boot
8892,6292,Vue.js
8895,6296,React
8896,6301,Angular
8897,6301,jQuery
8898,6301,React
8899,6302,Angular
8900,6302,ASP.NET CORE
8905,6312,React
8909,6314,Node.js
8910,6314,React
8911,6316,ASP.NET CORE
8913,6316,Node.js
8914,6316,React
8916,6317,ASP.NET
8917,6317,ASP.NET CORE
8920,6319,React
8921,6319,Spring Boot
8924,6321,Spring Boot
8925,6326,Angular
8927,6326,Express
8929,6326,Next.js
8930,6326,Node.js
8932,6330,Angular
8933,6330,ASP.NET CORE
8934,6330,Express
8937,6330,jQuery
8939,6330,Next.js
8940,6330,Node.js
8941,6330,React
8943,6330,Spring Boot
8946,6331,Express
8947,6331,Next.js
8948,6331,Node.js
8949,6331,React
8950,6331,Spring Boot
8953,6332,jQuery
8955,6332,Node.js
8956,6332,React
8958,6332,Vue.js
8959,6336,Angular
8963,6336,Express
8966,6336,Next.js
8967,6336,Node.js
8969,6336,React
8971,6337,Express
8972,6337,Next.js
8973,6337,Node.js
8974,6337,Spring Boot
8975,6337,Vue.js
8977,6343,ASP.NET CORE
8979,6344,Angular
8984,6344,jQuery
8985,6344,Next.js
8986,6344,Node.js
8987,6344,React
8990,6344,Vue.js
8995,6353,Angular
9001,6353,Express
9007,6353,jQuery
9010,6353,Next.js
9011,6353,Node.js
9013,6353,React
9019,6353,Vue.js
9023,6357,Angular
9024,6357,Express
9026,6357,Next.js
9027,6357,Node.js
9028,6357,React
9029,6357,Spring Boot
9032,6363,Angular
9033,6363,Express
9035,6363,Node.js
9036,6363,React
9037,6363,Vue.js
9038,6364,Express
9040,6364,Node.js
9042,6364,Vue.js
9044,6367,ASP.NET CORE
9047,6367,Express
9050,6367,Node.js
9051,6367,React
9052,6367,Vue.js
9055,6368,Next.js
9057,6368,React
9058,6368,Vue.js
9059,6372,Spring Boot
9060,6375,Angular
9062,6376,ASP.NET
9063,6376,ASP.NET CORE
9064,6376,Express
9065,6376,Node.js
9066,6376,React
9070,6382,React
9071,6382,Vue.js
9074,6385,ASP.NET
9075,6385,ASP.NET CORE
9076,6386,Next.js
9077,6386,Node.js
9078,6386,React
9079,6386,Vue.js
9080,6395,Angular
9081,6395,Express
9084,6395,Next.js
9085,6395,Node.js
9086,6395,React
9087,6395,Spring Boot
9088,6395,Vue.js
9090,6398,Angular
9091,6398,Express
9092,6398,Node.js
9097,6400,React
9098,6400,Spring Boot
9099,6402,Express
9100,6402,Next.js
9101,6402,Node.js
9102,6402,React
9104,6403,Express
9105,6403,Node.js
9106,6403,React
9107,6409,Express
9108,6409,Node.js
9109,6409,React
9110,6411,ASP.NET CORE
9111,6411,Express
9112,6411,Node.js
9113,6411,React
9114,6411,Vue.js
9115,6414,Angular
9116,6414,ASP.NET
9117,6414,ASP.NET CORE
9118,6415,Express
9119,6415,Next.js
9120,6415,React
9121,6415,Spring Boot
9122,6416,Angular
9123,6416,ASP.NET
9124,6416,ASP.NET CORE
9125,6416,React
9128,6420,jQuery
9131,6420,Vue.js
9135,6424,ASP.NET
9136,6424,ASP.NET CORE
9138,6425,Angular
9140,6425,ASP.NET
9141,6425,ASP.NET CORE
9143,6426,Spring Boot
9144,6432,ASP.NET
9146,6434,Next.js
9147,6434,React
9148,6441,Angular
9149,6441,ASP.NET CORE
9150,6441,Node.js
9151,6443,Next.js
9152,6443,React
9155,6444,Node.js
9158,6450,Angular
9159,6450,Express
9162,6450,Node.js
9165,6454,Node.js
9166,6454,React
9167,6455,Express
9168,6455,Node.js
9169,6455,React
9170,6460,ASP.NET CORE
9173,6460,Node.js
9174,6467,Node.js
9175,6467,React
9176,6467,Vue.js
9178,6468,ASP.NET CORE
9180,6470,Next.js
9181,6470,Node.js
9182,6473,Node.js
9183,6473,React
9184,6474,ASP.NET CORE
9186,6474,Next.js
9187,6474,Node.js
9189,6474,Vue.js
9190,6476,Express
9193,6476,Next.js
9195,6476,React
9196,6476,Vue.js
9197,6478,Angular
9200,6478,Node.js
9202,6478,Vue.js
9206,6480,jQuery
9207,6480,Node.js
9208,6480,React
9211,6482,ASP.NET
9212,6482,ASP.NET CORE
9213,6482,jQuery
9216,6485,Express
9219,6485,Next.js
9220,6485,Node.js
9221,6485,React
9222,6486,Express
9223,6486,Next.js
9224,6486,Node.js
9226,6486,React
9230,6491,Vue.js
9232,6493,jQuery
9233,6493,Node.js
9236,6495,React
9237,6503,Angular
9239,6503,React
9241,6503,Vue.js
9243,6510,ASP.NET
9244,6510,Node.js
9247,6515,React
9249,6516,Express
9251,6516,jQuery
9252,6516,Next.js
9253,6516,Node.js
9254,6516,React
9258,6535,jQuery
9259,6535,React
9261,6538,jQuery
9262,6538,Node.js
9263,6538,React
9264,6546,React
9266,6552,Spring Boot
9267,6554,Angular
9268,6554,ASP.NET CORE
9270,6554,Express
9271,6554,Next.js
9272,6554,Node.js
9273,6554,React
9274,6554,Vue.js
9276,6555,Express
9277,6555,Next.js
9278,6555,Node.js
9279,6555,React
9280,6558,Express
9282,6558,Node.js
9283,6558,React
9284,6561,ASP.NET CORE
9287,6561,jQuery
9290,6568,Node.js
9291,6568,React
9294,6569,Next.js
9295,6569,React
9296,6571,Spring Boot
9297,6581,Express
9299,6581,Next.js
9300,6581,Node.js
9301,6581,React
9302,6584,Angular
9305,6584,jQuery
9306,6584,Node.js
9308,6584,Vue.js
9310,6586,Next.js
9311,6586,Node.js
9313,6589,jQuery
9316,6594,ASP.NET CORE
9318,6594,React
9319,6594,Vue.js
9320,6595,Angular
9324,6595,Next.js
9325,6595,Node.js
9327,6596,jQuery
9328,6596,React
9330,6604,React
9332,6609,jQuery
9333,6609,Next.js
9336,6616,Spring Boot
9338,6631,Next.js
9339,6631,Node.js
9340,6631,React
9341,6633,Express
9342,6633,Node.js
9343,6633,React
9344,6638,Next.js
9345,6638,Node.js
9348,6639,ASP.NET CORE
9350,6644,Next.js
9351,6644,Node.js
9352,6644,React
9353,6647,Angular
9354,6647,Express
9355,6647,Next.js
9356,6647,Node.js
9357,6650,jQuery
9358,6650,React
9360,6651,jQuery
9361,6651,Node.js
9365,6653,jQuery
9367,6653,Node.js
9368,6653,Vue.js
9370,6655,React
9372,6659,Angular
9373,6659,Express
9374,6659,Node.js
9375,6659,React
9376,6660,Express
9378,6660,Node.js
9379,6660,React
9380,6661,Express
9382,6661,Next.js
9383,6661,Node.js
9385,6661,React
9386,6669,Express
9388,6669,Next.js
9389,6669,Node.js
9390,6669,React
9393,6672,React
9396,6676,React
9397,6678,Express
9398,6678,Next.js
9399,6678,Node.js
9400,6678,React
9401,6679,ASP.NET
9402,6679,jQuery
9403,6680,ASP.NET
9404,6680,ASP.NET CORE
9405,6680,jQuery
9406,6680,Next.js
9407,6680,React
9408,6680,Vue.js
9411,6682,Express
9412,6682,jQuery
9414,6682,Next.js
9415,6682,Node.js
9416,6682,React
9417,6682,Spring Boot
9418,6682,Vue.js
9421,6683,ASP.NET CORE
9422,6683,Next.js
9423,6683,Node.js
9424,6683,React
9425,6685,Angular
9427,6685,Node.js
9428,6685,React
9430,6685,Vue.js
9431,6687,Express
9434,6687,Node.js
9435,6687,React
9436,6689,Angular
9438,6689,Express
9439,6689,jQuery
9440,6689,Node.js
9441,6689,Spring Boot
9443,6690,Node.js
9445,6690,React
9446,6690,Vue.js
9449,6693,Express
9453,6696,Angular
9454,6696,ASP.NET
9455,6696,ASP.NET CORE
9456,6696,jQuery
9458,6701,React
9459,6703,jQuery
9461,6715,Node.js
9464,6724,Next.js
9465,6724,React
9466,6725,ASP.NET CORE
9467,6730,Express
9471,6733,Express
9472,6733,jQuery
9473,6733,Next.js
9474,6733,Node.js
9475,6733,React
9477,6734,ASP.NET CORE
9480,6735,ASP.NET
9481,6735,ASP.NET CORE
9483,6735,Next.js
9484,6735,Node.js
9485,6735,React
9486,6740,Angular
9487,6740,Node.js
9489,6745,Vue.js
9492,6746,Node.js
9493,6746,React
9494,6746,Spring Boot
9495,6747,Node.js
9496,6747,React
9500,6748,Next.js
9501,6748,Node.js
9502,6748,React
9505,6752,jQuery
9506,6752,Next.js
9509,6753,Angular
9511,6753,Express
9512,6753,jQuery
9514,6753,Next.js
9515,6753,Node.js
9516,6753,React
9521,6759,Spring Boot
9522,6761,Next.js
9523,6761,React
9526,6765,jQuery
9528,6766,Express
9530,6766,Node.js
9531,6766,React
9532,6766,Spring Boot
9537,6772,Next.js
9538,6772,Node.js
9539,6772,React
9543,6775,Vue.js
9544,6776,Vue.js
9545,6778,Angular
9547,6778,Next.js
9548,6778,Node.js
9549,6778,React
9552,6781,jQuery
9553,6781,Node.js
9554,6781,Vue.js
9556,6785,Next.js
9557,6785,Node.js
9558,6785,React
9559,6791,ASP.NET
9560,6791,Express
9561,6791,Node.js
9562,6791,React
9563,6791,Vue.js
9564,6792,Express
9566,6792,Next.js
9567,6792,Node.js
9568,6792,React
9569,6795,Node.js
9570,6798,ASP.NET
9571,6798,ASP.NET CORE
9572,6798,Express
9573,6798,Node.js
9574,6798,React
9575,6801,ASP.NET
9576,6801,ASP.NET CORE
9578,6801,React
9579,6801,Spring Boot
9580,6801,Vue.js
9582,6804,React
9586,6805,jQuery
9587,6805,Vue.js
9588,6810,Angular
9589,6810,Express
9592,6810,jQuery
9594,6810,Next.js
9595,6810,Node.js
9596,6810,React
9597,6812,Next.js
9598,6812,Node.js
9600,6812,React
9601,6812,Spring Boot
9602,6813,ASP.NET
9603,6813,ASP.NET CORE
9604,6813,jQuery
9606,6817,ASP.NET
9609,6817,Node.js
9610,6817,React
9612,6818,Node.js
9613,6818,React
9614,6823,Angular
9616,6823,ASP.NET
9617,6823,ASP.NET CORE
9619,6823,jQuery
9620,6823,Vue.js
9623,6828,Next.js
9624,6828,React
9627,6830,Next.js
9628,6830,Node.js
9629,6830,React
9632,6831,Express
9635,6831,Next.js
9636,6831,Node.js
9637,6831,React
9641,6834,React
9642,6835,Next.js
9643,6835,React
9647,6839,jQuery
9648,6839,Next.js
9649,6839,Node.js
9650,6839,React
9653,6840,Node.js
9661,6846,Node.js
9662,6846,React
9663,6848,ASP.NET CORE
9666,6848,Vue.js
9667,6851,Express
9668,6851,Next.js
9669,6851,Node.js
9671,6851,React
9672,6851,Vue.js
9675,6852,Node.js
9676,6852,React
9677,6859,Angular
9680,6859,jQuery
9681,6859,Node.js
9682,6859,Spring Boot
9684,6868,Next.js
9686,6870,ASP.NET
9687,6870,ASP.NET CORE
9689,6874,ASP.NET
9693,6874,jQuery
9694,6874,Node.js
9696,6876,Angular
9697,6876,Node.js
9700,6878,ASP.NET
9701,6878,ASP.NET CORE
9702,6878,jQuery
9703,6878,Node.js
9704,6878,React
9706,6882,Node.js
9709,6883,Express
9710,6883,Node.js
9711,6883,React
9716,6887,Node.js
9718,6887,React
9720,6891,Node.js
9721,6891,Spring Boot
9723,6893,Node.js
9724,6893,Spring Boot
9725,6896,Express
9726,6896,Node.js
9727,6896,React
9729,6902,jQuery
9732,6902,Vue.js
9733,6904,Express
9734,6904,Node.js
9737,6910,ASP.NET CORE
9739,6913,ASP.NET
9740,6913,ASP.NET CORE
9742,6913,jQuery
9744,6913,Node.js
9745,6913,Vue.js
9747,6916,Express
9750,6916,Node.js
9752,6918,Express
9753,6918,Next.js
9754,6918,Node.js
9756,6918,React
9758,6919,Vue.js
9759,6920,Angular
9760,6920,jQuery
9761,6920,Node.js
9762,6920,React
9763,6920,Spring Boot
9765,6921,Next.js
9766,6921,React
9768,6923,Next.js
9769,6923,Node.js
9770,6923,React
9772,6929,Angular
9773,6929,ASP.NET
9774,6929,Express
9777,6929,Node.js
9778,6929,React
9780,6935,Node.js
9782,6937,React
9785,6953,Next.js
9786,6953,Node.js
9787,6953,React
9790,6954,React
9795,6958,Next.js
9796,6958,Node.js
9797,6958,React
9800,6962,Express
9803,6962,Next.js
9804,6962,Node.js
9805,6962,React
9807,6967,ASP.NET
9808,6967,ASP.NET CORE
9809,6967,React
9810,6969,Express
9811,6969,Node.js
9813,6969,Vue.js
9816,6971,React
9817,6977,Angular
9820,6977,Express
9822,6977,jQuery
9823,6977,Next.js
9824,6977,Node.js
9825,6977,React
9826,6977,Spring Boot
9828,6980,ASP.NET CORE
9830,6980,Next.js
9831,6980,React
9832,6981,Angular
9833,6981,ASP.NET CORE
9835,6981,Express
9836,6981,jQuery
9837,6981,Next.js
9838,6981,Node.js
9839,6981,React
9840,6982,Angular
9842,6982,Spring Boot
9845,6983,React
9846,6989,Node.js
9847,6989,React
9848,6991,Angular
9850,6991,ASP.NET
9851,6991,ASP.NET CORE
9852,6991,jQuery
9853,6991,React
9856,6998,Spring Boot
9858,7002,Spring Boot
9859,7003,ASP.NET
9860,7003,ASP.NET CORE
9861,7007,Angular
9862,7007,Express
9863,7007,Node.js
9864,7009,Express
9865,7009,Next.js
9866,7009,Node.js
9867,7009,React
9870,7022,React
9871,7026,Angular
9872,7026,Express
9873,7026,Node.js
9874,7026,Spring Boot
9880,7034,Express
9881,7034,Node.js
9882,7034,React
9884,7041,Angular
9887,7041,Express
9892,7041,Node.js
9893,7041,React
9894,7041,Vue.js
9896,7042,Angular
9897,7042,ASP.NET
9898,7042,ASP.NET CORE
9899,7042,jQuery
9900,7043,Node.js
9901,7044,Angular
9902,7044,React
9903,7047,Angular
9904,7052,jQuery
9908,7054,Angular
9910,7054,Node.js
9912,7055,ASP.NET
9913,7055,ASP.NET CORE
9916,7055,Express
9919,7055,Next.js
9920,7055,Node.js
9921,7055,React
9924,7057,ASP.NET
9925,7057,ASP.NET CORE
9927,7061,Next.js
9928,7061,Node.js
9930,7061,React
9934,7062,Node.js
9935,7062,React
9936,7062,Spring Boot
9937,7065,Node.js
9938,7065,React
9942,7073,React
9944,7080,Node.js
9945,7080,React
9949,7089,ASP.NET CORE
9951,7089,React
9952,7092,ASP.NET CORE
9954,7095,ASP.NET
9955,7095,ASP.NET CORE
9958,7095,jQuery
9959,7095,React
9963,7099,React
9965,7100,Angular
9966,7100,ASP.NET
9967,7100,ASP.NET CORE
9968,7100,jQuery
9969,7101,Angular
9971,7101,ASP.NET
9972,7101,ASP.NET CORE
9973,7101,jQuery
9974,7101,Spring Boot
9975,7104,Angular
9976,7104,ASP.NET CORE
9981,7105,Express
9983,7105,jQuery
9985,7105,Next.js
9986,7105,Node.js
9987,7105,React
9989,7105,Vue.js
9991,7108,Angular
9992,7108,ASP.NET CORE
9994,7108,Express
9995,7108,Node.js
9996,7108,React
9999,7109,Angular
10001,7109,ASP.NET
10002,7109,ASP.NET CORE
10005,7109,jQuery
10006,7109,Next.js
10007,7109,Node.js
10008,7109,React
10011,7112,Next.js
10013,7121,ASP.NET
10015,7125,ASP.NET
10017,7125,Express
10020,7125,jQuery
10022,7125,Node.js
10023,7125,React
10025,7126,Angular
10028,7126,Express
10032,7126,Node.js
10034,7126,React
10036,7126,Vue.js
10038,7127,Express
10042,7127,Next.js
10043,7127,Node.js
10044,7127,React
10046,7128,jQuery
10047,7128,Next.js
10048,7136,ASP.NET
10049,7136,ASP.NET CORE
10050,7136,Express
10051,7136,React
10053,7140,Next.js
10054,7140,React
10055,7140,Vue.js
10062,7146,Node.js
10064,7156,Next.js
10065,7156,Node.js
10066,7156,React
10067,7156,Spring Boot
10068,7157,Angular
10071,7157,Express
10072,7157,Next.js
10073,7157,Node.js
10074,7157,React
10077,7157,Spring Boot
10079,7158,Express
10080,7158,Node.js
10081,7160,Angular
10082,7160,jQuery
10084,7161,jQuery
10086,7161,Node.js
10087,7164,Angular
10088,7164,Express
10089,7164,Node.js
10090,7164,Spring Boot
10091,7167,Express
10092,7167,Node.js
10093,7167,React
10094,7171,Angular
10095,7171,ASP.NET
10096,7171,ASP.NET CORE
10098,7171,Next.js
10099,7171,React
10100,7175,Angular
10101,7175,ASP.NET
10102,7175,ASP.NET CORE
10103,7185,jQuery
10105,7185,React
10107,7185,Vue.js
10108,7186,React
10111,7187,Node.js
10114,7193,Angular
10115,7193,Express
10116,7193,Node.js
10117,7193,React
10118,7193,Spring Boot
10120,7195,Express
10121,7195,Node.js
10122,7195,React
10123,7196,Spring Boot
10125,7197,jQuery
10126,7200,Spring Boot
10127,7201,ASP.NET
10128,7201,ASP.NET CORE
10129,7205,Express
10130,7205,jQuery
10132,7208,Express
10135,7208,Node.js
10136,7208,React
10139,7210,Node.js
10140,7211,ASP.NET
10142,7211,Vue.js
10144,7219,Spring Boot
10146,7221,Node.js
10147,7221,Vue.js
10148,7222,Angular
10149,7222,ASP.NET
10150,7222,ASP.NET CORE
10151,7222,Node.js
10152,7222,Spring Boot
10154,7223,Node.js
10155,7223,React
10156,7223,Spring Boot
10157,7224,Spring Boot
10159,7225,jQuery
10161,7227,Express
10162,7227,jQuery
10163,7227,Node.js
10167,7227,Vue.js
10169,7231,Express
10171,7231,jQuery
10172,7231,Next.js
10173,7231,Node.js
10175,7231,React
10177,7231,Vue.js
10178,7232,ASP.NET CORE
10181,7237,ASP.NET CORE
10184,7237,Express
10185,7237,jQuery
10187,7237,Node.js
10188,7237,React
10189,7238,Express
10190,7238,Next.js
10191,7238,Node.js
10192,7238,React
10195,7243,Node.js
10196,7243,React
10198,7246,React
10200,7249,Spring Boot
10201,7251,Angular
10202,7251,React
10203,7256,Angular
10204,7256,jQuery
10205,7256,Next.js
10206,7256,React
10209,7263,Angular
10214,7263,jQuery
10217,7263,React
10219,7263,Spring Boot
10222,7264,ASP.NET CORE
10224,7266,ASP.NET
10225,7266,jQuery
10226,7266,Node.js
10228,7269,Angular
10229,7269,ASP.NET CORE
10230,7269,Express
10232,7269,Node.js
10233,7270,ASP.NET CORE
10235,7271,ASP.NET CORE
10236,7271,Node.js
10237,7271,React
10238,7274,jQuery
10240,7274,Node.js
10241,7274,Vue.js
10243,7277,jQuery
10245,7278,Angular
10247,7278,ASP.NET
10248,7278,ASP.NET CORE
10249,7278,Express
10251,7278,Next.js
10252,7278,Node.js
10253,7278,React
10255,7278,Vue.js
10257,7283,Express
10258,7283,Node.js
10259,7283,React
10263,7288,Next.js
10264,7288,React
10266,7290,Express
10267,7290,Next.js
10268,7290,Node.js
10269,7290,React
10274,7293,React
10277,7298,Express
10279,7298,Node.js
10280,7298,React
10281,7298,Spring Boot
10282,7298,Vue.js
10285,7300,Next.js
10286,7300,Node.js
10288,7300,React
10290,7300,Vue.js
10292,7303,ASP.NET
10293,7303,ASP.NET CORE
10294,7303,Vue.js
10296,7305,jQuery
10302,7309,Next.js
10303,7309,Node.js
10304,7309,React
10306,7316,Next.js
10307,7316,Node.js
10308,7316,React
10312,7321,Angular
10313,7321,ASP.NET
10314,7321,ASP.NET CORE
10316,7324,Next.js
10317,7324,React
10319,7325,Angular
10321,7326,Angular
10323,7326,Spring Boot
10325,7331,jQuery
10326,7332,Spring Boot
10328,7334,ASP.NET
10329,7334,ASP.NET CORE
10332,7334,jQuery
10333,7334,Spring Boot
10334,7334,Vue.js
10335,7339,Angular
10337,7339,Express
10338,7339,jQuery
10339,7339,Node.js
10341,7339,React
10342,7339,Vue.js
10343,7341,Next.js
10344,7341,Node.js
10345,7341,React
10348,7346,Node.js
10349,7346,Vue.js
10350,7350,Angular
10351,7350,Next.js
10352,7350,Spring Boot
10354,7351,Angular
10357,7351,Next.js
10359,7351,React
10360,7351,Spring Boot
10364,7363,jQuery
10366,7363,Next.js
10367,7363,Node.js
10368,7363,React
10369,7367,Angular
10372,7367,React
10373,7369,Angular
10374,7369,ASP.NET
10375,7369,ASP.NET CORE
10376,7369,jQuery
10377,7369,React
10379,7375,Express
10382,7375,Next.js
10383,7375,Node.js
10384,7375,React
10385,7381,Spring Boot
10386,7385,Angular
10387,7385,ASP.NET
10388,7385,ASP.NET CORE
10391,7386,React
10392,7388,Express
10393,7388,Next.js
10394,7388,Node.js
10395,7388,React
10396,7391,Express
10398,7391,Node.js
10401,7391,Vue.js
10403,7396,React
10404,7397,Express
10406,7397,Node.js
10409,7397,Vue.js
10410,7398,Express
10412,7398,Next.js
10413,7398,Node.js
10414,7398,React
10415,7398,Spring Boot
10416,7404,jQuery
10417,7404,Node.js
10418,7404,React
10419,7406,Node.js
10420,7406,Spring Boot
10422,7406,Vue.js
10424,7410,Angular
10428,7410,jQuery
10429,7410,Node.js
10430,7410,React
10431,7410,Spring Boot
10432,7410,Vue.js
10434,7412,ASP.NET
10435,7412,ASP.NET CORE
10436,7412,jQuery
10437,7412,Node.js
10438,7418,Angular
10440,7418,ASP.NET
10441,7418,ASP.NET CORE
10442,7418,Express
10443,7418,jQuery
10444,7418,Next.js
10445,7418,Node.js
10446,7418,React
10448,7421,ASP.NET CORE
10450,7424,Express
10451,7424,Next.js
10452,7424,Node.js
10453,7424,React
10454,7426,Next.js
10455,7426,React
10457,7427,Angular
10459,7427,ASP.NET
10460,7427,ASP.NET CORE
10463,7427,Next.js
10465,7427,React
10467,7427,Vue.js
10468,7429,Angular
10469,7429,React
10470,7429,Spring Boot
10471,7430,Express
10473,7430,Next.js
10474,7430,Node.js
10475,7430,React
10477,7431,Express
10480,7431,Node.js
10482,7431,Vue.js
10483,7435,Angular
10484,7435,jQuery
10485,7435,Node.js
10486,7435,Spring Boot
10488,7436,Angular
10489,7436,React
10492,7437,Node.js
10493,7437,React
10494,7446,Angular
10499,7446,Next.js
10500,7446,Node.js
10501,7446,React
10502,7446,Spring Boot
10505,7447,Express
10507,7447,Next.js
10508,7447,Node.js
10510,7447,React
10511,7447,Vue.js
10512,7451,Angular
10514,7451,ASP.NET
10515,7451,ASP.NET CORE
10517,7451,Next.js
10518,7451,Node.js
10519,7451,React
10521,7455,React
10523,7456,jQuery
10525,7456,Node.js
10526,7456,Vue.js
10530,7460,jQuery
10531,7460,Next.js
10532,7460,Node.js
10533,7460,React
10537,7461,Express
10538,7461,jQuery
10539,7461,Node.js
10540,7461,Spring Boot
10541,7465,ASP.NET CORE
10542,7465,React
10543,7468,Angular
10545,7468,ASP.NET
10546,7468,ASP.NET CORE
10547,7468,Express
10549,7468,jQuery
10550,7468,Node.js
10551,7468,React
10552,7468,Spring Boot
10554,7470,ASP.NET
10558,7474,Express
10561,7474,Node.js
10562,7474,React
10563,7475,Angular
10565,7475,ASP.NET
10566,7475,ASP.NET CORE
10567,7475,jQuery
10568,7475,Node.js
10569,7475,React
10571,7477,ASP.NET CORE
10572,7477,React
10575,7482,Express
10577,7482,jQuery
10579,7482,Next.js
10580,7482,Node.js
10581,7482,React
10582,7482,Vue.js
10585,7483,Next.js
10586,7483,React
10588,7485,Node.js
10590,7485,React
10591,7490,ASP.NET CORE
10592,7499,Angular
10593,7499,ASP.NET CORE
10594,7499,React
10595,7500,Express
10596,7500,jQuery
10597,7500,Node.js
10598,7500,React
10599,7500,Spring Boot
10600,7502,ASP.NET
10601,7502,ASP.NET CORE
10603,7502,Node.js
10604,7502,React
10606,7504,Express
10607,7504,jQuery
10611,7504,Vue.js
10612,7506,Express
10613,7506,Node.js
10614,7506,React
10615,7513,Angular
10620,7513,jQuery
10622,7513,Next.js
10623,7513,Node.js
10625,7513,React
10627,7513,Vue.js
10628,7514,Angular
10629,7514,ASP.NET CORE
10636,7516,Next.js
10637,7516,Node.js
10638,7516,React
10639,7517,Angular
10641,7518,Next.js
10642,7518,Node.js
10643,7518,React
10645,7521,Angular
10647,7521,ASP.NET
10648,7521,ASP.NET CORE
10650,7521,jQuery
10652,7521,Node.js
10655,7525,Express
10657,7525,Next.js
10658,7525,Node.js
10659,7525,React
10662,7530,Angular
10663,7530,ASP.NET CORE
10668,7534,Vue.js
10670,7535,ASP.NET
10671,7535,ASP.NET CORE
10672,7535,jQuery
10673,7535,React
10674,7537,Angular
10677,7537,Node.js
10678,7537,React
10679,7537,Spring Boot
10683,7542,Node.js
10687,7545,jQuery
10688,7546,ASP.NET
10689,7546,ASP.NET CORE
10690,7549,ASP.NET
10691,7549,ASP.NET CORE
10692,7549,jQuery
10694,7555,ASP.NET
10695,7555,ASP.NET CORE
10696,7555,React
10698,7574,Spring Boot
10700,7576,Next.js
10701,7576,React
10702,7577,Angular
10703,7577,Node.js
10705,7581,Next.js
10706,7581,Node.js
10707,7581,Spring Boot
10708,7582,Angular
10709,7582,ASP.NET CORE
10710,7582,React
10712,7584,React
10713,7586,ASP.NET
10714,7586,ASP.NET CORE
10718,7589,React
10719,7590,Angular
10720,7590,ASP.NET
10722,7590,Express
10724,7590,jQuery
10726,7590,Node.js
10727,7590,Vue.js
10729,7598,ASP.NET
10730,7598,ASP.NET CORE
10731,7598,jQuery
10733,7602,ASP.NET CORE
10734,7602,Node.js
10735,7602,React
10736,7603,Angular
10742,7603,Next.js
10743,7603,Node.js
10744,7603,React
10748,7604,React
10750,7608,Angular
10751,7608,Express
10752,7608,Next.js
10754,7608,Spring Boot
10755,7610,Angular
10757,7610,Express
10758,7610,jQuery
10759,7610,Next.js
10760,7610,Node.js
10761,7610,React
10762,7610,Spring Boot
10763,7610,Vue.js
10764,7612,ASP.NET
10765,7612,ASP.NET CORE
10771,7614,Angular
10772,7614,ASP.NET
10773,7614,ASP.NET CORE
10774,7614,Express
10775,7614,Node.js
10776,7614,React
10778,7618,Next.js
10779,7618,Node.js
10780,7618,React
10781,7620,ASP.NET
10782,7620,jQuery
10785,7623,jQuery
10786,7623,Vue.js
10788,7624,jQuery
10790,7625,Express
10791,7625,jQuery
10792,7625,Next.js
10793,7625,Node.js
10795,7625,React
10798,7625,Vue.js
10799,7627,Spring Boot
10800,7629,Angular
10802,7629,React
10803,7629,Vue.js
10809,7634,jQuery
10811,7634,React
10814,7634,Vue.js
10817,7643,ASP.NET
10818,7643,ASP.NET CORE
10819,7643,jQuery
10820,7644,Angular
10823,7644,Node.js
10824,7648,Next.js
10825,7648,Node.js
10826,7648,React
10829,7653,Express
10831,7653,Next.js
10832,7653,Node.js
10833,7653,React
10835,7653,Vue.js
10839,7657,jQuery
10840,7657,Node.js
10843,7663,Angular
10845,7663,Next.js
10846,7663,React
10847,7668,Spring Boot
10848,7670,Angular
10852,7670,Node.js
10853,7670,React
10854,7671,Next.js
10855,7671,React
10856,7672,ASP.NET
10857,7672,ASP.NET CORE
10859,7672,jQuery
10860,7672,React
10861,7672,Spring Boot
10862,7672,Vue.js
10865,7675,Express
10868,7675,Node.js
10870,7675,React
10871,7675,Vue.js
10872,7676,Angular
10873,7676,ASP.NET CORE
10877,7681,Next.js
10878,7681,Node.js
10879,7683,React
10880,7685,Next.js
10881,7685,Node.js
10882,7685,React
10886,7690,Angular
10888,7690,ASP.NET
10889,7690,ASP.NET CORE
10897,7690,Express
10903,7690,jQuery
10906,7690,Next.js
10907,7690,Node.js
10911,7690,React
10915,7690,Spring Boot
10919,7690,Vue.js
10923,7692,Node.js
10926,7693,Spring Boot
10933,7699,React
10936,7699,Vue.js
10938,7702,Angular
10940,7702,ASP.NET
10941,7702,ASP.NET CORE
10946,7702,jQuery
10948,7702,Next.js
10949,7702,Node.js
10950,7702,React
10953,7702,Vue.js
10956,7703,ASP.NET CORE
10957,7703,React
10958,7704,Angular
10960,7704,ASP.NET CORE
10961,7704,React
10962,7704,Spring Boot
10963,7711,Angular
10966,7711,Vue.js
10968,7712,Express
10972,7712,Node.js
10973,7712,React
10974,7712,Vue.js
10976,7713,React
10978,7718,jQuery
10982,7719,Angular
10983,7719,Next.js
10984,7719,Spring Boot
10985,7723,ASP.NET CORE
10986,7726,Express
10987,7726,Next.js
10988,7726,Node.js
10989,7726,React
10990,7729,jQuery
10991,7729,Spring Boot
10992,7735,ASP.NET CORE
10995,7741,Angular
10996,7741,ASP.NET
10997,7741,ASP.NET CORE
11000,7745,Next.js
11001,7745,React
11006,7746,Express
11008,7746,jQuery
11009,7746,Node.js
11010,7746,React
11012,7746,Vue.js
11014,7748,Spring Boot
11017,7752,Next.js
11018,7752,React
11022,7753,ASP.NET
11023,7755,ASP.NET
11024,7755,ASP.NET CORE
11025,7755,React
11027,7770,jQuery
11031,7773,Vue.js
11034,7774,Node.js
11036,7776,Spring Boot
11038,7781,Angular
11040,7781,jQuery
11041,7781,Next.js
11042,7781,Node.js
11044,7782,Spring Boot
11049,7784,Vue.js
11051,7789,ASP.NET CORE
11053,7789,Next.js
11054,7789,Node.js
11056,7789,React
11058,7789,Vue.js
11059,7791,ASP.NET CORE
11060,7791,Express
11062,7791,Next.js
11063,7791,Node.js
11064,7791,React
11065,7792,Angular
11066,7792,ASP.NET
11067,7792,ASP.NET CORE
11070,7793,Node.js
11071,7793,Spring Boot
11072,7796,Node.js
11073,7796,React
11074,7801,Next.js
11075,7801,Node.js
11077,7801,React
11078,7802,Next.js
11079,7802,Node.js
11080,7802,React
11081,7802,Spring Boot
11082,7803,Angular
11085,7803,Express
11086,7803,Next.js
11087,7803,Node.js
11088,7806,Next.js
11089,7806,Node.js
11090,7806,React
11094,7808,React
11096,7809,Next.js
11097,7809,Node.js
11098,7809,React
11100,7811,jQuery
11101,7811,Next.js
11102,7811,Node.js
11103,7811,React
11106,7812,Vue.js
11107,7816,Angular
11108,7816,Express
11110,7816,Next.js
11111,7816,Node.js
11112,7816,React
11113,7816,Spring Boot
11115,7823,ASP.NET CORE
11116,7825,ASP.NET CORE
11118,7825,Next.js
11119,7825,Node.js
11120,7825,React
11124,7826,Vue.js
11126,7828,jQuery
11129,7831,ASP.NET
11134,7831,jQuery
11136,7831,React
11138,7831,Vue.js
11140,7833,Express
11141,7833,Node.js
11142,7833,Vue.js
11144,7836,Node.js
11145,7836,React
11149,7843,Angular
11151,7843,ASP.NET
11152,7843,ASP.NET CORE
11155,7844,Express
11158,7844,Node.js
11159,7844,React
11161,7848,Node.js
11162,7848,React
11163,7856,Express
11166,7856,Node.js
11167,7856,React
11169,7857,Express
11171,7857,Node.js
11172,7857,React
11173,7857,Vue.js
11174,7863,Express
11175,7863,Node.js
11176,7863,Spring Boot
11177,7863,Vue.js
11178,7864,Node.js
11179,7864,Spring Boot
11180,7864,Vue.js
11181,7868,Angular
11182,7868,ASP.NET
11183,7868,ASP.NET CORE
11184,7868,Node.js
11185,7868,React
11186,7869,Angular
11188,7869,ASP.NET
11189,7869,ASP.NET CORE
11190,7869,Express
11191,7869,jQuery
11192,7869,Node.js
11193,7869,React
11194,7873,ASP.NET
11195,7873,jQuery
11198,7873,React
11200,7875,Next.js
11201,7875,React
11202,7877,Angular
11205,7877,Express
11208,7877,jQuery
11210,7877,Node.js
11211,7877,React
11213,7882,Express
11214,7882,Node.js
11216,7884,jQuery
11218,7884,Vue.js
11221,7885,Vue.js
11222,7886,Angular
11224,7886,Next.js
11228,7887,React
11229,7887,Vue.js
11230,7891,ASP.NET
11231,7891,ASP.NET CORE
11233,7891,jQuery
11234,7891,Next.js
11235,7891,Node.js
11236,7892,Angular
11237,7892,ASP.NET
11238,7892,ASP.NET CORE
11240,7900,ASP.NET CORE
11241,7900,Next.js
11242,7900,Node.js
11243,7900,React
11249,7905,React
11251,7906,Node.js
11252,7906,React
11253,7910,jQuery
11254,7910,Node.js
11255,7910,React
11257,7914,Angular
11259,7914,jQuery
11260,7914,Node.js
11261,7915,Angular
11262,7915,jQuery
11264,7915,Node.js
11267,7917,Node.js
11268,7917,React
11269,7921,ASP.NET
11270,7921,ASP.NET CORE
11271,7922,React
11273,7923,Express
11276,7923,Next.js
11277,7923,Node.js
11279,7923,React
11281,7923,Vue.js
11285,7924,Node.js
11286,7927,Next.js
11287,7927,Node.js
11288,7928,jQuery
11291,7933,Angular
11293,7933,Express
11295,7933,Next.js
11296,7933,Node.js
11297,7933,React
11299,7935,Express
11301,7935,jQuery
11302,7935,Next.js
11303,7935,Node.js
11304,7935,React
11305,7936,Spring Boot
11307,7938,Next.js
11308,7938,Node.js
11309,7938,React
11311,7939,Spring Boot
11312,7943,ASP.NET
11313,7943,ASP.NET CORE
11317,7944,Angular
11319,7944,ASP.NET
11320,7944,ASP.NET CORE
11323,7944,jQuery
11324,7944,Next.js
11325,7944,Node.js
11326,7944,React
11329,7948,Express
11330,7948,Node.js
11331,7948,Vue.js
11333,7952,React
11334,7955,Angular
11336,7955,jQuery
11338,7955,Node.js
11339,7955,Spring Boot
11340,7955,Vue.js
11341,7958,Angular
11343,7958,jQuery
11344,7958,Spring Boot
11345,7963,ASP.NET CORE
11346,7964,Express
11348,7964,Node.js
11349,7964,React
11350,7975,Express
11352,7975,Next.js
11353,7975,Node.js
11354,7975,React
11357,7976,Vue.js
11358,7978,Angular
11359,7978,Express
11362,7978,Node.js
11364,7978,Vue.js
11365,7979,Angular
11368,7979,Express
11369,7979,jQuery
11372,7979,Next.js
11373,7979,Node.js
11374,7979,React
11375,7979,Spring Boot
11377,7981,ASP.NET
11378,7981,ASP.NET CORE
11381,7981,Express
11383,7981,jQuery
11385,7981,Node.js
11386,7981,React
11389,7982,ASP.NET
11390,7982,ASP.NET CORE
11391,7982,Node.js
11392,7982,React
11393,7985,Angular
11394,7985,Spring Boot
11395,7988,ASP.NET
11396,7988,ASP.NET CORE
11398,7992,ASP.NET CORE
11401,7992,Express
11402,7992,jQuery
11406,7998,React
11408,8001,Angular
11412,8001,Express
11415,8001,jQuery
11418,8001,Next.js
11419,8001,Node.js
11420,8001,React
11421,8001,Vue.js
11423,8004,ASP.NET CORE
11425,8004,jQuery
11426,8007,Vue.js
11427,8008,Node.js
11428,8008,React
11430,8014,Node.js
11431,8014,React
11432,8015,Angular
11434,8015,Node.js
11435,8015,React
11436,8015,Vue.js
11437,8016,Angular
11442,8020,React
11443,8020,Spring Boot
11444,8022,jQuery
11445,8023,ASP.NET CORE
11446,8023,Node.js
11447,8023,Vue.js
11448,8025,ASP.NET
11449,8025,ASP.NET CORE
11451,8026,Node.js
11452,8026,React
11453,8026,Spring Boot
11454,8028,Angular
11456,8028,ASP.NET
11457,8028,ASP.NET CORE
11458,8029,Angular
11459,8029,Node.js
11460,8029,Spring Boot
11461,8030,Angular
11462,8030,jQuery
11463,8030,Node.js
11464,8032,Angular
11465,8032,Spring Boot
11466,8034,Node.js
11467,8034,Spring Boot
11468,8038,Angular
11470,8038,Node.js
11471,8038,React
11472,8038,Spring Boot
11473,8040,jQuery
11476,8040,Vue.js
11478,8043,Angular
11481,8049,ASP.NET
11483,8049,Node.js
11485,8051,ASP.NET
11488,8051,jQuery
11489,8054,Express
11491,8054,Node.js
11492,8054,React
11493,8054,Spring Boot
11494,8058,React
11496,8066,Angular
11498,8066,ASP.NET
11499,8066,ASP.NET CORE
11502,8066,jQuery
11503,8066,Node.js
11504,8066,React
11506,8069,Angular
11507,8069,ASP.NET
11508,8069,ASP.NET CORE
11509,8069,jQuery
11511,8069,Next.js
11512,8069,Node.js
11513,8069,React
11517,8077,Next.js
11518,8077,React
11519,8080,Express
11521,8080,Node.js
11522,8080,React
11526,8081,Vue.js
11527,8082,Angular
11533,8082,Next.js
11535,8082,React
11537,8082,Vue.js
11538,8083,ASP.NET CORE
11539,8085,Angular
11540,8085,Express
11542,8085,Next.js
11543,8085,Node.js
11544,8085,React
11545,8087,Angular
11546,8087,ASP.NET
11547,8087,ASP.NET CORE
11548,8087,jQuery
11550,8090,jQuery
11553,8090,Vue.js
11554,8091,Angular
11556,8091,ASP.NET
11557,8091,ASP.NET CORE
11559,8094,Express
11560,8094,Next.js
11561,8094,Node.js
11563,8094,React
11564,8094,Spring Boot
11566,8094,Vue.js
11567,8097,Angular
11569,8097,Spring Boot
11570,8098,Express
11572,8098,Node.js
11573,8098,React
11574,8100,Angular
11575,8100,jQuery
11577,8100,Next.js
11578,8100,Node.js
11579,8100,React
11582,8101,Vue.js
11583,8106,Angular
11584,8106,ASP.NET
11585,8106,ASP.NET CORE
11586,8106,Node.js
11587,8106,Vue.js
11588,8112,ASP.NET CORE
11589,8112,React
11590,8115,Angular
11592,8115,Express
11594,8115,Next.js
11595,8115,Node.js
11596,8115,React
11597,8121,Angular
11598,8121,ASP.NET
11599,8121,ASP.NET CORE
11601,8121,jQuery
11605,8126,jQuery
11606,8126,Node.js
11607,8126,React
11611,8129,Next.js
11612,8129,Node.js
11613,8129,React
11615,8131,Spring Boot
11616,8133,Express
11617,8133,jQuery
11618,8133,Node.js
11620,8140,Vue.js
11622,8141,Vue.js
11623,8151,Angular
11624,8151,ASP.NET CORE
11627,8151,Express
11629,8151,Next.js
11630,8151,React
11631,8152,Node.js
11632,8152,React
11633,8152,Vue.js
11635,8153,Express
11636,8153,jQuery
11638,8153,Node.js
11639,8159,Express
11640,8159,Next.js
11641,8159,Node.js
11642,8159,React
11644,8161,Node.js
11645,8161,React
11646,8161,Spring Boot
11647,8162,ASP.NET CORE
11650,8163,Next.js
11651,8163,React
11652,8163,Spring Boot
11653,8165,Angular
11656,8165,React
11657,8167,Express
11658,8167,Next.js
11659,8167,React
11660,8176,ASP.NET CORE
11663,8176,jQuery
11664,8176,Node.js
11666,8180,jQuery
11667,8180,React
11670,8181,Angular
11672,8181,ASP.NET
11673,8181,ASP.NET CORE
11676,8181,Express
11679,8181,jQuery
11681,8181,Node.js
11682,8181,React
11684,8181,Vue.js
11687,8186,ASP.NET
11688,8186,ASP.NET CORE
11692,8186,jQuery
11693,8186,React
11694,8186,Spring Boot
11697,8189,jQuery
11698,8189,Node.js
11699,8189,React
11701,8189,Vue.js
11702,8191,Next.js
11704,8191,React
11706,8194,Express
11709,8194,Next.js
11710,8194,Node.js
11711,8194,React
11715,8196,Express
11717,8196,Node.js
11718,8196,React
11719,8200,ASP.NET CORE
11720,8200,React
11721,8205,Angular
11722,8205,ASP.NET
11723,8205,ASP.NET CORE
11724,8207,Angular
11725,8207,ASP.NET
11726,8207,ASP.NET CORE
11727,8207,Express
11728,8207,jQuery
11729,8207,Node.js
11732,8209,jQuery
11733,8211,Angular
11734,8211,ASP.NET CORE
11741,8220,Express
11743,8220,jQuery
11745,8220,Spring Boot
11746,8220,Vue.js
11747,8222,Angular
11748,8222,Express
11749,8222,jQuery
11750,8222,Node.js
11751,8222,React
11753,8223,Express
11754,8223,Node.js
11755,8223,React
11756,8223,Vue.js
11759,8225,Express
11761,8225,Next.js
11762,8225,Node.js
11763,8225,React
11766,8225,Vue.js
11768,8233,Angular
11769,8233,Express
11770,8233,Node.js
11771,8233,React
11774,8236,jQuery
11775,8236,Node.js
11776,8236,Spring Boot
11777,8239,Express
11779,8239,Next.js
11780,8239,Node.js
11781,8239,React
11783,8241,Express
11785,8241,Next.js
11786,8241,Node.js
11787,8241,React
11788,8243,ASP.NET CORE
11789,8243,Express
11790,8243,jQuery
11791,8243,React
11792,8251,Express
11794,8251,jQuery
11795,8251,Node.js
11796,8251,React
11798,8253,ASP.NET CORE
11799,8253,jQuery
11800,8253,Vue.js
11802,8261,ASP.NET
11803,8261,ASP.NET CORE
11805,8261,jQuery
11806,8261,Node.js
11809,8263,jQuery
11810,8263,Node.js
11811,8263,React
11812,8263,Vue.js
11815,8264,React
11816,8267,Next.js
11818,8267,React
11819,8268,Node.js
11820,8268,React
11821,8268,Spring Boot
11822,8270,Angular
11824,8270,Express
11827,8270,jQuery
11829,8270,Node.js
11830,8270,React
11831,8270,Spring Boot
11832,8271,Angular
11834,8271,ASP.NET
11835,8271,ASP.NET CORE
11837,8271,jQuery
11839,8275,ASP.NET
11840,8275,ASP.NET CORE
11842,8275,Express
11844,8275,jQuery
11845,8275,Next.js
11846,8275,React
11847,8279,ASP.NET CORE
11850,8279,Node.js
11851,8279,React
11854,8282,Spring Boot
11856,8282,Vue.js
11858,8283,Next.js
11859,8283,Node.js
11860,8283,React
11861,8283,Spring Boot
11863,8290,jQuery
11865,8290,Vue.js
11869,8296,Express
11871,8296,Next.js
11872,8296,Node.js
11873,8296,React
11874,8296,Vue.js
11875,8298,ASP.NET CORE
11877,8301,ASP.NET
11878,8301,ASP.NET CORE
11879,8302,ASP.NET CORE
11882,8311,ASP.NET CORE
11883,8311,Express
11884,8312,Angular
11886,8312,jQuery
11887,8312,Spring Boot
11888,8313,Node.js
11889,8314,Express
11890,8314,jQuery
11891,8314,Node.js
11892,8314,Vue.js
11897,8321,React
11900,8325,ASP.NET CORE
11903,8332,Next.js
11904,8332,React
11905,8334,ASP.NET
11906,8334,jQuery
11908,8334,Vue.js
11911,8335,jQuery
11912,8335,React
11913,8337,Angular
11915,8337,Node.js
11916,8337,Spring Boot
11920,8339,jQuery
11921,8339,Node.js
11923,8339,Vue.js
11924,8340,Next.js
11926,8341,Spring Boot
11927,8344,Angular
11929,8344,jQuery
11930,8344,Next.js
11931,8344,Node.js
11932,8344,React
11935,8350,Vue.js
11936,8357,ASP.NET
11937,8357,ASP.NET CORE
11940,8358,ASP.NET CORE
11946,8359,jQuery
11947,8359,Next.js
11948,8359,Node.js
11949,8359,React
11951,8360,ASP.NET
11952,8360,ASP.NET CORE
11953,8366,Express
11956,8366,Next.js
11957,8366,Node.js
11958,8366,React
11961,8367,jQuery
11962,8367,Node.js
11963,8367,Spring Boot
11964,8368,ASP.NET CORE
11965,8368,Express
11967,8368,jQuery
11968,8368,Node.js
11969,8368,React
11970,8368,Spring Boot
11971,8368,Vue.js
11972,8372,Angular
11973,8372,ASP.NET
11974,8372,ASP.NET CORE
11975,8372,Express
11976,8372,jQuery
11977,8372,Next.js
11978,8372,Node.js
11979,8372,React
11981,8372,Spring Boot
11983,8373,Angular
11985,8373,Express
11987,8373,Next.js
11988,8373,Node.js
11989,8373,React
11990,8373,Vue.js
11996,8377,Next.js
11997,8377,Node.js
11999,8377,React
12002,8384,Angular
12003,8384,ASP.NET CORE
12005,8389,Express
12006,8389,Node.js
12007,8389,React
12011,8392,jQuery
12013,8392,Vue.js
12014,8395,Express
12018,8395,Node.js
12019,8395,React
12020,8395,Vue.js
12023,8407,Express
12024,8407,jQuery
12025,8407,Next.js
12026,8407,Node.js
12028,8407,React
12030,8407,Vue.js
12031,8409,ASP.NET
12032,8409,ASP.NET CORE
12034,8409,jQuery
12035,8410,Express
12036,8410,jQuery
12038,8410,Node.js
12039,8410,React
12041,8412,jQuery
12043,8412,React
12046,8413,jQuery
12047,8413,Node.js
12048,8413,React
12049,8413,Vue.js
12050,8415,React
12056,8423,jQuery
12057,8423,Spring Boot
12061,8424,jQuery
12062,8426,Spring Boot
12063,8426,Vue.js
12064,8429,ASP.NET
12065,8429,ASP.NET CORE
12066,8434,Express
12069,8434,Next.js
12070,8434,React
12073,8438,ASP.NET
12074,8438,ASP.NET CORE
12075,8438,jQuery
12076,8446,Node.js
12077,8446,React
12078,8449,ASP.NET
12082,8449,React
12084,8450,Vue.js
12088,8451,Vue.js
12089,8454,Express
12091,8454,Next.js
12092,8454,Node.js
12093,8454,React
12095,8455,Angular
12096,8455,ASP.NET
12097,8455,ASP.NET CORE
12098,8455,jQuery
12099,8455,Node.js
12101,8457,Angular
12102,8457,Express
12103,8457,jQuery
12104,8457,Node.js
12106,8460,jQuery
12107,8460,Node.js
12108,8460,React
12109,8460,Vue.js
12110,8468,Express
12111,8468,Next.js
12112,8468,Node.js
12113,8468,React
12115,8469,Angular
12116,8469,Spring Boot
12117,8469,Vue.js
12118,8470,ASP.NET
12119,8470,ASP.NET CORE
12122,8470,Express
12123,8470,Node.js
12125,8472,ASP.NET CORE
12126,8472,Node.js
12127,8472,React
12128,8472,Spring Boot
12129,8477,Angular
12134,8477,Node.js
12135,8477,React
12137,8480,jQuery
12140,8480,Vue.js
12142,8486,Angular
12143,8486,ASP.NET
12144,8486,ASP.NET CORE
12146,8486,jQuery
12147,8486,Node.js
12148,8486,Vue.js
12154,8492,jQuery
12156,8492,Node.js
12158,8495,React
12159,8499,jQuery
12161,8502,Angular
12162,8502,Express
12163,8502,jQuery
12165,8502,Next.js
12166,8502,Node.js
12167,8502,React
12171,8504,ASP.NET
12172,8504,ASP.NET CORE
12173,8504,Node.js
12174,8504,React
12176,8507,Next.js
12177,8507,Node.js
12178,8507,React
12179,8508,Next.js
12180,8508,Node.js
12181,8508,React
12183,8514,Angular
12184,8514,Spring Boot
12185,8518,Express
12188,8518,Next.js
12189,8518,Node.js
12190,8518,React
12191,8518,Vue.js
12192,8520,Express
12193,8520,Node.js
12194,8520,Vue.js
12196,8521,React
12197,8522,ASP.NET
12200,8522,Node.js
12202,8522,Spring Boot
12205,8524,Express
12206,8524,jQuery
12208,8527,Next.js
12209,8527,Node.js
12210,8527,React
12212,8529,React
12213,8529,Vue.js
12217,8531,Next.js
12218,8531,Node.js
12219,8531,React
12220,8537,Angular
12227,8548,Node.js
12231,8553,jQuery
12232,8553,Node.js
12233,8559,jQuery
12238,8560,jQuery
12239,8560,Node.js
12240,8560,React
12241,8560,Vue.js
12242,8563,ASP.NET
12243,8563,ASP.NET CORE
12244,8563,jQuery
12245,8564,jQuery
12249,8565,Angular
12250,8565,jQuery
12251,8565,Node.js
12252,8565,React
12254,8569,Angular
12256,8569,Express
12257,8569,Node.js
12258,8569,Spring Boot
12260,8570,Express
12263,8571,ASP.NET CORE
12264,8574,Angular
12266,8574,Node.js
12268,8574,React
12269,8574,Vue.js
12270,8576,Angular
12271,8576,ASP.NET CORE
12273,8580,jQuery
12277,8581,Express
12279,8581,Node.js
12280,8581,React
12281,8582,jQuery
12283,8583,ASP.NET CORE
12284,8583,React
12285,8586,Node.js
12286,8586,React
12287,8587,Express
12290,8587,Node.js
12291,8587,Vue.js
12293,8588,Vue.js
12294,8590,Angular
12296,8590,ASP.NET
12297,8590,ASP.NET CORE
12299,8590,jQuery
12300,8590,Node.js
12301,8590,React
12303,8592,Angular
12304,8592,ASP.NET
12305,8592,ASP.NET CORE
12308,8592,jQuery
12309,8592,Node.js
12312,8593,Express
12313,8593,Node.js
12314,8593,React
12315,8595,Angular
12317,8595,jQuery
12318,8595,Node.js
12319,8595,React
12320,8597,Spring Boot
12322,8598,Express
12323,8598,jQuery
12325,8598,Node.js
12326,8598,React
12328,8598,Spring Boot
12330,8598,Vue.js
12333,8601,ASP.NET
12334,8601,ASP.NET CORE
12335,8601,jQuery
12336,8602,ASP.NET
12337,8602,ASP.NET CORE
12339,8602,Node.js
12340,8602,React
12341,8603,Node.js
12342,8603,Vue.js
12343,8606,React
12346,8609,Next.js
12347,8609,React
12348,8611,Spring Boot
12351,8613,Next.js
12352,8613,React
12355,8615,Next.js
12356,8615,Node.js
12358,8618,Angular
12359,8618,Spring Boot
12360,8619,Spring Boot
12361,8621,Next.js
12362,8621,React
12363,8622,Express
12365,8622,Node.js
12366,8622,React
12369,8628,Express
12370,8628,jQuery
12371,8628,Node.js
12374,8628,Vue.js
12375,8630,ASP.NET CORE
12377,8632,Next.js
12378,8632,Node.js
12379,8632,React
12380,8634,Express
12381,8634,Next.js
12382,8634,React
12383,8635,Express
12384,8635,Node.js
12385,8635,Spring Boot
12386,8635,Vue.js
12388,8637,jQuery
12389,8637,Node.js
12390,8637,Vue.js
12395,8643,Vue.js
12399,8648,Node.js
12400,8650,Express
12401,8650,Next.js
12402,8650,Node.js
12403,8650,React
12404,8653,Angular
12405,8653,Express
12406,8653,jQuery
12408,8656,Angular
12409,8656,ASP.NET
12410,8656,ASP.NET CORE
12411,8657,Spring Boot
12412,8661,ASP.NET
12413,8661,ASP.NET CORE
12415,8661,jQuery
12416,8667,Angular
12417,8667,ASP.NET
12420,8667,jQuery
12421,8667,React
12422,8667,Spring Boot
12424,8667,Vue.js
12426,8669,Angular
12430,8669,Express
12433,8669,jQuery
12434,8669,Node.js
12435,8669,React
12438,8669,Vue.js
12440,8670,Express
12441,8670,Node.js
12443,8670,Vue.js
12444,8672,Angular
12445,8672,ASP.NET
12446,8672,ASP.NET CORE
12447,8672,React
12450,8674,ASP.NET CORE
12451,8675,ASP.NET
12452,8675,ASP.NET CORE
12454,8675,Next.js
12455,8675,Node.js
12458,8677,Vue.js
12461,8682,Angular
12462,8682,Node.js
12463,8682,React
12464,8685,Angular
12466,8685,Express
12470,8685,Next.js
12471,8685,Node.js
12473,8685,React
12476,8685,Vue.js
12478,8689,Next.js
12479,8689,Node.js
12480,8689,React
12481,8689,Vue.js
12482,8690,Angular
12483,8690,ASP.NET CORE
12486,8691,Vue.js
12490,8692,Vue.js
12493,8701,jQuery
12494,8703,Express
12495,8703,jQuery
12496,8703,Node.js
12497,8703,React
12499,8704,Node.js
12500,8708,ASP.NET
12501,8708,Node.js
12503,8714,Spring Boot
12504,8717,ASP.NET
12505,8717,jQuery
12506,8717,Node.js
12508,8718,Next.js
12509,8718,Node.js
12510,8718,React
12511,8720,Spring Boot
12512,8721,Angular
12514,8721,ASP.NET
12516,8721,Next.js
12517,8721,Node.js
12520,8722,ASP.NET CORE
12522,8723,Next.js
12525,8735,Express
12526,8735,Next.js
12527,8735,Node.js
12528,8735,React
12529,8750,Angular
12531,8750,ASP.NET
12532,8750,ASP.NET CORE
12533,8750,React
12534,8751,Node.js
12535,8751,React
12536,8751,Spring Boot
12538,8751,Vue.js
12540,8755,jQuery
12542,8755,Next.js
12543,8755,React
12545,8759,ASP.NET CORE
12546,8759,React
12547,8763,Next.js
12548,8763,Node.js
12549,8763,React
12550,8763,Spring Boot
12552,8764,ASP.NET
12553,8764,ASP.NET CORE
12554,8776,Angular
12555,8776,ASP.NET
12556,8776,ASP.NET CORE
12557,8776,jQuery
12558,8778,Express
12559,8778,jQuery
12562,8778,Next.js
12563,8778,Node.js
12564,8778,React
12565,8778,Vue.js
12566,8780,ASP.NET
12567,8780,ASP.NET CORE
12569,8783,Angular
12570,8783,ASP.NET CORE
12573,8783,Vue.js
12575,8786,Next.js
12576,8786,Node.js
12577,8786,React
12579,8786,Vue.js
12582,8787,React
12583,8789,ASP.NET
12584,8789,ASP.NET CORE
12586,8789,jQuery
12587,8791,Express
12589,8791,Next.js
12590,8791,Node.js
12591,8791,React
12594,8793,Express
12596,8793,jQuery
12598,8793,Node.js
12599,8793,React
12600,8793,Vue.js
12607,8795,Next.js
12608,8795,Node.js
12609,8795,React
12612,8796,jQuery
12613,8796,Node.js
12616,8797,ASP.NET CORE
12618,8802,Angular
12620,8802,Express
12621,8802,jQuery
12624,8802,Next.js
12625,8802,Node.js
12627,8802,React
12629,8802,Vue.js
12631,8803,ASP.NET
12632,8803,ASP.NET CORE
12633,8803,Express
12636,8803,jQuery
12638,8803,Next.js
12639,8803,Node.js
12640,8803,React
12643,8809,ASP.NET CORE
12644,8810,Angular
12645,8810,ASP.NET
12646,8810,ASP.NET CORE
12648,8810,Express
12649,8810,jQuery
12650,8810,Node.js
12651,8816,Angular
12653,8816,ASP.NET
12654,8816,ASP.NET CORE
12656,8819,Node.js
12658,8821,Express
12659,8821,Next.js
12660,8821,Node.js
12661,8821,React
12664,8822,React
12666,8824,ASP.NET
12667,8824,ASP.NET CORE
12668,8824,React
12671,8825,jQuery
12673,8827,Express
12675,8827,jQuery
12676,8827,Next.js
12677,8827,Node.js
12679,8827,React
12683,8836,Angular
12684,8836,ASP.NET
12685,8836,ASP.NET CORE
12690,8850,Angular
12692,8850,ASP.NET
12693,8850,ASP.NET CORE
12695,8850,jQuery
12696,8850,Next.js
12697,8850,Node.js
12698,8850,React
12699,8852,Angular
12702,8852,Express
12704,8852,jQuery
12705,8852,Node.js
12706,8852,React
12707,8853,ASP.NET CORE
12709,8853,React
12711,8858,Node.js
12712,8858,React
12714,8860,ASP.NET CORE
12715,8860,Node.js
12716,8860,React
12717,8862,Node.js
12718,8863,Angular
12719,8863,ASP.NET
12720,8863,ASP.NET CORE
12722,8863,Express
12725,8863,Next.js
12726,8863,Node.js
12728,8863,React
12730,8864,ASP.NET CORE
12731,8864,Express
12732,8864,React
12734,8866,Next.js
12735,8866,Node.js
12736,8866,React
12737,8867,Angular
12738,8867,Express
12740,8867,Node.js
12741,8867,React
12742,8867,Spring Boot
12743,8869,Angular
12745,8870,Angular
12751,8870,jQuery
12752,8870,React
12755,8871,Node.js
12759,8876,Next.js
12760,8876,React
12764,8878,jQuery
12765,8878,Node.js
12767,8878,React
12770,8880,ASP.NET CORE
12773,8889,Node.js
12775,8892,Express
12776,8892,Next.js
12777,8892,Node.js
12778,8892,React
12780,8892,Spring Boot
12781,8894,Angular
12783,8894,Node.js
12784,8894,React
12785,8894,Vue.js
12787,8897,ASP.NET
12788,8897,ASP.NET CORE
12789,8897,jQuery
12790,8902,Angular
12791,8902,ASP.NET
12792,8902,ASP.NET CORE
12793,8902,jQuery
12794,8902,Node.js
12795,8908,ASP.NET
12796,8908,ASP.NET CORE
12797,8912,Vue.js
12798,8914,jQuery
12800,8914,Vue.js
12801,8915,React
12802,8918,React
12804,8920,Angular
12806,8920,ASP.NET
12808,8920,jQuery
12809,8920,Node.js
12810,8920,React
12812,8920,Vue.js
12813,8923,ASP.NET
12814,8923,Express
12815,8923,Node.js
12816,8923,Vue.js
12818,8928,ASP.NET CORE
12820,8928,Vue.js
12822,8931,React
12823,8931,Spring Boot
12824,8937,ASP.NET
12825,8937,ASP.NET CORE
12827,8937,Vue.js
12828,8938,Express
12829,8938,Node.js
12831,8939,jQuery
12832,8939,Node.js
12833,8946,Angular
12834,8946,Spring Boot
12835,8950,Angular
12836,8950,ASP.NET
12837,8950,ASP.NET CORE
12841,8955,ASP.NET
12842,8955,ASP.NET CORE
12843,8955,React
12844,8960,Angular
12845,8960,Express
12846,8960,Next.js
12847,8960,Node.js
12848,8960,React
12849,8960,Spring Boot
12850,8962,Angular
12851,8962,ASP.NET CORE
12853,8962,Vue.js
12854,8969,Node.js
12855,8969,Vue.js
12858,8972,React
12859,8975,Next.js
12860,8975,Node.js
12862,8975,React
12863,8984,Express
12864,8984,Node.js
12865,8984,React
12866,8985,React
12867,8985,Spring Boot
12868,8990,ASP.NET
12869,8990,ASP.NET CORE
12873,8996,Express
12874,8996,Node.js
12875,8996,React
12876,8998,Next.js
12877,8998,Node.js
12878,8998,React
12880,9000,jQuery
12881,9000,React
12882,9006,jQuery
12883,9006,Node.js
12884,9010,Spring Boot
12885,9011,ASP.NET
12886,9011,ASP.NET CORE
12888,9011,Vue.js
12891,9015,Angular
12892,9015,Express
12893,9015,Next.js
12895,9015,Spring Boot
12896,9018,jQuery
12897,9018,Node.js
12899,9020,ASP.NET
12900,9020,ASP.NET CORE
12902,9021,Express
12904,9021,Next.js
12905,9021,Node.js
12906,9021,React
12908,9021,Spring Boot
12910,9022,Node.js
12911,9022,React
12912,9022,Vue.js
12913,9026,React
12914,9026,Spring Boot
12915,9032,React
12917,9033,Next.js
12918,9033,React
12922,9034,Node.js
12923,9034,Spring Boot
12924,9037,ASP.NET CORE
12925,9037,Vue.js
12926,9038,Angular
12928,9038,Node.js
12929,9038,React
12930,9038,Vue.js
12933,9040,Node.js
12934,9040,React
12936,9041,Vue.js
12937,9051,Next.js
12938,9051,Node.js
12939,9051,React
12942,9053,Node.js
12946,9057,Node.js
12947,9057,React
12951,9062,React
12952,9064,ASP.NET
12953,9065,ASP.NET CORE
12954,9068,Angular
12955,9068,Node.js
12956,9068,Vue.js
12959,9078,jQuery
12961,9079,Angular
12964,9079,Next.js
12965,9079,React
12968,9079,Vue.js
12971,9082,Express
12974,9082,Next.js
12975,9082,Node.js
12977,9082,React
12978,9082,Vue.js
12979,9085,Express
12982,9085,Node.js
12984,9085,React
12985,9085,Spring Boot
12986,9085,Vue.js
12990,9089,Node.js
12993,9090,Angular
12994,9090,ASP.NET CORE
12995,9093,React
12996,9095,Express
12997,9095,jQuery
12999,9095,Next.js
13000,9095,Node.js
13001,9095,React
13002,9098,Next.js
13003,9098,Node.js
13004,9098,React
13005,9098,Spring Boot
13006,9101,Express
13007,9101,jQuery
13008,9101,Node.js
13009,9108,Express
13010,9108,Node.js
13011,9108,React
13012,9108,Spring Boot
13014,9109,Express
13019,9109,Next.js
13020,9109,Node.js
13021,9109,React
13023,9111,React
13025,9112,React
13027,9113,React
13029,9114,React
13030,9114,Spring Boot
13033,9115,React
13034,9116,Next.js
13035,9116,Node.js
13036,9116,React
13038,9118,ASP.NET CORE
13039,9118,jQuery
13040,9118,React
13043,9119,React
13044,9120,Angular
13046,9120,ASP.NET
13047,9120,jQuery
13049,9120,Node.js
13050,9120,Vue.js
13051,9124,Angular
13052,9124,React
13053,9124,Spring Boot
13054,9127,Node.js
13055,9127,React
13057,9128,jQuery
13058,9128,Node.js
13063,9132,React
13064,9133,jQuery
13065,9133,Next.js
13066,9133,Node.js
13067,9133,React
13069,9135,Express
13073,9135,Next.js
13074,9135,Node.js
13075,9135,React
13076,9138,Spring Boot
13077,9141,Angular
13078,9141,ASP.NET
13079,9141,ASP.NET CORE
13080,9143,Angular
13081,9143,ASP.NET CORE
13082,9143,Express
13083,9143,React
13085,9145,Next.js
13086,9145,Node.js
13087,9145,React
13089,9148,jQuery
13090,9148,React
13092,9150,Angular
13093,9151,ASP.NET
13094,9151,ASP.NET CORE
13096,9151,React
13098,9152,Next.js
13099,9152,React
13102,9153,Node.js
13104,9157,jQuery
13105,9161,Angular
13106,9161,Express
13108,9161,Node.js
13109,9161,React
13110,9161,Spring Boot
13112,9166,Node.js
13114,9170,React
13115,9173,ASP.NET
13116,9173,jQuery
13117,9175,Express
13118,9175,Node.js
13119,9175,React
13120,9177,Node.js
13121,9177,React
13123,9179,ASP.NET CORE
13124,9180,Angular
13126,9180,Express
13130,9180,jQuery
13132,9180,Node.js
13135,9182,Express
13136,9182,Next.js
13138,9182,React
13141,9184,Angular
13143,9184,Node.js
13144,9184,Spring Boot
13145,9185,Express
13146,9185,Node.js
13147,9185,React
13149,9187,ASP.NET
13150,9187,ASP.NET CORE
13151,9188,Angular
13153,9188,Express
13156,9188,jQuery
13157,9188,Node.js
13158,9188,React
13159,9190,Express
13160,9190,Node.js
13162,9190,Vue.js
13163,9191,Node.js
13164,9191,React
13165,9196,jQuery
13166,9196,Next.js
13167,9196,Node.js
13168,9196,React
13171,9197,React
13173,9200,jQuery
13174,9200,React
13176,9200,Vue.js
13177,9213,ASP.NET
13178,9213,ASP.NET CORE
13180,9213,Express
13181,9213,Node.js
13182,9213,React
13184,9214,Node.js
13186,9222,React
13188,9222,Vue.js
13190,9223,Vue.js
13191,9226,ASP.NET CORE
13193,9229,jQuery
13196,9230,Spring Boot
13197,9233,Angular
13198,9233,ASP.NET
13199,9233,ASP.NET CORE
13202,9233,Node.js
13203,9233,React
13204,9235,Vue.js
13208,9238,React
13209,9238,Vue.js
13210,9239,Angular
13211,9239,Node.js
13212,9240,Angular
13213,9240,ASP.NET
13214,9240,ASP.NET CORE
13215,9240,Node.js
13216,9243,Angular
13218,9243,Next.js
13219,9243,React
13220,9248,ASP.NET CORE
13221,9248,React
13222,9257,Angular
13224,9259,Node.js
13226,9260,Node.js
13227,9260,React
13230,9267,Next.js
13232,9267,React
13234,9268,ASP.NET CORE
13236,9271,Angular
13237,9271,Spring Boot
13238,9273,Angular
13242,9273,Node.js
13243,9274,Angular
13246,9274,Next.js
13247,9274,Node.js
13248,9274,React
13249,9274,Spring Boot
13250,9274,Vue.js
13255,9290,Angular
13259,9290,Node.js
13260,9290,Spring Boot
13263,9295,Angular
13264,9295,Express
13266,9295,Node.js
13267,9297,Angular
13269,9297,ASP.NET CORE
13270,9297,Express
13271,9297,Node.js
13272,9297,Spring Boot
13273,9297,Vue.js
13275,9298,Node.js
13276,9299,Express
13277,9299,Next.js
13278,9299,React
13279,9303,Express
13282,9303,Node.js
13283,9303,React
13284,9304,ASP.NET
13285,9304,ASP.NET CORE
13286,9308,ASP.NET
13287,9308,ASP.NET CORE
13289,9308,React
13290,9309,ASP.NET
13291,9309,ASP.NET CORE
13292,9314,Angular
13297,9314,jQuery
13298,9314,Spring Boot
13299,9314,Vue.js
13300,9319,Angular
13302,9319,ASP.NET
13303,9319,ASP.NET CORE
13307,9319,Express
13311,9319,jQuery
13314,9319,Next.js
13315,9319,Node.js
13318,9319,React
13319,9319,Spring Boot
13321,9319,Vue.js
13323,9322,ASP.NET
13324,9322,ASP.NET CORE
13326,9322,jQuery
13327,9322,Node.js
13329,9324,Node.js
13331,9324,Spring Boot
13332,9324,Vue.js
13333,9325,React
13334,9326,ASP.NET CORE
13341,9343,Node.js
13342,9344,Angular
13344,9344,ASP.NET
13349,9344,Express
13351,9344,jQuery
13353,9344,Node.js
13355,9344,Vue.js
13358,9349,Spring Boot
13359,9349,Vue.js
13360,9351,Next.js
13361,9351,Node.js
13362,9351,React
13364,9355,ASP.NET
13365,9355,jQuery
13366,9359,ASP.NET
13367,9359,ASP.NET CORE
13368,9359,Spring Boot
13369,9363,jQuery
13371,9363,React
13372,9363,Vue.js
13373,9366,Angular
13375,9366,ASP.NET CORE
13376,9366,jQuery
13377,9366,React
13379,9370,Express
13381,9370,Next.js
13382,9370,Node.js
13383,9370,React
13385,9371,Node.js
13386,9371,React
13387,9372,jQuery
13388,9372,Node.js
13390,9372,Vue.js
13391,9382,Node.js
13392,9382,React
13393,9382,Spring Boot
13395,9383,Next.js
13396,9383,Node.js
13397,9383,React
13402,9390,jQuery
13403,9390,Next.js
13404,9390,Node.js
13405,9390,React
13409,9393,Express
13413,9393,Next.js
13414,9393,Node.js
13417,9393,React
13421,9393,Vue.js
13426,9396,Angular
13428,9396,Express
13429,9396,jQuery
13431,9396,Next.js
13432,9396,Node.js
13433,9396,React
13434,9399,Next.js
13435,9399,React
13436,9399,Spring Boot
13437,9400,Next.js
13438,9400,React
13439,9400,Spring Boot
13440,9403,ASP.NET
13441,9403,ASP.NET CORE
13442,9403,jQuery
13443,9403,React
13444,9412,Vue.js
13446,9416,jQuery
13449,9417,Spring Boot
13450,9426,Angular
13453,9426,Node.js
13454,9426,React
13455,9426,Spring Boot
13458,9429,Vue.js
13460,9437,Express
13461,9437,jQuery
13462,9437,Node.js
13463,9437,Vue.js
13465,9440,ASP.NET CORE
13467,9443,ASP.NET CORE
13468,9445,Angular
13471,9445,Express
13472,9445,jQuery
13475,9445,Node.js
13478,9445,Vue.js
13481,9450,ASP.NET CORE
13486,9450,Express
13488,9450,jQuery
13490,9450,Next.js
13491,9450,Node.js
13495,9450,React
13499,9450,Spring Boot
13501,9450,Vue.js
13503,9455,ASP.NET
13506,9455,Node.js
13507,9455,React
13510,9460,Angular
13511,9460,ASP.NET
13512,9460,ASP.NET CORE
13513,9460,jQuery
13514,9460,Node.js
13515,9460,React
13516,9460,Spring Boot
13517,9460,Vue.js
13518,9464,Express
13519,9464,Next.js
13520,9464,Node.js
13521,9464,React
13522,9464,Spring Boot
13524,9465,Spring Boot
13525,9465,Vue.js
13527,9467,ASP.NET
13528,9467,jQuery
13531,9468,jQuery
13533,9468,Node.js
13534,9468,React
13535,9468,Spring Boot
13536,9468,Vue.js
13538,9470,Next.js
13539,9470,Node.js
13540,9470,React
13541,9471,Next.js
13542,9471,Node.js
13544,9477,Angular
13545,9477,Node.js
13546,9477,Spring Boot
13547,9478,ASP.NET
13548,9478,jQuery
13550,9481,Spring Boot
13551,9482,Angular
13552,9482,ASP.NET CORE
13553,9482,Node.js
13554,9489,Angular
13555,9489,ASP.NET
13556,9489,ASP.NET CORE
13558,9489,jQuery
13559,9493,Express
13560,9493,Node.js
13561,9493,React
13562,9495,Spring Boot
13563,9502,Express
13564,9502,Next.js
13565,9502,Node.js
13566,9502,React
13568,9504,Next.js
13570,9504,React
13572,9506,jQuery
13573,9506,React
13574,9508,Angular
13576,9508,ASP.NET
13577,9508,Express
13578,9508,jQuery
13579,9508,React
13581,9508,Spring Boot
13583,9509,Spring Boot
13584,9509,Vue.js
13588,9511,jQuery
13589,9512,ASP.NET CORE
13590,9515,Express
13593,9515,Node.js
13595,9515,React
13596,9515,Vue.js
13598,9519,jQuery
13599,9519,Node.js
13601,9522,Angular
13603,9522,Express
13604,9522,Node.js
13605,9522,React
13606,9523,Angular
13607,9523,Express
13609,9523,jQuery
13612,9523,Next.js
13613,9523,Node.js
13614,9523,React
13615,9523,Vue.js
13617,9524,Next.js
13618,9524,Node.js
13619,9524,React
13620,9526,React
13622,9527,ASP.NET
13623,9527,ASP.NET CORE
13625,9527,Next.js
13626,9527,Node.js
13627,9527,React
13628,9529,Angular
13629,9529,Node.js
13630,9529,Vue.js
13632,9530,ASP.NET
13633,9530,Express
13634,9530,jQuery
13637,9530,Next.js
13638,9530,Node.js
13639,9530,React
13640,9530,Spring Boot
13641,9530,Vue.js
13642,9533,jQuery
13645,9533,Vue.js
13647,9540,Angular
13648,9540,React
13649,9542,Node.js
13650,9542,Spring Boot
13651,9545,ASP.NET
13652,9545,ASP.NET CORE
13653,9545,Node.js
13654,9545,React
13655,9549,ASP.NET CORE
13656,9549,React
13658,9551,Angular
13659,9551,Node.js
13660,9551,React
13662,9551,Spring Boot
13663,9553,ASP.NET
13664,9553,ASP.NET CORE
13665,9553,React
13666,9555,ASP.NET
13667,9555,ASP.NET CORE
13669,9555,jQuery
13670,9555,Node.js
13671,9555,React
13672,9556,Next.js
13673,9558,Angular
13675,9558,Spring Boot
13676,9558,Vue.js
13680,9561,Next.js
13681,9561,React
13682,9563,ASP.NET
13683,9563,ASP.NET CORE
13684,9563,React
13685,9564,Angular
13687,9564,ASP.NET
13688,9564,ASP.NET CORE
13689,9564,Express
13691,9564,jQuery
13693,9564,Next.js
13694,9564,Node.js
13695,9564,React
13696,9564,Vue.js
13697,9566,Angular
13699,9566,ASP.NET
13700,9566,ASP.NET CORE
13701,9566,jQuery
13704,9566,React
13705,9566,Vue.js
13706,9567,Angular
13709,9567,Node.js
13710,9567,React
13711,9568,ASP.NET
13712,9568,ASP.NET CORE
13714,9568,jQuery
13716,9579,Express
13717,9579,Next.js
13718,9579,Node.js
13719,9579,React
13722,9581,ASP.NET
13723,9581,Express
13725,9581,Next.js
13726,9581,Node.js
13728,9586,Express
13730,9586,Next.js
13731,9586,Node.js
13732,9586,React
13733,9587,Node.js
13734,9587,React
13736,9587,Spring Boot
13737,9592,Angular
13739,9592,Next.js
13740,9592,React
13741,9594,Node.js
13742,9594,React
13746,9597,React
13747,9599,Angular
13749,9599,Express
13751,9599,Next.js
13752,9599,Node.js
13753,9599,React
13754,9599,Spring Boot
13755,9601,Angular
13757,9601,Express
13760,9601,Node.js
13762,9602,jQuery
13765,9603,jQuery
13766,9603,Node.js
13767,9605,Angular
13769,9605,ASP.NET
13770,9605,ASP.NET CORE
13772,9605,jQuery
13773,9608,React
13777,9611,Express
13779,9611,Next.js
13780,9611,Node.js
13781,9611,React
13783,9613,React
13786,9613,Vue.js
13787,9624,Express
13788,9624,jQuery
13789,9624,React
13791,9626,Next.js
13792,9626,React
13793,9629,Angular
13796,9629,React
13797,9632,Angular
13799,9632,Next.js
13800,9632,Node.js
13802,9632,React
13803,9632,Vue.js
13804,9638,Angular
13806,9638,Express
13808,9638,Node.js
13810,9642,Next.js
13811,9642,Node.js
13812,9642,React
13813,9645,Next.js
13814,9645,Node.js
13815,9645,React
13816,9645,Vue.js
13817,9646,Angular
13819,9646,Next.js
13820,9646,Node.js
13821,9646,React
13822,9649,Angular
13824,9649,ASP.NET
13825,9649,ASP.NET CORE
13829,9649,Express
13834,9649,jQuery
13836,9649,Node.js
13837,9649,React
13840,9649,Vue.js
13843,9652,ASP.NET
13844,9652,ASP.NET CORE
13845,9652,jQuery
13846,9654,ASP.NET CORE
13847,9654,Vue.js
13848,9659,React
13850,9660,jQuery
13851,9660,Next.js
13852,9660,Node.js
13853,9666,jQuery
13856,9668,Next.js
13857,9668,React
13861,9672,ASP.NET
13862,9672,ASP.NET CORE
13866,9672,jQuery
13867,9672,Node.js
13869,9677,ASP.NET CORE
13870,9677,React
13871,9678,Express
13872,9678,Next.js
13873,9678,Node.js
13874,9678,React
13875,9679,Express
13876,9679,Node.js
13879,9681,jQuery
13880,9684,Node.js
13881,9684,React
13882,9684,Spring Boot
13883,9686,Angular
13885,9686,Express
13886,9686,jQuery
13889,9686,Next.js
13890,9686,Node.js
13891,9686,React
13894,9686,Vue.js
13895,9688,React
13896,9692,Vue.js
13897,9696,Angular
13900,9696,jQuery
13901,9696,Node.js
13902,9696,Spring Boot
13903,9696,Vue.js
13904,9700,Express
13905,9700,Node.js
13907,9701,React
13910,9704,Node.js
13911,9704,Spring Boot
13912,9704,Vue.js
13914,9710,React
13916,9714,ASP.NET
13917,9714,ASP.NET CORE
13918,9714,Next.js
13919,9714,Node.js
13920,9714,React
13921,9715,Angular
13922,9715,ASP.NET
13923,9715,ASP.NET CORE
13925,9715,Node.js
13926,9717,Node.js
13927,9717,React
13928,9718,ASP.NET
13929,9718,ASP.NET CORE
13933,9720,Node.js
13935,9722,Next.js
13936,9722,Node.js
13937,9722,React
13940,9724,Express
13942,9724,Next.js
13943,9724,Node.js
13944,9724,React
13945,9725,ASP.NET
13947,9727,jQuery
13950,9727,React
13954,9730,React
13956,9732,React
13957,9732,Vue.js
13959,9734,ASP.NET
13960,9734,ASP.NET CORE
13961,9734,Express
13963,9734,Next.js
13964,9734,Node.js
13965,9734,React
13966,9734,Vue.js
13970,9735,React
13972,9737,Next.js
13973,9737,Node.js
13974,9737,React
13975,9738,Express
13976,9738,Next.js
13977,9738,Node.js
13978,9738,React
13979,9739,ASP.NET CORE
13980,9739,React
13981,9743,Angular
13982,9743,Express
13983,9743,jQuery
13985,9743,Vue.js
13987,9745,Next.js
13988,9745,React
13989,9745,Vue.js
13990,9750,Angular
13991,9750,ASP.NET
13992,9750,ASP.NET CORE
13993,9750,jQuery
13994,9750,Node.js
13995,9752,jQuery
13996,9752,Node.js
13997,9752,Spring Boot
13998,9752,Vue.js
13999,9753,Vue.js
14000,9754,ASP.NET CORE
14001,9754,Node.js
14002,9755,Angular
14006,9755,Next.js
14007,9755,React
14008,9755,Vue.js
14009,9757,Express
14011,9757,Node.js
14012,9757,Vue.js
14013,9759,Express
14014,9759,Node.js
14017,9760,React
14018,9760,Vue.js
14019,9761,ASP.NET
14020,9761,ASP.NET CORE
14021,9761,jQuery
14023,9762,Node.js
14024,9762,React
14025,9762,Spring Boot
14026,9763,Express
14028,9763,Node.js
14029,9763,React
14030,9765,Express
14031,9765,Next.js
14032,9765,Node.js
14033,9765,React
14036,9766,jQuery
14038,9766,Vue.js
14040,9771,Node.js
14044,9774,Express
14047,9774,Next.js
14048,9774,Node.js
14049,9774,React
14052,9776,Node.js
14053,9776,React
14058,9794,jQuery
14059,9794,Vue.js
14061,9798,Next.js
14062,9798,Node.js
14063,9799,ASP.NET
14064,9799,ASP.NET CORE
14068,9799,React
14071,9805,Next.js
14072,9805,React
14077,9809,jQuery
14079,9809,Next.js
14080,9809,Node.js
14081,9809,React
14083,9814,Express
14084,9814,jQuery
14087,9814,Next.js
14088,9814,Node.js
14089,9814,React
14091,9818,ASP.NET CORE
14093,9818,Node.js
14094,9819,React
14095,9819,Spring Boot
14096,9821,Node.js
14099,9825,jQuery
14103,9828,Express
14106,9828,Next.js
14107,9828,Node.js
14108,9828,React
14109,9831,Angular
14110,9831,Next.js
14111,9831,Node.js
14112,9832,React
14113,9841,Express
14115,9841,Node.js
14116,9841,Vue.js
14119,9845,Angular
14121,9845,Express
14123,9845,jQuery
14124,9845,Node.js
14125,9845,React
14126,9845,Spring Boot
14129,9846,Spring Boot
14132,9848,Express
14135,9848,jQuery
14137,9848,Next.js
14138,9848,Node.js
14139,9848,React
14142,9849,Express
14143,9849,Next.js
14144,9849,Node.js
14145,9849,React
14146,9852,jQuery
14147,9852,Node.js
14151,9853,jQuery
14153,9856,Express
14154,9856,Node.js
14155,9856,Vue.js
14156,9861,ASP.NET
14157,9861,ASP.NET CORE
14158,9861,Express
14160,9861,Node.js
14161,9861,React
14162,9861,Spring Boot
14163,9862,Angular
14165,9862,ASP.NET CORE
14166,9865,Spring Boot
14167,9870,ASP.NET CORE
14170,9873,jQuery
14171,9873,React
14173,9873,Vue.js
14174,9874,ASP.NET CORE
14175,9878,Angular
14176,9878,Express
14178,9878,Node.js
14179,9878,React
14184,9884,ASP.NET CORE
14188,9884,jQuery
14189,9884,Spring Boot
14191,9888,Angular
14192,9888,ASP.NET
14193,9888,ASP.NET CORE
14194,9888,React
14195,9888,Vue.js
14196,9891,React
14198,9901,ASP.NET
14199,9901,ASP.NET CORE
14201,9906,Angular
14203,9906,Node.js
14205,9906,Vue.js
14207,9914,ASP.NET CORE
14209,9916,Angular
14210,9916,Express
14213,9918,Express
14215,9918,Next.js
14216,9918,Node.js
14217,9918,React
14218,9920,Express
14219,9920,Next.js
14220,9920,Node.js
14221,9920,React
14222,9926,Angular
14224,9926,Express
14228,9926,Node.js
14234,9938,Express
14235,9938,jQuery
14237,9938,Next.js
14238,9938,Node.js
14239,9938,Vue.js
14240,9939,jQuery
14242,9939,Next.js
14243,9939,Node.js
14244,9939,React
14247,9943,Next.js
14248,9943,React
14251,9945,jQuery
14252,9945,Next.js
14253,9945,Node.js
14254,9945,React
14257,9947,Angular
14258,9948,Express
14259,9948,jQuery
14260,9948,Node.js
14261,9948,Vue.js
14262,9949,Angular
14263,9949,Node.js
14265,9953,Spring Boot
14267,9955,Angular
14268,9955,ASP.NET
14269,9955,Express
14270,9955,jQuery
14272,9955,Next.js
14273,9955,Node.js
14274,9955,React
14277,9957,Next.js
14278,9957,React
14279,9960,Angular
14281,9960,ASP.NET
14282,9960,ASP.NET CORE
14284,9960,Express
14286,9960,Next.js
14287,9960,Node.js
14288,9960,React
14289,9960,Spring Boot
14292,9960,Vue.js
14293,9962,Angular
14294,9962,ASP.NET
14296,9962,Express
14298,9962,jQuery
14300,9962,Node.js
14302,9962,React
14304,9962,Spring Boot
14306,9962,Vue.js
14307,9963,Angular
14310,9963,Vue.js
14311,9964,ASP.NET CORE
14313,9964,Express
14315,9964,Next.js
14316,9964,Node.js
14317,9964,React
14319,9977,Next.js
14320,9977,Node.js
14321,9977,React
14326,9984,Next.js
14327,9984,Node.js
14328,9984,React
14329,9987,ASP.NET CORE
14330,9988,ASP.NET CORE
14332,9988,Node.js
14333,9988,React
14334,9991,React
14335,9993,Express
14336,9993,Node.js
14337,9993,React
14338,9994,Express
14340,9994,React
14342,9997,Angular
14343,9997,ASP.NET
14344,9997,ASP.NET CORE
14345,9997,jQuery
14346,9997,Node.js
14348,9998,jQuery
14349,9998,Node.js
14350,9998,React
14351,9999,React
14352,10002,ASP.NET
14353,10002,ASP.NET CORE
14354,10005,Angular
14355,10014,Angular
14356,10014,ASP.NET
14357,10014,ASP.NET CORE
14359,10014,jQuery
14360,10014,Node.js
14361,10014,React
14362,10014,Spring Boot
14363,10023,Express
14366,10023,Node.js
14367,10027,Angular
14368,10027,ASP.NET CORE
14369,10027,jQuery
14370,10028,Angular
14372,10028,Express
14376,10028,Next.js
14377,10028,Node.js
14378,10028,React
14379,10028,Spring Boot
14382,10029,jQuery
14386,10032,jQuery
14387,10032,Node.js
14388,10032,React
14389,10032,Vue.js
14399,10040,Express
14402,10040,Node.js
14403,10040,React
14404,10045,Express
14406,10045,Next.js
14407,10045,Node.js
14408,10045,React
14411,10048,Angular
14412,10048,ASP.NET CORE
14413,10052,ASP.NET CORE
14414,10052,Express
14416,10052,Next.js
14417,10052,Node.js
14418,10052,React
14419,10052,Spring Boot
14421,10056,ASP.NET
14422,10056,ASP.NET CORE
14426,10060,Express
14428,10060,Next.js
14429,10060,Node.js
14430,10060,React
14432,10063,Express
14433,10063,Next.js
14434,10063,Node.js
14435,10063,React
14437,10066,jQuery
14438,10066,Node.js
14441,10072,Express
14442,10072,Next.js
14443,10072,Node.js
14444,10072,React
14445,10075,ASP.NET
14446,10075,jQuery
14447,10079,jQuery
14448,10079,Node.js
14449,10079,React
14451,10082,Angular
14452,10082,jQuery
14453,10082,React
14454,10082,Spring Boot
14455,10088,Angular
14456,10088,ASP.NET
14457,10088,ASP.NET CORE
14458,10088,jQuery
14459,10088,Next.js
14460,10088,Node.js
14461,10088,React
14462,10088,Spring Boot
14463,10091,jQuery
14467,10093,jQuery
14468,10093,Node.js
14469,10094,Angular
14471,10094,Express
14472,10094,jQuery
14473,10094,Next.js
14474,10094,Node.js
14475,10094,React
14477,10095,Node.js
14478,10095,React
14480,10098,ASP.NET
14481,10098,ASP.NET CORE
14484,10098,React
14485,10099,Angular
14486,10099,Next.js
14487,10099,Node.js
14488,10099,React
14489,10102,jQuery
14490,10102,Spring Boot
14491,10104,Node.js
14492,10104,React
14493,10106,ASP.NET CORE
14497,10106,Spring Boot
14499,10107,ASP.NET
14500,10107,ASP.NET CORE
14503,10107,jQuery
14505,10107,Node.js
14506,10107,React
14507,10107,Vue.js
14509,10108,Angular
14510,10108,ASP.NET
14511,10108,ASP.NET CORE
14514,10108,jQuery
14515,10108,Node.js
14516,10108,Vue.js
14518,10116,ASP.NET CORE
14520,10116,React
14523,10130,jQuery
14524,10130,Node.js
14525,10130,React
14526,10130,Spring Boot
14529,10142,ASP.NET CORE
14532,10142,React
14533,10142,Spring Boot
14534,10144,Angular
14535,10144,Express
14536,10144,Node.js
14538,10145,Angular
14539,10145,jQuery
14540,10145,Node.js
14541,10145,Vue.js
14542,10151,Angular
14543,10151,Express
14544,10151,Next.js
14545,10151,Node.js
14546,10151,React
14547,10152,ASP.NET
14548,10152,ASP.NET CORE
14549,10152,Express
14550,10152,Node.js
14551,10152,React
14552,10152,Vue.js
14553,10155,ASP.NET CORE
14558,10156,Vue.js
14560,10157,Next.js
14561,10157,Node.js
14562,10157,React
14564,10158,jQuery
14566,10158,Node.js
14567,10158,Vue.js
14569,10161,Angular
14571,10161,ASP.NET CORE
14573,10161,jQuery
14574,10161,Node.js
14578,10162,Node.js
14579,10162,Spring Boot
14580,10166,jQuery
14581,10166,Node.js
14582,10168,Angular
14584,10168,Express
14585,10168,Node.js
14587,10168,Spring Boot
14592,10169,Spring Boot
14595,10176,Angular
14598,10176,Node.js
14599,10177,Node.js
14600,10178,Express
14601,10178,Node.js
14602,10179,Angular
14603,10179,ASP.NET
14604,10179,ASP.NET CORE
14605,10179,Node.js
14606,10179,React
14609,10181,Express
14613,10181,Next.js
14614,10181,Node.js
14615,10181,React
14617,10190,Node.js
14619,10191,Angular
14620,10191,ASP.NET
14621,10191,ASP.NET CORE
14623,10191,Express
14624,10191,jQuery
14625,10191,Node.js
14626,10191,Vue.js
14629,10194,ASP.NET CORE
14633,10199,ASP.NET CORE
14635,10199,Node.js
14636,10199,Vue.js
14637,10204,Angular
14638,10204,ASP.NET
14639,10204,ASP.NET CORE
14640,10205,Express
14641,10205,Next.js
14642,10205,Node.js
14644,10205,React
14645,10205,Vue.js
14646,10208,jQuery
14647,10208,Next.js
14648,10208,Node.js
14649,10208,React
14650,10210,Express
14652,10210,Node.js
14653,10211,Express
14654,10211,Next.js
14655,10211,Node.js
14656,10211,React
14657,10213,Angular
14659,10213,Next.js
14660,10213,Node.js
14661,10213,Spring Boot
14662,10215,jQuery
14667,10217,ASP.NET
14668,10217,ASP.NET CORE
14669,10219,ASP.NET CORE
14670,10223,ASP.NET
14671,10223,ASP.NET CORE
14674,10223,jQuery
14675,10223,Node.js
14676,10223,Spring Boot
14679,10229,Express
14681,10229,React
14682,10230,Node.js
14683,10235,Angular
14685,10235,ASP.NET
14686,10235,ASP.NET CORE
14688,10235,Express
14690,10235,jQuery
14691,10235,Node.js
14692,10235,React
14693,10235,Vue.js
14694,10236,Node.js
14695,10236,React
14696,10236,Spring Boot
14698,10237,Express
14699,10237,Next.js
14700,10237,Node.js
14701,10237,React
14703,10238,jQuery
14705,10238,Node.js
14706,10238,Spring Boot
14707,10241,Angular
14709,10241,Express
14711,10241,Next.js
14712,10241,Node.js
14713,10241,React
14715,10241,Vue.js
14717,10242,Express
14718,10242,Spring Boot
14719,10248,Angular
14720,10248,ASP.NET
14721,10248,ASP.NET CORE
14722,10248,Next.js
14723,10248,Node.js
14724,10248,React
14725,10254,Angular
14726,10254,ASP.NET
14727,10254,ASP.NET CORE
14729,10256,Node.js
14732,10259,React
14734,10262,Angular
14735,10262,ASP.NET CORE
14739,10269,Next.js
14740,10272,Express
14743,10272,Node.js
14744,10273,Express
14745,10273,Node.js
14746,10275,Angular
14749,10275,jQuery
14750,10275,Node.js
14751,10275,React
14752,10278,ASP.NET CORE
14753,10278,Node.js
14754,10278,React
14755,10281,ASP.NET CORE
14757,10281,Vue.js
14758,10286,ASP.NET
14759,10286,ASP.NET CORE
14761,10289,ASP.NET
14762,10289,ASP.NET CORE
14764,10289,Express
14765,10289,jQuery
14767,10289,Node.js
14768,10289,React
14770,10289,Spring Boot
14772,10289,Vue.js
14774,10291,Angular
14776,10291,Express
14778,10291,Next.js
14779,10291,Node.js
14780,10291,React
14782,10291,Spring Boot
14784,10293,ASP.NET
14785,10293,ASP.NET CORE
14786,10293,Node.js
14787,10293,Spring Boot
14789,10298,Angular
14790,10298,ASP.NET CORE
14791,10298,Next.js
14792,10298,React
14793,10302,Spring Boot
14798,10308,jQuery
14800,10308,Node.js
14801,10310,ASP.NET CORE
14805,10314,Next.js
14806,10314,Node.js
14807,10314,React
14810,10315,Next.js
14811,10315,Node.js
14812,10315,React
14814,10324,Angular
14815,10324,ASP.NET
14816,10324,ASP.NET CORE
14819,10324,Express
14820,10324,jQuery
14821,10324,Node.js
14824,10326,React
14825,10332,Angular
14826,10332,jQuery
14827,10332,Next.js
14828,10332,Node.js
14829,10332,React
14831,10334,React
14832,10336,Angular
14834,10336,ASP.NET
14835,10336,ASP.NET CORE
14837,10336,jQuery
14840,10336,Next.js
14841,10336,Node.js
14843,10336,React
14844,10336,Vue.js
14847,10339,Express
14850,10339,Next.js
14851,10339,Node.js
14852,10339,React
14853,10339,Vue.js
14854,10340,Angular
14855,10340,ASP.NET CORE
14856,10353,Angular
14858,10353,Express
14859,10353,jQuery
14860,10353,Next.js
14861,10353,Node.js
14862,10353,React
14863,10353,Spring Boot
14864,10353,Vue.js
14866,10366,ASP.NET
14871,10366,jQuery
14872,10366,Node.js
14874,10366,React
14875,10366,Spring Boot
14879,10369,Express
14881,10369,jQuery
14882,10369,Node.js
14883,10369,React
14885,10376,Vue.js
14887,10377,Node.js
14889,10379,Spring Boot
14892,10380,Node.js
14893,10380,React
14896,10382,jQuery
14897,10383,jQuery
14899,10383,Next.js
14900,10383,Node.js
14901,10383,React
14903,10390,Angular
14904,10390,Spring Boot
14906,10394,Angular
14907,10394,ASP.NET
14908,10394,ASP.NET CORE
14911,10394,React
14912,10394,Spring Boot
14913,10397,Angular
14914,10397,ASP.NET CORE
14915,10397,jQuery
14916,10397,React
14918,10398,Express
14919,10398,jQuery
14920,10398,Next.js
14921,10398,Node.js
14922,10398,React
14925,10400,ASP.NET
14926,10400,ASP.NET CORE
14927,10400,React
14928,10402,ASP.NET
14929,10402,ASP.NET CORE
14931,10404,ASP.NET
14932,10404,ASP.NET CORE
14935,10405,jQuery
14936,10405,Next.js
14937,10405,Node.js
14938,10405,React
14939,10407,ASP.NET
14940,10407,ASP.NET CORE
14941,10407,jQuery
14942,10407,Vue.js
14943,10408,Angular
14944,10408,Node.js
14945,10408,Spring Boot
14947,10414,Angular
14948,10414,Express
14949,10414,Node.js
14950,10414,React
14951,10415,Angular
14952,10415,ASP.NET CORE
14954,10418,Node.js
14955,10418,React
14958,10419,jQuery
14959,10420,jQuery
14960,10420,Node.js
14961,10420,React
14962,10435,Angular
14964,10435,ASP.NET
14965,10435,ASP.NET CORE
14967,10435,Express
14969,10435,jQuery
14970,10435,Next.js
14971,10435,Node.js
14972,10435,React
14980,10439,jQuery
14982,10439,Node.js
14983,10439,Vue.js
14985,10452,ASP.NET CORE
14986,10452,Node.js
14987,10454,ASP.NET CORE
14988,10454,React
14989,10456,Express
14991,10456,Node.js
14992,10456,React
14994,10461,Node.js
14995,10461,Vue.js
14998,10464,jQuery
15000,10464,Node.js
15001,10464,React
15003,10467,Angular
15004,10467,ASP.NET CORE
15008,10467,Node.js
15009,10467,React
15012,10474,Vue.js
15013,10479,React
15015,10481,Angular
15017,10481,Node.js
15018,10481,React
15020,10486,ASP.NET
15021,10486,ASP.NET CORE
15025,10500,Angular
15026,10500,ASP.NET
15027,10500,ASP.NET CORE
15031,10500,Vue.js
15032,10501,Node.js
15033,10501,React
15034,10503,Spring Boot
15035,10503,Vue.js
15038,10504,Next.js
15039,10504,React
15040,10504,Vue.js
15041,10506,Angular
15043,10506,ASP.NET
15044,10506,ASP.NET CORE
15045,10506,jQuery
15046,10506,Node.js
15047,10506,React
15048,10506,Vue.js
15050,10507,React
15051,10511,Express
15052,10511,Next.js
15053,10511,Node.js
15054,10511,React
15057,10512,Express
15060,10512,Node.js
15061,10512,React
15062,10515,Node.js
15063,10515,Spring Boot
15064,10515,Vue.js
15068,10518,Next.js
15069,10518,Node.js
15071,10522,Angular
15075,10522,Express
15077,10522,jQuery
15079,10522,Next.js
15080,10522,Node.js
15081,10522,React
15083,10524,Next.js
15084,10525,jQuery
15086,10525,Vue.js
15087,10526,Spring Boot
15088,10527,React
15092,10529,Next.js
15093,10529,Node.js
15094,10534,Express
15096,10534,Next.js
15097,10534,Node.js
15098,10534,React
15099,10535,Express
15101,10535,Node.js
15104,10535,Vue.js
15105,10536,ASP.NET CORE
15106,10536,Vue.js
15109,10539,Express
15111,10539,Node.js
15112,10539,React
15113,10539,Spring Boot
15114,10541,ASP.NET CORE
15115,10541,React
15116,10542,ASP.NET
15117,10542,ASP.NET CORE
15120,10544,jQuery
15122,10546,ASP.NET CORE
15126,10546,React
15127,10550,Express
15128,10550,Node.js
15130,10550,Vue.js
15132,10560,React
15133,10561,Spring Boot
15134,10561,Vue.js
15135,10563,Express
15136,10563,Next.js
15137,10563,Node.js
15138,10563,React
15139,10565,ASP.NET
15140,10565,ASP.NET CORE
15142,10565,Vue.js
15143,10568,React
15144,10568,Spring Boot
15146,10569,Node.js
15148,10569,Spring Boot
15149,10569,Vue.js
15150,10574,Node.js
15151,10574,React
15152,10574,Spring Boot
15153,10574,Vue.js
15154,10580,Express
15156,10580,Next.js
15157,10580,Node.js
15158,10580,React
15163,10586,Node.js
15164,10586,React
15165,10587,ASP.NET
15166,10587,ASP.NET CORE
15168,10587,Express
15169,10587,Node.js
15170,10587,Vue.js
15171,10588,Node.js
15172,10588,React
15173,10593,Angular
15174,10593,Express
15175,10593,Node.js
15177,10593,Spring Boot
15183,10596,Next.js
15184,10596,Node.js
15185,10596,React
15186,10596,Spring Boot
15188,10597,Next.js
15189,10597,React
15192,10599,Next.js
15193,10600,jQuery
15195,10600,Node.js
15196,10600,React
15197,10600,Vue.js
15198,10602,ASP.NET CORE
15199,10604,Angular
15201,10604,ASP.NET
15202,10604,ASP.NET CORE
15204,10604,Express
15206,10604,jQuery
15207,10604,Next.js
15208,10604,Node.js
15209,10604,React
15210,10604,Spring Boot
15211,10604,Vue.js
15213,10606,Next.js
15214,10606,Node.js
15216,10606,React
15217,10606,Vue.js
15218,10607,Express
15220,10607,Next.js
15221,10607,Node.js
15222,10607,React
15224,10610,Angular
15226,10610,Node.js
15227,10610,React
15228,10612,Angular
15229,10612,React
15230,10612,Spring Boot
15231,10621,Express
15232,10621,Node.js
15233,10621,React
15234,10623,Express
15236,10623,Next.js
15237,10623,Node.js
15238,10623,React
15239,10623,Vue.js
15241,10624,jQuery
15242,10624,Spring Boot
15243,10626,ASP.NET CORE
15244,10626,Express
15245,10626,jQuery
15246,10626,Next.js
15247,10626,Node.js
15248,10626,React
15249,10627,Express
15250,10627,Next.js
15251,10627,Node.js
15252,10627,React
15254,10627,Vue.js
15255,10628,jQuery
15257,10628,Vue.js
15258,10632,Angular
15259,10632,ASP.NET CORE
15261,10632,Node.js
15263,10634,jQuery
15264,10636,ASP.NET
15265,10636,ASP.NET CORE
15267,10636,jQuery
15268,10636,Node.js
15269,10636,React
15273,10642,React
15275,10653,jQuery
15277,10653,Node.js
15278,10655,jQuery
15279,10655,Node.js
15280,10655,React
15281,10658,Spring Boot
15283,10667,Next.js
15284,10667,Node.js
15285,10667,React
15288,10668,Next.js
15289,10668,React
15290,10672,Angular
15291,10672,ASP.NET
15292,10672,ASP.NET CORE
15295,10672,jQuery
15296,10672,Node.js
15297,10677,Angular
15299,10677,Node.js
15301,10678,Angular
15303,10678,ASP.NET
15304,10678,ASP.NET CORE
15306,10678,Express
15309,10678,Node.js
15310,10678,Vue.js
15311,10679,jQuery
15312,10679,React
15313,10679,Spring Boot
15314,10681,ASP.NET
15315,10681,ASP.NET CORE
15318,10681,Express
15320,10681,React
15322,10681,Vue.js
15323,10683,Angular
15325,10683,ASP.NET
15326,10683,ASP.NET CORE
15327,10683,jQuery
15328,10683,Node.js
15329,10689,Angular
15332,10689,Next.js
15333,10689,React
15337,10691,Angular
15341,10691,Node.js
15342,10691,Spring Boot
15344,10700,Angular
15345,10700,ASP.NET
15346,10700,ASP.NET CORE
15348,10700,jQuery
15351,10704,Vue.js
15352,10705,Angular
15354,10705,Node.js
15355,10705,Spring Boot
15356,10710,Node.js
15357,10710,Vue.js
15360,10714,Express
15362,10714,jQuery
15364,10714,Node.js
15366,10714,Vue.js
15367,10721,Vue.js
15369,10722,Next.js
15370,10722,React
15373,10727,Express
15374,10727,jQuery
15375,10727,Next.js
15376,10727,Node.js
15377,10727,React
15381,10728,jQuery
15383,10728,Node.js
15384,10728,React
15387,10728,Vue.js
15390,10738,jQuery
15393,10743,ASP.NET
15394,10744,ASP.NET
15395,10744,ASP.NET CORE
15396,10744,Express
15397,10744,jQuery
15398,10744,Node.js
15399,10746,jQuery
15400,10746,Node.js
15401,10746,React
15403,10747,Angular
15406,10747,Express
15409,10747,Node.js
15410,10747,React
15412,10747,Vue.js
15415,10751,React
15416,10753,Express
15418,10753,Next.js
15419,10753,Node.js
15423,10761,Next.js
15424,10761,Node.js
15425,10761,React
15427,10769,ASP.NET CORE
15428,10769,Node.js
15429,10771,Node.js
15430,10771,React
15431,10771,Spring Boot
15433,10773,ASP.NET
15434,10773,ASP.NET CORE
15436,10773,React
15437,10775,Angular
15438,10775,Node.js
15440,10777,Next.js
15441,10777,Node.js
15442,10777,React
15443,10779,React
15444,10779,Spring Boot
15445,10783,ASP.NET
15446,10783,ASP.NET CORE
15449,10783,Vue.js
15450,10785,Express
15452,10785,jQuery
15453,10785,Next.js
15454,10785,Node.js
15455,10785,React
15456,10787,Node.js
15458,10787,Vue.js
15460,10790,jQuery
15461,10790,Node.js
15462,10790,React
15465,10799,Express
15466,10799,Next.js
15467,10799,Node.js
15468,10799,React
15471,10808,Angular
15472,10808,Express
15473,10808,Node.js
15474,10808,React
15475,10808,Vue.js
15476,10810,Angular
15477,10810,ASP.NET
15481,10810,jQuery
15482,10810,Node.js
15483,10810,Spring Boot
15486,10810,Vue.js
15490,10812,ASP.NET
15491,10812,ASP.NET CORE
15492,10812,React
15493,10814,Angular
15494,10814,ASP.NET CORE
15496,10814,Express
15498,10814,Node.js
15500,10816,Angular
15501,10816,React
15502,10819,Angular
15503,10819,ASP.NET
15504,10819,ASP.NET CORE
15507,10820,Spring Boot
15509,10821,React
15511,10824,Angular
15513,10824,Express
15514,10824,Node.js
15515,10824,Spring Boot
15516,10825,Spring Boot
15518,10826,React
15519,10826,Vue.js
15520,10828,ASP.NET CORE
15521,10828,React
15522,10829,ASP.NET
15523,10829,ASP.NET CORE
15525,10829,Vue.js
15526,10831,ASP.NET CORE
15531,10831,Next.js
15532,10831,Node.js
15533,10831,React
15534,10839,Express
15535,10839,Node.js
15536,10839,React
15537,10843,jQuery
15538,10843,Node.js
15540,10844,jQuery
15545,10847,React
15546,10847,Vue.js
15547,10849,Angular
15549,10849,Spring Boot
15550,10851,Angular
15551,10851,ASP.NET CORE
15555,10854,jQuery
15557,10854,React
15559,10858,Node.js
15560,10863,ASP.NET CORE
15561,10865,Angular
15563,10865,Express
15564,10865,Node.js
15566,10865,Vue.js
15567,10871,Angular
15570,10871,Express
15571,10871,jQuery
15572,10871,Next.js
15573,10871,Node.js
15574,10871,React
15575,10871,Spring Boot
15576,10873,Express
15578,10873,Next.js
15579,10873,Node.js
15580,10873,React
15581,10873,Spring Boot
15583,10874,Express
15585,10874,jQuery
15586,10874,Next.js
15587,10874,Node.js
15588,10874,React
15589,10874,Vue.js
15591,10878,Angular
15592,10878,ASP.NET
15593,10878,ASP.NET CORE
15596,10880,Next.js
15597,10880,Node.js
15598,10880,React
15600,10880,Vue.js
15605,10881,jQuery
15606,10881,Next.js
15607,10881,React
15610,10884,jQuery
15611,10887,Next.js
15612,10887,React
15616,10889,Express
15617,10889,jQuery
15619,10889,Next.js
15620,10889,Node.js
15622,10889,React
15623,10889,Vue.js
15625,10892,Next.js
15626,10892,Node.js
15630,10896,Express
15631,10896,Next.js
15632,10896,Node.js
15633,10896,React
15634,10898,Angular
15637,10898,Node.js
15638,10898,React
15639,10898,Spring Boot
15640,10900,Angular
15641,10900,ASP.NET
15642,10900,ASP.NET CORE
15644,10900,jQuery
15645,10906,Next.js
15646,10906,Node.js
15647,10907,Angular
15648,10907,ASP.NET
15649,10907,ASP.NET CORE
15650,10909,Angular
15652,10909,Node.js
15653,10912,Express
15654,10912,Node.js
15655,10912,Vue.js
15656,10915,Angular
15657,10915,Express
15659,10915,jQuery
15660,10915,Node.js
15661,10915,React
15663,10917,Next.js
15664,10917,Node.js
15665,10918,ASP.NET CORE
15669,10922,Next.js
15671,10922,React
15673,10922,Vue.js
15675,10923,Node.js
15676,10923,React
15677,10923,Spring Boot
15678,10925,Angular
15679,10925,ASP.NET
15680,10925,ASP.NET CORE
15683,10925,jQuery
15684,10925,Node.js
15685,10925,React
15687,10930,React
15688,10931,jQuery
15691,10932,React
15695,10938,jQuery
15696,10938,Next.js
15697,10938,React
15698,10938,Vue.js
15699,10942,Vue.js
15700,10948,ASP.NET
15701,10948,ASP.NET CORE
15704,10948,Spring Boot
15705,10949,ASP.NET CORE
15706,10950,Express
15709,10950,Next.js
15710,10950,Node.js
15711,10950,React
15713,10951,Express
15717,10951,Next.js
15718,10951,Node.js
15722,10951,Vue.js
15723,10952,Express
15725,10952,jQuery
15726,10952,Node.js
15727,10952,React
15728,10954,Angular
15730,10954,Express
15732,10954,jQuery
15734,10954,Node.js
15735,10954,Spring Boot
15737,10958,Next.js
15738,10958,Node.js
15739,10958,React
15740,10959,Express
15743,10959,Next.js
15745,10968,Vue.js
15746,10971,jQuery
15747,10971,Next.js
15748,10971,React
15751,10972,ASP.NET
15752,10972,ASP.NET CORE
15754,10972,jQuery
15755,10972,Node.js
15757,10977,Express
15758,10977,Next.js
15759,10977,Node.js
15760,10977,React
15761,10983,Angular
15763,10983,ASP.NET
15764,10983,ASP.NET CORE
15768,10983,Express
15773,10983,Next.js
15774,10983,Node.js
15775,10983,React
15776,10983,Spring Boot
15777,10983,Vue.js
15779,10989,jQuery
15780,10989,Node.js
15782,10991,Node.js
15783,10991,React
15787,10992,jQuery
15788,10992,Node.js
15793,10993,Express
15794,10993,jQuery
15797,10993,Next.js
15798,10993,Node.js
15799,10993,React
15803,10995,jQuery
15805,10995,Node.js
15806,10995,React
15807,10995,Spring Boot
15808,10995,Vue.js
15809,10996,Angular
15811,10996,Express
15812,10996,jQuery
15813,10996,Next.js
15814,10996,Node.js
15815,10996,React
15817,10998,ASP.NET
15818,10998,ASP.NET CORE
15819,10998,jQuery
15820,10998,React
15821,11000,ASP.NET CORE
15822,11000,Node.js
15823,11000,Vue.js
15824,11002,React
15825,11009,Angular
15826,11009,ASP.NET
15827,11009,ASP.NET CORE
15829,11009,Next.js
15830,11009,React
15831,11012,ASP.NET CORE
15835,11015,Node.js
15836,11020,ASP.NET CORE
15837,11024,Angular
15838,11024,Express
15840,11024,Node.js
15843,11025,Node.js
15844,11025,React
15845,11027,Angular
15846,11027,ASP.NET
15847,11027,ASP.NET CORE
15848,11027,Node.js
15849,11038,Next.js
15850,11038,React
15851,11039,Express
15853,11039,Next.js
15854,11039,Node.js
15855,11039,React
15858,11044,Next.js
15859,11044,Node.js
15860,11044,React
15861,11044,Spring Boot
15862,11048,ASP.NET
15863,11048,ASP.NET CORE
15864,11048,jQuery
15866,11058,Angular
15867,11058,jQuery
15868,11058,Spring Boot
15869,11061,Angular
15870,11061,ASP.NET CORE
15872,11065,Angular
15877,11070,React
15879,11070,Vue.js
15880,11078,ASP.NET CORE
15881,11078,Next.js
15882,11078,React
15884,11080,Express
15885,11080,jQuery
15887,11080,Node.js
15888,11080,React
15889,11080,Vue.js
15891,11082,Node.js
15893,11086,Express
15895,11086,jQuery
15896,11086,Next.js
15897,11086,Node.js
15899,11086,React
15900,11086,Vue.js
15902,11089,Vue.js
15903,11095,Angular
15904,11095,jQuery
15905,11095,React
15908,11097,React
15909,11100,Node.js
15910,11100,React
15911,11100,Spring Boot
15912,11102,ASP.NET
15913,11102,ASP.NET CORE
15914,11102,jQuery
15915,11102,Next.js
15916,11102,React
15920,11110,jQuery
15921,11110,Node.js
15922,11110,Spring Boot
15923,11112,Angular
15927,11112,Next.js
15928,11112,Node.js
15929,11112,Spring Boot
15933,11113,jQuery
15934,11113,Vue.js
15935,11120,Express
15936,11120,jQuery
15937,11120,Node.js
15938,11120,React
15943,11125,Vue.js
15945,11126,Node.js
15946,11127,React
15947,11138,ASP.NET
15949,11138,jQuery
15950,11143,jQuery
15952,11144,ASP.NET
15953,11144,ASP.NET CORE
15955,11144,jQuery
15957,11145,jQuery
15959,11145,React
15960,11148,ASP.NET
15961,11148,ASP.NET CORE
15962,11148,Node.js
15967,11149,Spring Boot
15968,11151,Next.js
15969,11151,Node.js
15970,11151,React
15971,11157,Express
15972,11157,jQuery
15973,11157,Node.js
15974,11157,React
15981,11167,Spring Boot
15983,11176,Next.js
15984,11176,Node.js
15985,11176,React
15989,11177,Next.js
15990,11177,Node.js
15991,11177,React
15994,11181,Next.js
15995,11181,React
15996,11182,Angular
15998,11182,ASP.NET
15999,11182,ASP.NET CORE
16001,11182,jQuery
16002,11182,Node.js
16003,11185,Angular
16004,11185,Node.js
16005,11185,Vue.js
16007,11188,React
16010,11194,Angular
16013,11194,Next.js
16014,11194,Node.js
16015,11194,React
16016,11207,React
16019,11214,Angular
16020,11214,ASP.NET CORE
16021,11216,ASP.NET
16022,11216,ASP.NET CORE
16024,11216,Express
16026,11216,jQuery
16027,11216,Node.js
16028,11216,React
16029,11216,Vue.js
16031,11217,Angular
16032,11223,ASP.NET CORE
16036,11226,jQuery
16038,11226,Node.js
16041,11226,Vue.js
16043,11230,Angular
16044,11230,ASP.NET CORE
16046,11231,React
16047,11231,Vue.js
16049,11239,Express
16050,11239,Node.js
16052,11240,ASP.NET CORE
16053,11240,Express
16054,11240,jQuery
16055,11240,Next.js
16056,11240,Node.js
16057,11240,React
16060,11240,Vue.js
16064,11243,Node.js
16067,11245,Angular
16069,11245,ASP.NET
16070,11245,ASP.NET CORE
16072,11245,jQuery
16074,11245,Node.js
16075,11245,Vue.js
16079,11249,jQuery
16080,11249,Node.js
16081,11249,React
16082,11250,Spring Boot
16084,11252,React
16085,11252,Vue.js
16086,11254,Spring Boot
16087,11255,ASP.NET CORE
16088,11255,jQuery
16089,11255,React
16090,11256,Angular
16091,11256,ASP.NET
16092,11256,ASP.NET CORE
16094,11256,jQuery
16095,11256,Node.js
16096,11256,React
16097,11259,ASP.NET
16098,11259,ASP.NET CORE
16100,11259,Express
16101,11259,Node.js
16103,11259,React
16104,11260,Spring Boot
16105,11261,jQuery
16106,11261,Node.js
16107,11261,React
16109,11261,Spring Boot
16111,11264,Angular
16114,11264,Express
16118,11264,Node.js
16119,11264,React
16120,11264,Spring Boot
16121,11265,ASP.NET CORE
16123,11265,Node.js
16124,11265,React
16125,11267,Spring Boot
16126,11267,Vue.js
16128,11272,Express
16130,11272,Node.js
16131,11272,React
16136,11276,Node.js
16138,11277,Angular
16139,11277,ASP.NET
16140,11277,ASP.NET CORE
16144,11283,Angular
16147,11283,Node.js
16151,11284,jQuery
16152,11284,Node.js
16153,11284,React
16154,11291,React
16155,11293,Express
16157,11293,Node.js
16158,11293,React
16159,11293,Vue.js
16160,11297,ASP.NET
16161,11297,ASP.NET CORE
16162,11297,Express
16166,11297,Node.js
16167,11297,React
16170,11299,jQuery
16171,11299,React
16173,11300,jQuery
16175,11301,jQuery
16177,11301,Node.js
16178,11301,React
16179,11303,Express
16180,11303,Node.js
16181,11303,React
16183,11305,Express
16186,11305,Next.js
16187,11305,Node.js
16188,11305,React
16193,11307,React
16194,11307,Vue.js
16195,11309,jQuery
16197,11309,Next.js
16198,11309,React
16199,11309,Vue.js
16203,11311,jQuery
16204,11311,Node.js
16205,11311,React
16207,11312,Next.js
16211,11317,Next.js
16212,11317,Node.js
16213,11317,React
16214,11320,ASP.NET
16215,11320,ASP.NET CORE
16218,11321,Next.js
16219,11321,Node.js
16221,11321,React
16224,11323,Express
16226,11323,Next.js
16227,11323,React
16229,11326,ASP.NET
16230,11326,ASP.NET CORE
16232,11326,Express
16234,11326,Node.js
16235,11326,React
16236,11326,Spring Boot
16239,11327,Express
16242,11327,Vue.js
16243,11333,jQuery
16244,11333,Next.js
16245,11333,Node.js
16246,11333,Vue.js
16247,11337,Express
16252,11337,Next.js
16253,11337,Node.js
16254,11337,React
16255,11337,Vue.js
16257,11343,Express
16258,11343,jQuery
16259,11343,Next.js
16260,11343,Node.js
16261,11343,React
16262,11344,Angular
16267,11344,Next.js
16268,11344,React
16269,11344,Spring Boot
16271,11344,Vue.js
16274,11348,Next.js
16275,11356,Angular
16276,11356,Node.js
16277,11359,jQuery
16279,11359,React
16281,11361,ASP.NET
16282,11361,ASP.NET CORE
16283,11361,jQuery
16284,11361,React
16285,11362,Express
16289,11362,Next.js
16290,11362,Node.js
16291,11362,React
16293,11367,Node.js
16294,11367,React
16295,11370,Angular
16296,11370,Node.js
16297,11373,Next.js
16298,11373,Node.js
16299,11373,React
16300,11380,Express
16302,11380,Next.js
16303,11380,Node.js
16304,11380,React
16308,11386,Vue.js
16310,11390,Node.js
16313,11396,Node.js
16314,11396,Vue.js
16315,11398,Node.js
16316,11398,React
16319,11401,Next.js
16320,11401,React
16325,11403,Next.js
16326,11403,Node.js
16327,11403,React
16328,11404,Express
16329,11404,Next.js
16330,11404,Node.js
16331,11404,React
16332,11405,Angular
16333,11405,Express
16334,11405,jQuery
16335,11405,Next.js
16336,11405,Node.js
16337,11405,React
16341,11406,jQuery
16342,11406,Next.js
16343,11406,Node.js
16344,11406,React
16346,11407,ASP.NET CORE
16348,11412,React
16350,11412,Vue.js
16351,11414,Angular
16353,11414,Vue.js
16354,11415,ASP.NET
16355,11415,ASP.NET CORE
16356,11415,Next.js
16357,11415,React
16361,11419,Angular
16362,11419,ASP.NET
16363,11419,ASP.NET CORE
16365,11419,React
16366,11422,ASP.NET
16367,11422,ASP.NET CORE
16368,11422,React
16370,11429,Express
16371,11429,Node.js
16372,11429,React
16374,11431,Angular
16375,11431,Spring Boot
16377,11433,Spring Boot
16378,11444,Angular
16379,11444,Express
16380,11444,Node.js
16381,11444,Spring Boot
16386,11448,Vue.js
16387,11449,Express
16388,11449,Next.js
16389,11449,Node.js
16390,11449,React
16391,11452,Angular
16392,11452,ASP.NET CORE
16393,11453,Angular
16394,11453,Express
16396,11453,Next.js
16397,11453,Node.js
16398,11453,Spring Boot
16404,11461,ASP.NET
16405,11461,ASP.NET CORE
16406,11461,Next.js
16407,11461,Node.js
16408,11461,React
16409,11461,Spring Boot
16410,11466,ASP.NET
16411,11466,ASP.NET CORE
16412,11466,Node.js
16413,11466,React
16415,11466,Vue.js
16416,11470,Angular
16417,11470,Spring Boot
16419,11472,Node.js
16420,11472,React
16428,11475,React
16429,11478,Node.js
16430,11478,React
16431,11480,ASP.NET
16432,11480,ASP.NET CORE
16434,11480,Next.js
16435,11480,Node.js
16436,11480,React
16438,11480,Spring Boot
16439,11482,Vue.js
16441,11486,Node.js
16442,11486,React
16443,11486,Spring Boot
16445,11488,Node.js
16448,11494,Node.js
16450,11495,Angular
16451,11495,Node.js
16452,11497,ASP.NET
16454,11498,Express
16455,11498,Node.js
16456,11503,ASP.NET CORE
16457,11503,Express
16458,11503,Node.js
16459,11503,React
16461,11503,Vue.js
16463,11504,jQuery
16465,11504,React
16466,11504,Vue.js
16468,11513,Angular
16469,11513,React
16474,11514,Next.js
16475,11514,Node.js
16477,11514,React
16479,11514,Vue.js
16483,11523,Node.js
16484,11523,React
16486,11523,Spring Boot
16487,11527,Node.js
16489,11527,Vue.js
16491,11531,ASP.NET
16492,11531,ASP.NET CORE
16494,11531,Node.js
16495,11531,React
16496,11531,Spring Boot
16497,11538,Express
16499,11538,Next.js
16500,11538,Node.js
16501,11538,React
16503,11543,Express
16504,11543,jQuery
16505,11543,Next.js
16506,11543,Node.js
16507,11543,React
16512,11544,Node.js
16514,11545,Spring Boot
16515,11549,Express
16516,11549,jQuery
16517,11549,Node.js
16518,11549,Vue.js
16520,11550,Angular
16522,11552,jQuery
16524,11552,Next.js
16525,11552,Node.js
16526,11552,React
16529,11552,Vue.js
16531,11553,Spring Boot
16532,11556,Next.js
16533,11556,Node.js
16534,11556,React
16536,11559,Angular
16538,11559,ASP.NET
16539,11559,ASP.NET CORE
16543,11559,jQuery
16545,11559,React
16549,11559,Vue.js
16552,11562,Node.js
16553,11564,Angular
16554,11564,ASP.NET CORE
16555,11564,jQuery
16557,11564,Node.js
16559,11568,Node.js
16560,11568,Spring Boot
16561,11571,Next.js
16562,11571,Node.js
16563,11571,React
16566,11575,React
16568,11576,React
16570,11577,Spring Boot
16572,11581,jQuery
16574,11582,Express
16576,11582,Node.js
16577,11582,React
16578,11582,Vue.js
16580,11585,ASP.NET CORE
16581,11593,jQuery
16582,11593,Node.js
16583,11593,React
16584,11597,Express
16585,11597,Next.js
16586,11597,Node.js
16588,11597,React
16590,11599,Express
16591,11599,jQuery
16592,11599,Next.js
16593,11599,Node.js
16594,11599,React
16596,11599,Vue.js
16600,11600,Node.js
16604,11601,Node.js
16605,11601,React
16606,11601,Vue.js
16608,11603,Spring Boot
16610,11609,Express
16613,11609,Next.js
16614,11609,Node.js
16615,11609,React
16618,11619,jQuery
16619,11619,Node.js
16620,11619,React
16621,11619,Spring Boot
16622,11625,Angular
16623,11625,ASP.NET CORE
16624,11625,Node.js
16625,11625,Vue.js
16626,11627,Express
16627,11627,Next.js
16628,11627,Node.js
16629,11627,React
16631,11629,Express
16632,11629,jQuery
16633,11629,Next.js
16634,11629,Node.js
16635,11629,React
16636,11630,Express
16638,11630,Next.js
16639,11630,Node.js
16640,11630,React
16643,11641,jQuery
16644,11643,Next.js
16645,11643,Node.js
16646,11643,React
16648,11644,Express
16649,11644,Next.js
16650,11644,Node.js
16651,11644,React
16652,11648,Express
16653,11648,Next.js
16654,11648,Node.js
16655,11648,React
16656,11648,Vue.js
16658,11653,React
16661,11671,Express
16663,11671,Next.js
16664,11671,Node.js
16665,11671,React
16668,11672,ASP.NET
16669,11672,ASP.NET CORE
16670,11672,Express
16672,11672,Next.js
16673,11672,Node.js
16674,11672,React
16678,11675,React
16682,11676,Express
16683,11676,Node.js
16684,11676,React
16685,11681,Express
16687,11681,Next.js
16688,11681,Node.js
16689,11681,React
16690,11682,Next.js
16691,11682,Node.js
16692,11682,React
16694,11685,jQuery
16696,11685,React
16700,11687,ASP.NET
16701,11687,ASP.NET CORE
16702,11688,Angular
16705,11688,React
16706,11688,Spring Boot
16707,11690,ASP.NET CORE
16709,11690,Node.js
16710,11690,Vue.js
16711,11692,Express
16712,11692,Node.js
16713,11692,React
16716,11694,jQuery
16717,11694,Node.js
16718,11694,React
16720,11694,Spring Boot
16721,11698,ASP.NET
16722,11698,ASP.NET CORE
16723,11702,Angular
16724,11702,ASP.NET
16725,11702,ASP.NET CORE
16727,11703,Angular
16728,11703,ASP.NET
16729,11703,ASP.NET CORE
16731,11703,Node.js
16736,11706,Express
16737,11706,jQuery
16738,11706,Next.js
16739,11706,Node.js
16740,11706,React
16741,11707,ASP.NET CORE
16742,11709,Angular
16744,11709,Express
16745,11709,jQuery
16746,11709,Node.js
16747,11709,React
16748,11709,Spring Boot
16751,11710,React
16753,11713,ASP.NET
16754,11713,ASP.NET CORE
16755,11713,jQuery
16757,11714,React
16758,11714,Vue.js
16760,11715,Node.js
16761,11715,React
16762,11715,Vue.js
16763,11719,ASP.NET CORE
16764,11719,React
16765,11719,Vue.js
16770,11723,Next.js
16771,11723,Node.js
16772,11723,React
16774,11731,Angular
16776,11731,ASP.NET
16777,11731,ASP.NET CORE
16779,11731,jQuery
16780,11731,Node.js
16781,11731,React
16782,11738,ASP.NET CORE
16783,11740,Express
16785,11740,Node.js
16787,11744,Angular
16789,11744,Express
16793,11744,jQuery
16794,11744,Next.js
16795,11744,Node.js
16796,11744,React
16797,11744,Spring Boot
16799,11748,ASP.NET CORE
16801,11748,Express
16804,11748,jQuery
16805,11748,Next.js
16806,11748,Node.js
16807,11748,React
16808,11748,Vue.js
16810,11752,Express
16812,11752,jQuery
16814,11752,Next.js
16815,11752,Node.js
16816,11752,React
16818,11753,Vue.js
16819,11756,Angular
16820,11756,ASP.NET CORE
16821,11756,Node.js
16822,11759,ASP.NET CORE
16823,11759,Vue.js
16828,11762,React
16830,11764,Angular
16833,11767,ASP.NET CORE
16835,11773,Angular
16838,11774,Node.js
16843,11775,Vue.js
16846,11778,Next.js
16847,11778,Node.js
16848,11778,React
16849,11779,ASP.NET CORE
16851,11782,ASP.NET CORE
16852,11782,React
16853,11793,jQuery
16854,11793,Node.js
16856,11793,React
16857,11793,Vue.js
16859,11796,Angular
16860,11796,ASP.NET
16861,11796,ASP.NET CORE
16863,11796,jQuery
16864,11796,React
16865,11797,Express
16866,11797,Node.js
16867,11797,React
16868,11800,Angular
16869,11800,ASP.NET
16870,11800,ASP.NET CORE
16871,11800,Node.js
16872,11800,React
16873,11801,Angular
16877,11801,jQuery
16879,11801,Next.js
16880,11801,Node.js
16882,11801,React
16885,11801,Vue.js
16887,11815,React
16890,11825,Node.js
16891,11825,React
16894,11827,jQuery
16897,11831,Next.js
16898,11831,React
16900,11837,Express
16901,11837,Node.js
16902,11837,React
16905,11839,Next.js
16906,11839,Node.js
16907,11839,React
16908,11839,Vue.js
16910,11844,Node.js
16911,11844,React
16912,11847,ASP.NET
16913,11847,jQuery
16920,11856,Express
16923,11856,Node.js
16924,11856,React
16926,11857,Angular
16928,11857,ASP.NET
16929,11857,ASP.NET CORE
16931,11857,jQuery
16932,11857,Node.js
16935,11857,Vue.js
16938,11862,Express
16939,11862,jQuery
16940,11862,Next.js
16941,11862,Node.js
16942,11862,React
16943,11862,Vue.js
16944,11864,Angular
16945,11864,Express
16948,11864,Next.js
16949,11864,Node.js
16951,11864,React
16953,11864,Vue.js
16955,11869,Node.js
16960,11873,Next.js
16961,11873,React
16962,11873,Spring Boot
16963,11884,Express
16965,11884,jQuery
16966,11884,Node.js
16968,11889,Angular
16970,11889,ASP.NET
16971,11889,ASP.NET CORE
16979,11889,Express
16985,11889,jQuery
16988,11889,Next.js
16989,11889,Node.js
16993,11889,React
16997,11889,Spring Boot
17001,11889,Vue.js
17005,11899,Next.js
17007,11904,ASP.NET CORE
17010,11904,React
17013,11905,ASP.NET CORE
17016,11905,jQuery
17018,11905,Node.js
17021,11905,Vue.js
17023,11909,ASP.NET CORE
17024,11911,jQuery
17027,11919,Express
17028,11919,jQuery
17029,11919,Next.js
17030,11919,Node.js
17031,11919,React
17035,11924,Node.js
17036,11924,React
17038,11924,Vue.js
17039,11925,Node.js
17043,11930,Express
17046,11930,Next.js
17047,11930,Node.js
17048,11930,React
17051,11935,React
17052,11935,Vue.js
17053,11936,ASP.NET CORE
17055,11936,jQuery
17057,11938,ASP.NET
17058,11938,ASP.NET CORE
17061,11938,Express
17062,11938,jQuery
17063,11938,Node.js
17069,11942,Express
17071,11942,Next.js
17072,11942,Node.js
17073,11942,React
17074,11944,jQuery
17076,11944,Vue.js
17077,11948,Angular
17078,11948,ASP.NET
17079,11948,ASP.NET CORE
17081,11948,Express
17083,11948,jQuery
17084,11948,Next.js
17085,11948,Node.js
17086,11948,React
17088,11949,Angular
17089,11949,ASP.NET
17090,11949,ASP.NET CORE
17092,11949,Node.js
17093,11950,Next.js
17094,11953,Angular
17095,11953,ASP.NET
17096,11953,ASP.NET CORE
17097,11953,jQuery
17099,11959,Next.js
17100,11959,Node.js
17101,11959,React
17102,11971,Angular
17103,11971,Express
17104,11971,Node.js
17105,11971,React
17106,11971,Spring Boot
17107,11973,jQuery
17108,11973,Node.js
17109,11973,React
17111,11974,React
17112,11978,Express
17113,11978,Node.js
17114,11978,React
17115,11982,Express
17116,11982,Next.js
17117,11982,Node.js
17118,11982,React
17119,11983,Angular
17120,11983,React
17121,11983,Spring Boot
17122,11983,Vue.js
17126,11989,jQuery
17127,11989,Vue.js
17128,11992,Node.js
17129,11992,React
17133,11998,Node.js
17134,11998,React
17135,12000,Next.js
17136,12000,Node.js
17137,12000,React
17138,12002,ASP.NET
17140,12010,Angular
17144,12013,Next.js
17145,12013,React
17146,12014,Angular
17148,12014,ASP.NET
17150,12014,jQuery
17151,12014,Node.js
17152,12014,React
17153,12014,Vue.js
17156,12015,Express
17157,12015,Node.js
17165,12021,Next.js
17166,12021,Node.js
17167,12021,React
17168,12021,Vue.js
17169,12022,Angular
17170,12022,Spring Boot
17171,12030,ASP.NET
17172,12030,ASP.NET CORE
17173,12031,ASP.NET
17174,12031,ASP.NET CORE
17176,12031,jQuery
17177,12031,Next.js
17178,12031,Node.js
17179,12031,React
17181,12034,ASP.NET CORE
17186,12038,Next.js
17187,12038,Node.js
17190,12047,Angular
17191,12047,Express
17192,12047,Node.js
17195,12049,Express
17198,12049,jQuery
17199,12049,Node.js
17200,12052,Angular
17202,12052,ASP.NET
17203,12052,ASP.NET CORE
17205,12052,jQuery
17207,12055,React
17208,12058,ASP.NET CORE
17209,12062,Angular
17210,12062,Express
17211,12063,ASP.NET
17212,12063,ASP.NET CORE
17213,12063,jQuery
17214,12063,Node.js
17216,12063,React
17220,12065,Angular
17222,12065,Express
17224,12065,jQuery
17226,12065,Node.js
17227,12065,React
17228,12065,Vue.js
17229,12076,Express
17231,12076,Next.js
17232,12076,Node.js
17233,12076,React
17235,12076,Vue.js
17236,12078,Angular
17237,12078,React
17240,12086,Node.js
17241,12087,Vue.js
17242,12092,Angular
17243,12092,jQuery
17244,12092,Next.js
17245,12092,React
17247,12092,Vue.js
17248,12093,Express
17250,12093,Next.js
17251,12093,Node.js
17252,12093,React
17255,12095,jQuery
17256,12095,Node.js
17257,12096,ASP.NET
17258,12096,ASP.NET CORE
17259,12096,Next.js
17260,12096,React
17262,12099,Angular
17263,12099,ASP.NET
17264,12099,ASP.NET CORE
17266,12099,Next.js
17267,12099,Node.js
17269,12099,React
17270,12099,Vue.js
17271,12101,Express
17274,12101,Next.js
17275,12101,Node.js
17277,12105,Angular
17278,12105,Express
17283,12105,Next.js
17284,12105,Node.js
17286,12105,React
17287,12105,Vue.js
17288,12109,Next.js
17289,12109,React
17290,12114,ASP.NET
17292,12125,Next.js
17293,12125,Node.js
17294,12125,React
17296,12126,Angular
17298,12126,jQuery
17299,12126,Node.js
17300,12130,Angular
17302,12130,ASP.NET
17303,12130,ASP.NET CORE
17305,12130,jQuery
17307,12130,Node.js
17308,12130,React
17309,12130,Vue.js
17313,12132,Node.js
17314,12132,React
17319,12135,Angular
17320,12135,Express
17322,12135,Next.js
17323,12135,Node.js
17325,12135,React
17326,12135,Spring Boot
17327,12135,Vue.js
17333,12139,Next.js
17334,12139,Node.js
17336,12139,React
17337,12140,Angular
17340,12140,Vue.js
17343,12142,Spring Boot
17345,12142,Vue.js
17346,12145,Spring Boot
17348,12148,Vue.js
17349,12151,Angular
17351,12151,React
17353,12157,Express
17356,12157,Next.js
17357,12157,React
17360,12164,Express
17361,12164,jQuery
17363,12164,Node.js
17364,12164,React
17365,12164,Spring Boot
17368,12167,React
17369,12167,Spring Boot
17370,12172,Angular
17371,12172,Express
17374,12172,jQuery
17376,12172,Next.js
17377,12172,Node.js
17378,12172,React
17382,12178,jQuery
17383,12178,Node.js
17386,12178,Vue.js
17388,12179,Express
17389,12179,Node.js
17390,12179,React
17391,12184,Angular
17393,12184,jQuery
17394,12184,Node.js
17396,12184,React
17397,12189,Angular
17400,12190,Next.js
17402,12191,Node.js
17403,12191,React
17404,12191,Vue.js
17405,12192,Vue.js
17406,12200,Angular
17407,12200,Express
17408,12200,Node.js
17409,12200,Spring Boot
17411,12202,Angular
17412,12202,Express
17414,12202,Next.js
17415,12202,Node.js
17416,12202,React
17419,12204,jQuery
17421,12205,ASP.NET
17422,12205,ASP.NET CORE
17423,12205,jQuery
17426,12210,Express
17428,12210,Node.js
17429,12210,React
17430,12212,Angular
17431,12212,React
17432,12212,Spring Boot
17433,12213,Angular
17434,12213,ASP.NET
17435,12213,ASP.NET CORE
17438,12218,Angular
17441,12222,Angular
17443,12222,Express
17444,12222,jQuery
17445,12222,Node.js
17446,12224,React
17447,12224,Spring Boot
17449,12226,Next.js
17450,12226,Node.js
17451,12226,React
17452,12227,ASP.NET
17453,12227,Next.js
17454,12227,Node.js
17455,12227,React
17456,12227,Vue.js
17457,12228,ASP.NET
17458,12228,ASP.NET CORE
17460,12228,Spring Boot
17461,12231,Angular
17462,12231,Express
17463,12231,jQuery
17465,12231,Node.js
17466,12231,React
17467,12231,Spring Boot
17468,12231,Vue.js
17473,12232,Next.js
17474,12232,Node.js
17476,12232,React
17477,12232,Vue.js
17480,12234,jQuery
17481,12234,Node.js
17482,12234,React
17484,12236,jQuery
17486,12236,Spring Boot
17489,12236,Vue.js
17490,12237,Angular
17491,12239,React
17492,12239,Spring Boot
17495,12243,Angular
17497,12243,ASP.NET
17500,12243,Express
17503,12243,jQuery
17506,12243,Next.js
17507,12243,Node.js
17509,12243,React
17512,12243,Vue.js
17516,12259,jQuery
17517,12260,Angular
17518,12260,Node.js
17519,12260,React
17520,12260,Spring Boot
17521,12280,Angular
17522,12280,ASP.NET
17523,12280,ASP.NET CORE
17524,12282,React
17526,12288,Express
17528,12288,jQuery
17529,12288,Next.js
17530,12288,Node.js
17531,12288,React
17534,12294,ASP.NET
17535,12294,ASP.NET CORE
17536,12294,Node.js
17537,12294,React
17538,12294,Spring Boot
17539,12294,Vue.js
17541,12295,Angular
17542,12295,Express
17544,12295,Node.js
17545,12295,React
17549,12298,Angular
17551,12299,Angular
17552,12299,React
17553,12299,Spring Boot
17556,12301,Node.js
17557,12301,React
17558,12302,Node.js
17559,12302,React
17561,12303,React
17563,12309,Express
17567,12309,Next.js
17568,12309,React
17572,12313,Express
17573,12313,Node.js
17575,12317,Angular
17576,12317,ASP.NET CORE
17577,12318,Angular
17578,12318,ASP.NET CORE
17579,12318,Node.js
17580,12322,Express
17581,12322,Node.js
17582,12322,Vue.js
17584,12323,Express
17585,12323,Next.js
17586,12323,Node.js
17588,12323,React
17590,12323,Vue.js
17594,12327,Spring Boot
17595,12331,Angular
17596,12331,Spring Boot
17599,12336,jQuery
17600,12336,Spring Boot
17601,12340,Express
17602,12340,jQuery
17603,12340,Next.js
17604,12340,Node.js
17605,12340,React
17606,12347,Next.js
17607,12347,Node.js
17608,12347,React
17610,12352,Next.js
17612,12352,React
17613,12354,Angular
17614,12354,Express
17617,12354,Next.js
17618,12354,Node.js
17619,12354,React
17622,12355,jQuery
17623,12355,Node.js
17624,12361,Angular
17625,12361,Express
17626,12361,Next.js
17627,12361,Node.js
17628,12361,React
17630,12364,jQuery
17631,12364,Next.js
17632,12364,Node.js
17633,12364,React
17634,12364,Spring Boot
17637,12365,Next.js
17638,12365,Node.js
17639,12365,React
17642,12367,jQuery
17643,12368,Express
17646,12368,Next.js
17647,12368,Node.js
17648,12368,React
17649,12370,ASP.NET CORE
17650,12370,Express
17651,12370,Node.js
17653,12374,React
17654,12376,Angular
17655,12376,React
17656,12376,Spring Boot
17658,12378,Angular
17660,12378,jQuery
17662,12378,Node.js
17663,12378,React
17668,12382,jQuery
17669,12383,Angular
17670,12383,Node.js
17671,12383,React
17672,12383,Spring Boot
17673,12386,Angular
17674,12386,Express
17677,12386,Next.js
17678,12386,React
17680,12388,Node.js
17681,12388,React
17683,12394,Angular
17684,12394,ASP.NET
17685,12394,ASP.NET CORE
17689,12402,Angular
17691,12402,ASP.NET
17692,12402,ASP.NET CORE
17694,12402,Express
17696,12402,jQuery
17699,12402,Next.js
17700,12402,Node.js
17702,12402,React
17703,12402,Vue.js
17705,12405,ASP.NET
17706,12405,ASP.NET CORE
17714,12408,jQuery
17716,12408,Vue.js
17718,12410,ASP.NET
17719,12410,Node.js
17720,12411,Angular
17722,12411,ASP.NET CORE
17723,12411,jQuery
17724,12411,Node.js
17726,12413,jQuery
17727,12413,Node.js
17729,12414,ASP.NET
17730,12414,ASP.NET CORE
17731,12414,Express
17732,12414,Next.js
17733,12414,Node.js
17735,12414,React
17736,12414,Vue.js
17738,12417,jQuery
17739,12419,ASP.NET CORE
17742,12420,jQuery
17744,12420,Vue.js
17745,12421,Angular
17747,12421,ASP.NET
17748,12421,ASP.NET CORE
17756,12421,Express
17762,12421,jQuery
17765,12421,Next.js
17766,12421,Node.js
17770,12421,React
17774,12421,Spring Boot
17778,12421,Vue.js
17784,12425,React
17786,12428,Next.js
17787,12428,React
17789,12429,ASP.NET
17790,12429,ASP.NET CORE
17793,12430,ASP.NET
17794,12430,ASP.NET CORE
17795,12430,Node.js
17797,12431,Node.js
17798,12438,Express
17800,12438,React
17801,12441,ASP.NET CORE
17802,12446,Next.js
17803,12446,Node.js
17804,12447,Express
17807,12447,Node.js
17808,12447,React
17809,12447,Spring Boot
17811,12451,Express
17812,12451,Node.js
17815,12451,Vue.js
17818,12464,Angular
17820,12464,ASP.NET
17821,12464,ASP.NET CORE
17822,12464,Express
17824,12464,React
17825,12468,Angular
17827,12468,jQuery
17828,12468,Node.js
17829,12468,React
17830,12468,Spring Boot
17831,12471,Angular
17832,12471,Spring Boot
17833,12472,Angular
17834,12472,Express
17835,12472,Node.js
17836,12472,React
17837,12472,Vue.js
17838,12479,Express
17841,12479,Next.js
17842,12479,Node.js
17843,12479,React
17844,12481,Express
17846,12481,jQuery
17847,12481,Node.js
17848,12481,React
17849,12486,Vue.js
17851,12488,Express
17853,12488,jQuery
17855,12488,Next.js
17856,12488,Node.js
17857,12488,React
17858,12488,Vue.js
17859,12489,Angular
17861,12489,React
17862,12489,Spring Boot
17863,12490,Angular
17868,12503,ASP.NET
17869,12503,ASP.NET CORE
17870,12503,jQuery
17871,12503,Node.js
17872,12503,React
17873,12507,Angular
17875,12507,Express
17879,12507,jQuery
17880,12507,Node.js
17881,12507,React
17883,12508,Angular
17884,12508,ASP.NET CORE
17886,12508,Next.js
17887,12508,React
17888,12518,Express
17891,12518,Node.js
17893,12518,Vue.js
17894,12519,Angular
17895,12519,Spring Boot
17898,12526,Express
17900,12526,Next.js
17901,12526,Node.js
17903,12526,React
17906,12526,Vue.js
17907,12529,Next.js
17908,12529,React
17909,12529,Spring Boot
17910,12529,Vue.js
17912,12530,Next.js
17913,12530,React
17914,12533,jQuery
17915,12533,Node.js
17916,12533,Spring Boot
17917,12533,Vue.js
17918,12534,Node.js
17919,12534,React
17920,12534,Spring Boot
17921,12540,Spring Boot
17922,12546,Angular
17923,12547,Angular
17924,12547,ASP.NET
17925,12547,ASP.NET CORE
17928,12548,jQuery
17929,12548,Node.js
17930,12548,React
17932,12549,Next.js
17933,12549,Node.js
17934,12549,React
17937,12550,Angular
17942,12550,Express
17947,12550,jQuery
17950,12550,Next.js
17951,12550,Node.js
17953,12550,React
17956,12550,Spring Boot
17958,12550,Vue.js
17960,12552,Angular
17963,12552,Next.js
17964,12552,Node.js
17966,12552,React
17969,12558,Angular
17971,12558,Node.js
17973,12561,Express
17976,12561,jQuery
17979,12561,Next.js
17980,12561,Node.js
17981,12561,React
17983,12561,Spring Boot
17986,12562,ASP.NET CORE
17987,12566,ASP.NET
17988,12566,ASP.NET CORE
17990,12568,Express
17992,12568,jQuery
17994,12568,Next.js
17995,12568,Node.js
17996,12568,React
17998,12569,Angular
17999,12569,Spring Boot
18000,12574,Angular
18001,12574,React
18002,12574,Spring Boot
18004,12575,Next.js
18005,12575,React
18006,12575,Vue.js
18008,12576,jQuery
18010,12576,Vue.js
18012,12577,Angular
18014,12577,Express
18015,12577,Next.js
18016,12577,Node.js
18017,12577,Spring Boot
18018,12580,Angular
18022,12585,Next.js
18023,12585,Node.js
18024,12585,React
18026,12585,Vue.js
18028,12588,Node.js
18029,12588,React
18030,12589,ASP.NET
18031,12589,ASP.NET CORE
18032,12593,Spring Boot
18033,12600,Angular
18034,12600,Spring Boot
18037,12606,Express
18038,12606,Node.js
18040,12606,Vue.js
18041,12611,Next.js
18042,12611,Node.js
18043,12611,React
18046,12615,Next.js
18047,12615,Node.js
18048,12615,React
18052,12618,Next.js
18053,12618,Node.js
18054,12618,React
18056,12620,Next.js
18057,12620,Node.js
18058,12620,React
18059,12622,React
18061,12624,ASP.NET
18062,12624,ASP.NET CORE
18063,12624,jQuery
18065,12624,Node.js
18066,12624,React
18067,12627,Angular
18068,12627,Next.js
18069,12627,React
18070,12634,Angular
18071,12634,ASP.NET
18073,12634,Node.js
18074,12634,Spring Boot
18075,12643,jQuery
18078,12643,Vue.js
18080,12646,ASP.NET CORE
18082,12646,Vue.js
18087,12647,jQuery
18089,12647,Next.js
18090,12647,Node.js
18092,12647,React
18094,12647,Vue.js
18098,12651,ASP.NET CORE
18100,12651,Express
18101,12651,Next.js
18102,12651,Node.js
18103,12651,React
18104,12652,Angular
18106,12652,Express
18107,12652,Next.js
18108,12652,Node.js
18109,12652,React
18110,12652,Vue.js
18112,12664,React
18113,12664,Spring Boot
18114,12666,ASP.NET CORE
18118,12671,Express
18119,12671,React
18121,12673,Next.js
18122,12673,React
18123,12673,Spring Boot
18124,12677,ASP.NET CORE
18125,12677,Express
18126,12677,Node.js
18127,12677,React
18128,12679,Angular
18130,12679,React
18132,12681,ASP.NET
18133,12681,ASP.NET CORE
18134,12691,Angular
18135,12691,ASP.NET CORE
18136,12691,React
18137,12693,jQuery
18138,12693,Next.js
18139,12693,Node.js
18140,12693,React
18141,12697,Angular
18142,12697,React
18143,12697,Spring Boot
18145,12698,Vue.js
18146,12699,ASP.NET
18147,12699,ASP.NET CORE
18148,12704,Angular
18149,12704,ASP.NET
18150,12704,ASP.NET CORE
18152,12705,Node.js
18153,12705,React
18154,12708,Node.js
18155,12708,React
18157,12708,Vue.js
18158,12712,Angular
18159,12712,ASP.NET
18160,12716,ASP.NET CORE
18163,12720,Angular
18165,12720,Vue.js
18168,12725,jQuery
18170,12725,Vue.js
18171,12728,jQuery
18174,12729,Node.js
18175,12729,Vue.js
18176,12736,Spring Boot
18181,12745,Angular
18182,12745,ASP.NET
18183,12745,ASP.NET CORE
18185,12745,jQuery
18186,12746,ASP.NET
18187,12746,ASP.NET CORE
18192,12750,React
18193,12750,Vue.js
18194,12752,jQuery
18195,12759,Angular
18200,12759,jQuery
18201,12759,Node.js
18203,12760,Angular
18204,12761,Angular
18208,12762,Node.js
18209,12762,React
18210,12769,ASP.NET
18211,12769,ASP.NET CORE
18213,12770,Express
18215,12770,Next.js
18216,12770,Node.js
18217,12770,React
18219,12771,Angular
18221,12771,Node.js
18222,12780,Express
18224,12780,Node.js
18225,12780,React
18226,12782,Angular
18229,12782,Express
18231,12782,jQuery
18234,12782,Next.js
18235,12782,Node.js
18236,12782,React
18237,12782,Spring Boot
18242,12789,Express
18243,12789,Node.js
18244,12789,React
18246,12796,Express
18247,12796,Next.js
18248,12796,React
18250,12799,Angular
18252,12799,ASP.NET
18253,12799,ASP.NET CORE
18261,12799,Express
18267,12799,jQuery
18270,12799,Next.js
18271,12799,Node.js
18275,12799,React
18279,12799,Spring Boot
18283,12799,Vue.js
18286,12801,ASP.NET CORE
18288,12801,Express
18289,12801,Node.js
18290,12801,React
18292,12801,Vue.js
18293,12804,Angular
18294,12804,Node.js
18296,12804,React
18297,12804,Spring Boot
18298,12804,Vue.js
18300,12807,Spring Boot
18301,12818,Express
18303,12818,Node.js
18304,12818,React
18305,12824,Angular
18306,12824,ASP.NET CORE
18307,12826,ASP.NET
18312,12833,Spring Boot
18313,12835,jQuery
18314,12835,Node.js
18315,12835,Spring Boot
18316,12836,Angular
18318,12836,ASP.NET
18319,12836,ASP.NET CORE
18321,12836,Express
18322,12836,jQuery
18324,12836,Next.js
18325,12836,Node.js
18326,12836,React
18327,12836,Spring Boot
18328,12836,Vue.js
18329,12837,Express
18330,12837,Node.js
18331,12842,jQuery
18332,12842,Node.js
18333,12847,Express
18334,12847,Node.js
18336,12847,Vue.js
18339,12850,jQuery
18340,12850,Node.js
18341,12850,React
18343,12856,Angular
18345,12856,ASP.NET
18346,12856,ASP.NET CORE
18347,12857,Express
18348,12857,Node.js
18350,12862,Express
18351,12862,jQuery
18352,12862,Node.js
18353,12862,React
18355,12872,Spring Boot
18356,12880,ASP.NET
18357,12880,ASP.NET CORE
18358,12880,React
18359,12880,Vue.js
18360,12881,jQuery
18361,12882,Node.js
18362,12888,Express
18363,12888,Next.js
18364,12888,Node.js
18365,12888,React
18366,12891,jQuery
18367,12891,Node.js
18368,12891,Spring Boot
18369,12893,Angular
18370,12893,ASP.NET CORE
18371,12893,Express
18372,12893,Next.js
18373,12893,Node.js
18374,12893,React
18375,12896,ASP.NET
18376,12896,ASP.NET CORE
18380,12896,Express
18384,12896,jQuery
18386,12896,Next.js
18387,12896,Node.js
18389,12896,React
18392,12896,Vue.js
18396,12897,jQuery
18397,12897,Next.js
18398,12897,Node.js
18399,12897,React
18401,12898,Angular
18403,12898,Node.js
18404,12898,React
18406,12899,Node.js
18407,12899,React
18409,12899,Vue.js
18411,12900,Node.js
18412,12900,React
18415,12909,ASP.NET
18416,12909,ASP.NET CORE
18418,12909,jQuery
18419,12909,Vue.js
18420,12910,Angular
18421,12910,ASP.NET
18422,12910,ASP.NET CORE
18424,12910,Node.js
18426,12910,Vue.js
18430,12911,React
18433,12914,Next.js
18434,12914,Node.js
18435,12914,React
18436,12917,Angular
18437,12917,Node.js
18438,12917,Spring Boot
18439,12920,Angular
18441,12920,ASP.NET
18442,12920,ASP.NET CORE
18447,12920,jQuery
18448,12920,Spring Boot
18450,12922,Angular
18451,12922,ASP.NET
18452,12922,ASP.NET CORE
18455,12922,Node.js
18456,12924,ASP.NET
18457,12924,ASP.NET CORE
18459,12924,Express
18460,12924,jQuery
18461,12924,Next.js
18462,12924,React
18463,12925,Node.js
18467,12926,jQuery
18470,12928,Express
18471,12928,Next.js
18472,12928,React
18473,12929,Express
18474,12929,Next.js
18475,12929,Node.js
18476,12929,React
18479,12936,ASP.NET
18480,12936,ASP.NET CORE
18481,12939,ASP.NET
18482,12939,ASP.NET CORE
18483,12939,Node.js
18484,12939,Vue.js
18485,12942,ASP.NET CORE
18486,12942,Node.js
18487,12942,React
18489,12947,Angular
18490,12947,Express
18491,12947,Node.js
18492,12948,Angular
18493,12948,ASP.NET CORE
18495,12948,jQuery
18496,12948,React
18497,12948,Vue.js
18498,12949,Angular
18500,12949,ASP.NET
18501,12949,ASP.NET CORE
18502,12949,Node.js
18503,12949,React
18504,12949,Vue.js
18505,12950,Next.js
18506,12950,Node.js
18507,12950,React
18510,12956,Next.js
18511,12956,Node.js
18513,12956,React
18514,12956,Spring Boot
18516,12962,React
18517,12962,Spring Boot
18518,12965,Express
18519,12965,jQuery
18520,12965,Node.js
18521,12965,React
18523,12971,Angular
18525,12971,ASP.NET
18526,12971,ASP.NET CORE
18528,12971,Vue.js
18531,12980,Angular
18533,12980,ASP.NET CORE
18535,12980,Express
18536,12980,Node.js
18537,12980,Spring Boot
18539,12981,Next.js
18540,12981,Node.js
18542,12982,Angular
18544,12982,Express
18545,12982,jQuery
18547,12982,Next.js
18548,12982,Node.js
18549,12982,React
18551,12986,ASP.NET
18552,12986,ASP.NET CORE
18553,12986,Vue.js
18554,12989,Express
18556,12989,Node.js
18557,12989,Spring Boot
18558,12989,Vue.js
18560,12990,Express
18561,12990,jQuery
18562,12990,Next.js
18563,12990,Node.js
18564,12990,React
18565,12997,Angular
18568,13002,ASP.NET
18569,13002,ASP.NET CORE
18570,13002,React
18571,13003,ASP.NET
18572,13003,ASP.NET CORE
18574,13003,Express
18575,13003,Next.js
18576,13003,React
18578,13004,jQuery
18579,13004,Node.js
18580,13004,Vue.js
18581,13009,Node.js
18582,13011,Angular
18585,13011,Node.js
18586,13011,React
18588,13015,Express
18592,13015,Next.js
18593,13015,Node.js
18594,13015,React
18597,13019,Next.js
18598,13019,Node.js
18600,13019,React
18603,13019,Vue.js
18605,13022,Angular
18606,13022,ASP.NET
18607,13022,ASP.NET CORE
18610,13022,Spring Boot
18612,13022,Vue.js
18613,13024,Angular
18617,13024,Node.js
18620,13028,Angular
18621,13028,ASP.NET CORE
18622,13030,Node.js
18626,13030,Vue.js
18630,13033,jQuery
18631,13033,Next.js
18632,13033,Node.js
18633,13033,React
18634,13033,Spring Boot
18636,13036,Angular
18638,13036,Express
18640,13036,jQuery
18641,13036,Node.js
18643,13037,jQuery
18645,13037,Node.js
18646,13037,React
18648,13038,React
18649,13038,Spring Boot
18650,13045,Angular
18655,13045,Node.js
18656,13045,React
18658,13049,Node.js
18659,13049,React
18662,13054,Next.js
18663,13054,Node.js
18664,13054,React
18665,13054,Spring Boot
18666,13055,Spring Boot
18669,13061,Vue.js
18670,13062,Angular
18673,13062,Next.js
18674,13062,React
18675,13065,ASP.NET CORE
18676,13065,jQuery
18677,13065,Next.js
18678,13065,Node.js
18679,13065,React
18680,13065,Spring Boot
18681,13074,Angular
18682,13074,ASP.NET
18683,13074,ASP.NET CORE
18685,13074,Next.js
18686,13074,Node.js
18687,13074,React
18688,13076,Angular
18689,13076,ASP.NET
18690,13076,ASP.NET CORE
18691,13076,Node.js
18693,13079,Next.js
18694,13079,React
18695,13079,Spring Boot
18696,13080,ASP.NET
18697,13080,Node.js
18699,13081,jQuery
18701,13081,Vue.js
18703,13095,Next.js
18704,13095,React
18705,13095,Spring Boot
18707,13101,jQuery
18708,13103,React
18711,13111,Express
18712,13111,jQuery
18714,13111,Next.js
18715,13111,Node.js
18716,13111,React
18720,13114,jQuery
18722,13115,Express
18723,13115,jQuery
18724,13115,Next.js
18725,13115,Node.js
18727,13115,React
18730,13115,Vue.js
18731,13116,ASP.NET CORE
18735,13117,jQuery
18736,13117,Node.js
18739,13119,React
18741,13121,ASP.NET
18742,13121,ASP.NET CORE
18743,13121,Express
18744,13121,jQuery
18745,13121,Node.js
18746,13121,React
18748,13128,Vue.js
18749,13129,Angular
18750,13129,ASP.NET
18751,13129,ASP.NET CORE
18753,13130,Next.js
18754,13130,React
18755,13132,jQuery
18757,13132,Next.js
18758,13132,Node.js
18759,13132,React
18760,13134,Express
18762,13134,Node.js
18763,13134,React
18764,13134,Spring Boot
18765,13137,Spring Boot
18766,13138,Node.js
18768,13138,React
18770,13144,Node.js
18771,13144,React
18772,13146,Express
18774,13146,jQuery
18776,13146,Node.js
18777,13146,React
18779,13146,Vue.js
18783,13147,jQuery
18785,13147,React
18786,13147,Vue.js
18789,13149,React
18790,13149,Vue.js
18791,13150,Angular
18792,13150,Node.js
18793,13150,Spring Boot
18794,13152,Angular
18795,13152,ASP.NET
18796,13152,ASP.NET CORE
18798,13152,Next.js
18799,13152,Node.js
18800,13152,React
18801,13156,jQuery
18802,13156,Spring Boot
18803,13163,ASP.NET CORE
18806,13175,Angular
18808,13175,Express
18809,13175,jQuery
18811,13175,Next.js
18812,13175,Node.js
18813,13175,React
18814,13183,Next.js
18815,13183,Node.js
18816,13183,React
18817,13183,Spring Boot
18820,13185,Angular
18821,13185,jQuery
18822,13185,Next.js
18823,13185,Node.js
18824,13185,React
18826,13194,Express
18829,13194,Node.js
18830,13194,React
18831,13197,Angular
18832,13197,jQuery
18835,13199,ASP.NET CORE
18836,13199,Express
18837,13199,jQuery
18838,13199,Next.js
18839,13199,Node.js
18840,13199,React
18844,13206,Node.js
18846,13206,React
18847,13206,Vue.js
18848,13216,Spring Boot
18851,13219,Next.js
18852,13219,React
18856,13220,Vue.js
18860,13231,Next.js
18861,13231,Node.js
18862,13231,React
18865,13233,ASP.NET CORE
18869,13233,jQuery
18872,13233,React
18875,13236,React
18880,13241,jQuery
18881,13241,Node.js
18882,13241,React
18886,13255,Angular
18887,13255,ASP.NET
18888,13255,ASP.NET CORE
18893,13255,Next.js
18895,13255,React
18896,13265,Express
18897,13265,Node.js
18898,13268,ASP.NET CORE
18900,13270,Express
18903,13270,jQuery
18904,13270,Next.js
18905,13270,Node.js
18906,13270,React
18908,13272,Express
18910,13272,React
18913,13273,ASP.NET
18914,13273,ASP.NET CORE
18915,13273,Express
18918,13273,jQuery
18920,13273,Next.js
18921,13273,Node.js
18923,13273,React
18924,13273,Spring Boot
18927,13275,React
18929,13277,Next.js
18930,13277,Node.js
18931,13281,ASP.NET
18932,13281,ASP.NET CORE
18934,13281,React
18935,13281,Vue.js
18936,13283,Express
18939,13283,Next.js
18940,13283,Node.js
18941,13283,React
18942,13284,Node.js
18943,13284,Spring Boot
18944,13284,Vue.js
18945,13293,Express
18946,13293,Node.js
18947,13293,React
18950,13295,Express
18951,13295,Next.js
18952,13295,Node.js
18954,13295,React
18955,13295,Vue.js
18956,13299,ASP.NET CORE
18957,13299,React
18959,13304,jQuery
18961,13304,Vue.js
18962,13310,Angular
18963,13310,Express
18965,13310,Next.js
18966,13310,Node.js
18967,13310,React
18968,13317,ASP.NET CORE
18970,13317,Express
18971,13317,jQuery
18972,13317,Node.js
18973,13317,React
18978,13319,Node.js
18979,13320,Spring Boot
18980,13321,ASP.NET
18981,13321,ASP.NET CORE
18982,13321,Spring Boot
18983,13323,Angular
18984,13323,ASP.NET
18985,13323,ASP.NET CORE
18986,13323,jQuery
18987,13323,Node.js
18988,13323,React
18989,13325,Angular
18990,13325,ASP.NET
18991,13325,ASP.NET CORE
18993,13325,Express
18994,13325,Next.js
18995,13325,Node.js
18996,13325,React
18997,13326,Spring Boot
18998,13329,Angular
18999,13329,ASP.NET
19000,13329,ASP.NET CORE
19001,13329,Next.js
19002,13329,Node.js
19004,13332,ASP.NET
19005,13332,ASP.NET CORE
19007,13332,Node.js
19008,13332,Vue.js
19009,13333,Angular
19010,13333,Node.js
19014,13333,Vue.js
19016,13340,Angular
19017,13340,ASP.NET
19018,13340,ASP.NET CORE
19021,13340,Next.js
19022,13340,Node.js
19023,13340,React
19024,13345,Vue.js
19025,13351,Next.js
19026,13351,Node.js
19027,13351,React
19028,13352,Angular
19029,13352,ASP.NET CORE
19031,13355,Angular
19032,13355,ASP.NET
19033,13355,ASP.NET CORE
19034,13355,Express
19036,13355,jQuery
19037,13355,Next.js
19038,13355,Node.js
19039,13355,React
19040,13355,Spring Boot
19041,13358,ASP.NET
19042,13358,ASP.NET CORE
19043,13358,Express
19044,13358,jQuery
19045,13358,Node.js
19046,13358,Vue.js
19047,13360,jQuery
19053,13366,Vue.js
19055,13370,ASP.NET CORE
19056,13370,Express
19057,13370,Next.js
19058,13370,Node.js
19059,13370,React
19060,13371,Angular
19062,13371,Node.js
19066,13373,Node.js
19068,13377,Angular
19069,13377,ASP.NET CORE
19070,13377,Node.js
19071,13378,Angular
19074,13378,Express
19075,13378,jQuery
19076,13378,Node.js
19077,13378,React
19080,13381,ASP.NET
19081,13381,ASP.NET CORE
19083,13381,Next.js
19084,13381,Node.js
19085,13381,React
19086,13382,Angular
19087,13382,ASP.NET
19088,13382,ASP.NET CORE
19090,13382,Node.js
19091,13383,React
19092,13388,Angular
19093,13388,Express
19094,13388,jQuery
19097,13388,Next.js
19098,13388,Node.js
19099,13388,React
19100,13390,ASP.NET CORE
19101,13390,Express
19102,13390,Node.js
19103,13390,React
19104,13401,Angular
19106,13401,Express
19107,13401,jQuery
19108,13401,React
19109,13401,Spring Boot
19111,13403,ASP.NET
19112,13403,ASP.NET CORE
19115,13406,Spring Boot
19116,13408,Express
19117,13408,Node.js
19119,13410,Angular
19121,13410,Express
19122,13410,jQuery
19123,13410,Next.js
19124,13410,Node.js
19126,13413,ASP.NET CORE
19127,13413,jQuery
19129,13414,Angular
19130,13414,Express
19131,13414,jQuery
19132,13414,Next.js
19133,13414,Node.js
19134,13415,ASP.NET
19135,13415,ASP.NET CORE
19136,13421,ASP.NET
19137,13421,ASP.NET CORE
19139,13421,Express
19141,13421,jQuery
19144,13421,Next.js
19145,13421,Node.js
19147,13421,React
19148,13421,Vue.js
19149,13423,Angular
19151,13423,ASP.NET
19152,13423,ASP.NET CORE
19156,13423,jQuery
19159,13423,Next.js
19160,13423,Node.js
19162,13423,Vue.js
19165,13433,Node.js
19168,13435,Express
19169,13435,Next.js
19170,13435,Node.js
19171,13435,React
19173,13436,ASP.NET
19174,13436,ASP.NET CORE
19176,13436,Next.js
19177,13436,Node.js
19178,13436,React
19180,13437,Node.js
19181,13437,Vue.js
19184,13438,jQuery
19185,13438,Node.js
19186,13439,Node.js
19187,13439,React
19188,13439,Spring Boot
19189,13443,Express
19192,13443,Next.js
19193,13443,Node.js
19194,13443,React
19197,13446,Node.js
19198,13446,React
19201,13448,Next.js
19202,13448,Node.js
19203,13448,React
19204,13448,Spring Boot
19205,13456,jQuery
19207,13456,Node.js
19208,13456,Vue.js
19210,13457,Express
19211,13457,Node.js
19213,13457,Vue.js
19214,13459,React
19215,13459,Spring Boot
19217,13461,Node.js
19218,13468,ASP.NET
19221,13476,Next.js
19222,13476,Node.js
19223,13476,React
19224,13476,Vue.js
19225,13477,ASP.NET
19228,13477,Express
19232,13477,Next.js
19233,13477,Node.js
19234,13477,React
19237,13478,Angular
19238,13478,ASP.NET CORE
19239,13478,React
19241,13483,Angular
19242,13483,ASP.NET CORE
19243,13483,Express
19246,13483,Node.js
19249,13484,React
19250,13484,Vue.js
19251,13488,ASP.NET
19252,13488,ASP.NET CORE
19254,13488,jQuery
19256,13493,Angular
19257,13493,Next.js
19258,13493,React
19259,13496,ASP.NET
19260,13496,ASP.NET CORE
19261,13496,jQuery
19262,13496,Next.js
19263,13496,Node.js
19264,13496,React
19267,13498,Next.js
19268,13498,Node.js
19269,13498,React
19270,13502,ASP.NET CORE
19273,13503,Vue.js
19274,13504,React
19275,13504,Spring Boot
19276,13506,Angular
19277,13506,Express
19280,13506,Next.js
19281,13506,Node.js
19284,13506,React
19288,13506,Vue.js
19291,13508,Node.js
19294,13516,Express
19296,13516,Next.js
19297,13516,Node.js
19298,13516,React
19300,13518,Express
19301,13518,jQuery
19302,13518,React
19304,13527,ASP.NET
19305,13527,ASP.NET CORE
19307,13527,React
19308,13528,ASP.NET
19309,13528,ASP.NET CORE
19311,13528,jQuery
19312,13528,Vue.js
19315,13532,Express
19316,13532,Node.js
19318,13532,Vue.js
19319,13534,Angular
19321,13534,jQuery
19322,13534,Node.js
19325,13536,Node.js
19328,13537,Node.js
19329,13537,Spring Boot
19330,13545,Express
19331,13545,Node.js
19332,13545,Vue.js
19334,13549,Express
19335,13549,jQuery
19336,13549,React
19337,13550,ASP.NET
19338,13550,ASP.NET CORE
19339,13550,jQuery
19340,13550,Node.js
19341,13550,React
19344,13556,Angular
19347,13556,Vue.js
19349,13561,Express
19350,13561,Next.js
19351,13561,Node.js
19352,13561,React
19354,13563,Vue.js
19355,13564,Express
19356,13564,jQuery
19357,13564,Node.js
19358,13564,React
19360,13565,Next.js
19361,13565,Node.js
19362,13565,React
19363,13567,Angular
19364,13567,Node.js
19365,13567,Vue.js
19367,13568,Express
19368,13568,jQuery
19369,13568,Node.js
19370,13568,React
19373,13569,Node.js
19376,13570,Express
19377,13573,Express
19379,13573,jQuery
19381,13573,Next.js
19382,13573,Node.js
19383,13573,React
19386,13575,Node.js
19387,13577,ASP.NET
19388,13577,ASP.NET CORE
19390,13584,Angular
19391,13584,Express
19393,13584,Next.js
19394,13584,Node.js
19395,13584,React
19396,13587,Express
19397,13587,Node.js
19398,13587,React
19399,13593,Node.js
19400,13593,React
19401,13595,Node.js
19403,13601,Express
19404,13601,Node.js
19405,13601,React
19406,13603,Angular
19407,13607,Angular
19408,13607,jQuery
19409,13607,Next.js
19410,13607,Node.js
19411,13607,Spring Boot
19413,13611,Angular
19417,13611,Express
19419,13611,Next.js
19420,13611,Node.js
19422,13611,React
19424,13611,Spring Boot
19426,13611,Vue.js
19428,13619,Express
19430,13619,Next.js
19431,13619,Node.js
19433,13619,React
19434,13621,React
19436,13644,React
19437,13653,jQuery
19439,13654,Angular
19440,13654,ASP.NET
19441,13654,ASP.NET CORE
19442,13654,Express
19443,13654,jQuery
19444,13654,Node.js
19447,13657,jQuery
19448,13657,Next.js
19449,13657,Node.js
19450,13657,React
19451,13659,Angular
19452,13659,ASP.NET
19453,13659,ASP.NET CORE
19454,13659,React
19456,13662,Angular
19457,13662,ASP.NET
19458,13662,ASP.NET CORE
19460,13662,Node.js
19461,13662,React
19462,13662,Spring Boot
19467,13665,jQuery
19468,13665,Next.js
19469,13665,Node.js
19471,13665,React
19472,13665,Vue.js
19473,13671,ASP.NET
19475,13671,React
19477,13673,React
19480,13679,Angular
19481,13679,ASP.NET CORE
19482,13679,Node.js
19483,13685,jQuery
19486,13692,ASP.NET CORE
19487,13692,Express
19489,13692,Next.js
19490,13692,Node.js
19491,13692,React
19493,13692,Spring Boot
19494,13693,ASP.NET CORE
19497,13693,Node.js
19498,13698,Angular
19500,13702,ASP.NET CORE
19501,13702,Express
19503,13702,jQuery
19505,13702,Node.js
19507,13702,React
19508,13702,Vue.js
19510,13703,jQuery
19511,13703,Node.js
19512,13703,React
19513,13704,ASP.NET CORE
19515,13704,Express
19516,13704,Node.js
19517,13704,Vue.js
19518,13705,Express
19521,13705,Node.js
19522,13705,React
19523,13705,Vue.js
19525,13708,Express
19526,13708,Next.js
19527,13708,Node.js
19528,13708,React
19529,13708,Vue.js
19530,13713,Angular
19532,13713,React
19533,13713,Spring Boot
19535,13714,ASP.NET
19536,13714,ASP.NET CORE
19537,13714,React
19540,13715,React
19544,13716,Express
19545,13716,Node.js
19546,13716,React
19547,13716,Spring Boot
19548,13716,Vue.js
19550,13718,Angular
19552,13718,ASP.NET
19553,13718,ASP.NET CORE
19556,13718,jQuery
19558,13718,Next.js
19559,13718,Node.js
19560,13718,React
19561,13718,Spring Boot
19565,13720,jQuery
19567,13721,ASP.NET CORE
19568,13721,jQuery
19572,13722,Node.js
19573,13722,React
19574,13722,Spring Boot
19575,13722,Vue.js
19576,13723,Angular
19577,13723,ASP.NET CORE
19578,13723,Node.js
19581,13724,ASP.NET
19582,13724,Next.js
19583,13724,Node.js
19584,13724,React
19587,13726,React
19588,13726,Vue.js
19593,13728,Next.js
19594,13728,Node.js
19596,13728,React
19599,13729,Angular
19601,13729,ASP.NET
19602,13729,ASP.NET CORE
19603,13729,Express
19604,13729,Next.js
19605,13729,Node.js
19606,13733,Angular
19608,13733,ASP.NET
19609,13733,ASP.NET CORE
19610,13733,jQuery
19611,13747,Spring Boot
19613,13750,Node.js
19614,13756,ASP.NET
19615,13756,ASP.NET CORE
19618,13756,React
19621,13757,Express
19622,13757,Node.js
19623,13757,Spring Boot
19625,13761,Express
19627,13761,jQuery
19629,13761,Node.js
19630,13761,React
19631,13761,Spring Boot
19632,13763,Angular
19634,13763,Node.js
19637,13764,Express
19638,13764,Node.js
19639,13764,React
19642,13766,jQuery
19643,13766,Node.js
19644,13766,React
19645,13766,Spring Boot
19646,13766,Vue.js
19648,13767,Express
19651,13767,Next.js
19652,13767,Node.js
19653,13767,React
19656,13770,React
19658,13770,Vue.js
19659,13771,ASP.NET CORE
19661,13771,Next.js
19662,13771,Node.js
19663,13771,React
19664,13772,Angular
19666,13772,ASP.NET
19667,13772,ASP.NET CORE
19668,13772,jQuery
19669,13772,Node.js
19671,13782,Next.js
19672,13782,Node.js
19673,13782,React
19674,13787,Express
19676,13787,Next.js
19677,13787,Node.js
19678,13787,React
19679,13789,Node.js
19680,13789,React
19681,13793,Spring Boot
19682,13795,ASP.NET CORE
19683,13795,Spring Boot
19684,13799,Node.js
19685,13799,React
19689,13813,Next.js
19690,13813,Node.js
19691,13813,React
19693,13814,Express
19694,13814,Next.js
19695,13814,React
19696,13814,Vue.js
19701,13820,ASP.NET
19702,13820,React
19703,13821,React
19704,13821,Spring Boot
19705,13822,ASP.NET
19706,13822,ASP.NET CORE
19709,13825,Next.js
19710,13825,React
19713,13833,Next.js
19714,13833,React
19716,13835,jQuery
19721,13839,Angular
19723,13839,Spring Boot
19725,13844,jQuery
19727,13846,jQuery
19728,13846,Spring Boot
19729,13847,Angular
19730,13847,jQuery
19731,13847,Next.js
19732,13847,Node.js
19733,13847,React
19736,13848,ASP.NET CORE
19737,13848,Express
19738,13848,Node.js
19739,13848,React
19740,13848,Spring Boot
19741,13850,Angular
19742,13850,Express
19743,13850,Node.js
19744,13850,React
19745,13854,Angular
19746,13854,jQuery
19747,13854,Node.js
19748,13854,Spring Boot
19749,13854,Vue.js
19751,13856,ASP.NET
19752,13857,jQuery
19753,13857,Node.js
19754,13857,React
19755,13857,Spring Boot
19757,13858,Angular
19760,13858,Next.js
19761,13858,Node.js
19762,13858,React
19765,13859,Next.js
19766,13859,Node.js
19767,13859,React
19769,13861,Angular
19772,13861,jQuery
19774,13861,Node.js
19777,13863,Express
19778,13863,Node.js
19779,13863,React
19784,13865,React
19785,13865,Vue.js
19787,13866,Angular
19788,13866,ASP.NET CORE
19791,13866,React
19793,13871,Vue.js
19795,13872,Node.js
19796,13872,React
19798,13872,Vue.js
19800,13873,Express
19803,13873,Next.js
19804,13873,Node.js
19805,13873,React
19808,13874,Express
19811,13874,Node.js
19813,13874,React
19815,13878,Angular
19816,13878,ASP.NET
19817,13878,ASP.NET CORE
19818,13878,Node.js
19819,13878,Spring Boot
19821,13879,ASP.NET
19822,13879,ASP.NET CORE
19823,13879,Next.js
19824,13879,React
19826,13885,ASP.NET
19827,13885,ASP.NET CORE
19829,13885,Express
19832,13885,Node.js
19841,13895,Express
19842,13895,Next.js
19843,13895,React
19847,13904,jQuery
19850,13909,Next.js
19851,13909,Node.js
19852,13909,React
19854,13914,Express
19855,13914,Node.js
19858,13915,jQuery
19859,13915,Next.js
19860,13915,Node.js
19861,13915,React
19862,13915,Spring Boot
19863,13915,Vue.js
19865,13917,Spring Boot
19866,13918,Angular
19867,13918,Express
19869,13918,Node.js
19875,13924,Express
19878,13924,Next.js
19879,13924,Node.js
19880,13924,React
19883,13924,Spring Boot
19884,13925,Angular
19886,13925,jQuery
19887,13925,Next.js
19888,13925,Node.js
19889,13925,Spring Boot
19890,13931,Angular
19891,13931,jQuery
19892,13931,Spring Boot
19893,13931,Vue.js
19895,13936,Angular
19896,13936,Express
19897,13936,Node.js
19898,13936,Spring Boot
19899,13937,Express
19900,13937,Node.js
19901,13937,React
19902,13939,ASP.NET
19903,13939,ASP.NET CORE
19905,13939,Node.js
19907,13939,Vue.js
19908,13943,ASP.NET CORE
19909,13943,Node.js
19912,13949,Angular
19914,13949,Express
19915,13949,Node.js
19917,13949,Vue.js
19920,13953,Express
19921,13953,Node.js
19922,13953,Spring Boot
19923,13953,Vue.js
19924,13954,Express
19926,13954,jQuery
19927,13954,Next.js
19928,13954,Node.js
19929,13954,React
19933,13959,React
19937,13960,Next.js
19938,13960,Node.js
19939,13960,React
19940,13961,ASP.NET CORE
19941,13961,Express
19944,13961,Next.js
19945,13961,Node.js
19946,13961,React
19948,13962,Angular
19949,13962,Node.js
19950,13962,Spring Boot
19951,13969,ASP.NET
19952,13969,ASP.NET CORE
19953,13969,jQuery
19954,13969,Node.js
19955,13969,React
19956,13970,jQuery
19957,13970,Spring Boot
19959,13971,React
19960,13971,Vue.js
19961,13978,Express
19962,13978,Node.js
19963,13978,React
19964,13980,Angular
19966,13980,ASP.NET
19967,13980,Express
19968,13980,jQuery
19971,13980,Node.js
19972,13980,React
19973,13981,jQuery
19975,13981,Next.js
19976,13981,Node.js
19979,13981,Vue.js
19981,13987,Angular
19982,13987,Spring Boot
19983,13989,Express
19985,13989,Next.js
19986,13989,Node.js
19987,13989,React
19989,13991,ASP.NET
19990,13991,ASP.NET CORE
19991,13994,Node.js
19992,13994,React
19998,13999,React
19999,13999,Spring Boot
20002,14006,Node.js
20004,14009,Angular
20006,14009,Node.js
20007,14009,React
20008,14010,Express
20010,14010,Next.js
20011,14010,Node.js
20013,14010,React
20014,14010,Vue.js
20017,14014,Next.js
20018,14014,React
20020,14014,Vue.js
20023,14015,jQuery
20026,14015,Vue.js
20029,14017,Next.js
20030,14017,React
20031,14019,Angular
20032,14019,Node.js
20035,14021,ASP.NET CORE
20036,14021,Express
20037,14021,Next.js
20038,14021,React
20039,14022,Angular
20041,14022,Next.js
20042,14022,Node.js
20043,14022,React
20044,14022,Spring Boot
20045,14023,Spring Boot
20046,14024,ASP.NET
20047,14024,ASP.NET CORE
20049,14024,React
20051,14031,Express
20054,14031,Next.js
20055,14031,Node.js
20056,14031,React
20057,14035,ASP.NET
20058,14035,ASP.NET CORE
20060,14035,jQuery
20061,14035,Node.js
20063,14039,Angular
20065,14039,ASP.NET
20066,14039,ASP.NET CORE
20067,14039,jQuery
20068,14039,React
20071,14046,Node.js
20072,14046,React
20073,14046,Vue.js
20075,14050,Express
20079,14050,jQuery
20081,14050,Node.js
20082,14050,React
20084,14052,Angular
20087,14052,Express
20088,14052,jQuery
20090,14052,React
20092,14052,Vue.js
20095,14055,Node.js
20097,14055,Vue.js
20098,14059,Express
20099,14059,Node.js
20100,14063,Angular
20102,14063,ASP.NET CORE
20104,14063,Node.js
20106,14073,jQuery
20110,14080,jQuery
20112,14080,Node.js
20113,14080,React
20115,14080,Vue.js
20117,14084,Express
20118,14084,Next.js
20119,14084,Node.js
20120,14084,React
20124,14092,ASP.NET CORE
20126,14092,Express
20129,14092,jQuery
20130,14092,Next.js
20131,14092,Node.js
20135,14093,jQuery
20137,14093,React
20140,14100,Angular
20141,14100,ASP.NET
20142,14100,ASP.NET CORE
20144,14100,Express
20145,14100,jQuery
20146,14100,Node.js
20147,14100,React
20149,14100,Vue.js
20152,14101,jQuery
20153,14101,Node.js
20158,14109,jQuery
20160,14109,React
20164,14112,React
20165,14118,Angular
20170,14118,Express
20172,14118,jQuery
20174,14118,Next.js
20175,14118,React
20176,14118,Spring Boot
20181,14120,jQuery
20182,14120,Spring Boot
20185,14127,Next.js
20186,14127,Node.js
20187,14127,React
20189,14130,Angular
20190,14130,Express
20192,14130,Node.js
20193,14130,React
20194,14130,Spring Boot
20195,14136,Angular
20196,14136,ASP.NET
20197,14136,ASP.NET CORE
20199,14136,Next.js
20200,14136,Node.js
20201,14137,Angular
20205,14137,jQuery
20207,14137,Next.js
20208,14137,Node.js
20209,14137,React
20211,14143,Node.js
20213,14143,React
20215,14143,Vue.js
20216,14146,Angular
20218,14146,jQuery
20219,14153,Next.js
20220,14153,Node.js
20221,14153,React
20222,14156,Angular
20223,14156,ASP.NET CORE
20226,14156,Node.js
20229,14166,jQuery
20230,14166,Vue.js
20232,14168,Express
20233,14168,Node.js
20234,14168,React
20236,14168,Spring Boot
20238,14169,Express
20241,14169,Node.js
20243,14169,React
20244,14169,Vue.js
20246,14171,Express
20248,14171,Node.js
20250,14172,ASP.NET
20251,14172,ASP.NET CORE
20252,14172,jQuery
20253,14172,Node.js
20254,14172,React
20255,14177,Spring Boot
20256,14179,jQuery
20257,14179,Next.js
20259,14184,ASP.NET
20260,14184,jQuery
20264,14186,React
20266,14187,Next.js
20267,14187,Node.js
20268,14187,React
20269,14190,Node.js
20270,14190,Spring Boot
20271,14190,Vue.js
20273,14198,Express
20276,14198,jQuery
20278,14198,Next.js
20280,14198,React
20282,14198,Vue.js
20284,14201,Node.js
20285,14201,React
20286,14201,Spring Boot
20287,14202,Express
20288,14202,jQuery
20289,14202,Node.js
20290,14202,React
20291,14203,Angular
20292,14203,ASP.NET
20293,14203,ASP.NET CORE
20294,14203,Express
20295,14203,jQuery
20296,14203,Node.js
20297,14205,Next.js
20298,14205,Node.js
20302,14210,Vue.js
20305,14224,Angular
20307,14224,Express
20309,14224,Node.js
20310,14224,React
20311,14224,Spring Boot
20313,14225,Angular
20314,14225,Express
20315,14225,Node.js
20317,14225,Vue.js
20319,14236,jQuery
20320,14236,React
20323,14241,Next.js
20324,14241,Node.js
20325,14241,React
20326,14242,Angular
20327,14242,ASP.NET
20328,14242,ASP.NET CORE
20329,14242,Node.js
20330,14243,Angular
20333,14243,React
20334,14247,React
20335,14247,Spring Boot
20337,14250,Express
20340,14250,Next.js
20341,14250,Node.js
20342,14250,React
20343,14253,jQuery
20344,14253,Next.js
20345,14259,Angular
20347,14259,jQuery
20348,14259,Node.js
20350,14260,Angular
20351,14260,Express
20352,14260,Next.js
20353,14260,Node.js
20354,14260,React
20356,14261,ASP.NET
20357,14261,ASP.NET CORE
20362,14261,Express
20364,14261,jQuery
20365,14261,Node.js
20366,14261,React
20369,14265,Angular
20371,14265,ASP.NET
20372,14265,ASP.NET CORE
20374,14265,Express
20376,14265,jQuery
20377,14265,Next.js
20378,14265,Node.js
20379,14265,React
20382,14267,React
20383,14268,Express
20384,14268,Next.js
20385,14268,Node.js
20386,14268,React
20388,14269,Express
20392,14269,Next.js
20393,14269,Node.js
20395,14269,React
20397,14278,Angular
20399,14278,Express
20402,14278,Next.js
20403,14278,Node.js
20404,14278,React
20405,14279,React
20406,14279,Spring Boot
20407,14282,ASP.NET
20408,14282,Express
20410,14282,Node.js
20411,14282,React
20413,14282,Vue.js
20415,14295,Node.js
20416,14295,Vue.js
20417,14297,jQuery
20418,14297,Spring Boot
20419,14298,jQuery
20420,14298,Next.js
20421,14298,Node.js
20422,14298,React
20423,14298,Spring Boot
20426,14302,Express
20427,14302,Node.js
20428,14302,React
20429,14304,Angular
20431,14304,Express
20432,14304,jQuery
20433,14304,React
20434,14305,React
20435,14305,Spring Boot
20436,14315,Angular
20438,14315,Spring Boot
20441,14319,jQuery
20443,14319,Next.js
20444,14319,Node.js
20446,14319,Vue.js
20447,14320,Angular
20448,14320,ASP.NET CORE
20449,14321,ASP.NET
20450,14321,ASP.NET CORE
20452,14321,jQuery
20453,14321,React
20458,14336,Angular
20459,14336,ASP.NET CORE
20461,14336,Express
20463,14336,Node.js
20467,14338,jQuery
20468,14338,Node.js
20469,14338,Vue.js
20470,14342,Angular
20471,14342,ASP.NET
20472,14342,ASP.NET CORE
20474,14342,jQuery
20476,14342,React
20477,14342,Vue.js
20479,14348,Angular
20481,14349,ASP.NET CORE
20482,14354,React
20489,14359,Express
20490,14359,Next.js
20491,14359,Node.js
20493,14359,React
20495,14359,Vue.js
20496,14361,Angular
20498,14361,ASP.NET
20500,14361,Express
20501,14361,Node.js
20502,14361,React
20503,14361,Spring Boot
20504,14362,ASP.NET
20505,14362,ASP.NET CORE
20506,14364,Angular
20508,14364,ASP.NET
20509,14364,ASP.NET CORE
20512,14364,jQuery
20513,14364,Node.js
20514,14364,React
20515,14366,Spring Boot
20516,14375,Angular
20517,14375,ASP.NET
20518,14375,ASP.NET CORE
20520,14375,jQuery
20522,14376,Express
20524,14376,React
20525,14379,Angular
20527,14379,ASP.NET
20528,14379,ASP.NET CORE
20529,14379,jQuery
20531,14380,Node.js
20533,14381,Angular
20534,14381,Spring Boot
20536,14382,Next.js
20537,14382,Node.js
20538,14382,React
20542,14385,Next.js
20543,14385,Node.js
20544,14385,React
20546,14388,Next.js
20547,14388,React
20549,14400,jQuery
20551,14401,ASP.NET CORE
20552,14401,React
20554,14402,Node.js
20555,14402,React
20560,14405,Vue.js
20561,14406,Spring Boot
20562,14411,Express
20564,14411,Node.js
20565,14413,Angular
20566,14413,Express
20567,14413,Node.js
20568,14413,React
20569,14417,Express
20572,14417,Node.js
20574,14423,Node.js
20577,14423,Vue.js
20580,14424,jQuery
20585,14427,ASP.NET CORE
20588,14427,Spring Boot
20589,14435,Express
20592,14435,Node.js
20593,14435,React
20594,14443,ASP.NET CORE
20596,14443,Vue.js
20597,14444,React
20599,14446,Express
20603,14446,Next.js
20604,14446,Node.js
20606,14446,React
20609,14449,ASP.NET
20611,14449,jQuery
20612,14449,Node.js
20613,14451,Angular
20614,14451,ASP.NET CORE
20618,14454,Express
20621,14454,jQuery
20622,14454,Node.js
20623,14454,React
20625,14457,Express
20626,14457,Node.js
20627,14457,React
20628,14457,Spring Boot
20629,14462,Next.js
20630,14462,Node.js
20631,14462,React
20632,14462,Spring Boot
20633,14467,jQuery
20634,14467,Next.js
20635,14467,Node.js
20640,14473,Vue.js
20641,14474,Angular
20645,14474,Spring Boot
20646,14474,Vue.js
20650,14475,jQuery
20651,14475,Next.js
20652,14475,React
20655,14478,Node.js
20656,14478,React
20657,14488,Angular
20660,14489,jQuery
20668,14495,Next.js
20669,14495,Node.js
20670,14495,React
20674,14495,Vue.js
20675,14509,Angular
20676,14509,ASP.NET
20678,14509,Node.js
20679,14509,React
20680,14513,Angular
20681,14513,ASP.NET CORE
20682,14513,jQuery
20683,14524,ASP.NET
20684,14524,Node.js
20685,14524,React
20687,14529,Angular
20688,14529,Express
20692,14529,Node.js
20693,14529,React
20694,14529,Spring Boot
20699,14534,Next.js
20700,14534,React
20702,14535,Express
20704,14535,Next.js
20705,14535,React
20706,14538,Angular
20707,14538,ASP.NET CORE
20710,14540,Express
20711,14540,Node.js
20713,14541,Express
20714,14541,Node.js
20715,14541,React
20717,14542,Node.js
20718,14542,React
20719,14543,Angular
20721,14543,jQuery
20723,14543,Next.js
20724,14543,Node.js
20725,14543,React
20726,14549,jQuery
20727,14553,Angular
20728,14554,Angular
20729,14554,Express
20730,14554,Node.js
20731,14555,Node.js
20732,14555,React
20733,14556,Next.js
20734,14556,Node.js
20737,14559,Next.js
20738,14559,Node.js
20740,14559,React
20742,14559,Spring Boot
20744,14559,Vue.js
20745,14560,Express
20747,14560,Next.js
20748,14560,Node.js
20749,14560,React
20753,14564,jQuery
20755,14564,React
20756,14564,Spring Boot
20759,14565,Vue.js
20760,14566,Angular
20761,14566,ASP.NET
20762,14566,ASP.NET CORE
20763,14566,Express
20764,14566,jQuery
20766,14566,Next.js
20767,14566,Node.js
20769,14571,Angular
20770,14571,jQuery
20772,14572,Express
20775,14572,Next.js
20776,14572,Node.js
20777,14572,React
20779,14575,ASP.NET
20780,14575,ASP.NET CORE
20784,14576,Vue.js
20785,14577,Express
20786,14577,Next.js
20787,14577,Node.js
20788,14577,React
20789,14579,Angular
20793,14579,Node.js
20794,14579,Spring Boot
20795,14580,Next.js
20796,14580,Node.js
20798,14580,React
20799,14581,jQuery
20800,14581,Next.js
20801,14581,Node.js
20802,14581,React
20807,14590,ASP.NET
20808,14590,ASP.NET CORE
20810,14590,jQuery
20811,14590,Node.js
20813,14590,React
20814,14590,Vue.js
20815,14598,ASP.NET
20816,14598,ASP.NET CORE
20817,14598,jQuery
20818,14598,Node.js
20819,14598,React
20821,14599,Angular
20822,14599,ASP.NET CORE
20823,14601,Next.js
20824,14601,Node.js
20825,14601,Spring Boot
20827,14602,React
20828,14605,ASP.NET CORE
20829,14605,jQuery
20830,14607,Angular
20832,14607,ASP.NET
20833,14607,ASP.NET CORE
20834,14607,jQuery
20835,14607,Node.js
20836,14608,ASP.NET
20837,14608,ASP.NET CORE
20838,14608,Express
20839,14608,jQuery
20840,14608,Next.js
20841,14608,Node.js
20842,14608,React
20844,14612,ASP.NET
20845,14612,ASP.NET CORE
20846,14612,Node.js
20850,14613,jQuery
20851,14613,React
20852,14614,Angular
20853,14614,ASP.NET
20854,14614,ASP.NET CORE
20855,14617,ASP.NET
20856,14617,ASP.NET CORE
20858,14617,Express
20861,14617,jQuery
20863,14617,Next.js
20864,14617,Node.js
20865,14617,React
20868,14625,Node.js
20869,14625,Vue.js
20870,14629,React
20871,14629,Vue.js
20872,14630,Node.js
20873,14630,React
20875,14633,Node.js
20877,14633,Vue.js
20879,14635,Express
20880,14635,Node.js
20881,14639,Express
20882,14639,Next.js
20883,14639,Node.js
20884,14639,React
20885,14642,Angular
20887,14642,Express
20889,14642,Node.js
20891,14642,React
20892,14642,Spring Boot
20893,14642,Vue.js
20894,14645,Express
20896,14645,Next.js
20897,14645,Node.js
20898,14645,React
20900,14657,Angular
20901,14657,ASP.NET CORE
20902,14657,Node.js
20905,14667,Express
20906,14667,jQuery
20907,14667,Next.js
20908,14667,Node.js
20910,14667,React
20913,14667,Vue.js
20915,14669,Angular
20917,14669,ASP.NET
20918,14669,ASP.NET CORE
20923,14669,Express
20929,14669,jQuery
20932,14669,Next.js
20933,14669,Node.js
20937,14669,React
20941,14669,Spring Boot
20945,14669,Vue.js
20949,14672,Vue.js
20950,14673,Angular
20952,14673,ASP.NET
20953,14673,ASP.NET CORE
20956,14673,jQuery
20958,14673,Next.js
20959,14673,Node.js
20960,14673,React
20961,14673,Spring Boot
20963,14673,Vue.js
20965,14674,Angular
20968,14674,Vue.js
20969,14675,Node.js
20973,14678,Node.js
20974,14678,React
20975,14679,ASP.NET CORE
20979,14680,Node.js
20987,14696,Next.js
20988,14696,Node.js
20989,14696,React
20993,14698,Express
20994,14698,jQuery
20995,14698,Next.js
20996,14698,Node.js
20998,14698,React
21000,14698,Vue.js
21001,14699,Angular
21004,14699,Spring Boot
21005,14699,Vue.js
21006,14700,Angular
21007,14700,ASP.NET
21008,14700,ASP.NET CORE
21009,14700,React
21010,14702,Next.js
21011,14702,Node.js
21012,14702,React
21013,14705,ASP.NET CORE
21015,14705,Vue.js
21016,14712,ASP.NET CORE
21018,14712,React
21020,14713,ASP.NET
21021,14713,ASP.NET CORE
21023,14713,Express
21026,14713,Node.js
21027,14713,React
21028,14714,Spring Boot
21031,14719,React
21032,14720,ASP.NET CORE
21033,14720,Next.js
21034,14720,Node.js
21035,14720,React
21036,14724,Angular
21040,14724,jQuery
21041,14724,Spring Boot
21042,14729,Angular
21043,14729,Node.js
21044,14729,Spring Boot
21046,14737,Express
21047,14737,Node.js
21049,14738,Angular
21051,14738,ASP.NET
21052,14738,ASP.NET CORE
21053,14738,jQuery
21055,14738,Next.js
21056,14738,Node.js
21057,14738,React
21060,14740,React
21061,14740,Spring Boot
21062,14741,Angular
21063,14741,ASP.NET
21064,14741,ASP.NET CORE
21065,14741,Express
21067,14741,Next.js
21068,14741,Node.js
21069,14741,React
21072,14742,Express
21073,14742,Next.js
21074,14742,Node.js
21075,14742,React
21078,14743,Express
21079,14743,Next.js
21080,14743,Node.js
21081,14743,React
21085,14744,Next.js
21086,14744,Node.js
21087,14744,React
21088,14749,Spring Boot
21089,14751,Angular
21090,14751,ASP.NET
21091,14751,ASP.NET CORE
21092,14752,Angular
21093,14752,Node.js
21094,14752,Spring Boot
21099,14757,Angular
21100,14757,ASP.NET CORE
21101,14757,Node.js
21102,14757,React
21103,14757,Vue.js
21105,14761,jQuery
21106,14761,Node.js
21109,14766,Node.js
21110,14766,React
21111,14772,Angular
21112,14774,jQuery
21113,14774,Node.js
21114,14774,Vue.js
21115,14778,Angular
21118,14778,Express
21120,14778,jQuery
21122,14778,Node.js
21124,14778,Vue.js
21125,14779,Angular
21127,14779,ASP.NET
21128,14779,ASP.NET CORE
21129,14780,Express
21130,14780,jQuery
21131,14780,React
21133,14780,Vue.js
21134,14784,ASP.NET
21135,14784,ASP.NET CORE
21136,14784,Express
21138,14784,jQuery
21139,14784,Node.js
21140,14787,jQuery
21141,14787,Node.js
21143,14790,Express
21144,14790,Next.js
21145,14790,Node.js
21146,14790,React
21148,14790,Spring Boot
21149,14792,Angular
21150,14792,ASP.NET
21151,14792,ASP.NET CORE
21152,14792,jQuery
21153,14792,Next.js
21154,14792,Node.js
21155,14792,React
21158,14796,Angular
21161,14796,Next.js
21162,14796,Node.js
21163,14796,React
21167,14797,jQuery
21168,14798,Angular
21169,14798,ASP.NET
21170,14798,ASP.NET CORE
21173,14798,jQuery
21175,14804,jQuery
21177,14804,Node.js
21178,14804,Vue.js
21182,14810,React
21185,14812,jQuery
21186,14812,Node.js
21188,14813,React
21190,14816,ASP.NET CORE
21191,14816,React
21193,14819,ASP.NET
21194,14819,jQuery
21195,14822,Angular
21196,14822,Express
21197,14822,Node.js
21198,14822,React
21200,14832,Next.js
21201,14832,React
21202,14832,Spring Boot
21204,14834,Express
21207,14834,Next.js
21208,14834,Node.js
21209,14834,React
21210,14837,Next.js
21211,14837,React
21215,14844,Next.js
21216,14844,Node.js
21217,14844,React
21219,14849,ASP.NET
21222,14849,jQuery
21223,14849,Next.js
21224,14849,Node.js
21225,14849,React
21226,14851,ASP.NET
21227,14851,ASP.NET CORE
21231,14851,Next.js
21232,14851,Node.js
21233,14851,React
21236,14861,ASP.NET
21237,14861,ASP.NET CORE
21240,14861,jQuery
21241,14861,Spring Boot
21242,14862,Express
21243,14862,Node.js
21244,14862,React
21245,14865,Angular
21246,14866,ASP.NET CORE
21248,14867,ASP.NET
21249,14867,ASP.NET CORE
21250,14867,Express
21251,14867,Next.js
21252,14867,Node.js
21253,14867,React
21256,14869,Next.js
21257,14869,Node.js
21258,14869,React
21260,14869,Vue.js
21262,14875,ASP.NET CORE
21264,14875,Vue.js
21265,14876,Express
21267,14876,Next.js
21268,14876,Node.js
21269,14876,React
21272,14877,Next.js
21273,14877,React
21274,14877,Spring Boot
21275,14878,Angular
21276,14878,ASP.NET
21278,14886,Vue.js
21280,14898,Node.js
21281,14898,React
21282,14900,Express
21284,14900,Next.js
21285,14900,Node.js
21286,14900,React
21287,14902,Express
21288,14902,Next.js
21289,14902,Node.js
21290,14902,React
21292,14904,React
21294,14906,Express
21296,14906,Next.js
21297,14906,React
21300,14908,Angular
21301,14908,Express
21305,14908,Next.js
21306,14908,Node.js
21307,14908,React
21309,14910,Next.js
21310,14910,Node.js
21312,14910,React
21314,14917,Spring Boot
21315,14918,Angular
21317,14918,Node.js
21318,14920,Angular
21320,14920,ASP.NET
21321,14920,ASP.NET CORE
21322,14920,Node.js
21323,14920,React
21324,14922,jQuery
21325,14922,React
21327,14931,jQuery
21329,14931,React
21330,14931,Vue.js
21333,14934,Express
21335,14934,Node.js
21336,14934,React
21337,14935,Angular
21338,14935,Express
21339,14935,jQuery
21341,14935,Next.js
21342,14935,Node.js
21343,14935,React
21345,14935,Vue.js
21346,14942,Angular
21348,14942,Express
21350,14942,Next.js
21351,14942,Node.js
21352,14942,React
21355,14943,ASP.NET CORE
21356,14943,Express
21358,14943,Node.js
21359,14943,React
21361,14944,Vue.js
21365,14950,Angular
21366,14950,ASP.NET
21367,14950,ASP.NET CORE
21370,14950,Express
21372,14950,jQuery
21374,14950,Next.js
21375,14950,Node.js
21376,14950,React
21381,14951,Vue.js
21383,14953,React
21386,14966,React
21387,14967,Express
21389,14967,jQuery
21390,14967,Node.js
21394,14970,Express
21396,14970,jQuery
21398,14970,Next.js
21399,14970,Node.js
21400,14970,React
21406,14973,React
21407,14974,Express
21408,14974,jQuery
21409,14974,Next.js
21410,14974,Node.js
21411,14974,React
21414,14975,ASP.NET
21415,14975,ASP.NET CORE
21417,14975,jQuery
21418,14975,Next.js
21419,14975,Node.js
21420,14975,React
21423,14980,jQuery
21424,14981,ASP.NET
21425,14981,ASP.NET CORE
21426,14981,Express
21427,14981,Node.js
21428,14986,Angular
21429,14986,Express
21432,14986,Node.js
21433,14986,React
21434,14989,Angular
21435,14989,ASP.NET
21436,14989,ASP.NET CORE
21438,14990,ASP.NET
21439,14990,ASP.NET CORE
21441,14990,Node.js
21445,14992,Express
21447,14992,jQuery
21449,14992,Next.js
21450,14992,Node.js
21451,14992,React
21454,14993,ASP.NET CORE
21456,14994,ASP.NET CORE
21459,14994,Express
21462,15002,Angular
21463,15002,jQuery
21465,15002,Node.js
21468,15006,jQuery
21469,15010,React
21471,15011,Express
21472,15011,jQuery
21473,15011,Node.js
21474,15011,Spring Boot
21475,15012,ASP.NET CORE
21476,15012,Node.js
21478,15016,Express
21479,15016,Node.js
21482,15018,React
21483,15018,Spring Boot
21485,15020,Angular
21486,15020,Node.js
21487,15021,Angular
21488,15021,ASP.NET
21489,15021,ASP.NET CORE
21490,15023,ASP.NET CORE
21495,15024,Node.js
21496,15024,Vue.js
21503,15038,jQuery
21504,15038,Next.js
21505,15038,Node.js
21506,15038,React
21508,15052,ASP.NET
21509,15052,ASP.NET CORE
21510,15052,Express
21512,15052,Node.js
21513,15052,Vue.js
21515,15059,Next.js
21516,15059,Node.js
21517,15059,React
21518,15063,ASP.NET
21519,15063,ASP.NET CORE
21521,15063,Node.js
21522,15063,React
21523,15065,Express
21524,15065,Next.js
21525,15065,Node.js
21526,15065,React
21529,15066,ASP.NET
21530,15066,ASP.NET CORE
21531,15066,Express
21533,15066,jQuery
21534,15066,Next.js
21535,15066,Node.js
21536,15066,React
21540,15078,Angular
21542,15078,ASP.NET
21543,15078,ASP.NET CORE
21544,15078,jQuery
21546,15082,ASP.NET
21547,15082,ASP.NET CORE
21548,15082,jQuery
21551,15083,Node.js
21553,15083,Vue.js
21554,15085,Spring Boot
21556,15094,Angular
21557,15094,Node.js
21559,15096,ASP.NET CORE
21563,15097,jQuery
21564,15097,Node.js
21565,15097,React
21567,15102,jQuery
21570,15102,Spring Boot
21572,15108,Angular
21574,15109,ASP.NET CORE
21575,15109,React
21576,15113,jQuery
21578,15117,jQuery
21580,15120,Angular
21582,15120,jQuery
21583,15120,Node.js
21584,15120,React
21586,15120,Vue.js
21588,15122,Angular
21591,15122,Express
21592,15122,Node.js
21593,15122,React
21594,15127,Angular
21595,15127,Node.js
21596,15127,Vue.js
21599,15131,ASP.NET
21600,15131,ASP.NET CORE
21603,15131,jQuery
21604,15131,Node.js
21608,15133,Express
21609,15133,jQuery
21610,15133,Next.js
21611,15133,Node.js
21612,15133,React
21613,15133,Vue.js
21614,15139,ASP.NET
21615,15139,ASP.NET CORE
21618,15144,Next.js
21619,15144,Node.js
21620,15144,React
21622,15148,ASP.NET CORE
21623,15148,Express
21624,15148,jQuery
21625,15148,Node.js
21626,15148,React
21628,15152,Node.js
21629,15152,React
21630,15152,Vue.js
21631,15156,Angular
21633,15156,ASP.NET
21634,15156,ASP.NET CORE
21636,15156,Express
21637,15156,jQuery
21638,15156,Node.js
21639,15156,React
21640,15157,Express
21642,15157,Next.js
21643,15157,Node.js
21645,15157,React
21646,15157,Vue.js
21648,15163,Vue.js
21650,15167,jQuery
21652,15167,Next.js
21653,15167,React
21655,15173,Node.js
21657,15173,Vue.js
21658,15174,Angular
21662,15177,Express
21663,15177,jQuery
21665,15177,Next.js
21666,15177,Node.js
21668,15177,React
21671,15177,Vue.js
21672,15178,Express
21673,15178,jQuery
21674,15178,Node.js
21676,15178,React
21678,15179,Express
21680,15179,Next.js
21681,15179,Node.js
21682,15179,React
21684,15180,ASP.NET
21685,15180,ASP.NET CORE
21687,15180,jQuery
21688,15184,Express
21691,15184,React
21692,15185,ASP.NET
21693,15185,ASP.NET CORE
21694,15185,Next.js
21695,15185,Node.js
21696,15185,React
21697,15189,Express
21698,15189,Node.js
21699,15189,Vue.js
21700,15195,Express
21702,15195,Next.js
21703,15195,React
21704,15195,Spring Boot
21705,15195,Vue.js
21708,15198,Next.js
21709,15198,Node.js
21710,15198,React
21711,15198,Spring Boot
21712,15200,jQuery
21714,15200,Node.js
21715,15200,React
21716,15200,Vue.js
21721,15202,Spring Boot
21722,15203,ASP.NET CORE
21724,15203,Node.js
21726,15203,Vue.js
21730,15204,React
21732,15206,Angular
21734,15206,Express
21736,15206,React
21737,15206,Spring Boot
21738,15208,ASP.NET
21739,15208,ASP.NET CORE
21741,15209,Angular
21743,15209,ASP.NET
21744,15209,ASP.NET CORE
21745,15209,jQuery
21746,15209,Next.js
21747,15209,Node.js
21749,15209,React
21750,15209,Spring Boot
21751,15210,Angular
21752,15210,ASP.NET CORE
21754,15210,Node.js
21755,15210,Spring Boot
21756,15214,Express
21758,15214,Node.js
21760,15216,ASP.NET
21761,15216,ASP.NET CORE
21762,15216,jQuery
21766,15221,Node.js
21768,15229,ASP.NET
21769,15229,ASP.NET CORE
21770,15229,jQuery
21771,15232,Node.js
21774,15234,Express
21776,15234,Node.js
21777,15234,React
21778,15234,Vue.js
21779,15235,Angular
21781,15235,Express
21782,15235,jQuery
21785,15235,Next.js
21786,15235,Node.js
21787,15235,React
21788,15235,Vue.js
21789,15236,React
21791,15237,Express
21793,15237,Node.js
21795,15237,Vue.js
21796,15244,Angular
21797,15246,Vue.js
21800,15249,Vue.js
21802,15250,Angular
21804,15250,Express
21806,15250,Next.js
21807,15250,Node.js
21808,15250,React
21812,15256,ASP.NET CORE
21813,15256,React
21814,15257,ASP.NET CORE
21818,15257,jQuery
21819,15257,Vue.js
21821,15258,Next.js
21822,15258,React
21824,15260,Next.js
21825,15262,Next.js
21826,15262,Node.js
21827,15262,React
21830,15264,React
21833,15265,React
21835,15266,ASP.NET
21836,15266,Express
21837,15266,jQuery
21838,15266,Node.js
21839,15266,React
21840,15266,Vue.js
21841,15267,ASP.NET
21842,15267,ASP.NET CORE
21844,15267,Vue.js
21845,15270,Angular
21846,15270,Express
21848,15270,Next.js
21849,15270,Node.js
21850,15270,React
21855,15275,Node.js
21856,15275,React
21858,15276,ASP.NET
21859,15276,ASP.NET CORE
21861,15276,jQuery
21862,15276,React
21864,15279,Express
21867,15279,Node.js
21868,15282,Angular
21871,15282,React
21872,15282,Spring Boot
21873,15282,Vue.js
21874,15288,Node.js
21875,15288,React
21877,15290,Express
21879,15290,Node.js
21880,15290,React
21881,15290,Spring Boot
21882,15294,Express
21884,15294,Next.js
21885,15294,Node.js
21886,15294,React
21889,15296,Next.js
21890,15296,Node.js
21893,15296,Vue.js
21896,15300,Next.js
21897,15300,Node.js
21899,15300,React
21903,15306,ASP.NET
21904,15306,ASP.NET CORE
21907,15306,Express
21908,15306,Next.js
21909,15306,Node.js
21910,15306,React
21912,15309,Angular
21913,15309,Spring Boot
21914,15314,Angular
21915,15314,ASP.NET
21916,15314,ASP.NET CORE
21917,15317,Angular
21918,15317,ASP.NET
21919,15317,ASP.NET CORE
21921,15317,jQuery
21922,15317,Node.js
21923,15317,React
21925,15322,Angular
21926,15322,Spring Boot
21928,15323,Next.js
21929,15323,React
21934,15331,Node.js
21935,15331,React
21936,15341,Next.js
21937,15341,Node.js
21938,15341,React
21940,15343,Next.js
21941,15343,React
21943,15348,Express
21944,15348,jQuery
21945,15348,Node.js
21946,15348,React
21949,15351,Express
21951,15351,Next.js
21952,15351,Node.js
21953,15351,React
21955,15353,ASP.NET
21956,15353,jQuery
21958,15354,Express
21959,15354,Node.js
21960,15354,Vue.js
21963,15357,Node.js
21965,15357,Vue.js
21966,15358,Angular
21967,15358,ASP.NET
21968,15358,Spring Boot
21969,15359,Angular
21971,15359,jQuery
21973,15359,React
21974,15359,Spring Boot
21975,15359,Vue.js
21977,15360,ASP.NET CORE
21978,15360,Node.js
21980,15362,Vue.js
21981,15363,Angular
21982,15363,Next.js
21983,15363,React
21984,15365,ASP.NET
21985,15365,ASP.NET CORE
21987,15365,jQuery
21988,15365,Node.js
21989,15365,React
21992,15367,Next.js
21993,15367,Node.js
21994,15367,React
21995,15368,Express
21996,15368,jQuery
21997,15368,Node.js
21999,15371,jQuery
22000,15371,Next.js
22001,15371,Node.js
22002,15371,React
22004,15371,Vue.js
22005,15372,Angular
22006,15372,Express
22008,15372,jQuery
22009,15372,Next.js
22010,15372,Node.js
22011,15372,React
22012,15373,jQuery
22014,15373,React
22015,15373,Spring Boot
22018,15375,Angular
22019,15375,Next.js
22020,15375,Node.js
22021,15375,React
22022,15380,jQuery
22024,15381,Vue.js
22025,15382,ASP.NET
22026,15382,ASP.NET CORE
22028,15382,jQuery
22029,15382,Node.js
22030,15382,React
22031,15382,Spring Boot
22037,15386,jQuery
22041,15389,Node.js
22043,15389,Vue.js
22049,15396,jQuery
22050,15396,Node.js
22052,15398,React
22054,15399,Express
22056,15399,Next.js
22057,15399,Node.js
22059,15399,React
22061,15399,Vue.js
22063,15400,jQuery
22064,15400,Node.js
22065,15400,React
22070,15407,Node.js
22071,15407,Spring Boot
22072,15408,Angular
22073,15408,ASP.NET
22074,15409,Node.js
22075,15409,Vue.js
22076,15414,Next.js
22077,15414,Node.js
22078,15418,Next.js
22079,15418,React
22080,15419,Next.js
22081,15419,Node.js
22082,15420,Angular
22085,15420,Vue.js
22087,15421,Express
22089,15421,Node.js
22091,15421,Vue.js
22092,15423,Angular
22093,15423,jQuery
22097,15426,Angular
22099,15426,ASP.NET
22100,15426,ASP.NET CORE
22102,15426,jQuery
22103,15426,Node.js
22104,15426,React
22105,15426,Vue.js
22106,15430,Angular
22107,15430,Express
22109,15430,jQuery
22111,15430,Vue.js
22115,15433,Angular
22116,15433,Express
22117,15433,Next.js
22118,15433,Node.js
22119,15433,React
22120,15434,Express
22122,15434,Next.js
22123,15434,Node.js
22124,15434,Vue.js
22125,15435,Next.js
22126,15435,Node.js
22127,15435,React
22129,15437,Angular
22130,15437,ASP.NET
22133,15437,Express
22136,15437,jQuery
22138,15437,Spring Boot
22139,15437,Vue.js
22142,15439,Node.js
22143,15439,React
22144,15440,Angular
22145,15440,ASP.NET
22146,15440,ASP.NET CORE
22147,15441,Angular
22149,15441,jQuery
22150,15441,Node.js
22151,15441,Spring Boot
22152,15442,Node.js
22153,15443,ASP.NET
22154,15443,ASP.NET CORE
22155,15443,Express
22156,15443,jQuery
22157,15443,Node.js
22158,15443,React
22160,15445,Node.js
22162,15445,React
22163,15445,Spring Boot
22164,15445,Vue.js
22165,15450,ASP.NET
22166,15450,ASP.NET CORE
22169,15463,Express
22171,15463,Node.js
22172,15463,React
22174,15463,Vue.js
22176,15464,Node.js
22177,15464,React
22178,15467,Angular
22181,15467,jQuery
22182,15467,React
22183,15469,jQuery
22184,15469,Node.js
22185,15469,Spring Boot
22186,15471,Node.js
22187,15471,React
22189,15472,Angular
22192,15472,jQuery
22193,15472,React
22197,15473,Node.js
22198,15473,Vue.js
22199,15475,Angular
22201,15475,jQuery
22202,15475,Next.js
22203,15475,Node.js
22204,15475,React
22206,15475,Spring Boot
22207,15475,Vue.js
22209,15476,ASP.NET
22210,15476,ASP.NET CORE
22213,15476,Express
22216,15476,jQuery
22218,15476,Node.js
22219,15476,React
22225,15480,jQuery
22227,15480,Next.js
22228,15480,Node.js
22229,15480,React
22230,15480,Vue.js
22231,15483,Angular
22232,15483,Node.js
22233,15483,React
22235,15485,React
22236,15485,Spring Boot
22237,15488,Angular
22238,15488,React
22239,15492,Angular
22240,15492,ASP.NET
22241,15492,Node.js
22242,15493,Express
22245,15493,Next.js
22246,15493,Node.js
22247,15493,React
22248,15497,Angular
22249,15497,ASP.NET CORE
22251,15497,jQuery
22252,15497,Node.js
22257,15500,React
22258,15500,Spring Boot
22259,15500,Vue.js
22261,15501,ASP.NET
22262,15501,ASP.NET CORE
22263,15501,jQuery
22265,15501,React
22266,15501,Vue.js
22269,15506,jQuery
22272,15509,ASP.NET
22273,15509,Spring Boot
22274,15512,ASP.NET CORE
22275,15512,Node.js
22276,15512,Vue.js
22277,15517,Next.js
22278,15517,Node.js
22279,15517,React
22280,15517,Spring Boot
22283,15519,Angular
22285,15519,ASP.NET
22286,15519,ASP.NET CORE
22287,15519,jQuery
22288,15519,Node.js
22289,15519,React
22290,15520,jQuery
22291,15521,Angular
22295,15521,Express
22299,15521,Next.js
22300,15521,Node.js
22301,15521,React
22304,15523,Angular
22305,15523,ASP.NET
22306,15523,ASP.NET CORE
22307,15523,Node.js
22308,15524,Spring Boot
22309,15528,ASP.NET
22310,15528,ASP.NET CORE
22311,15528,jQuery
22312,15528,Node.js
22313,15528,React
22316,15529,React
22318,15531,Angular
22319,15531,jQuery
22320,15531,Spring Boot
22323,15535,Next.js
22324,15535,Node.js
22325,15535,React
22327,15542,Angular
22328,15542,Express
22329,15542,jQuery
22331,15542,Node.js
22332,15542,React
22335,15548,React
22337,15552,Angular
22338,15552,ASP.NET CORE
22341,15555,React
22342,15557,Express
22344,15557,Next.js
22345,15557,React
22348,15561,ASP.NET
22349,15561,jQuery
22350,15561,Node.js
22352,15564,jQuery
22353,15567,ASP.NET
22354,15567,jQuery
22355,15567,Node.js
22356,15567,React
22359,15578,Angular
22360,15578,Spring Boot
22361,15579,Angular
22362,15579,ASP.NET CORE
22363,15579,Express
22366,15579,Node.js
22367,15579,React
22369,15580,Node.js
22373,15584,Next.js
22374,15584,React
22376,15585,Express
22379,15585,jQuery
22380,15585,Node.js
22381,15585,React
22385,15590,Node.js
22386,15595,ASP.NET CORE
22389,15595,Express
22391,15595,Next.js
22392,15595,Node.js
22393,15595,React
22394,15596,Node.js
22397,15604,Angular
22399,15604,Express
22401,15604,jQuery
22403,15604,Node.js
22404,15604,React
22405,15604,Spring Boot
22406,15608,jQuery
22410,15609,Angular
22411,15609,ASP.NET CORE
22412,15609,Node.js
22413,15610,Spring Boot
22415,15613,Spring Boot
22417,15615,ASP.NET
22418,15615,ASP.NET CORE
22420,15617,Express
22421,15617,jQuery
22422,15617,Node.js
22424,15617,Vue.js
22425,15618,Angular
22426,15618,ASP.NET CORE
22428,15622,jQuery
22430,15622,React
22431,15622,Spring Boot
22432,15623,Angular
22433,15623,Express
22434,15623,jQuery
22435,15623,Node.js
22436,15623,React
22437,15623,Spring Boot
22438,15626,Angular
22440,15626,jQuery
22441,15628,ASP.NET
22442,15628,ASP.NET CORE
22443,15628,Express
22444,15628,jQuery
22445,15628,Node.js
22446,15632,Angular
22448,15632,ASP.NET CORE
22449,15632,jQuery
22450,15632,React
22451,15632,Vue.js
22452,15634,Angular
22453,15634,Spring Boot
22456,15639,Next.js
22457,15639,React
22459,15640,Angular
22461,15640,ASP.NET
22462,15640,ASP.NET CORE
22464,15640,jQuery
22465,15640,Node.js
22466,15640,React
22468,15642,Vue.js
22469,15644,Node.js
22470,15644,React
22472,15646,jQuery
22474,15646,React
22476,15648,Node.js
22477,15648,React
22478,15649,Angular
22480,15649,ASP.NET
22484,15649,jQuery
22486,15649,Spring Boot
22487,15649,Vue.js
22490,15650,Express
22492,15650,jQuery
22493,15650,Node.js
22495,15653,Angular
22497,15653,ASP.NET
22498,15653,Express
22499,15653,jQuery
22500,15653,Node.js
22505,15655,Node.js
22507,15662,Angular
22509,15662,Express
22511,15662,Node.js
22512,15662,Vue.js
22513,15664,ASP.NET
22514,15664,ASP.NET CORE
22515,15664,Next.js
22516,15664,Node.js
22517,15664,React
22519,15666,Node.js
22520,15667,Angular
22523,15667,Node.js
22527,15668,Express
22530,15668,jQuery
22532,15668,Next.js
22533,15668,Node.js
22534,15668,React
22536,15670,ASP.NET
22537,15670,ASP.NET CORE
22538,15670,React
22540,15671,Node.js
22541,15671,React
22544,15673,Angular
22545,15673,ASP.NET
22546,15673,ASP.NET CORE
22547,15677,Angular
22548,15677,Spring Boot
22551,15678,Vue.js
22553,15682,Node.js
22554,15683,Express
22556,15684,Angular
22558,15684,ASP.NET
22559,15684,ASP.NET CORE
22560,15685,Express
22562,15685,Next.js
22563,15685,Node.js
22564,15685,React
22565,15687,Express
22567,15687,Next.js
22568,15687,Node.js
22569,15687,React
22570,15687,Spring Boot
22572,15698,Express
22576,15698,Next.js
22577,15698,Node.js
22578,15698,React
22579,15698,Spring Boot
22580,15700,Spring Boot
22582,15701,Node.js
22583,15706,Node.js
22585,15706,React
22587,15720,ASP.NET
22588,15720,ASP.NET CORE
22589,15722,Next.js
22590,15722,Node.js
22592,15722,React
22594,15722,Vue.js
22595,15724,Angular
22598,15724,jQuery
22599,15724,Spring Boot
22601,15726,Express
22605,15726,Next.js
22606,15726,Node.js
22607,15726,React
22608,15735,Angular
22611,15735,Next.js
22612,15735,Node.js
22613,15735,React
22614,15735,Spring Boot
22616,15745,React
22619,15748,React
22620,15760,Angular
22621,15760,ASP.NET CORE
22625,15760,Node.js
22626,15760,React
22627,15761,ASP.NET CORE
22628,15763,Spring Boot
22629,15764,Express
22631,15764,Next.js
22632,15764,Node.js
22633,15764,React
22634,15764,Spring Boot
22637,15774,Node.js
22638,15774,React
22639,15779,Express
22640,15779,Node.js
22641,15779,React
22643,15780,Express
22645,15780,Next.js
22646,15780,Node.js
22647,15780,React
22648,15782,Angular
22651,15782,Express
22652,15782,jQuery
22654,15782,Next.js
22655,15782,Node.js
22656,15782,React
22660,15782,Vue.js
22662,15788,Express
22663,15788,Node.js
22664,15788,React
22665,15788,Vue.js
22666,15789,React
22667,15794,ASP.NET
22668,15794,ASP.NET CORE
22669,15794,Node.js
22670,15794,React
22672,15794,Vue.js
22673,15798,ASP.NET
22674,15798,ASP.NET CORE
22675,15798,Express
22677,15798,Next.js
22678,15798,Node.js
22679,15798,React
22682,15798,Vue.js
22683,15800,Angular
22686,15801,Node.js
22688,15801,Vue.js
22689,15803,Angular
22690,15803,ASP.NET
22691,15803,ASP.NET CORE
22692,15803,Express
22694,15803,Next.js
22695,15803,Node.js
22696,15803,React
22699,15805,Express
22701,15805,jQuery
22702,15805,Next.js
22703,15805,Node.js
22704,15805,React
22706,15806,Express
22708,15806,Next.js
22709,15806,Node.js
22710,15806,Vue.js
22714,15807,Node.js
22716,15807,React
22718,15818,Angular
22719,15818,ASP.NET CORE
22720,15818,Express
22722,15818,Next.js
22723,15818,Node.js
22724,15818,React
22729,15822,jQuery
22730,15824,Angular
22731,15824,ASP.NET
22732,15824,ASP.NET CORE
22733,15827,Angular
22734,15827,Vue.js
22736,15832,Express
22737,15832,jQuery
22739,15832,Node.js
22740,15832,React
22741,15832,Spring Boot
22744,15832,Vue.js
22746,15835,Express
22747,15835,Node.js
22748,15835,React
22750,15839,Express
22751,15839,Next.js
22752,15839,Node.js
22753,15839,React
22755,15839,Vue.js
22757,15843,Node.js
22758,15843,React
22759,15854,Next.js
22760,15856,Node.js
22761,15857,ASP.NET CORE
22762,15857,React
22763,15859,ASP.NET CORE
22764,15859,Next.js
22765,15859,React
22766,15860,Node.js
22768,15865,Angular
22770,15868,Express
22772,15868,Node.js
22773,15868,React
22775,15874,Angular
22776,15874,Express
22777,15874,jQuery
22778,15874,Node.js
22779,15874,React
22782,15877,Spring Boot
22784,15878,ASP.NET
22785,15878,ASP.NET CORE
22786,15878,Next.js
22787,15878,Node.js
22789,15878,React
22790,15878,Vue.js
22797,15884,Next.js
22798,15884,Node.js
22800,15884,React
22804,15886,Next.js
22805,15886,React
22807,15889,Express
22808,15889,jQuery
22809,15889,Next.js
22810,15889,Node.js
22811,15889,React
22812,15890,Angular
22813,15890,jQuery
22814,15890,Node.js
22815,15892,Angular
22817,15892,Express
22818,15892,React
22819,15892,Vue.js
22820,15900,Express
22822,15900,Node.js
22823,15900,React
22824,15901,Angular
22825,15901,ASP.NET
22826,15901,ASP.NET CORE
22827,15901,jQuery
22829,15902,Next.js
22830,15902,Node.js
22831,15902,Spring Boot
22832,15903,Express
22835,15903,Node.js
22836,15903,React
22837,15904,Angular
22840,15919,React
22842,15921,Angular
22843,15921,ASP.NET
22844,15921,React
22846,15922,Vue.js
22847,15925,Angular
22849,15925,Next.js
22850,15925,React
22851,15933,Angular
22852,15933,Express
22853,15933,Node.js
22854,15935,Express
22855,15935,Node.js
22857,15935,Vue.js
22859,15940,Node.js
22860,15941,ASP.NET CORE
22861,15941,Express
22862,15941,Next.js
22863,15941,Node.js
22864,15941,React
22865,15941,Spring Boot
22866,15944,Node.js
22867,15947,ASP.NET
22868,15947,ASP.NET CORE
22870,15948,React
22871,15949,ASP.NET CORE
22873,15958,Angular
22876,15958,Next.js
22877,15958,Node.js
22878,15958,React
22879,15958,Spring Boot
22880,15958,Vue.js
22882,15965,Angular
22883,15965,Express
22884,15965,jQuery
22885,15965,Node.js
22886,15965,React
22887,15967,Angular
22889,15967,ASP.NET
22890,15967,ASP.NET CORE
22898,15967,Express
22904,15967,jQuery
22907,15967,Next.js
22908,15967,Node.js
22912,15967,React
22916,15967,Spring Boot
22920,15967,Vue.js
22925,15973,ASP.NET CORE
22926,15973,React
22927,15973,Spring Boot
22928,15975,ASP.NET
22929,15975,ASP.NET CORE
22930,15975,Node.js
22931,15975,Vue.js
22932,15979,Angular
22934,15982,ASP.NET CORE
22935,15982,jQuery
22937,15984,Angular
22939,15984,Express
22942,15984,Node.js
22943,15984,React
22946,15985,ASP.NET
22947,15985,ASP.NET CORE
22950,15985,jQuery
22951,15985,Next.js
22952,15985,React
22953,15985,Vue.js
22957,15996,ASP.NET CORE
22958,15996,React
22959,15998,ASP.NET
22960,15998,ASP.NET CORE
22962,16004,Node.js
22963,16004,Spring Boot
22964,16007,Express
22965,16007,React
22968,16008,Next.js
22969,16008,React
22971,16010,Vue.js
22972,16012,Node.js
22973,16012,Vue.js
22974,16014,React
22975,16014,Spring Boot
22977,16015,Node.js
22978,16015,React
22981,16030,Next.js
22982,16030,React
22983,16033,ASP.NET
22984,16033,ASP.NET CORE
22986,16033,jQuery
22987,16033,Node.js
22988,16035,Angular
22989,16035,ASP.NET CORE
22990,16035,Next.js
22991,16035,Node.js
22992,16035,React
22998,16057,Node.js
23000,16057,Vue.js
23002,16059,ASP.NET
23004,16059,jQuery
23005,16059,Node.js
23006,16059,React
23007,16059,Spring Boot
23008,16060,Next.js
23009,16060,Node.js
23010,16060,React
23011,16067,Angular
23012,16067,ASP.NET
23013,16067,ASP.NET CORE
23014,16068,Angular
23015,16068,ASP.NET
23016,16068,ASP.NET CORE
23017,16068,jQuery
23018,16069,Angular
23019,16069,ASP.NET CORE
23021,16073,Vue.js
23022,16077,Express
23023,16077,Next.js
23024,16077,Node.js
23025,16077,React
23026,16077,Spring Boot
23028,16078,ASP.NET CORE
23029,16078,jQuery
23030,16078,Node.js
23031,16084,jQuery
23032,16084,React
23037,16087,React
23039,16093,Spring Boot
23043,16097,jQuery
23045,16098,Angular
23046,16098,Express
23048,16098,Node.js
23049,16098,React
23051,16100,React
23052,16100,Spring Boot
23054,16111,Express
23058,16111,Node.js
23059,16116,ASP.NET
23060,16116,ASP.NET CORE
23061,16118,jQuery
23062,16118,Next.js
23064,16119,Next.js
23066,16119,React
23067,16119,Vue.js
23068,16121,Node.js
23071,16122,jQuery
23072,16122,Next.js
23073,16122,Node.js
23074,16122,React
23076,16125,ASP.NET
23077,16125,ASP.NET CORE
23078,16125,jQuery
23081,16127,Express
23082,16127,jQuery
23083,16127,Next.js
23084,16127,Node.js
23085,16127,React
23087,16130,Express
23088,16130,Node.js
23090,16132,React
23091,16137,Angular
23095,16137,Next.js
23096,16137,Node.js
23097,16137,React
23098,16143,Express
23099,16143,jQuery
23100,16143,Node.js
23102,16144,Express
23105,16144,Node.js
23106,16144,React
23110,16153,Express
23112,16153,Node.js
23113,16153,Vue.js
23114,16157,Angular
23115,16157,ASP.NET
23116,16157,ASP.NET CORE
23117,16157,React
23118,16157,Vue.js
23119,16158,Angular
23124,16160,Express
23125,16160,Node.js
23126,16160,React
23128,16162,Node.js
23129,16162,Vue.js
23130,16163,Angular
23131,16163,ASP.NET CORE
23133,16166,Angular
23135,16166,Express
23138,16166,jQuery
23140,16166,Node.js
23141,16166,React
23142,16166,Spring Boot
23143,16166,Vue.js
23145,16170,Express
23148,16170,Next.js
23149,16170,Node.js
23150,16170,React
23153,16172,Angular
23154,16172,ASP.NET
23155,16172,ASP.NET CORE
23157,16172,Express
23160,16172,Next.js
23161,16172,Node.js
23162,16172,React
23165,16177,Vue.js
23167,16178,Express
23169,16178,React
23170,16178,Vue.js
23171,16183,Angular
23173,16183,Spring Boot
23174,16184,Angular
23175,16184,React
23176,16184,Spring Boot
23177,16186,Angular
23179,16186,jQuery
23181,16187,Express
23183,16187,jQuery
23185,16187,Next.js
23186,16187,Node.js
23187,16187,React
23189,16189,Angular
23190,16189,Node.js
23191,16189,Spring Boot
23192,16194,Angular
23194,16194,React
23195,16194,Spring Boot
23196,16194,Vue.js
23197,16195,Node.js
23198,16195,React
23199,16196,Node.js
23200,16196,React
23205,16199,Express
23206,16199,Next.js
23207,16199,React
23209,16204,Express
23211,16204,jQuery
23213,16204,Node.js
23214,16204,React
23218,16206,Node.js
23219,16206,React
23220,16207,Express
23223,16207,Next.js
23224,16207,Node.js
23225,16207,React
23228,16208,React
23232,16214,Node.js
23233,16214,Vue.js
23234,16220,Express
23235,16220,Node.js
23237,16220,Vue.js
23238,16225,Next.js
23240,16230,Angular
23241,16230,ASP.NET
23242,16230,ASP.NET CORE
23243,16230,jQuery
23244,16230,React
23245,16233,Angular
23248,16233,Next.js
23249,16233,React
23251,16233,Vue.js
23256,16235,Express
23260,16235,jQuery
23261,16235,Node.js
23262,16235,React
23264,16238,Next.js
23265,16238,Node.js
23266,16238,React
23267,16238,Spring Boot
23268,16243,Angular
23270,16243,ASP.NET
23271,16243,ASP.NET CORE
23274,16243,Express
23277,16243,jQuery
23278,16243,Node.js
23279,16243,React
23281,16243,Spring Boot
23285,16246,Next.js
23286,16246,Node.js
23287,16246,React
23288,16248,ASP.NET CORE
23290,16248,React
23291,16248,Vue.js
23294,16252,Next.js
23295,16252,Node.js
23296,16252,React
23297,16252,Spring Boot
23298,16252,Vue.js
23300,16255,React
23302,16260,Vue.js
23303,16264,ASP.NET
23304,16264,ASP.NET CORE
23306,16264,Express
23308,16264,jQuery
23309,16264,React
23312,16270,Angular
23314,16270,ASP.NET
23317,16270,Express
23318,16270,jQuery
23321,16270,Next.js
23322,16270,Node.js
23324,16270,React
23326,16270,Spring Boot
23328,16270,Vue.js
23331,16280,Next.js
23332,16280,React
23333,16290,ASP.NET
23334,16290,ASP.NET CORE
23335,16290,jQuery
23336,16295,Angular
23337,16295,Node.js
23340,16297,React
23341,16297,Spring Boot
23343,16301,Express
23344,16301,jQuery
23345,16301,Next.js
23346,16301,Node.js
23347,16301,React
23348,16301,Vue.js
23350,16303,jQuery
23352,16306,jQuery
23353,16317,Node.js
23354,16317,Vue.js
23356,16321,Spring Boot
23357,16324,Angular
23359,16324,ASP.NET
23360,16324,ASP.NET CORE
23361,16324,jQuery
23363,16324,Spring Boot
23365,16327,Angular
23366,16327,Node.js
23367,16327,Spring Boot
23368,16327,Vue.js
23369,16328,ASP.NET
23370,16328,ASP.NET CORE
23371,16333,jQuery
23373,16333,Vue.js
23374,16335,ASP.NET CORE
23375,16335,jQuery
23376,16335,Node.js
23377,16335,React
23378,16335,Spring Boot
23379,16336,ASP.NET
23380,16336,ASP.NET CORE
23381,16336,jQuery
23384,16338,Node.js
23385,16338,React
23387,16340,Node.js
23388,16340,React
23390,16340,Vue.js
23393,16343,Vue.js
23394,16345,Angular
23397,16345,Express
23401,16345,Next.js
23402,16345,Node.js
23405,16345,React
23406,16345,Spring Boot
23408,16345,Vue.js
23412,16350,Express
23413,16350,Next.js
23414,16350,Node.js
23416,16350,React
23418,16350,Vue.js
23421,16354,Node.js
23422,16354,Vue.js
23423,16355,ASP.NET CORE
23424,16355,jQuery
23425,16357,Next.js
23426,16357,Node.js
23427,16357,React
23430,16360,Next.js
23431,16360,Node.js
23432,16360,React
23435,16361,jQuery
23438,16361,Next.js
23439,16361,Node.js
23440,16361,React
23442,16362,Angular
23443,16362,React
23445,16363,jQuery
23446,16363,Node.js
23447,16363,React
23448,16367,Spring Boot
23450,16374,React
23453,16375,Express
23455,16379,ASP.NET
23456,16379,ASP.NET CORE
23458,16379,React
23460,16383,ASP.NET
23461,16383,ASP.NET CORE
23463,16383,Express
23465,16383,jQuery
23466,16383,Node.js
23467,16383,React
23468,16383,Spring Boot
23469,16383,Vue.js
23471,16385,Next.js
23472,16385,Node.js
23473,16385,React
23475,16386,Node.js
23477,16387,Vue.js
23479,16391,jQuery
23480,16391,Node.js
23481,16391,React
23482,16392,Angular
23485,16392,Next.js
23486,16392,Node.js
23487,16392,React
23488,16392,Vue.js
23490,16397,Node.js
23492,16397,React
23493,16401,Vue.js
23495,16408,Next.js
23496,16408,Node.js
23497,16408,React
23498,16408,Vue.js
23499,16410,Angular
23500,16410,ASP.NET
23501,16410,ASP.NET CORE
23503,16410,Node.js
23504,16410,React
23505,16418,ASP.NET
23506,16418,ASP.NET CORE
23507,16418,jQuery
23508,16418,Vue.js
23509,16419,jQuery
23510,16419,React
23511,16421,Next.js
23512,16421,Node.js
23513,16421,React
23514,16422,ASP.NET
23515,16422,ASP.NET CORE
23517,16422,jQuery
23518,16422,Node.js
23519,16422,React
23520,16428,Express
23522,16428,Next.js
23523,16428,Node.js
23524,16428,React
23526,16431,ASP.NET CORE
23528,16434,jQuery
23529,16434,React
23531,16434,Vue.js
23532,16436,Angular
23534,16436,Express
23535,16436,jQuery
23537,16436,Node.js
23538,16436,Vue.js
23540,16440,Spring Boot
23541,16445,Angular
23545,16447,Next.js
23546,16447,Node.js
23547,16447,React
23549,16450,Angular
23551,16450,Express
23554,16450,Node.js
23555,16452,Angular
23556,16452,jQuery
23557,16452,Node.js
23558,16452,React
23559,16452,Spring Boot
23560,16452,Vue.js
23566,16461,ASP.NET
23567,16461,jQuery
23568,16461,Vue.js
23569,16462,Express
23570,16462,jQuery
23572,16462,Next.js
23573,16462,Node.js
23574,16462,React
23575,16464,Express
23577,16464,Next.js
23578,16464,Node.js
23579,16464,React
23580,16465,Angular
23581,16465,ASP.NET CORE
23583,16465,Node.js
23585,16471,Next.js
23586,16471,Node.js
23587,16471,React
23589,16478,Express
23593,16478,Next.js
23594,16478,Node.js
23595,16478,React
23597,16488,Spring Boot
23598,16490,Express
23600,16491,Angular
23601,16491,ASP.NET CORE
23604,16495,Next.js
23605,16495,Node.js
23606,16495,React
23607,16496,Express
23610,16496,jQuery
23611,16496,Next.js
23612,16496,Node.js
23613,16496,React
23614,16498,ASP.NET CORE
23615,16506,ASP.NET
23616,16506,ASP.NET CORE
23618,16507,Spring Boot
23619,16508,Angular
23620,16508,ASP.NET CORE
23622,16508,Express
23624,16508,jQuery
23625,16508,Next.js
23626,16508,Node.js
23628,16508,React
23629,16508,Spring Boot
23630,16508,Vue.js
23632,16513,Angular
23633,16513,ASP.NET
23634,16513,ASP.NET CORE
23636,16513,jQuery
23638,16513,Node.js
23640,16513,Spring Boot
23642,16513,Vue.js
23643,16520,ASP.NET CORE
23644,16520,React
23646,16521,Node.js
23649,16523,ASP.NET
23650,16523,ASP.NET CORE
23651,16523,Express
23652,16523,jQuery
23654,16523,Node.js
23655,16523,React
23656,16526,ASP.NET
23657,16526,Vue.js
23658,16529,Spring Boot
23659,16530,Angular
23660,16530,ASP.NET CORE
23661,16530,Express
23662,16530,Next.js
23663,16530,Node.js
23664,16530,React
23665,16538,Express
23666,16538,Node.js
23667,16538,React
23670,16541,Vue.js
23671,16542,Spring Boot
23673,16545,ASP.NET CORE
23674,16547,Express
23676,16547,Next.js
23677,16547,Node.js
23679,16547,Vue.js
23681,16549,ASP.NET
23682,16549,ASP.NET CORE
23683,16549,jQuery
23685,16549,Vue.js
23686,16550,Angular
23687,16551,Angular
23688,16551,ASP.NET CORE
23690,16551,jQuery
23691,16551,Node.js
23692,16553,Angular
23694,16553,Express
23695,16553,jQuery
23696,16553,Node.js
23697,16553,React
23700,16559,Next.js
23701,16566,jQuery
23703,16566,Node.js
23705,16568,Express
23706,16568,Node.js
23707,16568,React
23708,16570,Angular
23709,16570,ASP.NET
23710,16570,ASP.NET CORE
23714,16572,jQuery
23715,16572,Node.js
23716,16572,Spring Boot
23719,16575,Next.js
23720,16575,Node.js
23721,16576,Node.js
23722,16576,React
23723,16578,Angular
23724,16578,ASP.NET
23725,16578,ASP.NET CORE
23729,16590,Express
23732,16590,Node.js
23733,16590,React
23734,16590,Vue.js
23735,16592,Angular
23737,16592,Next.js
23738,16592,Node.js
23741,16596,Next.js
23742,16596,Node.js
23743,16596,React
23744,16596,Vue.js
23747,16598,Express
23749,16598,Next.js
23750,16598,Node.js
23751,16598,React
23752,16598,Spring Boot
23756,16600,Next.js
23757,16600,Node.js
23759,16600,React
23760,16600,Vue.js
23762,16604,Express
23763,16604,Node.js
23765,16608,Angular
23766,16608,ASP.NET
23767,16608,ASP.NET CORE
23768,16608,Node.js
23773,16610,Next.js
23774,16610,Node.js
23775,16610,React
23778,16614,Node.js
23779,16614,React
23780,16618,Angular
23781,16618,ASP.NET
23782,16618,ASP.NET CORE
23785,16620,jQuery
23787,16623,Angular
23791,16623,jQuery
23793,16623,React
23796,16628,Spring Boot
23798,16630,Spring Boot
23799,16638,ASP.NET
23800,16638,ASP.NET CORE
23802,16638,Next.js
23803,16638,Node.js
23804,16638,React
23805,16643,Angular
23807,16644,Node.js
23810,16655,Next.js
23811,16655,Node.js
23813,16655,React
23815,16656,Spring Boot
23817,16658,Next.js
23818,16658,Node.js
23819,16658,React
23822,16661,React
23823,16666,ASP.NET CORE
23825,16666,Next.js
23826,16666,Node.js
23827,16666,React
23829,16671,Next.js
23830,16671,Node.js
23831,16671,React
23834,16678,Vue.js
23835,16680,jQuery
23836,16682,Express
23839,16682,Next.js
23840,16682,Node.js
23841,16682,React
23842,16682,Spring Boot
23843,16682,Vue.js
23844,16686,ASP.NET CORE
23845,16686,jQuery
23846,16686,Node.js
23848,16687,Angular
23849,16687,Node.js
23852,16691,Next.js
23853,16691,Node.js
23857,16692,Spring Boot
23858,16695,Angular
23859,16695,Express
23860,16695,jQuery
23861,16695,Next.js
23862,16695,Node.js
23863,16695,React
23864,16695,Spring Boot
23866,16698,ASP.NET CORE
23868,16698,Node.js
23869,16699,Express
23871,16699,React
23872,16699,Spring Boot
23873,16700,Angular
23876,16700,jQuery
23877,16705,Next.js
23878,16705,Node.js
23879,16705,React
23880,16707,Next.js
23881,16707,Node.js
23882,16707,React
23886,16711,Node.js
23887,16711,React
23888,16714,ASP.NET CORE
23890,16723,Next.js
23891,16723,React
23893,16730,ASP.NET
23894,16730,ASP.NET CORE
23896,16730,jQuery
23897,16730,Vue.js
23898,16731,ASP.NET
23899,16731,ASP.NET CORE
23900,16731,jQuery
23903,16733,Node.js
23904,16733,React
23905,16733,Vue.js
23906,16735,Express
23907,16735,jQuery
23909,16735,Node.js
23910,16735,React
23912,16736,Angular
23913,16736,Express
23916,16736,Node.js
23917,16736,React
23919,16740,Express
23921,16740,Next.js
23922,16740,Node.js
23923,16740,React
23926,16745,ASP.NET
23927,16745,ASP.NET CORE
23928,16745,Express
23929,16745,jQuery
23932,16745,Next.js
23933,16745,Node.js
23934,16745,React
23935,16745,Vue.js
23936,16750,Angular
23938,16750,ASP.NET
23939,16750,ASP.NET CORE
23944,16753,jQuery
23945,16753,React
23949,16757,jQuery
23951,16759,Express
23953,16759,Node.js
23954,16759,Vue.js
23955,16760,ASP.NET CORE
23957,16760,jQuery
23958,16760,Vue.js
23959,16761,ASP.NET CORE
23963,16763,ASP.NET
23964,16763,ASP.NET CORE
23965,16765,Angular
23967,16765,Node.js
23968,16765,Spring Boot
23969,16769,jQuery
23970,16770,ASP.NET CORE
23971,16770,jQuery
23972,16770,Next.js
23973,16770,Node.js
23974,16770,React
23975,16770,Vue.js
23976,16771,jQuery
23977,16771,Next.js
23978,16771,Node.js
23979,16771,Spring Boot
23980,16776,Vue.js
23981,16781,ASP.NET
23983,16787,Angular
23984,16787,Node.js
23986,16790,ASP.NET
23987,16790,ASP.NET CORE
23990,16790,Express
23993,16790,jQuery
23994,16790,Node.js
23995,16790,React
23999,16795,ASP.NET
24000,16795,ASP.NET CORE
24001,16795,Express
24003,16795,Node.js
24004,16795,React
24006,16795,Vue.js
24008,16796,Node.js
24010,16796,Vue.js
24012,16798,React
24013,16802,Spring Boot
24018,16806,Next.js
24019,16806,React
24020,16806,Vue.js
24023,16808,jQuery
24024,16808,Next.js
24025,16808,Node.js
24026,16808,React
24027,16811,ASP.NET
24028,16811,ASP.NET CORE
24029,16811,jQuery
24032,16814,ASP.NET CORE
24034,16821,ASP.NET CORE
24035,16821,Express
24037,16821,Node.js
24039,16822,React
24041,16828,Angular
24043,16828,jQuery
24044,16828,Node.js
24047,16828,Vue.js
24049,16829,Angular
24050,16829,ASP.NET
24051,16829,ASP.NET CORE
24053,16829,React
24054,16833,jQuery
24057,16836,Angular
24059,16836,Node.js
24060,16836,React
24062,16836,Vue.js
24064,16837,Express
24066,16837,Next.js
24067,16837,Node.js
24068,16837,React
24069,16838,Express
24070,16838,Node.js
24071,16838,React
24072,16848,Spring Boot
24073,16856,Express
24074,16856,Node.js
24076,16857,Express
24078,16857,Next.js
24079,16857,Node.js
24080,16857,React
24081,16859,Angular
24082,16859,ASP.NET CORE
24083,16863,jQuery
24085,16863,Vue.js
24089,16880,jQuery
24090,16880,Node.js
24091,16880,React
24092,16881,Angular
24095,16882,ASP.NET CORE
24097,16882,React
24099,16884,Express
24100,16884,Next.js
24101,16884,Node.js
24102,16884,React
24104,16885,ASP.NET
24105,16885,ASP.NET CORE
24107,16889,ASP.NET CORE
24108,16889,jQuery
24109,16892,ASP.NET CORE
24111,16893,jQuery
24113,16893,Next.js
24114,16893,Node.js
24115,16893,React
24116,16893,Spring Boot
24117,16893,Vue.js
24119,16894,Angular
24122,16896,Angular
24124,16896,Express
24126,16896,Node.js
24127,16896,Spring Boot
24130,16898,Next.js
24131,16898,Node.js
24132,16898,React
24133,16900,Node.js
24134,16900,React
24135,16905,Express
24137,16905,jQuery
24139,16905,Next.js
24140,16905,Node.js
24141,16905,React
24143,16905,Vue.js
24144,16907,ASP.NET
24145,16907,ASP.NET CORE
24147,16914,Angular
24148,16914,Express
24149,16914,jQuery
24151,16914,React
24152,16918,Angular
24154,16918,Node.js
24155,16918,React
24156,16918,Spring Boot
24157,16918,Vue.js
24158,16919,Angular
24159,16919,Spring Boot
24161,16923,jQuery
24163,16923,React
24165,16923,Vue.js
24167,16924,Next.js
24168,16924,Node.js
24169,16924,React
24171,16925,Spring Boot
24172,16935,jQuery
24173,16935,Node.js
24176,16935,Vue.js
24178,16936,Spring Boot
24179,16937,Express
24181,16937,Node.js
24182,16937,React
24183,16938,React
24186,16940,React
24188,16943,Next.js
24189,16943,React
24191,16945,Angular
24193,16949,ASP.NET
24197,16949,jQuery
24199,16949,Node.js
24200,16949,React
24202,16949,Vue.js
24205,16952,Express
24208,16952,Next.js
24209,16952,Node.js
24210,16952,React
24211,16955,ASP.NET
24212,16955,Node.js
24213,16964,Next.js
24214,16964,React
24215,16964,Spring Boot
24216,16968,Angular
24218,16968,Express
24219,16968,jQuery
24220,16968,Node.js
24222,16971,Next.js
24223,16971,Node.js
24225,16971,React
24226,16971,Vue.js
24228,16972,jQuery
24230,16972,Node.js
24232,16974,ASP.NET CORE
24236,16976,Angular
24238,16976,Next.js
24239,16976,Node.js
24240,16976,React
24241,16978,Express
24242,16978,Next.js
24243,16978,Node.js
24244,16978,React
24245,16978,Vue.js
24246,16980,Node.js
24247,16980,React
24248,16983,Angular
24252,16983,Node.js
24254,16986,Angular
24255,16986,React
24256,16986,Spring Boot
24257,16987,ASP.NET CORE
24260,16987,jQuery
24261,16987,Vue.js
24262,16988,ASP.NET CORE
24264,16988,Express
24266,16988,Next.js
24267,16988,Node.js
24268,16988,React
24270,16989,ASP.NET
24271,16989,ASP.NET CORE
24272,16989,jQuery
24273,16992,ASP.NET
24275,16992,Node.js
24276,16992,React
24277,16993,Angular
24278,16993,Express
24280,16993,Next.js
24281,16993,Node.js
24282,16993,React
24283,16994,Express
24285,16994,Node.js
24286,16994,React
24287,16996,Angular
24288,16996,Express
24291,16996,jQuery
24292,16996,Next.js
24293,16996,Node.js
24294,16996,Vue.js
24296,16997,Express
24297,16997,jQuery
24298,16997,Next.js
24299,16997,Node.js
24300,16997,React
24302,17002,Angular
24304,17002,ASP.NET
24305,17002,ASP.NET CORE
24307,17002,Vue.js
24309,17003,Next.js
24310,17003,Node.js
24311,17003,React
24313,17005,Angular
24314,17005,ASP.NET
24315,17005,ASP.NET CORE
24316,17005,Node.js
24317,17005,React
24318,17007,Angular
24319,17007,Spring Boot
24320,17009,jQuery
24322,17009,Node.js
24323,17010,Angular
24325,17011,Angular
24327,17011,Express
24330,17011,Next.js
24331,17011,Node.js
24332,17011,React
24333,17012,ASP.NET CORE
24335,17012,Express
24336,17012,Next.js
24337,17012,Node.js
24338,17012,React
24339,17012,Spring Boot
24340,17015,Node.js
24341,17015,React
24343,17020,Express
24345,17020,Node.js
24347,17023,Spring Boot
24349,17024,Express
24351,17024,jQuery
24352,17024,Next.js
24353,17024,Node.js
24354,17024,React
24356,17027,Node.js
24358,17033,Express
24363,17033,jQuery
24365,17033,Next.js
24366,17033,Node.js
24368,17033,React
24372,17034,Express
24373,17034,Node.js
24375,17034,Vue.js
24376,17038,Node.js
24378,17038,Vue.js
24379,17039,Angular
24381,17039,ASP.NET CORE
24382,17039,Express
24384,17039,Node.js
24385,17039,Spring Boot
24388,17039,Vue.js
24389,17041,ASP.NET
24390,17041,jQuery
24391,17043,Angular
24392,17043,Express
24393,17043,Node.js
24398,17044,jQuery
24399,17044,Next.js
24400,17044,React
24401,17045,Angular
24402,17045,React
24403,17046,Next.js
24404,17046,Node.js
24405,17046,React
24408,17047,Next.js
24409,17047,Spring Boot
24410,17047,Vue.js
24411,17048,Angular
24412,17048,Node.js
24413,17050,Angular
24414,17050,ASP.NET CORE
24416,17050,Express
24417,17050,Next.js
24418,17050,Node.js
24419,17050,React
24420,17051,Angular
24422,17051,ASP.NET CORE
24425,17051,jQuery
24426,17051,React
24427,17051,Vue.js
24428,17053,Express
24429,17053,Node.js
24430,17053,Vue.js
24431,17059,Angular
24433,17059,ASP.NET
24434,17059,ASP.NET CORE
24435,17059,Node.js
24437,17059,Spring Boot
24439,17059,Vue.js
24440,17060,Express
24441,17060,jQuery
24442,17060,Node.js
24446,17066,Express
24448,17066,Next.js
24449,17066,Node.js
24450,17066,React
24452,17070,Next.js
24453,17070,React
24454,17073,Angular
24456,17073,Express
24457,17076,Next.js
24458,17076,Node.js
24459,17076,React
24460,17076,Spring Boot
24461,17076,Vue.js
24463,17078,Angular
24465,17078,jQuery
24468,17078,Vue.js
24470,17082,ASP.NET
24471,17082,ASP.NET CORE
24472,17082,jQuery
24474,17083,Next.js
24475,17083,Node.js
24476,17083,React
24477,17085,Angular
24478,17085,ASP.NET
24479,17085,ASP.NET CORE
24481,17085,jQuery
24482,17085,Vue.js
24485,17088,Node.js
24488,17088,Vue.js
24491,17097,Express
24494,17097,Node.js
24497,17098,jQuery
24499,17098,Vue.js
24501,17099,Next.js
24502,17099,Node.js
24503,17099,React
24506,17104,Express
24511,17104,Next.js
24512,17104,Node.js
24513,17104,React
24518,17105,Express
24519,17105,Next.js
24520,17105,Node.js
24521,17105,React
24523,17108,React
24525,17109,Next.js
24526,17109,React
24528,17110,ASP.NET
24532,17110,Next.js
24533,17110,Node.js
24534,17110,React
24536,17111,Angular
24538,17111,Express
24539,17111,jQuery
24540,17111,Node.js
24541,17111,Spring Boot
24542,17119,jQuery
24544,17119,Next.js
24545,17119,Node.js
24547,17119,Vue.js
24548,17120,Express
24549,17120,Next.js
24550,17120,Node.js
24551,17120,React
24553,17128,Next.js
24554,17128,Node.js
24555,17128,React
24559,17131,jQuery
24560,17137,Next.js
24561,17137,Node.js
24562,17137,React
24564,17141,Express
24566,17141,Next.js
24567,17141,Node.js
24568,17141,React
24570,17141,Vue.js
24571,17143,Angular
24574,17143,Express
24576,17143,Next.js
24577,17143,Node.js
24578,17143,React
24579,17143,Spring Boot
24582,17144,React
24584,17147,Next.js
24585,17147,Node.js
24586,17147,React
24587,17152,ASP.NET
24588,17152,ASP.NET CORE
24589,17152,Express
24590,17152,Next.js
24591,17152,Node.js
24592,17152,React
24593,17152,Spring Boot
24594,17153,jQuery
24595,17153,Node.js
24596,17159,Spring Boot
24599,17160,React
24600,17163,Next.js
24601,17163,Node.js
24602,17163,React
24603,17164,Angular
24604,17164,ASP.NET
24605,17164,ASP.NET CORE
24606,17164,jQuery
24609,17168,Express
24611,17168,Node.js
24613,17168,Vue.js
24614,17169,Angular
24615,17169,ASP.NET
24616,17169,ASP.NET CORE
24617,17170,ASP.NET CORE
24618,17170,React
24622,17179,ASP.NET CORE
24626,17186,Express
24629,17186,Node.js
24630,17186,React
24633,17187,React
24634,17187,Vue.js
24636,17189,ASP.NET CORE
24638,17193,ASP.NET CORE
24639,17196,Next.js
24640,17196,Node.js
24641,17196,React
24643,17198,Angular
24644,17198,ASP.NET
24645,17198,ASP.NET CORE
24646,17213,ASP.NET CORE
24647,17213,Node.js
24649,17217,ASP.NET CORE
24650,17217,React
24651,17218,jQuery
24652,17218,Next.js
24653,17218,Node.js
24654,17218,React
24658,17219,Vue.js
24659,17221,Express
24660,17221,Next.js
24661,17221,Node.js
24662,17221,React
24664,17222,Next.js
24665,17222,Node.js
24666,17222,React
24668,17222,Vue.js
24669,17226,Angular
24671,17226,Node.js
24672,17226,Spring Boot
24673,17228,Angular
24675,17228,Express
24677,17228,React
24679,17234,jQuery
24681,17235,Express
24682,17235,Next.js
24683,17235,Node.js
24684,17235,React
24686,17236,jQuery
24687,17236,Spring Boot
24689,17242,ASP.NET CORE
24691,17242,Node.js
24692,17244,React
24693,17245,ASP.NET
24694,17245,ASP.NET CORE
24695,17245,Express
24696,17245,Node.js
24697,17245,React
24698,17249,Next.js
24700,17249,React
24701,17249,Vue.js
24702,17252,Express
24703,17252,Node.js
24704,17252,React
24705,17252,Vue.js
24707,17257,Next.js
24708,17257,Node.js
24709,17257,React
24710,17259,jQuery
24712,17267,jQuery
24714,17267,Node.js
24715,17267,Vue.js
24716,17268,Angular
24718,17268,ASP.NET
24719,17268,ASP.NET CORE
24720,17268,jQuery
24721,17272,ASP.NET CORE
24722,17272,jQuery
24724,17272,Next.js
24725,17272,Node.js
24726,17272,React
24728,17273,Express
24729,17273,Next.js
24730,17273,Node.js
24731,17273,React
24733,17273,Vue.js
24735,17278,Angular
24736,17278,Next.js
24738,17279,jQuery
24739,17279,Node.js
24740,17279,React
24743,17293,Node.js
24745,17293,Vue.js
24746,17295,Angular
24748,17295,ASP.NET
24749,17295,ASP.NET CORE
24751,17295,jQuery
24753,17295,Node.js
24754,17295,React
24755,17295,Vue.js
24757,17296,Spring Boot
24759,17297,Vue.js
24760,17300,ASP.NET
24761,17300,ASP.NET CORE
24762,17300,jQuery
24763,17300,React
24764,17301,Express
24767,17301,Next.js
24768,17301,Node.js
24769,17301,React
24771,17309,ASP.NET
24772,17309,ASP.NET CORE
24774,17309,Express
24775,17309,jQuery
24776,17309,Node.js
24777,17309,React
24779,17320,Angular
24781,17320,Next.js
24782,17320,React
24784,17322,jQuery
24786,17322,Node.js
24791,17329,React
24792,17335,Next.js
24793,17335,Node.js
24794,17335,React
24796,17337,React
24798,17341,jQuery
24800,17341,Next.js
24801,17341,Node.js
24802,17341,Vue.js
24805,17343,Next.js
24806,17343,Node.js
24807,17343,React
24808,17344,Angular
24810,17344,ASP.NET
24811,17344,ASP.NET CORE
24813,17344,Next.js
24814,17344,Node.js
24816,17344,React
24817,17344,Vue.js
24818,17345,Spring Boot
24820,17354,Express
24823,17354,Vue.js
24825,17355,Node.js
24826,17358,ASP.NET CORE
24828,17358,Express
24829,17358,jQuery
24830,17358,Next.js
24831,17358,Node.js
24832,17358,React
24835,17359,Next.js
24836,17359,React
24838,17359,Vue.js
24840,17360,jQuery
24841,17360,Spring Boot
24843,17364,Express
24846,17364,React
24848,17368,Angular
24849,17368,ASP.NET
24850,17368,ASP.NET CORE
24854,17368,Spring Boot
24855,17370,ASP.NET
24856,17370,ASP.NET CORE
24857,17370,React
24858,17372,ASP.NET
24859,17372,ASP.NET CORE
24862,17376,Angular
24864,17376,Express
24866,17376,Node.js
24867,17376,React
24869,17378,ASP.NET CORE
24870,17378,Node.js
24871,17380,jQuery
24873,17380,React
24876,17384,Node.js
24877,17384,React
24878,17385,jQuery
24879,17385,Vue.js
24882,17388,Node.js
24884,17388,React
24885,17389,Angular
24887,17389,Express
24888,17389,jQuery
24890,17389,Node.js
24891,17389,React
24893,17389,Vue.js
24896,17390,Node.js
24898,17391,Express
24900,17391,Next.js
24901,17391,Node.js
24902,17391,React
24903,17392,Angular
24904,17392,ASP.NET CORE
24906,17394,Node.js
24907,17394,React
24909,17401,Next.js
24911,17401,React
24912,17401,Vue.js
24913,17403,Express
24914,17403,Node.js
24915,17403,React
24918,17404,Node.js
24919,17404,React
24921,17406,Angular
24923,17406,ASP.NET
24924,17406,ASP.NET CORE
24925,17406,jQuery
24926,17406,Vue.js
24927,17408,Express
24928,17408,Node.js
24930,17408,Vue.js
24932,17413,jQuery
24934,17425,jQuery
24935,17425,Vue.js
24939,17426,Node.js
24940,17438,jQuery
24942,17438,React
24943,17440,ASP.NET
24944,17440,ASP.NET CORE
24947,17442,Next.js
24948,17442,React
24950,17446,React
24953,17449,Next.js
24954,17449,React
24955,17450,ASP.NET CORE
24957,17450,jQuery
24958,17450,Node.js
24960,17454,ASP.NET
24961,17455,Angular
24962,17455,Express
24964,17455,jQuery
24966,17455,React
24967,17460,Angular
24968,17460,Spring Boot
24969,17462,Angular
24970,17462,Express
24971,17462,Node.js
24972,17462,React
24973,17474,Angular
24974,17474,Node.js
24975,17474,React
24979,17479,Express
24980,17479,Next.js
24981,17479,Node.js
24982,17479,React
24984,17481,ASP.NET CORE
24985,17481,jQuery
24986,17481,Node.js
24987,17481,React
24989,17483,Angular
24990,17483,ASP.NET CORE
24991,17486,React
24992,17486,Vue.js
24995,17491,ASP.NET CORE
24997,17493,Angular
24998,17493,ASP.NET
24999,17493,ASP.NET CORE
25003,17496,ASP.NET
25004,17496,ASP.NET CORE
25005,17496,Express
25006,17496,jQuery
25007,17496,Node.js
25008,17499,ASP.NET
25009,17499,ASP.NET CORE
25012,17502,React
25014,17505,Node.js
25015,17505,React
25017,17511,React
25018,17512,jQuery
25019,17512,React
25020,17512,Spring Boot
25021,17515,Angular
25022,17515,ASP.NET CORE
25024,17517,Angular
25027,17517,jQuery
25031,17517,Vue.js
25033,17519,React
25034,17519,Spring Boot
25036,17522,Angular
25037,17522,ASP.NET
25038,17522,ASP.NET CORE
25039,17522,jQuery
25040,17522,Node.js
25041,17522,React
25043,17524,Node.js
25045,17534,jQuery
25046,17534,Next.js
25047,17534,Node.js
25049,17534,React
25051,17540,Angular
25053,17540,Node.js
25054,17542,Next.js
25055,17542,Node.js
25057,17542,React
25058,17544,Angular
25059,17544,ASP.NET CORE
25061,17544,Next.js
25066,17550,React
25067,17558,ASP.NET CORE
25073,17572,ASP.NET CORE
25074,17575,jQuery
25075,17575,Next.js
25076,17575,React
25077,17575,Spring Boot
25078,17583,Express
25079,17583,jQuery
25081,17583,Next.js
25082,17583,Node.js
25083,17583,React
25086,17583,Vue.js
25088,17585,Angular
25094,17585,Spring Boot
25095,17590,Node.js
25096,17590,React
25099,17592,React
25103,17598,Express
25104,17598,jQuery
25106,17598,Node.js
25107,17598,React
25109,17603,Angular
25110,17603,React
25111,17603,Spring Boot
25112,17604,ASP.NET
25113,17604,Next.js
25114,17604,Node.js
25115,17604,React
25118,17611,ASP.NET CORE
25119,17611,jQuery
25120,17611,React
25122,17612,ASP.NET CORE
25124,17618,jQuery
25125,17618,Spring Boot
25126,17619,Spring Boot
25128,17620,React
25130,17628,ASP.NET
25131,17628,ASP.NET CORE
25134,17630,ASP.NET CORE
25136,17630,Node.js
25137,17630,React
25138,17631,Angular
25139,17631,ASP.NET
25140,17631,ASP.NET CORE
25141,17632,ASP.NET CORE
25142,17634,Angular
25144,17634,Node.js
25145,17636,Next.js
25146,17636,Node.js
25147,17636,React
25149,17638,Next.js
25150,17638,Node.js
25151,17638,React
25152,17643,Express
25155,17643,Next.js
25156,17643,React
25158,17644,Node.js
25159,17644,React
25160,17644,Vue.js
25163,17648,jQuery
25164,17648,Node.js
25166,17651,Angular
25167,17651,ASP.NET
25168,17651,ASP.NET CORE
25169,17651,Next.js
25170,17651,Node.js
25171,17651,React
25172,17653,Spring Boot
25173,17659,ASP.NET
25174,17659,ASP.NET CORE
25175,17659,jQuery
25176,17659,React
25179,17665,Express
25183,17665,jQuery
25184,17665,Next.js
25186,17665,React
25191,17667,Node.js
25192,17667,Vue.js
25193,17672,Express
25194,17672,jQuery
25197,17672,Next.js
25198,17672,Node.js
25199,17672,React
25202,17675,ASP.NET
25203,17675,ASP.NET CORE
25204,17675,jQuery
25205,17675,Node.js
25206,17675,Vue.js
25208,17676,Node.js
25209,17676,React
25213,17682,jQuery
25214,17682,Next.js
25215,17682,Node.js
25217,17682,React
25220,17684,jQuery
25221,17684,Node.js
25222,17684,React
25223,17684,Vue.js
25224,17688,ASP.NET CORE
25225,17689,Angular
25227,17690,React
25230,17693,jQuery
25232,17697,Node.js
25233,17697,React
25234,17701,Angular
25236,17701,jQuery
25238,17701,Next.js
25239,17701,Node.js
25240,17701,React
25241,17702,ASP.NET
25243,17702,Express
25244,17702,jQuery
25246,17702,Next.js
25247,17702,Node.js
25248,17702,React
25250,17705,jQuery
25251,17705,Next.js
25252,17705,Node.js
25254,17705,React
25255,17705,Vue.js
25258,17714,Angular
25260,17714,React
25261,17714,Vue.js
25262,17715,Angular
25266,17715,jQuery
25268,17715,Node.js
25270,17715,Spring Boot
25271,17717,Angular
25274,17717,jQuery
25276,17717,Node.js
25279,17717,Spring Boot
25283,17722,Express
25285,17722,Node.js
25286,17729,ASP.NET
25287,17729,ASP.NET CORE
25291,17729,React
25293,17730,Express
25294,17730,jQuery
25295,17730,Next.js
25296,17730,Node.js
25298,17730,React
25300,17730,Vue.js
25301,17731,Express
25303,17731,Next.js
25304,17731,Node.js
25305,17731,React
25306,17733,Express
25308,17733,jQuery
25309,17733,Next.js
25310,17733,Node.js
25311,17733,React
25316,17739,jQuery
25318,17739,Node.js
25319,17739,React
25320,17740,Angular
25322,17742,Express
25325,17742,jQuery
25327,17742,Next.js
25328,17742,Node.js
25329,17742,React
25330,17742,Vue.js
25331,17743,Next.js
25332,17743,Node.js
25333,17743,React
25334,17748,ASP.NET CORE
25335,17748,Next.js
25336,17748,Vue.js
25337,17750,ASP.NET CORE
25340,17758,Node.js
25341,17758,React
25343,17760,Node.js
25344,17760,React
25345,17762,Node.js
25346,17762,React
25347,17762,Spring Boot
25348,17767,Next.js
25350,17767,React
25351,17768,Next.js
25352,17768,Node.js
25353,17768,React
25354,17776,ASP.NET
25355,17776,ASP.NET CORE
25356,17776,Express
25357,17776,Node.js
25359,17777,Node.js
25361,17788,ASP.NET
25362,17788,ASP.NET CORE
25364,17788,Express
25367,17790,Express
25368,17790,Node.js
25369,17790,React
25371,17795,Angular
25372,17795,ASP.NET
25373,17795,ASP.NET CORE
25375,17795,Express
25377,17795,Next.js
25378,17795,Node.js
25379,17795,React
25380,17799,Express
25381,17799,Node.js
25382,17799,React
25383,17802,Express
25384,17802,Next.js
25385,17802,Node.js
25386,17802,React
25387,17804,ASP.NET CORE
25388,17811,Node.js
25389,17815,ASP.NET CORE
25390,17817,Angular
25392,17817,Express
25393,17817,jQuery
25395,17817,Node.js
25396,17817,React
25397,17817,Spring Boot
25398,17818,ASP.NET CORE
25399,17818,React
25400,17822,ASP.NET CORE
25401,17824,React
25403,17826,Express
25404,17826,Node.js
25406,17831,Angular
25407,17831,ASP.NET
25408,17831,ASP.NET CORE
25409,17831,Node.js
25410,17832,Angular
25412,17832,ASP.NET
25413,17832,ASP.NET CORE
25416,17832,jQuery
25417,17832,Node.js
25418,17832,React
25419,17832,Vue.js
25421,17836,Angular
25422,17836,ASP.NET CORE
25424,17837,ASP.NET CORE
25426,17839,Express
25428,17839,Next.js
25429,17839,React
25430,17842,Express
25432,17842,Node.js
25436,17845,Vue.js
25438,17846,Express
25439,17846,Node.js
25440,17846,React
25442,17848,ASP.NET
25443,17848,ASP.NET CORE
25447,17852,ASP.NET
25448,17852,ASP.NET CORE
25450,17852,Spring Boot
25452,17853,jQuery
25453,17853,Vue.js
25455,17862,Next.js
25456,17862,Node.js
25457,17862,React
25458,17864,Express
25459,17864,Node.js
25460,17864,Spring Boot
25462,17865,Next.js
25463,17865,Node.js
25465,17865,React
25467,17865,Vue.js
25471,17869,Next.js
25472,17869,React
25473,17872,Express
25474,17872,Node.js
25475,17872,React
25476,17878,ASP.NET
25477,17878,ASP.NET CORE
25478,17878,Express
25479,17878,jQuery
25481,17878,Node.js
25482,17878,Vue.js
25483,17881,Express
25485,17881,Next.js
25486,17881,Node.js
25487,17889,React
25488,17891,Angular
25490,17891,Vue.js
25493,17895,Next.js
25494,17895,Node.js
25495,17895,React
25496,17895,Vue.js
25497,17898,Angular
25498,17898,ASP.NET CORE
25503,17911,Express
25506,17911,Next.js
25507,17911,Node.js
25508,17911,React
25510,17913,Node.js
25511,17913,React
25512,17918,Express
25513,17918,Next.js
25514,17918,Node.js
25515,17918,React
25522,17932,React
25523,17939,Angular
25524,17941,ASP.NET
25525,17941,ASP.NET CORE
25526,17941,jQuery
25530,17942,Next.js
25531,17942,Node.js
25533,17942,React
25535,17942,Spring Boot
25536,17943,ASP.NET CORE
25537,17943,React
25538,17943,Spring Boot
25539,17944,Express
25542,17945,jQuery
25543,17945,Node.js
25544,17945,React
25545,17951,Express
25548,17951,Node.js
25549,17951,React
25551,17953,Express
25552,17953,jQuery
25553,17953,Next.js
25554,17953,Node.js
25555,17953,Vue.js
25557,17954,ASP.NET CORE
25559,17955,Node.js
25562,17957,Vue.js
25563,17959,Node.js
25564,17961,React
25567,17968,jQuery
25568,17968,React
25570,17970,Angular
25572,17970,Express
25574,17970,Node.js
25575,17972,Express
25576,17972,Node.js
25577,17972,React
25578,17973,Angular
25581,17973,jQuery
25582,17973,Next.js
25583,17973,Node.js
25584,17973,React
25585,17974,ASP.NET CORE
25586,17974,Express
25587,17979,React
25589,17980,Angular
25590,17980,ASP.NET CORE
25592,17983,Express
25593,17983,Node.js
25594,17983,Spring Boot
25595,17984,jQuery
25596,17984,React
25597,17985,Angular
25599,17985,jQuery
25601,17985,Next.js
25602,17985,Node.js
25603,17985,React
25605,17985,Spring Boot
25608,17985,Vue.js
25610,17987,ASP.NET CORE
25612,17990,Express
25613,17990,Node.js
25615,17990,Vue.js
25617,17995,ASP.NET CORE
25618,17995,React
25619,17999,Node.js
25620,17999,React
25621,17999,Spring Boot
25622,18000,jQuery
25624,18001,ASP.NET CORE
25626,18002,jQuery
25627,18002,Next.js
25628,18002,Node.js
25629,18002,React
25632,18007,Spring Boot
25633,18009,ASP.NET
25634,18009,ASP.NET CORE
25637,18014,Next.js
25638,18014,Node.js
25639,18014,React
25640,18015,Angular
25641,18015,Node.js
25642,18015,React
25643,18015,Spring Boot
25645,18016,Node.js
25646,18016,React
25647,18021,Angular
25648,18021,ASP.NET
25649,18021,ASP.NET CORE
25652,18021,Node.js
25653,18021,React
25656,18025,React
25657,18031,ASP.NET CORE
25658,18031,Node.js
25659,18031,React
25660,18035,Angular
25662,18035,Express
25664,18035,Node.js
25665,18035,React
25666,18035,Spring Boot
25667,18036,Angular
25668,18038,Angular
25669,18038,ASP.NET
25670,18038,ASP.NET CORE
25671,18038,jQuery
25672,18038,React
25673,18043,React
25674,18044,Angular
25675,18044,React
25678,18045,React
25681,18047,Node.js
25682,18051,Express
25684,18051,Next.js
25685,18051,Node.js
25687,18051,React
25689,18051,Vue.js
25691,18052,Angular
25694,18052,Node.js
25695,18052,React
25698,18052,Vue.js
25700,18053,jQuery
25701,18060,Angular
25702,18060,Spring Boot
25703,18062,Express
25704,18062,jQuery
25705,18062,Node.js
25706,18062,React
25707,18062,Spring Boot
25710,18070,Node.js
25711,18070,Vue.js
25712,18071,React
25713,18071,Vue.js
25717,18072,Vue.js
25719,18074,Angular
25722,18074,Node.js
25727,18075,Node.js
25728,18077,Angular
25730,18077,ASP.NET
25731,18077,ASP.NET CORE
25732,18077,Express
25734,18077,Node.js
25735,18077,Vue.js
25737,18078,React
25738,18078,Spring Boot
25742,18082,React
25744,18088,Node.js
25745,18088,React
25746,18091,Angular
25747,18091,ASP.NET CORE
25748,18092,Angular
25749,18092,Node.js
25750,18094,Express
25752,18095,Express
25753,18095,Node.js
25754,18095,React
25755,18095,Vue.js
25756,18097,Node.js
25757,18097,React
25758,18103,Express
25759,18103,Node.js
25760,18103,React
25762,18104,Angular
25764,18104,ASP.NET
25765,18104,ASP.NET CORE
25768,18104,jQuery
25770,18105,Express
25771,18105,jQuery
25774,18105,Vue.js
25776,18108,jQuery
25778,18109,ASP.NET CORE
25780,18109,jQuery
25782,18112,Node.js
25784,18119,React
25786,18126,Express
25788,18126,Next.js
25789,18126,Node.js
25790,18126,React
25791,18130,ASP.NET
25792,18130,ASP.NET CORE
25793,18130,jQuery
25794,18130,React
25795,18134,Angular
25796,18134,Spring Boot
25798,18135,Node.js
25799,18139,Angular
25801,18139,jQuery
25804,18143,Express
25805,18143,Node.js
25807,18144,Angular
25808,18144,Express
25810,18144,Node.js
25813,18146,Node.js
25815,18146,Vue.js
25818,18149,React
25821,18151,Node.js
25822,18151,Vue.js
25824,18153,Vue.js
25827,18160,Next.js
25828,18160,Node.js
25829,18160,React
25830,18160,Spring Boot
25832,18162,Express
25833,18162,Vue.js
25834,18166,Angular
25835,18166,Express
25836,18166,Node.js
25837,18166,React
25838,18172,Next.js
25839,18172,Node.js
25840,18172,React
25842,18173,React
25846,18188,Express
25847,18188,Node.js
25848,18188,React
25849,18188,Vue.js
25851,18190,React
25852,18191,Next.js
25855,18197,Angular
25856,18197,Express
25857,18197,Node.js
25858,18197,React
25859,18197,Vue.js
25860,18202,React
25862,18202,Spring Boot
25863,18206,ASP.NET CORE
25864,18206,Next.js
25865,18206,Node.js
25866,18206,React
25867,18206,Vue.js
25869,18208,Express
25872,18208,Next.js
25873,18208,Node.js
25874,18208,React
25876,18210,Next.js
25877,18210,React
25878,18211,jQuery
25879,18211,Spring Boot
25880,18212,Angular
25881,18212,ASP.NET
25882,18212,ASP.NET CORE
25883,18212,jQuery
25884,18214,Angular
25886,18214,Express
25887,18214,jQuery
25889,18214,Node.js
25890,18214,React
25891,18214,Spring Boot
25892,18214,Vue.js
25894,18222,React
25896,18224,Angular
25900,18229,Node.js
25901,18229,React
25902,18240,React
25903,18242,Angular
25906,18242,jQuery
25908,18242,Node.js
25909,18242,Spring Boot
25910,18242,Vue.js
25911,18245,jQuery
25913,18247,Node.js
25914,18247,React
25915,18250,Angular
25917,18250,Express
25920,18250,jQuery
25923,18250,Next.js
25924,18250,Node.js
25925,18250,React
25926,18250,Vue.js
25929,18251,Express
25931,18251,Next.js
25932,18251,Node.js
25933,18251,React
25934,18254,ASP.NET
25935,18254,ASP.NET CORE
25937,18254,Spring Boot
25939,18255,jQuery
25941,18255,Node.js
25947,18257,Vue.js
25949,18260,Express
25954,18266,React
25956,18272,Next.js
25957,18272,React
25958,18278,Express
25960,18278,Next.js
25961,18278,Node.js
25962,18278,React
25965,18278,Vue.js
25968,18281,Node.js
25969,18285,Spring Boot
25970,18286,jQuery
25973,18287,Vue.js
25974,18288,Angular
25975,18288,ASP.NET
25976,18288,ASP.NET CORE
25977,18288,React
25978,18295,jQuery
25980,18295,Node.js
25981,18295,React
25982,18298,ASP.NET
25983,18298,jQuery
25984,18298,React
25985,18299,ASP.NET CORE
25987,18299,Express
25990,18299,Next.js
25991,18299,Node.js
25992,18299,React
25994,18301,ASP.NET
25995,18302,Angular
25998,18302,Express
25999,18302,jQuery
26000,18302,Node.js
26001,18302,Vue.js
26003,18308,Next.js
26004,18308,Node.js
26006,18311,ASP.NET CORE
26010,18312,jQuery
26011,18312,Node.js
26012,18312,React
26013,18312,Spring Boot
26018,18313,Next.js
26020,18316,Angular
26021,18316,React
26024,18321,Express
26027,18321,Next.js
26028,18321,Node.js
26030,18321,React
26032,18321,Vue.js
26034,18324,Node.js
26035,18324,Spring Boot
26036,18324,Vue.js
26038,18326,ASP.NET
26039,18326,ASP.NET CORE
26041,18326,Node.js
26042,18326,React
26043,18327,ASP.NET CORE
26045,18329,ASP.NET
26046,18329,ASP.NET CORE
26047,18329,React
26049,18331,Spring Boot
26053,18337,Node.js
26055,18340,ASP.NET
26056,18340,ASP.NET CORE
26057,18340,jQuery
26058,18340,Node.js
26062,18341,Vue.js
26063,18342,Angular
26065,18342,Node.js
26066,18342,React
26067,18351,jQuery
26068,18351,Next.js
26069,18351,Node.js
26071,18351,React
26073,18351,Spring Boot
26074,18351,Vue.js
26076,18358,jQuery
26078,18359,Angular
26079,18359,Express
26082,18361,jQuery
26083,18361,Next.js
26084,18365,Express
26085,18365,jQuery
26086,18365,Node.js
26087,18365,Vue.js
26088,18366,ASP.NET CORE
26089,18366,jQuery
26090,18366,Spring Boot
26091,18366,Vue.js
26092,18367,Express
26093,18367,Node.js
26094,18367,React
26095,18374,ASP.NET CORE
26097,18374,React
26098,18375,ASP.NET
26099,18375,ASP.NET CORE
26100,18375,jQuery
26101,18375,Node.js
26103,18376,jQuery
26104,18376,React
26106,18377,jQuery
26108,18380,ASP.NET CORE
26109,18381,Angular
26111,18381,jQuery
26113,18381,Next.js
26115,18381,React
26118,18387,Express
26119,18387,Next.js
26120,18387,Node.js
26121,18387,React
26122,18387,Spring Boot
26125,18395,ASP.NET CORE
26127,18395,jQuery
26128,18395,Node.js
26129,18395,React
26130,18396,jQuery
26131,18396,Node.js
26132,18396,React
26134,18398,Express
26135,18398,Node.js
26137,18404,React
26138,18404,Spring Boot
26139,18408,Angular
26141,18408,ASP.NET
26142,18408,ASP.NET CORE
26145,18408,jQuery
26147,18414,Express
26149,18414,Node.js
26153,18416,React
26154,18416,Spring Boot
26156,18417,Angular
26157,18417,ASP.NET CORE
26158,18420,Angular
26159,18420,ASP.NET CORE
26161,18420,Node.js
26162,18420,React
26163,18422,jQuery
26164,18423,Express
26168,18423,Next.js
26169,18423,Node.js
26170,18423,React
26171,18425,ASP.NET
26172,18425,ASP.NET CORE
26173,18430,jQuery
26175,18453,Angular
26177,18453,Next.js
26178,18453,React
26180,18456,Express
26182,18456,Next.js
26183,18456,Node.js
26184,18456,React
26186,18461,Express
26188,18461,Next.js
26189,18461,Vue.js
26190,18466,ASP.NET CORE
26192,18468,Next.js
26193,18468,Node.js
26194,18468,React
26195,18469,ASP.NET CORE
26197,18469,Spring Boot
26198,18472,jQuery
26200,18473,ASP.NET
26201,18473,ASP.NET CORE
26202,18473,Node.js
26203,18473,React
26204,18474,Angular
26206,18474,Express
26207,18474,jQuery
26209,18474,Node.js
26210,18474,React
26212,18474,Spring Boot
26215,18475,React
26217,18478,Node.js
26218,18478,React
26219,18478,Spring Boot
26220,18480,Vue.js
26222,18486,Vue.js
26227,18491,Node.js
26228,18491,Spring Boot
26232,18493,jQuery
26234,18493,Next.js
26235,18493,Node.js
26236,18493,React
26237,18496,jQuery
26238,18496,React
26239,18496,Vue.js
26240,18502,Node.js
26241,18502,React
26242,18502,Spring Boot
26243,18503,Angular
26244,18503,Vue.js
26245,18504,Spring Boot
26246,18506,Express
26249,18506,Next.js
26250,18506,Node.js
26251,18506,React
26253,18506,Vue.js
26254,18507,Express
26255,18507,jQuery
26257,18507,Node.js
26258,18507,React
26259,18507,Vue.js
26261,18508,Node.js
26262,18508,Spring Boot
26263,18510,Angular
26265,18510,Node.js
26269,18511,jQuery
26270,18511,React
26272,18520,Next.js
26273,18520,Node.js
26274,18520,React
26278,18521,Express
26280,18521,jQuery
26282,18521,Node.js
26283,18521,Vue.js
26284,18526,Angular
26285,18526,ASP.NET
26286,18526,ASP.NET CORE
26287,18526,jQuery
26289,18529,Express
26293,18529,Node.js
26294,18529,React
26295,18529,Spring Boot
26297,18532,ASP.NET
26298,18532,ASP.NET CORE
26299,18532,React
26301,18533,Angular
26302,18533,Spring Boot
26303,18534,Next.js
26304,18534,React
26305,18536,Angular
26306,18536,Express
26308,18536,Next.js
26309,18536,Node.js
26310,18536,React
26311,18539,Express
26312,18539,Next.js
26313,18539,Node.js
26314,18539,React
26315,18540,Angular
26316,18540,ASP.NET
26317,18540,ASP.NET CORE
26318,18540,React
26319,18541,Next.js
26320,18541,Node.js
26321,18541,React
26323,18542,Angular
26324,18542,ASP.NET
26325,18542,ASP.NET CORE
26327,18543,Vue.js
26328,18544,ASP.NET CORE
26329,18544,Vue.js
26330,18553,Express
26331,18553,Node.js
26333,18553,Spring Boot
26334,18553,Vue.js
26335,18557,Express
26336,18557,jQuery
26337,18557,Next.js
26338,18557,Node.js
26339,18557,React
26340,18559,Angular
26343,18559,Express
26344,18559,jQuery
26346,18559,Next.js
26347,18559,Node.js
26348,18559,React
26350,18559,Spring Boot
26352,18559,Vue.js
26353,18561,ASP.NET CORE
26354,18561,Express
26356,18561,Next.js
26357,18561,Node.js
26358,18561,React
26360,18561,Vue.js
26362,18563,Express
26363,18563,Next.js
26364,18563,Node.js
26365,18563,React
26366,18563,Spring Boot
26371,18566,Express
26375,18566,Next.js
26376,18566,Node.js
26377,18566,React
26382,18572,ASP.NET CORE
26383,18572,React
26384,18574,Angular
26386,18574,ASP.NET
26387,18574,ASP.NET CORE
26389,18574,jQuery
26390,18574,Node.js
26391,18574,Vue.js
26395,18581,Node.js
26397,18582,Express
26400,18582,Node.js
26401,18582,React
26402,18584,Angular
26404,18584,ASP.NET
26405,18584,ASP.NET CORE
26406,18584,jQuery
26407,18584,Node.js
26411,18591,Next.js
26412,18591,Node.js
26413,18591,React
26415,18593,ASP.NET
26416,18593,ASP.NET CORE
26417,18593,jQuery
26418,18593,Node.js
26419,18593,React
26420,18598,Express
26421,18598,jQuery
26422,18598,Node.js
26423,18598,Vue.js
26424,18600,Node.js
26425,18601,React
26430,18603,Express
26431,18603,Next.js
26432,18603,Node.js
26433,18603,React
26435,18604,Angular
26436,18604,ASP.NET CORE
26438,18604,Express
26440,18604,Next.js
26441,18604,Node.js
26442,18604,React
26443,18604,Spring Boot
26446,18605,jQuery
26448,18605,Node.js
26449,18605,Vue.js
26451,18607,Angular
26453,18607,ASP.NET
26454,18607,ASP.NET CORE
26456,18607,Express
26457,18607,jQuery
26458,18607,Next.js
26459,18607,Node.js
26462,18608,Express
26464,18608,Next.js
26465,18608,Node.js
26466,18608,React
26468,18609,Express
26470,18609,Node.js
26471,18611,Angular
26472,18611,Node.js
26473,18613,ASP.NET
26474,18613,ASP.NET CORE
26475,18613,jQuery
26476,18613,React
26477,18615,Angular
26478,18615,ASP.NET
26479,18615,ASP.NET CORE
26481,18615,Express
26484,18615,Next.js
26485,18615,Node.js
26486,18615,React
26488,18615,Vue.js
26489,18616,Spring Boot
26490,18618,ASP.NET CORE
26492,18619,Node.js
26494,18619,React
26495,18619,Spring Boot
26497,18622,ASP.NET CORE
26498,18622,React
26499,18627,Angular
26500,18627,ASP.NET CORE
26501,18628,ASP.NET CORE
26503,18628,React
26505,18633,Angular
26507,18633,React
26508,18637,ASP.NET
26509,18637,ASP.NET CORE
26510,18637,jQuery
26513,18638,jQuery
26518,18641,Node.js
26519,18641,React
26523,18642,Express
26525,18642,Next.js
26526,18642,Node.js
26527,18642,React
26529,18642,Spring Boot
26532,18649,ASP.NET CORE
26533,18649,jQuery
26534,18649,React
26535,18651,Node.js
26536,18651,React
26537,18651,Spring Boot
26538,18656,Node.js
26539,18656,React
26540,18656,Spring Boot
26542,18665,React
26543,18668,jQuery
26544,18668,React
26545,18669,Angular
26546,18669,ASP.NET CORE
26547,18669,Node.js
26549,18670,ASP.NET
26550,18670,ASP.NET CORE
26552,18670,Node.js
26553,18672,Angular
26554,18672,Express
26556,18680,Node.js
26557,18680,Vue.js
26558,18688,ASP.NET CORE
26559,18688,Express
26560,18688,jQuery
26562,18688,Node.js
26563,18688,React
26564,18692,jQuery
26565,18692,Spring Boot
26566,18693,Express
26569,18696,Next.js
26570,18696,Node.js
26571,18696,React
26572,18703,ASP.NET
26573,18703,ASP.NET CORE
26575,18703,jQuery
26576,18703,Node.js
26579,18703,Vue.js
26580,18706,Angular
26581,18706,jQuery
26582,18706,Node.js
26583,18706,React
26584,18706,Spring Boot
26585,18706,Vue.js
26586,18707,ASP.NET CORE
26587,18708,Express
26588,18708,jQuery
26590,18708,Node.js
26591,18708,Spring Boot
26592,18708,Vue.js
26595,18714,ASP.NET
26596,18714,jQuery
26597,18714,React
26600,18715,jQuery
26601,18715,Node.js
26602,18715,React
26604,18717,Express
26605,18717,Next.js
26606,18717,Node.js
26608,18721,ASP.NET CORE
26609,18721,Vue.js
26611,18729,Node.js
26612,18729,React
26614,18731,Express
26615,18731,Node.js
26617,18731,Vue.js
26618,18735,Express
26619,18735,Node.js
26620,18735,React
26621,18736,ASP.NET
26622,18736,ASP.NET CORE
26623,18736,Express
26625,18736,Next.js
26626,18736,Node.js
26627,18736,React
26628,18736,Vue.js
26630,18739,Express
26631,18739,Next.js
26632,18739,Node.js
26633,18739,React
26634,18739,Spring Boot
26638,18744,Express
26640,18744,Node.js
26641,18744,React
26642,18744,Vue.js
26643,18747,Angular
26644,18747,ASP.NET CORE
26646,18747,React
26649,18749,React
26650,18751,jQuery
26652,18751,Node.js
26654,18763,Next.js
26655,18763,Node.js
26656,18763,React
26658,18766,Angular
26660,18766,Express
26662,18766,jQuery
26663,18766,Node.js
26665,18766,React
26668,18766,Vue.js
26670,18767,Express
26671,18767,jQuery
26673,18767,Node.js
26674,18767,Vue.js
26675,18768,Angular
26676,18768,ASP.NET CORE
26678,18768,Express
26681,18768,jQuery
26682,18768,Node.js
26683,18768,React
26684,18768,Vue.js
26685,18769,Express
26686,18769,jQuery
26687,18769,Node.js
26688,18769,Vue.js
26689,18770,Spring Boot
26690,18773,Express
26692,18773,Next.js
26693,18773,Node.js
26694,18773,React
26695,18773,Vue.js
26696,18775,jQuery
26699,18777,Angular
26700,18777,Express
26701,18777,Next.js
26702,18777,Node.js
26703,18777,React
26705,18777,Vue.js
26706,18784,React
26707,18784,Vue.js
26708,18786,Express
26710,18786,Next.js
26711,18786,Node.js
26713,18786,React
26715,18786,Vue.js
26718,18790,ASP.NET
26719,18790,ASP.NET CORE
26720,18790,Vue.js
26722,18799,Next.js
26723,18799,Node.js
26724,18799,React
26725,18803,ASP.NET
26726,18803,ASP.NET CORE
26728,18803,React
26731,18805,Spring Boot
26732,18807,Express
26734,18807,Node.js
26735,18807,Spring Boot
26736,18807,Vue.js
26737,18808,Angular
26738,18808,ASP.NET CORE
26741,18808,Next.js
26742,18808,Node.js
26743,18808,React
26745,18813,Angular
26747,18813,ASP.NET
26748,18813,ASP.NET CORE
26751,18813,Express
26752,18813,jQuery
26753,18813,Node.js
26754,18813,React
26755,18813,Vue.js
26757,18815,ASP.NET CORE
26758,18815,React
26760,18817,jQuery
26763,18823,Next.js
26764,18823,Node.js
26766,18823,React
26767,18823,Vue.js
26771,18829,React
26772,18831,Next.js
26773,18831,Node.js
26774,18831,React
26776,18833,jQuery
26778,18833,Node.js
26779,18833,React
26780,18833,Vue.js
26781,18836,Vue.js
26785,18838,ASP.NET
26786,18838,ASP.NET CORE
26787,18839,Next.js
26788,18839,Node.js
26789,18839,React
26790,18840,ASP.NET
26791,18840,ASP.NET CORE
26792,18840,Express
26793,18840,jQuery
26794,18840,Node.js
26795,18840,React
26797,18841,Angular
26798,18841,ASP.NET CORE
26801,18841,jQuery
26802,18841,Node.js
26803,18843,ASP.NET
26804,18843,ASP.NET CORE
26806,18843,jQuery
26811,18854,ASP.NET CORE
26813,18854,Express
26816,18854,Next.js
26817,18854,Node.js
26819,18854,React
26821,18855,Next.js
26822,18855,Node.js
26823,18858,Express
26824,18858,Node.js
26825,18858,React
26828,18863,Next.js
26829,18863,React
26830,18864,Angular
26832,18864,ASP.NET
26833,18864,ASP.NET CORE
26836,18870,ASP.NET
26837,18870,ASP.NET CORE
26839,18870,Node.js
26841,18874,Node.js
26845,18876,Vue.js
26847,18877,jQuery
26849,18877,Node.js
26850,18877,Spring Boot
26852,18877,Vue.js
26858,18879,jQuery
26860,18879,React
26861,18879,Spring Boot
26865,18886,Angular
26866,18886,Node.js
26870,18889,Next.js
26871,18889,React
26874,18890,React
26875,18890,Spring Boot
26877,18891,React
26880,18892,ASP.NET
26881,18892,ASP.NET CORE
26882,18892,Express
26883,18892,jQuery
26884,18892,React
26885,18892,Vue.js
26887,18906,ASP.NET CORE
26890,18906,jQuery
26891,18910,Express
26892,18910,Node.js
26893,18910,React
26894,18915,ASP.NET CORE
26895,18923,ASP.NET
26896,18923,ASP.NET CORE
26898,18923,jQuery
26899,18924,Angular
26902,18924,Express
26904,18924,jQuery
26907,18924,Node.js
26908,18924,React
26909,18924,Spring Boot
26911,18925,Angular
26912,18925,ASP.NET CORE
26913,18928,Vue.js
26914,18929,Angular
26916,18929,Express
26917,18929,Node.js
26918,18929,React
26919,18929,Spring Boot
26923,18934,jQuery
26927,18935,ASP.NET
26928,18935,ASP.NET CORE
26930,18935,jQuery
26931,18936,Spring Boot
26932,18941,Angular
26933,18941,Express
26935,18941,Node.js
26936,18942,Express
26938,18942,Next.js
26939,18942,Node.js
26940,18942,React
26941,18963,ASP.NET CORE
26943,18963,Spring Boot
26944,18964,Spring Boot
26945,18967,Spring Boot
26947,18968,React
26948,18969,Angular
26951,18970,React
26953,18974,ASP.NET
26954,18974,ASP.NET CORE
26955,18974,Vue.js
26956,18975,Express
26957,18975,Node.js
26958,18975,React
26959,18975,Spring Boot
26960,18978,ASP.NET
26961,18978,ASP.NET CORE
26962,18978,jQuery
26963,18979,ASP.NET CORE
26964,18979,Express
26966,18979,React
26968,18982,Vue.js
26969,18983,Spring Boot
26970,18986,ASP.NET CORE
26971,18986,React
26972,18987,Node.js
26975,18988,Vue.js
26979,18990,jQuery
26981,18990,Vue.js
26983,18992,Angular
26985,18992,Express
26988,18992,Node.js
26989,18992,Spring Boot
26990,18996,Express
26992,18996,Next.js
26993,18996,Node.js
26994,18996,React
26996,18997,Node.js
26997,18997,Vue.js
26998,18999,Angular
26999,18999,Next.js
27000,18999,Node.js
27001,18999,React
27002,19003,Express
27003,19003,Next.js
27004,19003,Node.js
27005,19003,React
27006,19006,Express
27007,19006,Next.js
27008,19006,Node.js
27010,19009,ASP.NET
27011,19009,ASP.NET CORE
27013,19009,jQuery
27015,19012,Next.js
27016,19012,Node.js
27018,19012,React
27020,19013,Angular
27022,19013,Express
27023,19013,Node.js
27024,19013,React
27027,19020,ASP.NET CORE
27028,19020,React
27029,19021,ASP.NET
27030,19021,jQuery
27031,19022,Vue.js
27032,19026,Node.js
27033,19026,React
27034,19034,ASP.NET CORE
27035,19034,jQuery
27036,19034,Vue.js
27037,19035,Angular
27038,19035,ASP.NET
27039,19035,ASP.NET CORE
27041,19035,jQuery
27042,19035,Node.js
27043,19038,ASP.NET
27044,19038,ASP.NET CORE
27046,19038,React
27048,19040,Express
27049,19040,Node.js
27050,19040,React
27052,19043,ASP.NET
27053,19043,ASP.NET CORE
27055,19043,Node.js
27057,19043,React
27058,19043,Vue.js
27060,19052,Vue.js
27063,19053,Express
27064,19053,Next.js
27065,19053,Node.js
27066,19053,React
27068,19058,Angular
27069,19058,ASP.NET CORE
27070,19058,Express
27072,19058,React
27073,19062,ASP.NET CORE
27074,19066,Node.js
27076,19069,Angular
27077,19069,ASP.NET
27078,19069,ASP.NET CORE
27081,19069,Express
27083,19069,jQuery
27084,19069,Node.js
27085,19069,React
27086,19069,Vue.js
27088,19076,Spring Boot
27089,19079,ASP.NET
27090,19079,ASP.NET CORE
27092,19079,jQuery
27094,19081,ASP.NET
27095,19081,ASP.NET CORE
27096,19081,Next.js
27097,19081,Node.js
27098,19081,React
27099,19083,Express
27100,19083,jQuery
27103,19083,Node.js
27105,19083,Spring Boot
27107,19083,Vue.js
27109,19084,Node.js
27110,19084,Vue.js
27111,19085,ASP.NET
27112,19085,ASP.NET CORE
27115,19085,Next.js
27116,19085,React
27119,19086,Angular
27121,19086,Express
27123,19086,jQuery
27125,19086,Next.js
27126,19086,Node.js
27127,19086,React
27128,19087,Angular
27129,19087,ASP.NET CORE
27130,19087,Express
27131,19087,Next.js
27132,19087,Node.js
27133,19087,React
27135,19088,Node.js
27137,19089,Angular
27141,19089,Spring Boot
27142,19089,Vue.js
27144,19092,Angular
27146,19092,Express
27148,19092,Node.js
27149,19092,React
27150,19092,Spring Boot
27151,19092,Vue.js
27153,19094,jQuery
27154,19094,Node.js
27155,19094,Spring Boot
27156,19101,Angular
27158,19101,ASP.NET
27159,19101,ASP.NET CORE
27160,19101,Express
27161,19101,jQuery
27162,19101,Node.js
27163,19101,React
27164,19101,Spring Boot
27165,19101,Vue.js
27167,19102,React
27171,19110,Angular
27172,19110,ASP.NET CORE
27174,19110,Vue.js
27175,19113,jQuery
27177,19114,React
27178,19114,Spring Boot
27180,19116,Express
27181,19116,Node.js
27182,19116,React
27183,19116,Vue.js
27185,19117,React
27187,19118,Express
27189,19118,jQuery
27191,19118,Node.js
27192,19118,React
27193,19120,Express
27194,19120,Node.js
27195,19120,React
27196,19120,Spring Boot
27198,19125,Angular
27199,19125,ASP.NET
27200,19126,Next.js
27201,19126,Node.js
27202,19126,React
27205,19133,Node.js
27206,19133,React
27209,19134,Express
27212,19134,Next.js
27213,19134,Node.js
27214,19134,React
27216,19135,Angular
27217,19135,ASP.NET
27218,19135,ASP.NET CORE
27219,19135,jQuery
27220,19135,Node.js
27222,19136,React
27223,19136,Spring Boot
27226,19139,Node.js
27227,19140,Angular
27228,19140,ASP.NET
27230,19144,Express
27231,19144,Node.js
27232,19144,Vue.js
27234,19149,Express
27238,19149,Next.js
27239,19149,Node.js
27240,19149,React
27241,19150,jQuery
27242,19150,Node.js
27243,19150,React
27245,19151,ASP.NET
27246,19151,ASP.NET CORE
27248,19151,jQuery
27249,19151,Node.js
27250,19152,Angular
27251,19152,React
27255,19153,Vue.js
27256,19157,Angular
27258,19157,ASP.NET
27259,19157,ASP.NET CORE
27262,19157,Express
27265,19157,jQuery
27266,19157,Next.js
27267,19157,Node.js
27268,19157,React
27270,19157,Vue.js
27271,19158,Angular
27272,19158,Node.js
27273,19159,Express
27275,19159,jQuery
27276,19159,Next.js
27277,19159,Node.js
27278,19159,React
27281,19162,Express
27283,19162,Next.js
27284,19162,React
27287,19162,Vue.js
27289,19166,ASP.NET
27290,19166,ASP.NET CORE
27292,19166,Next.js
27293,19166,Node.js
27294,19166,React
27295,19169,jQuery
27298,19171,Spring Boot
27299,19173,Node.js
27300,19173,React
27301,19174,Angular
27302,19176,Node.js
27303,19176,React
27306,19177,Angular
27308,19177,jQuery
27309,19177,Spring Boot
27311,19180,Next.js
27312,19180,Node.js
27314,19183,Angular
27316,19183,ASP.NET
27317,19183,ASP.NET CORE
27319,19183,jQuery
27320,19185,ASP.NET
27321,19185,ASP.NET CORE
27322,19194,Angular
27323,19197,Express
27324,19197,Node.js
27325,19197,React
27326,19204,jQuery
27327,19206,Angular
27328,19206,ASP.NET
27329,19206,ASP.NET CORE
27331,19206,Node.js
27332,19207,Angular
27333,19207,ASP.NET
27334,19207,ASP.NET CORE
27336,19209,Next.js
27337,19209,Node.js
27338,19209,React
27339,19210,Spring Boot
27340,19213,Angular
27341,19213,ASP.NET
27342,19213,ASP.NET CORE
27344,19213,Next.js
27345,19213,React
27347,19215,Express
27349,19215,jQuery
27350,19215,Node.js
27351,19215,React
27352,19221,ASP.NET
27353,19221,jQuery
27354,19221,React
27355,19222,ASP.NET
27356,19222,ASP.NET CORE
27357,19222,jQuery
27360,19235,jQuery
27362,19235,React
27363,19237,Angular
27365,19237,ASP.NET
27366,19237,ASP.NET CORE
27368,19237,jQuery
27369,19237,React
27370,19240,Next.js
27371,19240,React
27374,19243,jQuery
27375,19243,Node.js
27376,19243,Vue.js
27381,19244,React
27383,19245,ASP.NET CORE
27385,19245,jQuery
27386,19245,Node.js
27387,19245,Vue.js
27388,19249,Node.js
27389,19249,React
27391,19250,React
27393,19253,ASP.NET CORE
27395,19253,React
27398,19258,Express
27400,19258,Node.js
27401,19258,React
27404,19262,Vue.js
27405,19264,Express
27406,19264,React
27407,19268,Express
27408,19268,Next.js
27409,19268,Node.js
27410,19268,React
27412,19269,jQuery
27415,19271,ASP.NET
27416,19271,ASP.NET CORE
27417,19271,jQuery
27418,19271,React
27419,19273,Next.js
27420,19273,Node.js
27421,19273,React
27422,19275,ASP.NET
27423,19275,ASP.NET CORE
27425,19275,jQuery
27426,19277,ASP.NET CORE
27429,19285,Angular
27431,19285,Spring Boot
27434,19290,React
27435,19290,Vue.js
27436,19293,jQuery
27437,19293,Spring Boot
27439,19307,React
27440,19313,ASP.NET
27441,19313,jQuery
27443,19316,ASP.NET
27444,19316,ASP.NET CORE
27445,19317,Spring Boot
27446,19321,Angular
27447,19321,ASP.NET
27448,19321,Express
27449,19321,Node.js
27450,19321,React
27451,19321,Spring Boot
27453,19322,Next.js
27454,19322,Node.js
27455,19322,React
27457,19322,Vue.js
27458,19325,ASP.NET CORE
27461,19330,ASP.NET
27462,19330,ASP.NET CORE
27463,19330,jQuery
27464,19330,Node.js
27465,19330,React
27466,19332,jQuery
27467,19332,Node.js
27468,19335,ASP.NET
27469,19335,ASP.NET CORE
27470,19335,React
27471,19336,Node.js
27472,19336,Vue.js
27473,19337,ASP.NET
27474,19337,ASP.NET CORE
27475,19338,Angular
27476,19338,Express
27478,19338,Next.js
27479,19338,Node.js
27480,19338,React
27481,19341,Angular
27485,19348,jQuery
27486,19348,React
27487,19349,Express
27488,19349,Node.js
27490,19351,ASP.NET
27491,19351,jQuery
27492,19351,Next.js
27493,19351,React
27494,19351,Vue.js
27495,19352,React
27496,19352,Spring Boot
27498,19357,Express
27503,19357,jQuery
27504,19357,Node.js
27508,19364,Express
27509,19364,Next.js
27510,19364,Node.js
27511,19364,React
27512,19366,ASP.NET
27513,19366,ASP.NET CORE
27515,19366,jQuery
27517,19366,Node.js
27518,19366,React
27519,19366,Vue.js
27520,19372,ASP.NET CORE
27524,19374,Spring Boot
27525,19376,React
27535,19386,Express
27536,19386,jQuery
27538,19386,Node.js
27539,19386,React
27540,19386,Spring Boot
27541,19387,jQuery
27542,19391,ASP.NET
27543,19391,ASP.NET CORE
27545,19391,jQuery
27546,19391,Vue.js
27547,19395,ASP.NET
27548,19395,ASP.NET CORE
27549,19395,jQuery
27550,19395,Node.js
27551,19395,Vue.js
27552,19397,jQuery
27553,19397,Spring Boot
27555,19403,Next.js
27556,19403,Node.js
27557,19403,React
27560,19404,Express
27561,19404,Next.js
27562,19404,Node.js
27563,19404,React
27564,19405,Angular
27565,19405,ASP.NET
27567,19405,Express
27571,19405,Node.js
27572,19405,React
27573,19406,Angular
27575,19406,Node.js
27577,19408,Angular
27579,19408,ASP.NET
27580,19408,ASP.NET CORE
27582,19413,Express
27584,19413,Node.js
27585,19413,React
27586,19414,ASP.NET CORE
27587,19414,React
27588,19415,ASP.NET
27590,19415,Next.js
27591,19415,Node.js
27592,19415,React
27593,19416,Express
27594,19416,jQuery
27595,19416,Node.js
27596,19416,React
27597,19421,ASP.NET
27598,19421,ASP.NET CORE
27599,19421,React
27600,19421,Spring Boot
27601,19421,Vue.js
27603,19422,ASP.NET
27604,19422,ASP.NET CORE
27606,19422,jQuery
27612,19424,Next.js
27613,19424,Node.js
27614,19424,React
27618,19425,jQuery
27620,19427,Express
27622,19427,Node.js
27623,19427,React
27624,19427,Vue.js
27626,19435,Angular
27627,19435,ASP.NET
27628,19435,ASP.NET CORE
27630,19435,jQuery
27632,19438,Angular
27635,19438,Node.js
27636,19438,Vue.js
27637,19439,jQuery
27638,19439,Node.js
27639,19439,React
27641,19439,Vue.js
27642,19440,Angular
27643,19440,ASP.NET
27644,19440,ASP.NET CORE
27647,19440,jQuery
27650,19443,Next.js
27651,19443,Node.js
27652,19443,React
27653,19443,Vue.js
27654,19448,Angular
27656,19448,ASP.NET
27657,19448,ASP.NET CORE
27659,19448,jQuery
27660,19450,Node.js
27661,19452,Angular
27662,19452,ASP.NET
27663,19452,ASP.NET CORE
27664,19452,Node.js
27666,19453,React
27670,19455,React
27673,19457,ASP.NET CORE
27674,19457,Next.js
27675,19457,React
27676,19461,Angular
27678,19461,ASP.NET
27679,19461,ASP.NET CORE
27681,19461,jQuery
27685,19470,ASP.NET
27686,19470,ASP.NET CORE
27688,19470,jQuery
27689,19472,ASP.NET CORE
27691,19472,jQuery
27695,19474,jQuery
27696,19475,React
27701,19484,React
27703,19486,Node.js
27708,19488,Next.js
27709,19488,Node.js
27710,19488,Spring Boot
27712,19490,ASP.NET
27713,19490,ASP.NET CORE
27716,19490,jQuery
27718,19490,Node.js
27719,19490,Vue.js
27722,19494,jQuery
27724,19494,Node.js
27725,19497,Express
27726,19497,Node.js
27727,19497,React
27729,19497,Spring Boot
27731,19498,Node.js
27732,19498,React
27734,19502,React
27735,19505,Angular
27738,19506,Angular
27740,19506,jQuery
27742,19506,Node.js
27744,19507,ASP.NET CORE
27745,19514,Express
27746,19514,Spring Boot
27747,19514,Vue.js
27749,19517,Node.js
27750,19517,React
27753,19522,Express
27756,19522,Next.js
27757,19522,Node.js
27758,19522,React
27761,19527,Express
27764,19527,Next.js
27765,19527,Node.js
27767,19527,React
27769,19527,Vue.js
27772,19534,Next.js
27773,19534,Node.js
27774,19534,React
27777,19543,jQuery
27778,19543,Node.js
27780,19547,Spring Boot
27782,19549,jQuery
27785,19552,Angular
27787,19552,Express
27788,19552,Node.js
27789,19552,Spring Boot
27790,19553,Node.js
27791,19553,React
27792,19554,ASP.NET
27793,19554,jQuery
27794,19554,Next.js
27795,19554,React
27797,19556,React
27799,19559,Angular
27801,19559,Next.js
27802,19559,Node.js
27803,19559,React
27805,19560,Express
27806,19560,jQuery
27807,19560,Node.js
27809,19562,ASP.NET
27811,19562,jQuery
27812,19562,Next.js
27813,19562,React
27815,19564,React
27819,19566,Express
27820,19566,Node.js
27821,19566,React
27822,19568,Angular
27823,19568,Express
27824,19568,jQuery
27826,19568,Next.js
27827,19568,Node.js
27829,19568,React
27830,19568,Vue.js
27834,19576,Node.js
27836,19577,jQuery
27837,19577,Vue.js
27838,19585,Node.js
27840,19585,Vue.js
27843,19589,Node.js
27845,19592,Angular
27846,19592,ASP.NET CORE
27847,19594,Next.js
27848,19594,React
27850,19598,Angular
27851,19598,ASP.NET
27852,19598,ASP.NET CORE
27854,19600,jQuery
27855,19600,Node.js
27856,19600,React
27860,19602,Node.js
27861,19603,Angular
27863,19603,ASP.NET CORE
27866,19611,ASP.NET CORE
27869,19615,Next.js
27870,19615,Node.js
27871,19615,React
27872,19616,ASP.NET
27873,19616,ASP.NET CORE
27874,19619,ASP.NET
27875,19619,Next.js
27876,19619,Node.js
27877,19619,React
27878,19621,ASP.NET
27879,19621,ASP.NET CORE
27880,19621,jQuery
27881,19621,Node.js
27882,19621,Vue.js
27885,19626,Next.js
27886,19626,Node.js
27887,19626,React
27888,19626,Spring Boot
27890,19630,ASP.NET
27891,19630,ASP.NET CORE
27892,19630,jQuery
27895,19631,React
27897,19633,ASP.NET
27898,19633,ASP.NET CORE
27899,19634,ASP.NET CORE
27901,19635,ASP.NET
27902,19635,ASP.NET CORE
27905,19635,jQuery
27906,19635,Node.js
27907,19635,React
27908,19635,Vue.js
27909,19639,jQuery
27911,19639,Next.js
27912,19639,Node.js
27915,19639,React
27917,19639,Vue.js
27920,19640,Vue.js
27921,19643,Angular
27922,19643,ASP.NET
27923,19643,ASP.NET CORE
27925,19643,jQuery
27927,19644,jQuery
27928,19644,Next.js
27929,19644,Node.js
27930,19644,React
27932,19645,Spring Boot
27934,19646,Node.js
27936,19646,Vue.js
27937,19648,Angular
27938,19648,Express
27939,19648,Node.js
27941,19650,Next.js
27942,19651,Next.js
27943,19651,React
27946,19652,jQuery
27948,19652,Node.js
27949,19652,Spring Boot
27951,19653,Angular
27952,19653,ASP.NET
27953,19653,ASP.NET CORE
27956,19664,React
27962,19676,Angular
27964,19676,ASP.NET
27965,19676,ASP.NET CORE
27966,19676,React
27967,19676,Vue.js
27969,19677,Vue.js
27970,19679,Node.js
27971,19679,React
27972,19680,Next.js
27973,19680,Node.js
27974,19680,React
27975,19680,Vue.js
27976,19681,React
27978,19698,Spring Boot
27979,19700,Angular
27980,19700,Node.js
27981,19700,React
27982,19700,Spring Boot
27983,19701,Angular
27986,19701,Node.js
27989,19703,jQuery
27991,19703,Next.js
27992,19703,Node.js
27994,19703,Vue.js
27996,19704,ASP.NET
27997,19704,ASP.NET CORE
27999,19704,Express
28000,19704,Next.js
28001,19704,Node.js
28002,19704,React
28003,19712,Angular
28004,19712,Spring Boot
28005,19714,jQuery
28006,19714,Node.js
28007,19714,Vue.js
28009,19717,Express
28010,19717,Next.js
28011,19717,Node.js
28013,19717,React
28014,19717,Vue.js
28015,19726,Express
28016,19726,Next.js
28017,19726,React
28019,19730,Next.js
28020,19730,Node.js
28021,19730,React
28023,19731,jQuery
28025,19731,React
28026,19731,Vue.js
28029,19736,jQuery
28030,19739,React
28031,19739,Vue.js
28032,19741,React
28033,19742,ASP.NET
28034,19742,ASP.NET CORE
28036,19742,jQuery
28038,19742,Vue.js
28039,19743,Express
28040,19743,jQuery
28041,19743,Node.js
28043,19743,Vue.js
28045,19744,ASP.NET
28046,19744,ASP.NET CORE
28048,19744,jQuery
28050,19745,React
28053,19747,Angular
28055,19747,ASP.NET
28056,19747,ASP.NET CORE
28057,19747,Express
28058,19747,jQuery
28059,19747,Node.js
28060,19748,Next.js
28061,19748,React
28063,19749,ASP.NET CORE
28064,19749,Spring Boot
28065,19749,Vue.js
28066,19750,Node.js
28067,19750,React
28069,19751,Angular
28071,19751,jQuery
28073,19751,Node.js
28074,19751,React
28075,19751,Spring Boot
28076,19751,Vue.js
28078,19752,ASP.NET
28079,19752,ASP.NET CORE
28080,19752,Node.js
28081,19752,React
28082,19752,Vue.js
28083,19753,Angular
28085,19753,ASP.NET
28086,19753,ASP.NET CORE
28090,19753,Next.js
28091,19753,Node.js
28092,19753,React
28094,19753,Spring Boot
28095,19753,Vue.js
28097,19754,Angular
28101,19754,React
28103,19754,Vue.js
28106,19758,Spring Boot
28109,19763,Angular
28111,19763,ASP.NET
28112,19763,ASP.NET CORE
28113,19763,Express
28116,19763,jQuery
28118,19763,React
28122,19764,Node.js
28124,19767,ASP.NET
28126,19767,jQuery
28128,19768,Express
28129,19768,Next.js
28130,19768,Node.js
28131,19768,React
28133,19773,React
28134,19773,Spring Boot
28135,19774,Angular
28136,19774,ASP.NET
28137,19774,ASP.NET CORE
28138,19777,ASP.NET
28142,19777,jQuery
28143,19777,Node.js
28145,19777,Vue.js
28146,19781,Angular
28147,19781,ASP.NET
28148,19781,ASP.NET CORE
28149,19781,Express
28150,19781,Node.js
28151,19785,Angular
28155,19785,jQuery
28156,19785,Spring Boot
28160,19786,jQuery
28162,19786,Vue.js
28164,19787,Angular
28165,19787,ASP.NET
28166,19787,ASP.NET CORE
28168,19787,React
28170,19791,Node.js
28171,19791,React
28172,19791,Spring Boot
28173,19791,Vue.js
28174,19797,ASP.NET CORE
28177,19799,Next.js
28178,19799,React
28180,19801,Next.js
28181,19801,Node.js
28182,19801,React
28184,19803,Node.js
28185,19803,React
28187,19804,ASP.NET
28188,19804,ASP.NET CORE
28189,19806,ASP.NET
28190,19806,ASP.NET CORE
28191,19806,Express
28193,19806,Node.js
28194,19806,React
28196,19817,ASP.NET
28197,19832,ASP.NET
28198,19832,ASP.NET CORE
28204,19832,jQuery
28206,19832,Next.js
28207,19832,Node.js
28208,19832,React
28211,19834,Express
28212,19834,Next.js
28213,19834,Node.js
28214,19834,React
28215,19836,ASP.NET CORE
28216,19836,React
28218,19841,React
28220,19843,Angular
28221,19843,ASP.NET CORE
28223,19843,jQuery
28224,19843,Node.js
28225,19843,React
28226,19844,Angular
28229,19844,React
28231,19845,ASP.NET CORE
28232,19846,React
28234,19847,ASP.NET CORE
28235,19848,ASP.NET CORE
28236,19848,React
28237,19851,ASP.NET CORE
28238,19852,React
28239,19855,Angular
28240,19855,ASP.NET
28241,19855,ASP.NET CORE
28242,19855,jQuery
28246,19861,jQuery
28249,19861,Vue.js
28250,19866,Angular
28251,19866,Express
28254,19866,Next.js
28255,19866,React
28257,19866,Spring Boot
28262,19867,React
28263,19867,Spring Boot
28265,19874,ASP.NET CORE
28266,19874,Vue.js
28267,19875,Angular
28273,19875,Vue.js
28275,19876,Angular
28276,19876,ASP.NET
28277,19876,ASP.NET CORE
28278,19876,Express
28279,19876,jQuery
28281,19876,Node.js
28282,19876,React
28284,19876,Vue.js
28289,19877,jQuery
28290,19877,Next.js
28291,19877,Node.js
28293,19877,React
28296,19877,Vue.js
28298,19878,ASP.NET CORE
28300,19878,jQuery
28301,19879,Node.js
28302,19879,Vue.js
28303,19882,ASP.NET CORE
28305,19883,Express
28307,19883,Next.js
28308,19883,Node.js
28309,19883,React
28310,19884,ASP.NET
28311,19884,ASP.NET CORE
28313,19884,jQuery
28314,19884,Node.js
28315,19886,Angular
28317,19886,Express
28318,19886,Node.js
28319,19886,Vue.js
28321,19887,jQuery
28323,19889,Express
28326,19889,Next.js
28327,19889,Node.js
28328,19889,React
28329,19891,ASP.NET CORE
28331,19893,Node.js
28332,19893,React
28333,19893,Spring Boot
28337,19899,jQuery
28338,19899,Vue.js
28340,19902,ASP.NET
28341,19902,ASP.NET CORE
28342,19903,ASP.NET
28343,19903,ASP.NET CORE
28344,19906,Angular
28345,19906,ASP.NET
28347,19906,Express
28348,19906,Node.js
28351,19908,Node.js
28352,19908,React
28354,19914,Next.js
28355,19914,React
28356,19917,jQuery
28357,19917,Spring Boot
28359,19924,Express
28364,19927,Angular
28365,19927,ASP.NET
28366,19927,ASP.NET CORE
28368,19932,ASP.NET CORE
28372,19935,Angular
28373,19935,ASP.NET CORE
28374,19935,Node.js
28377,19937,Node.js
28378,19937,React
28384,19948,Express
28385,19948,Next.js
28386,19948,Node.js
28387,19948,React
28391,19957,Node.js
28392,19957,React
28393,19958,ASP.NET
28394,19958,ASP.NET CORE
28396,19963,Angular
28397,19963,Spring Boot
28398,19976,Node.js
28399,19977,Express
28400,19977,React
28401,19978,ASP.NET CORE
28402,19980,Angular
28403,19980,React
28404,19991,Angular
28405,19991,Spring Boot
28406,19993,jQuery
28408,19993,Vue.js
28409,19994,Angular
28412,19994,React
28415,19996,Express
28416,19996,Node.js
28417,19996,React
28418,19996,Spring Boot
28419,19999,Angular
28420,19999,ASP.NET
28421,19999,ASP.NET CORE
28423,19999,jQuery
28424,19999,React
28428,20000,Next.js
28429,20000,React
28431,20002,Spring Boot
28432,20005,ASP.NET
28433,20005,ASP.NET CORE
28435,20005,jQuery
28437,20006,ASP.NET CORE
28438,20006,Node.js
28439,20007,ASP.NET
28440,20007,ASP.NET CORE
28441,20007,React
28443,20008,Next.js
28444,20008,Node.js
28445,20008,React
28447,20012,ASP.NET CORE
28448,20012,jQuery
28449,20013,Angular
28451,20013,ASP.NET
28452,20013,ASP.NET CORE
28453,20013,jQuery
28454,20014,Express
28455,20014,Node.js
28456,20019,jQuery
28462,20022,jQuery
28464,20023,Angular
28465,20023,ASP.NET
28466,20023,ASP.NET CORE
28467,20023,React
28469,20024,Express
28470,20024,Next.js
28471,20025,React
28472,20026,ASP.NET CORE
28475,20031,Node.js
28476,20031,React
28477,20033,Node.js
28478,20035,React
28479,20035,Spring Boot
28480,20035,Vue.js
28481,20036,Express
28482,20036,Next.js
28483,20036,Node.js
28484,20036,React
28485,20038,Angular
28487,20038,ASP.NET
28488,20038,ASP.NET CORE
28496,20038,Express
28499,20038,jQuery
28500,20038,Next.js
28506,20038,Spring Boot
28509,20038,Vue.js
28512,20044,Express
28514,20044,Node.js
28515,20044,React
28516,20046,Express
28519,20046,Next.js
28520,20046,Node.js
28522,20046,React
28523,20046,Vue.js
28524,20050,Angular
28526,20050,ASP.NET
28527,20050,ASP.NET CORE
28531,20050,jQuery
28533,20050,Node.js
28534,20050,React
28535,20050,Vue.js
28537,20053,Angular
28538,20053,Spring Boot
28541,20057,Node.js
28542,20057,React
28543,20057,Vue.js
28546,20058,Node.js
28548,20058,Vue.js
28549,20059,Vue.js
28550,20062,Angular
28551,20062,Node.js
28552,20062,React
28553,20062,Spring Boot
28556,20063,Vue.js
28559,20067,Node.js
28561,20077,Angular
28562,20077,ASP.NET
28563,20077,ASP.NET CORE
28564,20077,jQuery
28565,20084,Angular
28566,20084,ASP.NET CORE
28567,20084,Vue.js
28568,20088,Angular
28570,20089,ASP.NET
28571,20089,ASP.NET CORE
28573,20089,jQuery
28578,20092,Express
28579,20092,Spring Boot
28580,20095,Angular
28582,20095,Node.js
28583,20095,React
28584,20099,Angular
28585,20099,React
28586,20099,Spring Boot
28587,20103,Express
28588,20103,jQuery
28590,20103,Next.js
28591,20103,Node.js
28592,20103,React
28594,20104,Angular
28595,20104,ASP.NET
28596,20104,ASP.NET CORE
28598,20104,jQuery
28600,20104,Node.js
28601,20104,React
28602,20104,Spring Boot
28604,20104,Vue.js
28606,20105,jQuery
28609,20107,Angular
28610,20107,Express
28612,20107,Node.js
28614,20107,React
28615,20108,Node.js
28616,20108,React
28618,20109,ASP.NET
28619,20109,ASP.NET CORE
28620,20109,Node.js
28621,20109,React
28624,20110,jQuery
28625,20110,React
28626,20110,Spring Boot
28631,20118,jQuery
28632,20118,Vue.js
28633,20120,ASP.NET CORE
28634,20120,Next.js
28635,20120,React
28636,20122,Express
28637,20122,jQuery
28638,20122,Next.js
28639,20122,Node.js
28640,20122,React
28641,20125,Angular
28642,20125,ASP.NET
28643,20125,ASP.NET CORE
28645,20126,Vue.js
28646,20128,Express
28649,20128,Node.js
28650,20128,React
28651,20128,Vue.js
28652,20131,Angular
28653,20131,ASP.NET
28654,20131,ASP.NET CORE
28656,20131,jQuery
28657,20131,Next.js
28658,20131,React
28659,20133,React
28660,20133,Spring Boot
28661,20134,React
28662,20136,Express
28663,20136,jQuery
28664,20136,Node.js
28665,20136,React
28668,20143,jQuery
28671,20143,Node.js
28676,20143,Vue.js
28679,20145,jQuery
28680,20145,Node.js
28681,20145,React
28683,20147,Vue.js
28684,20148,Next.js
28685,20148,Node.js
28686,20148,React
28688,20149,ASP.NET CORE
28690,20150,Angular
28691,20150,ASP.NET
28692,20150,ASP.NET CORE
28693,20151,Express
28694,20151,Node.js
28695,20151,React
28696,20151,Spring Boot
28697,20152,Angular
28698,20152,ASP.NET CORE
28701,20161,Angular
28702,20161,ASP.NET
28703,20161,ASP.NET CORE
28704,20161,Express
28706,20161,React
28707,20161,Spring Boot
28708,20166,ASP.NET
28709,20166,ASP.NET CORE
28710,20166,React
28711,20166,Spring Boot
28715,20167,jQuery
28717,20168,Express
28718,20168,jQuery
28720,20168,Node.js
28721,20168,React
28724,20169,Express
28726,20169,jQuery
28727,20169,Next.js
28728,20169,Node.js
28729,20169,React
28731,20170,ASP.NET CORE
28732,20170,Express
28735,20170,Node.js
28736,20171,Angular
28739,20171,Express
28740,20171,jQuery
28743,20171,Next.js
28744,20171,Node.js
28746,20171,React
28751,20184,Spring Boot
28752,20186,Next.js
28753,20186,React
28755,20190,ASP.NET
28756,20190,ASP.NET CORE
28758,20190,jQuery
28759,20192,Angular
28760,20192,Express
28762,20192,jQuery
28764,20192,Node.js
28765,20192,React
28766,20192,Vue.js
28767,20194,jQuery
28770,20194,Vue.js
28772,20198,Express
28773,20198,Node.js
28774,20198,React
28775,20199,Next.js
28776,20199,Node.js
28777,20199,React
28778,20200,Angular
28779,20200,ASP.NET
28780,20200,ASP.NET CORE
28781,20200,jQuery
28782,20200,Node.js
28783,20200,React
28785,20201,Next.js
28786,20201,Node.js
28787,20201,React
28789,20202,ASP.NET
28790,20202,ASP.NET CORE
28792,20202,jQuery
28795,20203,React
28796,20203,Spring Boot
28797,20205,Angular
28798,20205,ASP.NET
28799,20205,ASP.NET CORE
28802,20207,Express
28803,20207,jQuery
28806,20207,Next.js
28807,20207,Node.js
28809,20207,React
28812,20207,Vue.js
28814,20208,Express
28816,20208,Next.js
28817,20208,Node.js
28818,20208,React
28819,20209,ASP.NET
28820,20209,ASP.NET CORE
28821,20209,React
28822,20210,Next.js
28823,20212,Angular
28827,20215,Vue.js
28828,20216,Express
28831,20216,Next.js
28832,20216,Node.js
28833,20216,React
28834,20217,Angular
28838,20217,Express
28839,20217,jQuery
28841,20217,Node.js
28843,20217,React
28845,20217,Vue.js
28847,20219,jQuery
28849,20219,Node.js
28850,20219,Vue.js
28852,20221,Angular
28853,20221,React
28857,20223,Node.js
28858,20223,Vue.js
28859,20224,Next.js
28860,20224,React
28861,20225,ASP.NET
28862,20225,ASP.NET CORE
28864,20225,jQuery
28865,20226,Angular
28867,20226,ASP.NET
28870,20226,jQuery
28872,20226,Next.js
28873,20226,Node.js
28874,20226,React
28878,20226,Vue.js
28880,20227,Angular
28881,20227,ASP.NET CORE
28882,20227,React
28883,20229,Express
28884,20229,Node.js
28885,20229,React
28887,20230,Angular
28889,20230,ASP.NET
28890,20230,ASP.NET CORE
28891,20230,jQuery
28893,20231,React
28894,20235,Angular
28896,20235,Express
28899,20235,Next.js
28900,20235,Node.js
28903,20242,Angular
28904,20242,ASP.NET CORE
28905,20242,Node.js
28906,20242,React
28908,20245,ASP.NET CORE
28909,20251,Angular
28910,20251,ASP.NET CORE
28911,20255,ASP.NET
28912,20255,ASP.NET CORE
28913,20255,React
28914,20260,Angular
28915,20260,ASP.NET
28916,20260,Next.js
28917,20260,Node.js
28919,20260,React
28920,20260,Vue.js
28921,20261,Next.js
28922,20261,Node.js
28924,20261,React
28926,20261,Vue.js
28927,20266,Express
28928,20266,React
28929,20268,ASP.NET
28930,20268,ASP.NET CORE
28931,20268,jQuery
28932,20268,Node.js
28934,20273,Angular
28936,20273,ASP.NET
28937,20273,ASP.NET CORE
28940,20273,Express
28942,20273,jQuery
28943,20273,Node.js
28949,20278,ASP.NET CORE
28950,20278,React
28951,20279,Express
28952,20279,Node.js
28953,20281,Angular
28955,20281,Node.js
28956,20282,Angular
28957,20282,ASP.NET CORE
28959,20283,ASP.NET
28960,20283,ASP.NET CORE
28961,20283,Next.js
28962,20283,Node.js
28963,20283,React
28965,20285,Angular
28968,20285,jQuery
28969,20285,Node.js
28970,20285,Spring Boot
28973,20290,Next.js
28974,20290,Node.js
28976,20290,React
28979,20290,Vue.js
28980,20294,Angular
28982,20294,Spring Boot
28983,20294,Vue.js
28985,20295,Next.js
28986,20295,Node.js
28987,20295,React
28990,20296,ASP.NET
28991,20296,jQuery
28996,20303,Angular
28997,20303,Express
28998,20303,jQuery
29001,20303,Next.js
29002,20303,Node.js
29003,20303,React
29004,20304,ASP.NET
29005,20304,ASP.NET CORE
29006,20304,jQuery
29007,20304,Vue.js
29008,20306,Next.js
29009,20306,React
29010,20307,Angular
29011,20307,ASP.NET
29012,20307,ASP.NET CORE
29013,20307,Node.js
29014,20308,Angular
29015,20308,ASP.NET CORE
29016,20308,Node.js
29018,20311,Angular
29020,20311,Node.js
29021,20311,Spring Boot
29022,20312,ASP.NET CORE
29023,20312,Next.js
29024,20312,React
29025,20315,ASP.NET CORE
29026,20315,Vue.js
29027,20317,ASP.NET CORE
29028,20317,jQuery
29029,20317,Node.js
29030,20317,React
29031,20319,Express
29032,20319,Node.js
29033,20319,React
29034,20321,Angular
29035,20321,Spring Boot
29036,20325,Angular
29037,20325,Spring Boot
29038,20328,Angular
29040,20328,ASP.NET
29044,20328,jQuery
29045,20328,Node.js
29047,20329,Angular
29049,20329,Node.js
29050,20331,ASP.NET
29051,20331,ASP.NET CORE
29052,20331,jQuery
29053,20334,ASP.NET
29054,20334,ASP.NET CORE
29057,20334,jQuery
29058,20334,Node.js
29060,20335,ASP.NET
29061,20335,Vue.js
29062,20337,Node.js
29063,20338,React
29064,20338,Spring Boot
29065,20338,Vue.js
29067,20342,Next.js
29068,20342,React
29069,20343,Express
29071,20343,Node.js
29072,20343,React
29074,20344,Angular
29075,20344,ASP.NET CORE
29076,20344,Node.js
29080,20348,Vue.js
29081,20349,Angular
29082,20349,ASP.NET CORE
29084,20352,jQuery
29085,20352,React
29086,20355,Express
29087,20355,Node.js
29088,20355,React
29089,20360,ASP.NET
29090,20360,ASP.NET CORE
29092,20360,Express
29093,20360,jQuery
29094,20360,Next.js
29095,20360,Node.js
29097,20360,Spring Boot
29098,20360,Vue.js
29101,20363,Node.js
29102,20363,React
29103,20363,Spring Boot
29105,20365,Angular
29108,20365,Spring Boot
29109,20368,ASP.NET CORE
29112,20368,Node.js
29113,20368,React
29114,20368,Vue.js
29115,20369,ASP.NET CORE
29117,20372,Angular
29118,20372,ASP.NET CORE
29119,20372,Node.js
29121,20373,Vue.js
29123,20379,jQuery
29124,20379,Next.js
29125,20379,React
29126,20379,Vue.js
29127,20385,Angular
29128,20385,Express
29130,20385,jQuery
29132,20385,Next.js
29133,20385,Node.js
29134,20389,Angular
29136,20389,ASP.NET
29137,20389,ASP.NET CORE
29138,20389,Node.js
29139,20389,React
29141,20391,React
29143,20391,Spring Boot
29145,20392,jQuery
29150,20393,Express
29152,20393,jQuery
29153,20393,Next.js
29154,20393,Node.js
29156,20393,React
29161,20393,Vue.js
29163,20397,Spring Boot
29164,20398,Angular
29166,20398,Express
29167,20398,jQuery
29169,20398,Node.js
29170,20398,React
29171,20402,Angular
29172,20402,Express
29174,20402,Node.js
29175,20403,Angular
29177,20403,Express
29180,20403,Next.js
29181,20403,Node.js
29182,20403,React
29184,20403,Vue.js
29185,20404,ASP.NET
29186,20404,ASP.NET CORE
29188,20404,jQuery
29189,20404,Next.js
29190,20404,React
29192,20406,Angular
29193,20406,Next.js
29194,20406,Spring Boot
29197,20408,jQuery
29199,20412,Express
29200,20412,Node.js
29202,20413,Node.js
29203,20421,Spring Boot
29205,20422,React
29206,20423,Angular
29210,20423,Node.js
29213,20424,Next.js
29214,20424,Node.js
29215,20424,React
29217,20431,Node.js
29218,20431,React
29219,20433,ASP.NET CORE
29221,20433,jQuery
29222,20433,Spring Boot
29223,20433,Vue.js
29224,20438,React
29225,20441,React
29227,20443,Angular
29230,20443,Express
29231,20443,jQuery
29234,20443,Next.js
29235,20443,Node.js
29236,20443,React
29237,20443,Vue.js
29243,20445,Next.js
29244,20445,Node.js
29245,20445,React
29246,20445,Spring Boot
29247,20446,jQuery
29249,20446,Node.js
29251,20446,Vue.js
29252,20449,Node.js
29253,20449,React
29254,20449,Spring Boot
29255,20450,ASP.NET CORE
29256,20454,Angular
29257,20454,ASP.NET
29258,20454,ASP.NET CORE
29260,20454,jQuery
29261,20454,Node.js
29262,20454,React
29263,20454,Spring Boot
29264,20454,Vue.js
29266,20455,Express
29267,20455,Node.js
29268,20455,React
29271,20463,Vue.js
29272,20464,Angular
29273,20464,React
29274,20464,Spring Boot
29275,20471,Express
29277,20471,Node.js
29278,20471,React
29280,20471,Vue.js
29281,20479,ASP.NET
29282,20480,Angular
29284,20480,Express
29285,20480,jQuery
29288,20480,Node.js
29289,20480,React
29290,20480,Vue.js
29291,20481,Spring Boot
29292,20483,Next.js
29293,20483,React
29294,20484,Angular
29297,20484,jQuery
29298,20484,Node.js
29301,20485,Spring Boot
29302,20486,jQuery
29304,20487,ASP.NET
29305,20487,ASP.NET CORE
29307,20488,jQuery
29309,20488,Node.js
29310,20488,Vue.js
29311,20489,Express
29313,20489,Node.js
29314,20489,React
29316,20492,Express
29319,20492,Node.js
29320,20492,React
29321,20492,Spring Boot
29323,20494,React
29324,20496,Spring Boot
29325,20499,Spring Boot
29326,20500,ASP.NET
29328,20502,ASP.NET CORE
29330,20504,Angular
29332,20504,ASP.NET
29333,20504,ASP.NET CORE
29336,20504,Express
29339,20504,jQuery
29342,20504,Next.js
29343,20504,Node.js
29344,20504,React
29345,20504,Spring Boot
29347,20504,Vue.js
29349,20513,Express
29350,20513,Node.js
29351,20513,React
29352,20514,Angular
29354,20514,ASP.NET
29355,20514,ASP.NET CORE
29356,20514,Node.js
29357,20517,Angular
29359,20517,ASP.NET
29360,20517,ASP.NET CORE
29363,20517,Express
29364,20517,jQuery
29365,20517,Node.js
29366,20517,React
29367,20517,Vue.js
29368,20523,Next.js
29369,20523,Node.js
29370,20523,React
29371,20525,Node.js
29372,20525,React
29373,20526,Express
29374,20526,jQuery
29375,20526,Node.js
29376,20526,React
29380,20527,Express
29381,20527,Node.js
29382,20527,React
29384,20531,jQuery
29386,20531,Vue.js
29390,20533,ASP.NET
29391,20533,ASP.NET CORE
29394,20538,Node.js
29395,20538,Vue.js
29400,20541,Node.js
29403,20542,React
29404,20544,Node.js
29405,20546,Express
29407,20546,Node.js
29408,20548,Angular
29409,20548,Express
29410,20548,jQuery
29413,20548,Node.js
29415,20548,Vue.js
29417,20550,Angular
29420,20550,React
29421,20550,Spring Boot
29423,20552,Express
29424,20552,jQuery
29426,20552,Next.js
29427,20552,Node.js
29429,20552,React
29433,20552,Vue.js
29434,20556,ASP.NET CORE
29436,20556,jQuery
29437,20556,Node.js
29438,20556,React
29439,20557,Node.js
29440,20557,React
29441,20558,Node.js
29442,20562,Express
29443,20562,Node.js
29444,20562,React
29446,20566,jQuery
29448,20572,Next.js
29449,20572,Spring Boot
29450,20574,jQuery
29451,20574,Node.js
29452,20575,Angular
29453,20575,ASP.NET
29454,20575,ASP.NET CORE
29455,20575,jQuery
29456,20575,Node.js
29457,20575,Spring Boot
29460,20578,Express
29463,20578,Next.js
29464,20578,Node.js
29465,20578,React
29467,20579,Express
29469,20579,Node.js
29470,20579,React
29471,20580,Spring Boot
29472,20580,Vue.js
29473,20581,Next.js
29474,20581,Node.js
29475,20581,React
29477,20581,Spring Boot
29478,20583,Node.js
29482,20585,Express
29485,20585,Next.js
29486,20585,Node.js
29487,20585,React
29490,20591,ASP.NET CORE
29492,20591,Node.js
29493,20591,React
29494,20592,ASP.NET
29495,20592,ASP.NET CORE
29496,20593,Angular
29499,20593,Next.js
29500,20593,React
29501,20597,ASP.NET CORE
29502,20597,Next.js
29503,20597,Node.js
29504,20597,React
29505,20598,Next.js
29506,20598,React
29508,20598,Vue.js
29509,20599,React
29510,20603,Angular
29511,20603,ASP.NET CORE
29512,20605,jQuery
29514,20605,React
29516,20606,jQuery
29517,20606,Node.js
29518,20607,Angular
29520,20607,ASP.NET
29521,20607,ASP.NET CORE
29522,20607,jQuery
29523,20607,Node.js
29525,20610,Next.js
29527,20610,Vue.js
29528,20611,React
29530,20616,Angular
29531,20616,jQuery
29532,20616,Node.js
29533,20616,React
29537,20618,ASP.NET
29539,20618,Express
29543,20618,jQuery
29545,20618,Node.js
29546,20618,React
29548,20618,Vue.js
29549,20622,Angular
29551,20622,Node.js
29552,20623,Angular
29553,20623,ASP.NET
29554,20623,ASP.NET CORE
29557,20627,jQuery
29558,20627,Node.js
29559,20627,React
29563,20628,Angular
29565,20628,Express
29570,20628,Next.js
29571,20628,Node.js
29572,20628,React
29573,20628,Vue.js
29575,20631,jQuery
29576,20631,Next.js
29577,20631,React
29579,20631,Vue.js
29581,20632,React
29582,20632,Spring Boot
29583,20633,Spring Boot
29586,20634,Node.js
29587,20634,React
29592,20644,Node.js
29593,20644,React
29595,20645,ASP.NET
29596,20645,ASP.NET CORE
29597,20645,Express
29599,20645,Next.js
29600,20645,Node.js
29601,20645,Spring Boot
29603,20652,ASP.NET
29604,20652,ASP.NET CORE
29606,20657,Express
29607,20657,Next.js
29608,20657,Node.js
29609,20657,React
29610,20658,Angular
29612,20658,ASP.NET
29613,20658,ASP.NET CORE
29614,20658,Express
29616,20658,jQuery
29617,20658,Node.js
29618,20658,React
29619,20658,Vue.js
29621,20663,Express
29624,20663,Node.js
29625,20664,Node.js
29628,20671,jQuery
29629,20671,Spring Boot
29630,20674,ASP.NET CORE
29633,20677,ASP.NET CORE
29634,20677,React
29635,20678,ASP.NET CORE
29636,20678,Next.js
29638,20683,Express
29641,20683,Next.js
29642,20683,Node.js
29643,20683,React
29644,20684,Angular
29645,20684,ASP.NET
29646,20684,ASP.NET CORE
29647,20684,jQuery
29648,20684,Next.js
29649,20684,Node.js
29650,20684,React
29651,20684,Spring Boot
29652,20684,Vue.js
29654,20689,jQuery
29656,20690,Angular
29657,20690,Express
29658,20690,Node.js
29659,20690,React
29660,20694,ASP.NET
29661,20694,ASP.NET CORE
29663,20694,React
29664,20695,Node.js
29667,20697,Express
29669,20697,Next.js
29670,20697,Node.js
29671,20697,React
29672,20698,ASP.NET
29673,20698,ASP.NET CORE
29674,20705,Angular
29675,20705,ASP.NET CORE
29678,20706,Next.js
29679,20706,React
29680,20707,Angular
29682,20707,ASP.NET
29683,20707,ASP.NET CORE
29686,20708,jQuery
29688,20708,Vue.js
29691,20710,ASP.NET
29692,20710,ASP.NET CORE
29693,20710,jQuery
29694,20710,React
29695,20711,Express
29696,20711,Node.js
29697,20711,React
29699,20714,Next.js
29700,20714,Node.js
29701,20714,React
29702,20715,Angular
29705,20715,Express
29707,20715,Next.js
29708,20715,Node.js
29709,20715,React
29713,20722,Vue.js
29714,20726,Node.js
29717,20729,React
29718,20736,Angular
29719,20736,ASP.NET CORE
29720,20736,Express
29721,20736,Node.js
29722,20737,Angular
29724,20740,Express
29732,20746,React
29734,20748,Express
29735,20748,Node.js
29736,20748,Vue.js
29738,20749,Next.js
29739,20749,Node.js
29740,20749,React
29743,20756,Express
29745,20756,Node.js
29746,20756,React
29747,20756,Spring Boot
29748,20757,Angular
29749,20757,ASP.NET CORE
29752,20757,React
29755,20758,React
29757,20760,Angular
29759,20760,Next.js
29760,20760,Node.js
29762,20761,Node.js
29763,20761,React
29764,20762,jQuery
29765,20762,Node.js
29767,20762,Vue.js
29769,20767,Spring Boot
29770,20768,Express
29771,20768,Node.js
29773,20770,React
29774,20770,Vue.js
29775,20771,React
29777,20771,Vue.js
29778,20773,ASP.NET
29779,20773,ASP.NET CORE
29780,20773,Vue.js
29781,20777,ASP.NET
29783,20777,Express
29785,20777,Next.js
29786,20777,Node.js
29787,20777,React
29788,20778,Angular
29789,20778,ASP.NET CORE
29790,20778,jQuery
29791,20778,Node.js
29794,20779,Angular
29796,20779,Express
29797,20779,Node.js
29802,20786,jQuery
29805,20786,Vue.js
29808,20787,ASP.NET
29809,20787,ASP.NET CORE
29810,20787,Express
29811,20787,jQuery
29812,20787,Node.js
29813,20787,React
29814,20787,Vue.js
29816,20789,Spring Boot
29818,20792,ASP.NET
29819,20792,ASP.NET CORE
29821,20792,jQuery
29822,20794,ASP.NET CORE
29823,20794,Next.js
29824,20794,React
29825,20795,Angular
29826,20795,ASP.NET CORE
29830,20799,Next.js
29831,20799,Node.js
29832,20799,React
29834,20804,Angular
29836,20804,React
29837,20806,Node.js
29838,20806,React
29839,20806,Spring Boot
29841,20807,Vue.js
29843,20808,Angular
29844,20808,ASP.NET CORE
29845,20810,ASP.NET
29846,20810,ASP.NET CORE
29850,20815,Next.js
29851,20816,Angular
29853,20816,Vue.js
29854,20820,Express
29856,20820,jQuery
29857,20820,Next.js
29858,20820,Node.js
29859,20820,React
29861,20822,Angular
29863,20822,ASP.NET
29864,20822,ASP.NET CORE
29865,20822,Node.js
29866,20823,React
29867,20826,Next.js
29868,20826,React
29870,20828,Express
29871,20828,Node.js
29872,20828,React
29873,20829,ASP.NET
29874,20829,ASP.NET CORE
29876,20829,jQuery
29877,20833,Angular
29880,20833,Express
29882,20833,jQuery
29884,20833,Next.js
29885,20833,Node.js
29886,20833,React
29888,20833,Spring Boot
29891,20834,Node.js
29892,20834,React
29893,20835,ASP.NET
29894,20835,ASP.NET CORE
29895,20835,Node.js
29896,20836,jQuery
29897,20836,Node.js
29898,20838,Angular
29901,20838,Express
29902,20838,jQuery
29903,20838,Next.js
29904,20838,Node.js
29906,20838,React
29908,20838,Vue.js
29912,20841,Express
29914,20841,Next.js
29915,20841,Node.js
29917,20846,ASP.NET
29918,20846,ASP.NET CORE
29920,20849,Express
29922,20849,Node.js
29923,20849,React
29924,20850,Angular
29925,20850,ASP.NET
29926,20850,ASP.NET CORE
29928,20850,jQuery
29929,20850,Node.js
29930,20850,React
29931,20850,Vue.js
29934,20857,Express
29935,20857,Node.js
29936,20857,Spring Boot
29937,20858,jQuery
29938,20859,Angular
29939,20859,Spring Boot
29940,20860,Express
29942,20860,jQuery
29943,20860,Node.js
29944,20860,Vue.js
29945,20864,Angular
29948,20864,Node.js
29949,20864,Spring Boot
29950,20870,Angular
29951,20870,ASP.NET
29952,20870,ASP.NET CORE
29954,20871,Express
29955,20871,Node.js
29956,20871,React
29957,20882,Next.js
29958,20882,Node.js
29959,20882,React
29963,20886,jQuery
29964,20886,React
29966,20886,Spring Boot
29968,20888,jQuery
29970,20890,ASP.NET
29971,20890,ASP.NET CORE
29973,20890,React
29974,20892,Angular
29976,20892,ASP.NET
29977,20892,ASP.NET CORE
29978,20892,Node.js
29979,20894,Angular
29981,20894,Express
29982,20894,jQuery
29983,20894,Node.js
29984,20894,React
29986,20902,Angular
29988,20902,ASP.NET
29989,20902,ASP.NET CORE
29994,20902,jQuery
29996,20902,Node.js
29997,20902,React
29999,20902,Vue.js
30002,20903,Angular
30004,20903,Express
30005,20903,jQuery
30006,20903,Node.js
30008,20904,ASP.NET
30009,20904,ASP.NET CORE
30010,20904,Next.js
30011,20908,jQuery
30012,20908,Node.js
30013,20908,React
30014,20909,ASP.NET
30015,20909,ASP.NET CORE
30016,20909,jQuery
30017,20911,ASP.NET
30019,20911,Express
30022,20911,Next.js
30023,20911,Node.js
30024,20911,React
30026,20916,Express
30028,20916,Node.js
30029,20916,React
30030,20916,Vue.js
30034,20918,jQuery
30035,20918,Node.js
30036,20918,Vue.js
30037,20925,ASP.NET
30038,20925,ASP.NET CORE
30039,20925,jQuery
30041,20926,Express
30042,20926,Node.js
30043,20926,Spring Boot
30044,20928,Node.js
30045,20928,React
30046,20928,Spring Boot
30047,20930,Angular
30049,20930,Express
30052,20930,jQuery
30053,20930,Node.js
30055,20933,Next.js
30056,20933,Node.js
30057,20933,React
30059,20934,Node.js
30060,20934,React
30061,20934,Spring Boot
30062,20936,ASP.NET CORE
30063,20936,jQuery
30064,20939,ASP.NET CORE
30065,20939,Next.js
30066,20939,React
30067,20939,Vue.js
30069,20941,Node.js
30070,20941,React
30071,20941,Spring Boot
30073,20942,jQuery
30074,20942,Next.js
30075,20942,Node.js
30078,20946,Angular
30079,20948,Express
30081,20948,Node.js
30082,20948,React
30083,20948,Vue.js
30085,20954,ASP.NET CORE
30086,20954,React
30087,20955,React
30089,20958,ASP.NET CORE
30090,20958,jQuery
30091,20958,React
30092,20960,Angular
30093,20960,ASP.NET
30094,20960,ASP.NET CORE
30096,20960,Node.js
30098,20962,Express
30099,20962,Next.js
30100,20962,React
30105,20966,jQuery
30106,20966,Node.js
30107,20966,Vue.js
30108,20967,Next.js
30109,20967,Node.js
30110,20969,Express
30111,20969,jQuery
30112,20969,Next.js
30113,20969,Node.js
30114,20969,React
30115,20969,Vue.js
30117,20970,Angular
30119,20972,Angular
30120,20972,Express
30123,20974,Next.js
30124,20974,Node.js
30127,20981,Express
30128,20981,Next.js
30129,20981,Node.js
30132,20981,React
30134,20981,Vue.js
30136,20984,Node.js
30137,20984,React
30138,20985,ASP.NET
30139,20985,ASP.NET CORE
30140,20985,Next.js
30141,20985,Node.js
30142,20985,React
30143,20986,Spring Boot
30145,20995,Express
30146,20995,Next.js
30147,20995,Node.js
30148,20995,React
30149,20997,ASP.NET
30150,20997,ASP.NET CORE
30151,20997,Node.js
30153,21005,ASP.NET CORE
30157,21005,Next.js
30158,21005,Node.js
30159,21005,React
30162,21006,Node.js
30163,21007,Angular
30165,21007,jQuery
30166,21007,Next.js
30167,21007,Node.js
30168,21007,React
30170,21007,Vue.js
30172,21011,Angular
30173,21011,ASP.NET
30174,21011,ASP.NET CORE
30176,21011,Express
30177,21011,jQuery
30178,21011,Next.js
30179,21011,Node.js
30180,21011,React
30182,21012,Angular
30183,21012,ASP.NET
30184,21012,ASP.NET CORE
30186,21012,Next.js
30187,21012,Node.js
30189,21012,React
30191,21012,Vue.js
30192,21015,Node.js
30193,21015,React
30195,21017,ASP.NET CORE
30196,21017,jQuery
30197,21017,React
30198,21023,Express
30200,21023,Node.js
30202,21024,Angular
30203,21024,ASP.NET
30204,21024,ASP.NET CORE
30206,21024,Express
30208,21024,Next.js
30209,21024,Node.js
30210,21024,React
30211,21026,Angular
30213,21026,ASP.NET
30214,21026,ASP.NET CORE
30216,21026,jQuery
30217,21026,Node.js
30218,21026,Vue.js
30220,21027,Node.js
30221,21029,React
30222,21029,Vue.js
30225,21041,Next.js
30226,21041,Node.js
30227,21041,React
30228,21041,Vue.js
30229,21043,Angular
30230,21043,ASP.NET
30231,21043,ASP.NET CORE
30232,21043,Node.js
30234,21045,Node.js
30238,21049,Vue.js
30239,21052,Next.js
30240,21052,Node.js
30241,21052,React
30243,21055,jQuery
30244,21057,Angular
30245,21057,Express
30246,21057,Next.js
30247,21057,Node.js
30248,21057,React
30249,21061,Angular
30250,21061,ASP.NET
30251,21061,ASP.NET CORE
30253,21061,Node.js
30254,21061,React
30255,21067,Node.js
30256,21070,jQuery
30257,21071,ASP.NET
30258,21071,ASP.NET CORE
30260,21071,jQuery
30261,21073,ASP.NET CORE
30263,21074,Node.js
30264,21074,React
30265,21074,Vue.js
30266,21076,Angular
30267,21076,ASP.NET CORE
30269,21076,React
30270,21078,Angular
30271,21078,ASP.NET
30272,21078,ASP.NET CORE
30273,21078,React
30274,21080,ASP.NET
30275,21080,ASP.NET CORE
30277,21080,jQuery
30278,21080,React
30280,21095,ASP.NET CORE
30281,21097,Angular
30283,21097,Next.js
30284,21097,Node.js
30285,21097,React
30287,21097,Spring Boot
30289,21100,Angular
30290,21100,ASP.NET
30291,21100,ASP.NET CORE
30292,21100,jQuery
30293,21100,Node.js
30294,21100,React
30295,21101,ASP.NET
30296,21101,ASP.NET CORE
30299,21101,Express
30300,21101,jQuery
30302,21101,Next.js
30303,21101,Node.js
30305,21101,React
30308,21101,Vue.js
30311,21102,Spring Boot
30312,21103,Angular
30313,21103,Node.js
30314,21106,ASP.NET CORE
30315,21106,React
30316,21107,ASP.NET
30317,21107,ASP.NET CORE
30318,21107,React
30319,21107,Vue.js
30320,21116,React
30322,21117,Express
30323,21121,Express
30325,21121,jQuery
30326,21121,Next.js
30327,21121,Node.js
30328,21121,React
30331,21126,Angular
30333,21126,Node.js
30334,21126,React
30335,21126,Spring Boot
30336,21129,Express
30337,21129,Next.js
30338,21129,Node.js
30339,21129,React
30343,21134,Node.js
30344,21135,ASP.NET CORE
30346,21137,Express
30347,21137,Next.js
30348,21137,Node.js
30350,21137,React
30351,21143,Angular
30352,21143,ASP.NET CORE
30354,21143,Express
30356,21143,Next.js
30357,21143,Node.js
30358,21143,React
30359,21148,jQuery
30362,21152,React
30365,21153,Node.js
30366,21154,Express
30367,21154,jQuery
30368,21154,Node.js
30369,21154,Spring Boot
30370,21154,Vue.js
30372,21157,Express
30374,21157,Next.js
30375,21157,Node.js
30376,21157,React
30379,21161,Express
30380,21161,jQuery
30383,21161,Node.js
30384,21161,Vue.js
30385,21162,Angular
30386,21162,ASP.NET CORE
30387,21162,Node.js
30390,21165,Node.js
30391,21165,React
30394,21167,React
30395,21172,Angular
30397,21172,Node.js
30398,21174,jQuery
30399,21174,Next.js
30400,21174,Node.js
30401,21174,React
30402,21175,Angular
30404,21175,ASP.NET
30405,21175,ASP.NET CORE
30407,21175,Express
30409,21175,jQuery
30411,21175,Next.js
30412,21175,Node.js
30413,21175,React
30414,21176,React
30415,21176,Spring Boot
30416,21178,Angular
30418,21178,Express
30419,21178,Node.js
30420,21178,React
30422,21182,Spring Boot
30423,21186,Angular
30427,21186,Express
30432,21186,Next.js
30433,21186,Node.js
30434,21186,React
30437,21186,Vue.js
30438,21189,Express
30439,21189,Next.js
30440,21189,Node.js
30441,21189,React
30443,21192,ASP.NET CORE
30445,21193,ASP.NET CORE
30446,21193,Express
30448,21193,Next.js
30449,21193,Node.js
30450,21193,React
30452,21196,jQuery
30453,21196,Node.js
30455,21196,Spring Boot
30457,21196,Vue.js
30458,21197,Express
30460,21197,Node.js
30461,21197,React
30462,21198,ASP.NET
30463,21198,ASP.NET CORE
30464,21198,jQuery
30465,21198,Node.js
30466,21198,Spring Boot
30467,21198,Vue.js
30468,21200,jQuery
30470,21201,Angular
30471,21201,ASP.NET CORE
30473,21201,Express
30474,21203,ASP.NET
30475,21203,ASP.NET CORE
30476,21203,React
30478,21205,jQuery
30479,21206,Angular
30480,21206,ASP.NET
30481,21206,Express
30482,21206,Next.js
30483,21206,Node.js
30484,21206,React
30486,21214,Node.js
30487,21214,Vue.js
30492,21227,Express
30494,21227,Next.js
30495,21227,Node.js
30496,21227,React
30502,21236,React
30504,21239,ASP.NET
30505,21239,ASP.NET CORE
30507,21240,Node.js
30508,21240,React
30510,21241,ASP.NET
30511,21241,ASP.NET CORE
30512,21241,Express
30514,21241,jQuery
30515,21241,Node.js
30516,21242,Spring Boot
30517,21242,Vue.js
30518,21243,ASP.NET CORE
30519,21243,jQuery
30520,21243,React
30521,21246,ASP.NET CORE
30523,21246,Node.js
30526,21250,Angular
30528,21250,jQuery
30529,21250,React
30532,21252,React
30533,21261,ASP.NET CORE
30536,21264,Spring Boot
30537,21265,ASP.NET
30538,21268,ASP.NET
30539,21268,Spring Boot
30540,21268,Vue.js
30541,21270,Express
30542,21270,Node.js
30543,21270,React
30545,21271,ASP.NET CORE
30547,21271,jQuery
30551,21281,Angular
30552,21281,ASP.NET
30553,21281,ASP.NET CORE
30554,21281,Express
30555,21281,Next.js
30556,21281,Node.js
30557,21281,React
30559,21284,ASP.NET CORE
30561,21284,jQuery
30562,21284,Node.js
30563,21284,React
30564,21285,Node.js
30567,21285,Vue.js
30570,21291,Angular
30571,21291,ASP.NET CORE
30574,21296,Node.js
30575,21296,React
30576,21297,Express
30577,21297,Node.js
30578,21297,React
30580,21299,Next.js
30581,21299,React
30582,21301,Node.js
30583,21301,Spring Boot
30586,21302,Next.js
30587,21302,Node.js
30588,21302,React
30589,21302,Spring Boot
30590,21303,ASP.NET
30591,21303,ASP.NET CORE
30592,21303,jQuery
30593,21303,Node.js
30594,21303,Vue.js
30595,21304,Angular
30596,21304,ASP.NET CORE
30598,21306,Angular
30599,21306,ASP.NET
30600,21306,ASP.NET CORE
30602,21307,Spring Boot
30603,21310,ASP.NET
30604,21310,ASP.NET CORE
30606,21310,Express
30607,21310,Node.js
30608,21310,React
30610,21310,Vue.js
30613,21311,Node.js
30614,21311,React
30620,21318,Next.js
30621,21318,React
30622,21320,ASP.NET
30623,21320,ASP.NET CORE
30624,21320,Node.js
30625,21321,Angular
30626,21321,Express
30631,21321,Next.js
30632,21321,Node.js
30634,21321,React
30637,21324,React
30638,21326,Express
30639,21326,Node.js
30640,21326,React
30641,21326,Spring Boot
30643,21329,Express
30646,21329,Node.js
30649,21329,Vue.js
30651,21338,Node.js
30652,21338,Spring Boot
30653,21338,Vue.js
30654,21339,jQuery
30657,21343,ASP.NET
30658,21343,jQuery
30659,21343,React
30660,21345,ASP.NET CORE
30662,21345,jQuery
30663,21345,Node.js
30664,21347,Next.js
30665,21347,Node.js
30666,21347,React
30667,21348,Express
30668,21348,Next.js
30669,21348,Node.js
30670,21348,React
30671,21350,ASP.NET
30672,21350,ASP.NET CORE
30673,21350,jQuery
30674,21352,Express
30675,21352,jQuery
30677,21352,Node.js
30679,21352,React
30680,21352,Vue.js
30682,21353,ASP.NET CORE
30683,21359,jQuery
30687,21359,Vue.js
30688,21360,jQuery
30690,21360,React
30691,21360,Vue.js
30693,21362,Express
30695,21362,Next.js
30696,21362,Node.js
30697,21362,React
30699,21362,Vue.js
30700,21367,Express
30701,21367,jQuery
30703,21367,Next.js
30704,21367,Node.js
30705,21367,React
30707,21372,Angular
30709,21372,ASP.NET
30710,21372,ASP.NET CORE
30712,21372,Express
30715,21372,jQuery
30717,21372,Next.js
30718,21372,Node.js
30719,21372,React
30721,21372,Vue.js
30723,21373,React
30725,21374,Spring Boot
30726,21375,Express
30728,21375,Next.js
30729,21375,Node.js
30730,21375,React
30732,21380,Angular
30733,21380,ASP.NET
30734,21380,ASP.NET CORE
30736,21380,Express
30737,21380,Node.js
30738,21383,Angular
30740,21383,jQuery
30742,21384,Express
30744,21384,Next.js
30745,21384,Node.js
30746,21384,React
30747,21384,Vue.js
30748,21385,ASP.NET CORE
30749,21385,jQuery
30751,21389,jQuery
30753,21389,Next.js
30754,21389,Node.js
30755,21389,React
30756,21389,Spring Boot
30758,21389,Vue.js
30760,21390,ASP.NET CORE
30761,21390,Vue.js
30763,21393,Node.js
30764,21393,React
30767,21398,Angular
30768,21398,ASP.NET
30769,21398,ASP.NET CORE
30770,21398,Express
30771,21398,Next.js
30773,21398,React
30774,21398,Spring Boot
30775,21398,Vue.js
30777,21399,ASP.NET
30778,21399,ASP.NET CORE
30779,21399,React
30781,21404,Express
30784,21404,Next.js
30785,21404,Node.js
30786,21404,React
30793,21411,Vue.js
30794,21412,Express
30798,21412,Next.js
30799,21412,Node.js
30800,21412,React
30802,21413,Next.js
30804,21414,Angular
30806,21414,ASP.NET
30807,21414,ASP.NET CORE
30808,21414,jQuery
30809,21414,Node.js
30810,21414,Spring Boot
30812,21415,ASP.NET CORE
30814,21415,jQuery
30815,21415,Vue.js
30816,21416,Express
30817,21416,Node.js
30820,21418,Node.js
30821,21418,React
30823,21422,Node.js
30824,21425,Angular
30825,21425,ASP.NET
30826,21425,ASP.NET CORE
30827,21425,jQuery
30828,21425,React
30829,21433,ASP.NET
30830,21433,ASP.NET CORE
30833,21433,Node.js
30834,21435,Express
30835,21435,Node.js
30836,21435,React
30838,21437,jQuery
30839,21437,Node.js
30840,21437,React
30842,21438,ASP.NET
30843,21438,ASP.NET CORE
30844,21438,jQuery
30845,21438,Next.js
30846,21438,Node.js
30847,21438,React
30849,21439,Express
30851,21439,Next.js
30852,21439,Node.js
30853,21439,React
30855,21441,Spring Boot
30856,21441,Vue.js
30857,21442,Angular
30858,21442,ASP.NET CORE
30860,21442,Express
30861,21442,jQuery
30862,21442,Next.js
30863,21442,Node.js
30864,21442,React
30866,21442,Vue.js
30867,21444,Angular
30869,21444,ASP.NET
30870,21444,ASP.NET CORE
30872,21444,Express
30874,21444,Node.js
30875,21444,React
30877,21444,Vue.js
30878,21450,ASP.NET
30879,21450,ASP.NET CORE
30880,21450,jQuery
30882,21455,React
30883,21462,jQuery
30885,21462,React
30887,21463,ASP.NET
30888,21463,Node.js
30889,21463,React
30890,21463,Spring Boot
30891,21463,Vue.js
30895,21467,Node.js
30896,21467,React
30899,21470,jQuery
30902,21470,Vue.js
30903,21476,Express
30905,21476,Node.js
30906,21476,Vue.js
30907,21479,Angular
30909,21479,ASP.NET
30910,21479,ASP.NET CORE
30911,21479,jQuery
30912,21482,Angular
30913,21482,ASP.NET
30914,21482,ASP.NET CORE
30917,21482,Express
30919,21482,jQuery
30920,21482,Node.js
30921,21483,Angular
30923,21483,Node.js
30924,21483,React
30925,21484,Express
30926,21484,Node.js
30927,21484,React
30930,21486,Express
30931,21486,Next.js
30932,21486,Node.js
30933,21487,Node.js
30935,21487,Spring Boot
30937,21491,ASP.NET CORE
30942,21494,ASP.NET
30943,21494,ASP.NET CORE
30944,21498,ASP.NET CORE
30946,21500,Angular
30948,21500,ASP.NET
30949,21500,ASP.NET CORE
30950,21500,jQuery
30955,21503,ASP.NET
30957,21503,jQuery
30958,21503,React
30962,21511,Angular
30964,21511,ASP.NET
30965,21511,ASP.NET CORE
30968,21511,Express
30969,21511,jQuery
30972,21511,Node.js
30974,21511,React
30976,21511,Spring Boot
30977,21511,Vue.js
30979,21514,Angular
30981,21514,Express
30982,21514,jQuery
30985,21514,Next.js
30986,21514,Node.js
30987,21514,React
30988,21514,Spring Boot
30990,21514,Vue.js
30992,21518,jQuery
30996,21518,Vue.js
30998,21525,Angular
30999,21525,ASP.NET
31000,21525,ASP.NET CORE
31004,21525,Express
31009,21525,Next.js
31010,21525,Node.js
31011,21525,React
31014,21525,Spring Boot
31015,21525,Vue.js
31016,21527,ASP.NET
31017,21527,ASP.NET CORE
31018,21527,jQuery
31020,21530,Angular
31021,21530,Spring Boot
31022,21532,Node.js
31023,21532,React
31025,21536,Angular
31026,21536,Express
31031,21536,Node.js
31032,21536,React
31034,21539,Node.js
31036,21539,React
31038,21539,Vue.js
31041,21544,jQuery
31043,21545,Angular
31044,21545,Express
31045,21545,Node.js
31046,21546,Express
31047,21546,Node.js
31048,21546,Vue.js
31049,21547,Express
31051,21547,jQuery
31055,21548,ASP.NET CORE
31057,21548,Vue.js
31058,21551,Angular
31059,21551,Express
31063,21551,Next.js
31064,21551,Node.js
31066,21551,React
31069,21552,Node.js
31070,21552,React
31071,21558,Express
31072,21558,Node.js
31073,21558,Vue.js
31079,21564,React
31080,21564,Spring Boot
31081,21569,ASP.NET CORE
31083,21569,Express
31087,21569,jQuery
31088,21569,Next.js
31089,21569,Node.js
31090,21569,React
31095,21579,Spring Boot
31096,21581,Angular
31097,21581,ASP.NET CORE
31099,21589,Express
31100,21589,Next.js
31101,21589,Node.js
31102,21589,React
31103,21589,Spring Boot
31104,21594,React
31105,21595,Angular
31106,21595,ASP.NET
31107,21595,ASP.NET CORE
31109,21595,jQuery
31112,21596,ASP.NET CORE
31114,21596,Express
31115,21596,Node.js
31116,21596,React
31117,21599,Angular
31119,21599,Express
31120,21599,jQuery
31122,21599,Next.js
31123,21599,Node.js
31124,21599,React
31125,21599,Spring Boot
31126,21601,Node.js
31127,21601,Vue.js
31128,21602,Node.js
31129,21602,React
31133,21618,ASP.NET CORE
31134,21618,Node.js
31135,21618,React
31137,21620,Angular
31139,21620,ASP.NET CORE
31140,21620,React
31143,21622,ASP.NET
31144,21622,ASP.NET CORE
31145,21622,Express
31146,21622,jQuery
31147,21622,Node.js
31148,21622,React
31149,21622,Spring Boot
31151,21623,Node.js
31154,21623,Vue.js
31155,21628,Angular
31156,21628,ASP.NET CORE
31157,21628,Express
31158,21628,jQuery
31159,21628,Node.js
31160,21628,Spring Boot
31161,21636,ASP.NET CORE
31162,21636,Express
31163,21636,Next.js
31164,21636,Node.js
31165,21636,React
31166,21647,Node.js
31167,21647,React
31168,21647,Spring Boot
31169,21648,Angular
31170,21648,Express
31174,21648,Node.js
31175,21648,React
31177,21648,Spring Boot
31180,21648,Vue.js
31183,21653,jQuery
31186,21653,Vue.js
31187,21654,ASP.NET
31188,21654,ASP.NET CORE
31190,21654,jQuery
31193,21655,Next.js
31194,21655,Node.js
31195,21655,React
31196,21659,ASP.NET
31197,21659,ASP.NET CORE
31199,21659,Express
31200,21659,jQuery
31201,21659,Node.js
31202,21659,Vue.js
31205,21662,jQuery
31206,21662,Next.js
31207,21662,Node.js
31208,21662,React
31209,21665,Angular
31212,21665,Spring Boot
31213,21665,Vue.js
31214,21666,Angular
31216,21666,Express
31217,21666,Node.js
31218,21668,Angular
31220,21668,ASP.NET
31221,21668,ASP.NET CORE
31225,21678,Angular
31226,21678,ASP.NET CORE
31227,21678,Express
31229,21678,Node.js
31231,21678,React
31232,21678,Vue.js
31234,21680,Express
31235,21680,Node.js
31237,21681,Vue.js
31239,21685,Node.js
31240,21686,ASP.NET
31241,21686,ASP.NET CORE
31243,21686,jQuery
31244,21686,React
31245,21690,ASP.NET CORE
31247,21690,jQuery
31248,21690,Next.js
31249,21690,React
31250,21696,Node.js
31251,21696,React
31252,21696,Vue.js
31253,21699,Angular
31254,21699,Express
31256,21699,jQuery
31258,21699,Node.js
31260,21699,React
31261,21699,Spring Boot
31262,21699,Vue.js
31263,21711,ASP.NET
31264,21711,ASP.NET CORE
31266,21711,React
31267,21711,Spring Boot
31268,21712,Angular
31269,21715,Angular
31270,21715,Node.js
31274,21721,jQuery
31275,21721,React
31276,21721,Vue.js
31277,21725,ASP.NET
31278,21725,ASP.NET CORE
31280,21725,jQuery
31283,21726,jQuery
31285,21726,Node.js
31286,21726,React
31292,21733,ASP.NET
31293,21733,ASP.NET CORE
31295,21733,Node.js
31296,21733,React
31297,21734,jQuery
31298,21734,Node.js
31299,21736,React
31300,21736,Spring Boot
31302,21743,ASP.NET
31303,21743,ASP.NET CORE
31304,21743,jQuery
31307,21746,Vue.js
31310,21748,jQuery
31315,21757,Angular
31317,21757,ASP.NET
31318,21757,ASP.NET CORE
31320,21757,Node.js
31321,21757,React
31322,21758,ASP.NET
31323,21758,ASP.NET CORE
31328,21758,Express
31331,21758,jQuery
31332,21758,Next.js
31333,21758,Node.js
31336,21758,React
31340,21758,Vue.js
31341,21768,Angular
31343,21770,Next.js
31344,21770,Node.js
31345,21770,React
31348,21774,Next.js
31349,21774,Node.js
31350,21774,React
31351,21774,Vue.js
31352,21778,Next.js
31353,21778,React
31354,21781,React
31356,21782,ASP.NET CORE
31357,21782,Vue.js
31360,21783,Vue.js
31362,21786,Spring Boot
31363,21787,Next.js
31364,21787,Node.js
31365,21787,React
31367,21791,Angular
31369,21791,Vue.js
31372,21792,Next.js
31373,21792,Node.js
31375,21792,React
31379,21797,ASP.NET CORE
31380,21797,Node.js
31381,21804,Express
31383,21804,Next.js
31384,21804,Node.js
31385,21804,React
31388,21810,Vue.js
31389,21812,Angular
31392,21812,Express
31395,21812,jQuery
31397,21812,Next.js
31398,21812,Node.js
31400,21812,React
31402,21812,Vue.js
31407,21817,Node.js
31408,21826,Angular
31415,21828,Next.js
31416,21828,React
31418,21834,Node.js
31420,21834,Vue.js
31421,21838,ASP.NET
31422,21838,ASP.NET CORE
31423,21838,jQuery
31424,21841,Node.js
31425,21841,React
31426,21844,ASP.NET CORE
31429,21844,Node.js
31430,21850,Angular
31431,21850,ASP.NET
31432,21850,ASP.NET CORE
31433,21854,Angular
31434,21854,ASP.NET
31437,21854,Next.js
31438,21854,Node.js
31439,21854,React
31440,21854,Spring Boot
31441,21860,Node.js
31442,21865,Angular
31444,21865,ASP.NET
31445,21865,ASP.NET CORE
31447,21865,Express
31448,21865,jQuery
31449,21865,Node.js
31450,21865,React
31452,21866,Next.js
31453,21866,Node.js
31454,21866,React
31455,21867,ASP.NET
31456,21867,jQuery
31460,21868,ASP.NET
31461,21868,ASP.NET CORE
31464,21868,Express
31466,21868,Node.js
31469,21877,ASP.NET
31470,21877,jQuery
31471,21877,Node.js
31473,21877,Spring Boot
31475,21882,jQuery
31476,21882,Node.js
31479,21889,ASP.NET CORE
31480,21891,Angular
31484,21893,Express
31487,21893,Node.js
31488,21893,React
31489,21896,Node.js
31490,21899,Angular
31491,21899,ASP.NET
31494,21899,Next.js
31495,21899,React
31496,21899,Vue.js
31497,21901,Express
31498,21901,Next.js
31499,21901,Node.js
31500,21901,React
31502,21902,ASP.NET
31503,21902,ASP.NET CORE
31505,21902,jQuery
31506,21903,Angular
31509,21903,Spring Boot
31510,21905,React
31511,21911,ASP.NET CORE
31513,21911,Node.js
31514,21911,React
31517,21915,React
31519,21915,Vue.js
31521,21922,jQuery
31522,21922,Node.js
31523,21924,Angular
31524,21924,Spring Boot
31526,21934,Angular
31527,21934,ASP.NET
31528,21934,ASP.NET CORE
31530,21934,Node.js
31531,21934,Vue.js
31532,21935,Vue.js
31533,21948,Angular
31537,21948,Next.js
31538,21948,React
31540,21963,jQuery
31543,21963,Next.js
31544,21963,Node.js
31546,21965,Express
31548,21965,Node.js
31550,21967,Vue.js
31551,21969,ASP.NET CORE
31552,21973,Angular
31556,21973,Next.js
31557,21973,Node.js
31558,21973,React
31559,21973,Spring Boot
31562,21974,ASP.NET CORE
31564,21977,Express
31567,21977,Next.js
31568,21977,React
31569,21979,ASP.NET CORE
31570,21979,Node.js
31571,21983,Angular
31573,21983,ASP.NET
31574,21983,ASP.NET CORE
31575,21983,Express
31576,21983,Node.js
31577,21983,Vue.js
31578,21984,Express
31579,21984,Node.js
31580,21984,React
31581,21984,Spring Boot
31584,21985,Spring Boot
31585,21986,ASP.NET
31586,21986,ASP.NET CORE
31587,21986,Node.js
31591,21987,Express
31592,21987,jQuery
31594,21987,Node.js
31596,21987,React
31600,21992,ASP.NET
31601,21992,ASP.NET CORE
31602,21992,jQuery
31607,22002,ASP.NET CORE
31610,22002,Next.js
31611,22002,Node.js
31613,22003,Angular
31614,22003,ASP.NET CORE
31616,22004,ASP.NET
31617,22004,ASP.NET CORE
31618,22007,Angular
31619,22007,Express
31622,22007,Node.js
31623,22007,React
31624,22009,Express
31625,22009,jQuery
31627,22009,Next.js
31628,22009,Node.js
31630,22009,React
31631,22009,Vue.js
31633,22015,Angular
31637,22015,jQuery
31638,22015,Node.js
31639,22015,React
31640,22017,Angular
31641,22017,ASP.NET
31642,22017,ASP.NET CORE
31643,22017,jQuery
31644,22020,Angular
31646,22020,jQuery
31647,22020,Node.js
31648,22020,Spring Boot
31649,22024,Angular
31650,22024,Node.js
31651,22024,Spring Boot
31653,22032,ASP.NET CORE
31655,22032,React
31657,22040,Next.js
31658,22040,Node.js
31659,22040,React
31662,22040,Vue.js
31665,22042,Next.js
31666,22042,React
31667,22049,Node.js
31668,22049,React
31672,22056,jQuery
31674,22056,Next.js
31675,22056,Node.js
31676,22056,React
31678,22074,jQuery
31679,22074,Node.js
31680,22074,React
31681,22077,ASP.NET CORE
31682,22077,Vue.js
31683,22081,ASP.NET
31684,22081,ASP.NET CORE
31686,22083,Angular
31687,22083,ASP.NET
31688,22083,ASP.NET CORE
31690,22083,React
31691,22083,Spring Boot
31692,22086,ASP.NET
31693,22086,ASP.NET CORE
31694,22086,Node.js
31695,22086,Vue.js
31697,22089,Next.js
31698,22089,React
31700,22094,Vue.js
31701,22096,Next.js
31702,22096,Node.js
31703,22096,React
31706,22104,ASP.NET CORE
31710,22104,Node.js
31711,22104,React
31715,22106,Vue.js
31717,22119,Angular
31721,22120,Angular
31724,22120,jQuery
31727,22120,Vue.js
31729,22124,Angular
31730,22124,ASP.NET CORE
31735,22132,ASP.NET
31736,22132,ASP.NET CORE
31737,22132,jQuery
31738,22132,Vue.js
31739,22139,ASP.NET CORE
31741,22139,Express
31742,22139,Node.js
31744,22139,React
31745,22139,Vue.js
31748,22146,Next.js
31749,22146,Node.js
31750,22146,React
31752,22151,React
31753,22154,React
31754,22159,jQuery
31755,22159,React
31757,22159,Vue.js
31758,22162,ASP.NET CORE
31760,22166,Node.js
31761,22166,React
31765,22168,Next.js
31767,22168,React
31768,22168,Vue.js
31770,22179,Express
31775,22179,Node.js
31776,22179,React
31777,22179,Spring Boot
31780,22182,jQuery
31782,22182,Node.js
31783,22182,Vue.js
31787,22183,Vue.js
31788,22186,Express
31789,22186,jQuery
31790,22186,Node.js
31791,22199,Spring Boot
31792,22202,ASP.NET CORE
31794,22203,Angular
31796,22203,ASP.NET
31797,22203,ASP.NET CORE
31799,22203,Express
31803,22203,jQuery
31805,22203,Next.js
31806,22203,Node.js
31807,22203,React
31809,22203,Spring Boot
31810,22203,Vue.js
31812,22205,Node.js
31813,22205,React
31814,22208,Angular
31815,22208,ASP.NET CORE
31817,22208,Express
31819,22208,jQuery
31821,22208,Next.js
31822,22208,Node.js
31823,22208,React
31827,22210,Next.js
31828,22210,Node.js
31829,22210,React
31831,22216,React
31837,22229,Express
31838,22229,jQuery
31839,22229,Node.js
31840,22229,React
31845,22235,Node.js
31846,22235,React
31848,22236,Node.js
31850,22237,ASP.NET
31851,22237,ASP.NET CORE
31852,22237,Next.js
31853,22237,React
31854,22248,ASP.NET CORE
31857,22248,React
31861,22255,Node.js
31862,22255,React
31864,22258,Angular
31866,22258,React
31869,22265,jQuery
31870,22269,ASP.NET
31871,22269,ASP.NET CORE
31872,22269,jQuery
31873,22269,React
31874,22271,Express
31878,22271,Node.js
31880,22271,Vue.js
31881,22273,Angular
31883,22273,Spring Boot
31884,22279,Express
31886,22279,Node.js
31889,22279,Vue.js
31890,22290,Spring Boot
31891,22290,Vue.js
31892,22291,ASP.NET CORE
31893,22292,Angular
31894,22292,Node.js
31896,22295,Node.js
31898,22295,Vue.js
31899,22299,React
31903,22300,Spring Boot
31904,22301,Node.js
31905,22301,React
31906,22301,Spring Boot
31910,22303,React
31911,22306,Angular
31912,22306,Express
31913,22306,Next.js
31914,22306,Node.js
31915,22310,jQuery
31917,22310,React
31918,22310,Vue.js
31922,22311,React
31923,22314,ASP.NET CORE
31924,22314,Next.js
31925,22314,Node.js
31926,22314,React
31929,22332,ASP.NET
31930,22332,ASP.NET CORE
31931,22334,ASP.NET CORE
31933,22334,jQuery
31937,22338,Next.js
31938,22338,React
31939,22340,React
31941,22343,Express
31942,22343,jQuery
31943,22343,Node.js
31944,22343,React
31946,22345,Express
31949,22345,Next.js
31950,22345,Node.js
31951,22345,Vue.js
31952,22346,React
31953,22346,Vue.js
31957,22347,Node.js
31958,22347,React
31959,22347,Spring Boot
31960,22348,React
31962,22349,Next.js
31963,22349,Node.js
31964,22355,ASP.NET
31965,22355,jQuery
31967,22358,React
31968,22358,Spring Boot
31975,22373,React
31976,22379,Angular
31977,22379,Express
31979,22379,Node.js
31980,22381,ASP.NET CORE
31981,22381,Express
31982,22381,Node.js
31984,22382,ASP.NET
31985,22382,ASP.NET CORE
31988,22389,Express
31989,22389,Next.js
31990,22389,React
31991,22396,Angular
31992,22396,React
31995,22397,Vue.js
31998,22402,Spring Boot
31999,22404,ASP.NET
32000,22404,ASP.NET CORE
32002,22404,Express
32003,22404,jQuery
32005,22404,Node.js
32006,22404,React
32011,22407,Next.js
32012,22407,Node.js
32013,22407,React
32015,22410,Node.js
32017,22412,Angular
32019,22412,Express
32021,22412,Next.js
32022,22412,Node.js
32023,22412,React
32025,22412,Spring Boot
32026,22413,ASP.NET
32027,22413,ASP.NET CORE
32029,22418,Express
32030,22418,Next.js
32031,22418,Node.js
32032,22418,React
32034,22423,ASP.NET CORE
32035,22424,Spring Boot
32038,22431,Next.js
32039,22431,React
32040,22440,jQuery
32041,22440,Node.js
32042,22441,Angular
32045,22442,ASP.NET CORE
32046,22442,Spring Boot
32047,22444,Angular
32049,22444,Next.js
32050,22444,Node.js
32051,22444,React
32052,22444,Spring Boot
32053,22448,Spring Boot
32055,22449,Express
32056,22449,Node.js
32057,22449,React
32058,22451,React
32062,22452,jQuery
32064,22454,Angular
32065,22454,ASP.NET CORE
32066,22454,Spring Boot
32068,22458,jQuery
32071,22469,React
32072,22469,Spring Boot
32073,22471,ASP.NET CORE
32074,22471,React
32075,22472,ASP.NET
32076,22473,Angular
32078,22473,React
32080,22473,Spring Boot
32083,22479,Node.js
32086,22488,jQuery
32088,22488,Node.js
32089,22488,React
32090,22488,Vue.js
32091,22498,ASP.NET
32092,22498,ASP.NET CORE
32094,22498,Next.js
32095,22498,React
32096,22498,Vue.js
32098,22501,Next.js
32099,22501,Node.js
32100,22501,React
32101,22510,Angular
32102,22510,ASP.NET
32103,22510,ASP.NET CORE
32104,22510,Node.js
32105,22513,Next.js
32106,22513,React
32108,22519,Angular
32109,22519,Node.js
32110,22522,Next.js
32111,22522,Node.js
32112,22522,React
32113,22522,Spring Boot
32114,22529,ASP.NET CORE
32115,22531,jQuery
32117,22532,React
32120,22533,React
32125,22536,Express
32127,22536,jQuery
32129,22536,Next.js
32130,22536,Node.js
32131,22536,React
32133,22536,Spring Boot
32134,22536,Vue.js
32140,22542,React
32141,22549,Angular
32142,22549,ASP.NET CORE
32143,22549,Node.js
32144,22549,React
32145,22549,Spring Boot
32147,22550,Angular
32148,22550,React
32151,22554,jQuery
32152,22554,React
32153,22554,Spring Boot
32154,22559,React
32157,22561,Next.js
32159,22561,React
32163,22563,Vue.js
32164,22564,ASP.NET
32165,22564,ASP.NET CORE
32167,22564,Express
32168,22564,jQuery
32169,22564,Node.js
32170,22564,React
32171,22567,Angular
32172,22567,Spring Boot
32173,22568,Angular
32174,22568,Node.js
32176,22571,Spring Boot
32177,22574,React
32181,22577,jQuery
32182,22577,Node.js
32183,22577,React
32184,22581,ASP.NET CORE
32186,22581,Next.js
32187,22581,Node.js
32188,22581,React
32189,22587,ASP.NET
32190,22587,ASP.NET CORE
32192,22587,Node.js
32193,22590,Express
32195,22590,Next.js
32196,22590,Node.js
32197,22590,React
32199,22596,Spring Boot
32200,22599,Angular
32201,22599,Node.js
32202,22599,React
32204,22606,React
32205,22607,Angular
32208,22607,Next.js
32209,22607,Node.js
32212,22608,Next.js
32213,22608,Node.js
32214,22608,React
32216,22610,Angular
32217,22610,jQuery
32218,22610,Node.js
32219,22610,React
32226,22613,React
32227,22613,Spring Boot
32228,22617,Express
32231,22624,Next.js
32232,22624,Node.js
32233,22624,React
32235,22629,React
32236,22629,Spring Boot
32237,22631,jQuery
32238,22631,Node.js
32239,22634,Angular
32240,22634,Express
32243,22634,Node.js
32244,22641,Next.js
32245,22641,Node.js
32246,22641,React
32247,22643,Express
32249,22643,Next.js
32250,22643,Node.js
32251,22643,React
32253,22646,React
32254,22650,Angular
32256,22650,ASP.NET
32259,22650,Express
32263,22650,jQuery
32264,22650,Next.js
32265,22650,Node.js
32266,22650,React
32269,22652,jQuery
32278,22657,ASP.NET
32280,22662,Express
32281,22662,Node.js
32282,22662,React
32283,22665,jQuery
32284,22665,Node.js
32285,22665,Spring Boot
32286,22665,Vue.js
32288,22668,Express
32289,22668,Next.js
32290,22668,React
32291,22670,Angular
32293,22670,ASP.NET
32294,22673,Node.js
32295,22681,Node.js
32296,22681,React
32298,22682,Angular
32300,22682,ASP.NET CORE
32302,22682,Vue.js
32306,22689,Next.js
32307,22690,Angular
32310,22690,jQuery
32312,22690,Spring Boot
32315,22693,React
32317,22693,Vue.js
32319,22695,Express
32321,22695,Next.js
32322,22695,Node.js
32323,22695,React
32327,22696,jQuery
32328,22696,React
32330,22699,React
32331,22700,Angular
32333,22700,Express
32334,22700,jQuery
32337,22700,React
32339,22712,Angular
32341,22712,Express
32343,22712,Next.js
32344,22712,Node.js
32345,22712,React
32348,22712,Vue.js
32350,22713,Angular
32353,22713,Spring Boot
32354,22721,Angular
32355,22721,ASP.NET CORE
32358,22722,Node.js
32359,22722,React
32360,22725,ASP.NET
32361,22725,ASP.NET CORE
32362,22733,React
32363,22734,Angular
32364,22734,Express
32367,22734,Node.js
32368,22734,React
32369,22737,Angular
32370,22737,Spring Boot
32373,22739,jQuery
32374,22739,Node.js
32375,22739,React
32376,22739,Spring Boot
32377,22741,Spring Boot
32380,22742,Express
32382,22742,jQuery
32384,22742,Node.js
32385,22746,ASP.NET
32386,22750,Angular
32390,22750,Node.js
32391,22750,React
32392,22750,Spring Boot
32394,22756,React
32396,22757,Node.js
32397,22759,Spring Boot
32399,22760,React
32400,22761,Express
32401,22761,Node.js
32402,22761,React
32404,22763,Express
32406,22763,Next.js
32407,22763,Node.js
32408,22763,React
32410,22773,Angular
32413,22773,Express
32414,22773,jQuery
32415,22773,Next.js
32419,22774,Express
32420,22774,jQuery
32421,22774,Node.js
32422,22774,React
32423,22774,Vue.js
32425,22775,Vue.js
32426,22780,Angular
32427,22780,Express
32429,22780,Next.js
32430,22780,Node.js
32431,22780,React
32432,22780,Spring Boot
32434,22781,React
32437,22782,Node.js
32438,22785,Angular
32440,22785,ASP.NET
32441,22785,ASP.NET CORE
32446,22785,jQuery
32447,22785,Next.js
32448,22785,Node.js
32449,22785,React
32451,22785,Vue.js
32454,22787,Next.js
32455,22787,Node.js
32457,22787,React
32460,22787,Vue.js
32462,22788,Angular
32463,22788,ASP.NET CORE
32464,22788,Node.js
32465,22792,Express
32467,22792,Node.js
32468,22792,React
32469,22798,Express
32472,22798,Vue.js
32473,22799,Express
32476,22799,Next.js
32477,22799,Node.js
32479,22799,React
32482,22799,Vue.js
32484,22800,Spring Boot
32486,22804,Express
32488,22804,Next.js
32489,22804,Node.js
32490,22804,React
32492,22806,Next.js
32493,22806,React
32495,22807,Angular
32496,22807,ASP.NET CORE
32499,22808,jQuery
32501,22808,Next.js
32502,22808,Node.js
32503,22808,Vue.js
32505,22811,Angular
32509,22811,Express
32510,22811,jQuery
32512,22811,Next.js
32513,22811,Node.js
32514,22811,React
32516,22811,Vue.js
32519,22813,Next.js
32520,22813,React
32522,22815,Express
32524,22815,jQuery
32525,22815,React
32526,22815,Vue.js
32531,22824,jQuery
32532,22824,Node.js
32536,22829,ASP.NET
32537,22829,ASP.NET CORE
32538,22831,Express
32539,22831,jQuery
32540,22831,Next.js
32541,22831,Node.js
32542,22831,React
32544,22833,Express
32546,22833,Node.js
32548,22839,Express
32549,22839,Next.js
32550,22839,Node.js
32551,22839,React
32553,22841,Angular
32556,22841,Node.js
32557,22841,Spring Boot
32558,22845,Express
32559,22845,Node.js
32560,22845,React
32563,22846,Express
32566,22846,Next.js
32567,22846,Node.js
32568,22846,React
32570,22846,Vue.js
32571,22848,Node.js
32572,22849,Express
32574,22849,Node.js
32575,22849,React
32576,22853,ASP.NET CORE
32579,22853,React
32582,22865,Express
32585,22865,jQuery
32586,22865,Node.js
32588,22865,Vue.js
32589,22870,Angular
32590,22870,ASP.NET
32591,22870,ASP.NET CORE
32593,22870,Node.js
32594,22870,React
32597,22874,Express
32598,22874,Next.js
32599,22874,Node.js
32603,22875,jQuery
32604,22875,Node.js
32605,22877,Angular
32607,22877,Express
32609,22877,Next.js
32610,22877,Node.js
32611,22877,React
32613,22883,Angular
32619,22897,React
32621,22901,Next.js
32622,22901,React
32623,22919,Angular
32624,22919,ASP.NET CORE
32626,22919,Express
32629,22919,jQuery
32630,22919,Next.js
32631,22919,Node.js
32632,22919,React
32633,22919,Spring Boot
32635,22921,Vue.js
32638,22922,React
32639,22923,ASP.NET
32640,22923,ASP.NET CORE
32642,22923,jQuery
32644,22929,jQuery
32645,22929,React
32647,22931,ASP.NET CORE
32648,22935,Angular
32649,22935,React
32650,22935,Spring Boot
32651,22942,ASP.NET
32652,22942,ASP.NET CORE
32655,22947,Angular
32656,22947,ASP.NET CORE
32657,22947,Node.js
32658,22947,React
32659,22955,Express
32661,22955,Node.js
32662,22955,React
32663,22970,Angular
32664,22970,Spring Boot
32665,22972,ASP.NET
32666,22972,ASP.NET CORE
32669,22972,jQuery
32670,22973,ASP.NET CORE
32674,22973,Node.js
32679,22976,Express
32682,22976,jQuery
32683,22976,Next.js
32684,22976,Node.js
32685,22976,React
32688,22978,Express
32691,22978,Next.js
32692,22978,Node.js
32693,22978,React
32695,22978,Vue.js
32697,22979,Node.js
32698,22979,React
32701,22979,Vue.js
32703,22987,Express
32705,22987,Next.js
32706,22987,Node.js
32707,22987,React
32709,22990,Next.js
32710,22990,React
32715,22993,Angular
32716,22994,Angular
32717,22994,ASP.NET
32718,22994,ASP.NET CORE
32719,22994,jQuery
32720,22994,Spring Boot
32721,22996,Angular
32724,22996,Next.js
32725,22996,Node.js
32726,22996,React
32730,23002,Node.js
32732,23002,React
32733,23002,Vue.js
32734,23004,Angular
32736,23004,ASP.NET
32737,23004,ASP.NET CORE
32738,23004,Express
32740,23004,jQuery
32741,23004,Node.js
32742,23004,React
32744,23007,Express
32745,23007,Next.js
32746,23007,Node.js
32748,23008,ASP.NET
32751,23009,Next.js
32752,23009,React
32753,23010,Next.js
32754,23010,Node.js
32755,23010,React
32758,23015,ASP.NET
32759,23015,React
32760,23018,Express
32761,23018,Next.js
32762,23018,Node.js
32763,23018,React
32764,23019,Angular
32766,23019,Express
32768,23019,React
32769,23019,Spring Boot
32771,23019,Vue.js
32773,23031,Express
32774,23031,jQuery
32775,23031,Node.js
32776,23031,React
32778,23032,ASP.NET
32779,23032,ASP.NET CORE
32781,23037,Next.js
32782,23037,React
32784,23038,Express
32785,23038,Next.js
32786,23038,Node.js
32787,23038,React
32788,23039,jQuery
32792,23040,Spring Boot
32794,23045,jQuery
32796,23045,Node.js
32797,23045,React
32798,23045,Vue.js
32802,23051,Express
32805,23051,Next.js
32806,23051,Node.js
32807,23051,React
32809,23057,React
32810,23057,Spring Boot
32811,23058,Angular
32813,23058,Next.js
32814,23058,Node.js
32815,23058,React
32817,23063,Vue.js
32818,23064,ASP.NET CORE
32820,23067,Angular
32821,23067,Spring Boot
32822,23067,Vue.js
32826,23070,Spring Boot
32827,23079,Express
32828,23079,Node.js
32829,23079,React
32831,23079,Vue.js
32833,23084,Spring Boot
32834,23086,ASP.NET CORE
32837,23087,Express
32840,23087,Next.js
32841,23087,Node.js
32842,23087,React
32845,23089,Node.js
32846,23089,React
32847,23089,Spring Boot
32848,23089,Vue.js
32851,23090,Node.js
32852,23090,Vue.js
32853,23091,Angular
32855,23093,ASP.NET
32856,23093,ASP.NET CORE
32860,23093,React
32862,23093,Spring Boot
32864,23097,Angular
32868,23097,jQuery
32870,23097,Node.js
32871,23097,React
32873,23097,Vue.js
32874,23099,Next.js
32875,23099,React
32876,23099,Spring Boot
32878,23100,Express
32879,23100,Node.js
32882,23101,ASP.NET
32883,23101,ASP.NET CORE
32884,23101,React
32885,23101,Spring Boot
32886,23101,Vue.js
32890,23102,jQuery
32893,23102,Vue.js
32895,23112,ASP.NET CORE
32898,23114,React
32899,23114,Spring Boot
32900,23115,Express
32904,23115,Node.js
32905,23115,React
32906,23115,Vue.js
32907,23117,ASP.NET CORE
32909,23123,ASP.NET
32910,23123,ASP.NET CORE
32911,23123,Express
32912,23123,Next.js
32913,23123,Node.js
32914,23123,React
32915,23123,Vue.js
32916,23124,Angular
32917,23124,Express
32918,23124,Node.js
32919,23127,Express
32921,23127,Next.js
32922,23127,Node.js
32924,23127,React
32925,23127,Vue.js
32926,23128,Express
32928,23128,Next.js
32929,23128,Node.js
32930,23128,React
32934,23138,Node.js
32938,23141,Express
32939,23141,Next.js
32940,23141,Node.js
32941,23141,React
32943,23142,Angular
32944,23142,ASP.NET CORE
32945,23142,React
32946,23142,Spring Boot
32947,23145,Angular
32949,23145,ASP.NET
32950,23145,ASP.NET CORE
32951,23145,jQuery
32952,23145,Vue.js
32954,23150,ASP.NET
32955,23150,ASP.NET CORE
32956,23150,jQuery
32957,23154,jQuery
32959,23154,Spring Boot
32960,23157,ASP.NET CORE
32961,23157,jQuery
32962,23157,Node.js
32963,23157,Vue.js
32964,23159,ASP.NET CORE
32965,23161,ASP.NET
32966,23161,ASP.NET CORE
32968,23165,Node.js
32969,23165,Spring Boot
32970,23168,Angular
32973,23168,Node.js
32976,23169,Node.js
32977,23169,Spring Boot
32978,23169,Vue.js
32979,23171,ASP.NET
32980,23171,ASP.NET CORE
32981,23171,jQuery
32982,23179,ASP.NET CORE
32984,23179,Express
32986,23179,jQuery
32987,23179,Next.js
32988,23179,Node.js
32989,23179,React
32990,23179,Vue.js
32991,23180,ASP.NET CORE
32992,23180,Express
32993,23180,Node.js
32994,23180,React
32995,23181,Node.js
32996,23181,Vue.js
32999,23182,Next.js
33000,23182,Node.js
33002,23182,React
33003,23183,Angular
33004,23183,ASP.NET
33005,23183,ASP.NET CORE
33007,23183,Express
33009,23183,jQuery
33010,23183,Next.js
33011,23183,Node.js
33012,23183,React
33016,23186,Spring Boot
33017,23189,Angular
33019,23189,Spring Boot
33020,23190,ASP.NET
33021,23190,jQuery
33022,23191,Express
33023,23191,Next.js
33024,23191,Node.js
33025,23191,React
33027,23197,ASP.NET
33028,23197,ASP.NET CORE
33029,23197,jQuery
33031,23202,Express
33034,23202,Vue.js
33035,23203,ASP.NET
33036,23203,ASP.NET CORE
33037,23203,Express
33038,23204,Angular
33039,23204,ASP.NET
33040,23204,ASP.NET CORE
33046,23204,jQuery
33047,23204,Node.js
33048,23204,React
33049,23204,Vue.js
33051,23206,React
33052,23208,ASP.NET
33053,23208,ASP.NET CORE
33055,23208,jQuery
33056,23208,Node.js
33061,23211,jQuery
33062,23211,Node.js
33064,23215,React
33068,23216,Express
33069,23216,Next.js
33070,23216,Node.js
33071,23216,React
33072,23218,Spring Boot
33073,23223,Express
33075,23223,Next.js
33076,23223,Node.js
33077,23223,React
33078,23224,Angular
33081,23224,Node.js
33082,23224,React
33085,23231,Next.js
33086,23231,React
33088,23233,Angular
33092,23235,jQuery
33093,23236,Angular
33095,23236,ASP.NET
33096,23236,ASP.NET CORE
33097,23236,Node.js
33098,23236,React
33102,23238,Spring Boot
33103,23239,ASP.NET
33105,23239,jQuery
33106,23240,Next.js
33107,23240,React
33109,23252,Next.js
33110,23252,React
33114,23253,Node.js
33116,23255,Express
33118,23255,Node.js
33119,23263,ASP.NET CORE
33121,23263,Vue.js
33124,23269,Spring Boot
33127,23270,jQuery
33128,23270,React
33129,23274,Angular
33131,23276,Express
33133,23276,Next.js
33134,23276,Node.js
33135,23276,React
33136,23286,Express
33138,23286,Node.js
33139,23286,React
33142,23291,Angular
33143,23291,ASP.NET CORE
33144,23291,jQuery
33145,23293,Node.js
33146,23297,Node.js
33149,23303,ASP.NET
33150,23303,jQuery
33152,23311,Node.js
33153,23311,Vue.js
33155,23313,jQuery
33156,23313,Node.js
33157,23314,React
33158,23317,Node.js
33159,23317,React
33160,23317,Spring Boot
33161,23327,Express
33163,23327,Next.js
33164,23327,Node.js
33165,23327,React
33168,23330,React
33169,23330,Spring Boot
33170,23333,Angular
33173,23333,Express
33176,23333,jQuery
33177,23333,Next.js
33178,23333,Node.js
33179,23333,React
33183,23334,Express
33184,23334,Node.js
33185,23334,React
33186,23334,Vue.js
33189,23336,Next.js
33191,23336,Vue.js
33192,23342,Node.js
33193,23342,React
33194,23342,Spring Boot
33198,23343,Node.js
33199,23343,React
33202,23347,Angular
33205,23347,Express
33207,23347,Node.js
33208,23350,Next.js
33209,23350,Node.js
33210,23350,React
33212,23353,Express
33214,23353,Node.js
33215,23353,React
33216,23354,Express
33218,23354,Next.js
33219,23354,Node.js
33220,23354,React
33221,23365,Angular
33222,23365,jQuery
33224,23366,Angular
33225,23366,ASP.NET CORE
33228,23366,Node.js
33229,23366,React
33230,23366,Spring Boot
33231,23367,Express
33234,23367,Node.js
33236,23367,Vue.js
33237,23368,Angular
33238,23368,Spring Boot
33241,23369,Node.js
33242,23369,Vue.js
33243,23374,Next.js
33245,23374,React
33246,23374,Spring Boot
33247,23374,Vue.js
33248,23377,ASP.NET
33250,23378,Node.js
33251,23380,Express
33252,23380,Node.js
33253,23380,React
33254,23381,Express
33256,23381,React
33257,23381,Spring Boot
33258,23383,React
33260,23384,Next.js
33261,23388,Angular
33262,23388,ASP.NET CORE
33263,23388,Node.js
33264,23396,React
33265,23397,Angular
33266,23397,ASP.NET CORE
33267,23397,React
33268,23399,Express
33271,23399,React
33272,23399,Vue.js
33273,23400,Angular
33275,23400,ASP.NET
33276,23400,jQuery
33278,23402,Vue.js
33279,23405,Express
33280,23405,Vue.js
33281,23406,Next.js
33282,23406,Node.js
33283,23406,React
33285,23411,ASP.NET
33286,23411,ASP.NET CORE
33290,23412,Next.js
33291,23412,React
33292,23413,React
33293,23424,Angular
33294,23424,jQuery
33295,23424,Vue.js
33300,23430,React
33301,23438,Express
33303,23438,Node.js
33304,23440,Angular
33308,23440,Next.js
33309,23440,Node.js
33311,23440,React
33312,23440,Spring Boot
33314,23440,Vue.js
33315,23441,Angular
33316,23441,ASP.NET CORE
33317,23441,Express
33319,23441,Node.js
33320,23446,ASP.NET CORE
33329,23448,jQuery
33330,23448,React
33331,23448,Vue.js
33333,23449,ASP.NET
33334,23449,ASP.NET CORE
33336,23449,Next.js
33337,23450,Angular
33338,23450,ASP.NET
33340,23450,Node.js
33341,23450,Spring Boot
33342,23450,Vue.js
33343,23454,Angular
33345,23454,jQuery
33346,23454,Node.js
33347,23454,Spring Boot
33349,23456,Next.js
33350,23456,React
33352,23457,Vue.js
33355,23458,jQuery
33356,23458,Node.js
33360,23465,Angular
33361,23465,ASP.NET CORE
33362,23465,Node.js
33363,23467,ASP.NET
33364,23467,ASP.NET CORE
33365,23467,Express
33366,23467,jQuery
33367,23467,Node.js
33370,23468,Next.js
33371,23468,React
33372,23475,ASP.NET CORE
33373,23475,React
33374,23475,Vue.js
33375,23476,Angular
33376,23476,Express
33377,23476,jQuery
33379,23476,Node.js
33381,23476,React
33382,23476,Spring Boot
33383,23476,Vue.js
33385,23477,Angular
33386,23477,ASP.NET
33387,23477,ASP.NET CORE
33389,23477,Express
33390,23477,Next.js
33391,23477,Node.js
33392,23477,React
33396,23478,React
33397,23479,jQuery
33398,23479,Node.js
33400,23480,Next.js
33401,23480,Node.js
33402,23480,React
33403,23486,Angular
33404,23486,Express
33406,23486,Next.js
33407,23486,Node.js
33408,23486,React
33409,23491,Express
33412,23491,Next.js
33413,23491,Node.js
33414,23491,React
33417,23493,React
33418,23493,Spring Boot
33419,23496,ASP.NET
33420,23496,ASP.NET CORE
33421,23496,Express
33422,23496,Node.js
33423,23496,React
33424,23497,Angular
33425,23497,ASP.NET
33426,23497,ASP.NET CORE
33427,23497,jQuery
33428,23497,Node.js
33429,23497,Vue.js
33432,23498,Spring Boot
33435,23507,React
33439,23513,Node.js
33443,23517,ASP.NET
33444,23517,ASP.NET CORE
33445,23517,React
33446,23520,Angular
33447,23520,jQuery
33448,23520,Node.js
33449,23520,Vue.js
33451,23523,React
33452,23525,Node.js
33455,23527,React
33458,23539,ASP.NET
33459,23539,ASP.NET CORE
33460,23539,jQuery
33461,23540,Angular
33462,23540,Next.js
33463,23540,Node.js
33464,23541,Angular
33466,23541,Vue.js
33468,23553,Next.js
33469,23553,Node.js
33470,23553,React
33471,23554,Angular
33473,23554,ASP.NET
33474,23554,ASP.NET CORE
33476,23554,jQuery
33477,23554,Node.js
33478,23555,Express
33479,23555,jQuery
33481,23555,Node.js
33483,23564,Angular
33484,23564,ASP.NET CORE
33485,23571,Angular
33486,23571,Node.js
33488,23573,Angular
33490,23573,jQuery
33491,23573,React
33492,23573,Vue.js
33494,23575,React
33496,23575,Vue.js
33497,23576,Angular
33498,23576,Express
33501,23576,Next.js
33502,23576,Node.js
33503,23576,React
33504,23576,Vue.js
33505,23577,ASP.NET
33506,23577,jQuery
33507,23577,Node.js
33508,23577,React
33509,23577,Vue.js
33510,23578,ASP.NET CORE
33512,23578,Next.js
33513,23578,React
33514,23580,Express
33516,23580,Node.js
33517,23580,React
33518,23581,Angular
33519,23582,Angular
33521,23582,Next.js
33523,23582,React
33525,23582,Vue.js
33527,23583,Spring Boot
33529,23584,Express
33531,23584,Next.js
33532,23584,React
33533,23584,Vue.js
33534,23591,Node.js
33535,23596,Next.js
33536,23596,Node.js
33537,23596,React
33539,23600,Spring Boot
33543,23604,Node.js
33544,23604,Spring Boot
33547,23605,React
33548,23605,Vue.js
33549,23607,Express
33550,23607,Next.js
33551,23607,Node.js
33552,23607,React
33553,23608,ASP.NET CORE
33554,23614,jQuery
33556,23614,React
33558,23621,jQuery
33559,23621,Node.js
33561,23624,Express
33562,23624,Node.js
33564,23625,Spring Boot
33568,23627,Vue.js
33569,23631,Next.js
33571,23632,ASP.NET
33574,23632,Express
33577,23632,jQuery
33579,23632,Node.js
33580,23632,React
33584,23632,Vue.js
33586,23635,Express
33587,23635,Next.js
33588,23635,Node.js
33589,23635,React
33591,23636,jQuery
33593,23639,Spring Boot
33594,23644,ASP.NET CORE
33595,23644,jQuery
33596,23644,React
33598,23647,React
33604,23648,Next.js
33605,23648,Node.js
33606,23648,React
33610,23652,Spring Boot
33611,23655,ASP.NET
33612,23655,ASP.NET CORE
33614,23665,Angular
33615,23665,Express
33618,23665,Vue.js
33619,23672,Express
33620,23672,Node.js
33621,23672,React
33625,23678,Express
33626,23678,Node.js
33627,23678,React
33629,23679,Spring Boot
33630,23682,Angular
33631,23682,ASP.NET
33632,23682,ASP.NET CORE
33633,23684,Angular
33635,23684,Next.js
33642,23685,jQuery
33643,23688,ASP.NET
33644,23688,ASP.NET CORE
33646,23688,jQuery
33647,23688,Node.js
33648,23688,React
33649,23689,jQuery
33650,23690,jQuery
33655,23693,jQuery
33656,23693,Vue.js
33657,23695,Angular
33663,23695,jQuery
33664,23695,Node.js
33665,23695,React
33668,23700,jQuery
33671,23701,Spring Boot
33672,23702,Spring Boot
33674,23705,Express
33677,23705,Next.js
33678,23705,Node.js
33679,23705,React
33681,23706,ASP.NET
33682,23706,ASP.NET CORE
33683,23706,React
33687,23712,jQuery
33693,23718,jQuery
33694,23718,Node.js
33697,23719,Express
33698,23719,Next.js
33699,23719,Node.js
33700,23719,React
33705,23720,Next.js
33706,23720,React
33708,23720,Vue.js
33709,23727,Angular
33710,23727,ASP.NET
33711,23727,ASP.NET CORE
33714,23727,jQuery
33715,23727,Vue.js
33718,23728,Spring Boot
33719,23735,ASP.NET CORE
33727,23741,Angular
33728,23741,ASP.NET
33729,23741,ASP.NET CORE
33730,23741,Express
33731,23741,Node.js
33732,23741,React
33736,23753,React
33737,23756,Express
33739,23756,Next.js
33740,23756,Node.js
33741,23756,React
33742,23760,jQuery
33745,23767,Angular
33747,23767,Spring Boot
33751,23768,Node.js
33752,23768,React
33754,23770,Express
33755,23770,Next.js
33756,23770,Node.js
33757,23770,React
33761,23783,Node.js
33762,23783,React
33764,23785,Express
33766,23785,Next.js
33767,23785,Node.js
33768,23785,React
33772,23786,Express
33777,23786,Node.js
33778,23786,React
33780,23788,Node.js
33781,23788,React
33782,23788,Spring Boot
33783,23791,Angular
33784,23791,Spring Boot
33785,23793,React
33786,23793,Spring Boot
33788,23794,React
33792,23805,Node.js
33793,23811,Angular
33794,23811,ASP.NET
33795,23811,ASP.NET CORE
33796,23811,jQuery
33797,23816,jQuery
33798,23820,ASP.NET
33799,23820,ASP.NET CORE
33800,23820,jQuery
33802,23820,Node.js
33809,23828,Express
33811,23828,jQuery
33812,23828,Node.js
33814,23828,React
33815,23828,Spring Boot
33817,23830,Vue.js
33818,23832,React
33819,23832,Spring Boot
33820,23837,Express
33822,23837,Next.js
33823,23837,Node.js
33824,23837,React
33826,23844,Angular
33829,23844,Express
33830,23844,jQuery
33833,23844,Next.js
33834,23844,Node.js
33836,23844,React
33837,23844,Vue.js
33839,23848,Angular
33840,23848,Next.js
33841,23848,Node.js
33842,23848,React
33843,23848,Spring Boot
33844,23852,Spring Boot
33845,23864,ASP.NET
33846,23864,Express
33848,23864,Node.js
33849,23864,React
33851,23865,Vue.js
33852,23868,Node.js
33853,23868,React
33857,23871,jQuery
33858,23871,Node.js
33859,23871,React
33860,23875,Express
33864,23875,Next.js
33865,23875,Node.js
33866,23875,React
33868,23883,React
33869,23886,ASP.NET
33870,23886,ASP.NET CORE
33871,23886,Spring Boot
33875,23888,jQuery
33876,23888,Node.js
33877,23889,ASP.NET
33878,23889,ASP.NET CORE
33880,23889,jQuery
33881,23893,ASP.NET
33882,23893,ASP.NET CORE
33883,23893,jQuery
33885,23894,ASP.NET
33886,23900,ASP.NET
33887,23900,ASP.NET CORE
33890,23900,jQuery
33891,23900,Next.js
33892,23900,Node.js
33893,23900,React
33894,23901,Angular
33895,23901,React
33896,23902,Angular
33898,23902,Express
33901,23902,Next.js
33902,23902,Node.js
33904,23902,React
33905,23904,Angular
33906,23905,Angular
33907,23905,ASP.NET
33908,23905,ASP.NET CORE
33909,23905,Express
33911,23905,Next.js
33912,23905,Node.js
33914,23905,React
33919,23906,Express
33921,23906,jQuery
33922,23906,Next.js
33923,23906,Node.js
33924,23906,React
33926,23907,jQuery
33928,23907,Node.js
33933,23909,jQuery
33935,23910,Next.js
33936,23910,React
33937,23913,Angular
33938,23913,Next.js
33939,23913,Node.js
33940,23913,React
33942,23915,ASP.NET CORE
33943,23915,Node.js
33944,23915,React
33945,23915,Spring Boot
33946,23916,Express
33948,23916,Node.js
33949,23916,React
33953,23919,React
33954,23919,Spring Boot
33957,23921,Next.js
33959,23921,React
33960,23921,Vue.js
33963,23923,Node.js
33964,23923,Spring Boot
33965,23927,Next.js
33966,23927,Node.js
33967,23927,React
33969,23938,Angular
33970,23938,Node.js
33971,23938,Spring Boot
33974,23939,Express
33975,23939,jQuery
33977,23939,Node.js
33978,23939,React
33980,23947,jQuery
33981,23947,Next.js
33982,23947,Node.js
33983,23947,React
33984,23947,Spring Boot
33985,23949,Angular
33987,23949,ASP.NET
33988,23949,ASP.NET CORE
33990,23949,jQuery
33991,23949,Node.js
33992,23949,Vue.js
33994,23950,Node.js
33995,23950,React
33996,23954,Next.js
33997,23954,Node.js
33998,23954,React
33999,23954,Spring Boot
34001,23955,Next.js
34002,23955,React
34003,23955,Vue.js
34004,23956,jQuery
34005,23956,Node.js
34006,23956,React
34007,23957,Express
34011,23957,Next.js
34012,23957,Node.js
34013,23957,React
34016,23960,Angular
34017,23960,ASP.NET CORE
34019,23968,jQuery
34021,23968,Node.js
34022,23968,Vue.js
34024,23971,Next.js
34025,23971,React
34026,23975,Angular
34027,23975,jQuery
34028,23975,Node.js
34029,23975,React
34031,23979,Node.js
34032,23979,React
34035,23981,jQuery
34036,23981,React
34038,23985,Express
34040,23985,jQuery
34043,23985,Next.js
34044,23985,Node.js
34045,23985,React
34050,23989,jQuery
34051,23989,Next.js
34052,23989,Node.js
34054,23989,React
34056,23999,Next.js
34057,23999,Node.js
34058,23999,React
34060,24001,Next.js
34061,24001,React
34062,24001,Vue.js
34063,24002,ASP.NET CORE
34065,24004,Angular
34068,24005,Express
34069,24005,jQuery
34071,24005,Node.js
34073,24005,React
34076,24005,Vue.js
34078,24019,Angular
34080,24019,Spring Boot
34081,24021,Next.js
34082,24021,Node.js
34083,24021,React
34084,24022,Express
34086,24022,Next.js
34087,24022,Node.js
34088,24022,React
34089,24027,Express
34091,24027,Next.js
34092,24027,Node.js
34094,24027,React
34096,24032,Express
34097,24032,Node.js
34098,24032,Vue.js
34099,24033,Express
34101,24033,React
34102,24034,ASP.NET CORE
34103,24034,Express
34104,24034,Next.js
34105,24034,Node.js
34106,24034,React
34107,24040,Angular
34109,24040,ASP.NET
34110,24040,ASP.NET CORE
34111,24040,Express
34112,24040,jQuery
34113,24040,Node.js
34115,24041,Next.js
34116,24041,React
34118,24044,jQuery
34120,24044,React
34122,24045,Angular
34126,24045,Express
34128,24045,jQuery
34131,24045,Next.js
34132,24045,Node.js
34134,24045,React
34138,24053,Spring Boot
34140,24055,Angular
34141,24055,Express
34144,24055,Node.js
34147,24055,Vue.js
34149,24061,Angular
34150,24061,Next.js
34151,24061,Node.js
34152,24063,Express
34153,24063,Next.js
34154,24063,Node.js
34156,24063,React
34157,24063,Vue.js
34158,24069,ASP.NET CORE
34159,24069,jQuery
34160,24069,Node.js
34161,24069,React
34162,24069,Spring Boot
34163,24070,Express
34164,24070,React
34165,24072,Express
34166,24072,jQuery
34168,24072,Next.js
34169,24072,Node.js
34170,24072,React
34171,24072,Spring Boot
34172,24073,ASP.NET
34173,24073,ASP.NET CORE
34174,24073,Express
34176,24073,Node.js
34179,24073,Vue.js
34181,24077,ASP.NET CORE
34182,24077,Vue.js
34185,24079,Next.js
34186,24079,Node.js
34188,24079,Spring Boot
34190,24080,Express
34193,24080,Next.js
34194,24080,Node.js
34195,24080,React
34196,24084,Node.js
34197,24089,Angular
34198,24089,ASP.NET CORE
34199,24089,Express
34200,24089,jQuery
34201,24089,Node.js
34202,24089,React
34203,24089,Spring Boot
34209,24090,Vue.js
34212,24097,Angular
34213,24097,ASP.NET
34214,24097,ASP.NET CORE
34215,24097,Next.js
34216,24097,React
34217,24100,Next.js
34218,24100,Node.js
34219,24100,React
34220,24100,Spring Boot
34221,24102,ASP.NET
34222,24102,ASP.NET CORE
34224,24102,Express
34226,24102,Node.js
34227,24102,React
34229,24105,Next.js
34230,24105,Node.js
34231,24105,React
34233,24110,Express
34235,24110,Next.js
34236,24110,Node.js
34237,24110,React
34239,24114,React
34240,24114,Spring Boot
34241,24116,ASP.NET
34243,24117,ASP.NET CORE
34244,24117,Next.js
34245,24117,React
34246,24118,Vue.js
34249,24119,jQuery
34250,24119,Node.js
34251,24119,React
34254,24120,Next.js
34255,24120,Node.js
34256,24120,React
34257,24120,Spring Boot
34260,24123,Next.js
34261,24123,Node.js
34262,24123,React
34266,24128,Node.js
34268,24130,Node.js
34269,24131,Angular
34272,24131,Express
34274,24131,jQuery
34277,24131,Next.js
34278,24131,Node.js
34280,24131,React
34282,24131,Vue.js
34284,24132,Angular
34285,24132,Express
34287,24132,jQuery
34289,24132,Next.js
34291,24136,Angular
34296,24138,Next.js
34297,24138,Node.js
34300,24140,Node.js
34301,24140,React
34302,24142,ASP.NET
34303,24142,ASP.NET CORE
34304,24142,jQuery
34307,24142,Vue.js
34308,24144,Express
34310,24144,Next.js
34311,24144,Node.js
34312,24144,React
34313,24155,jQuery
34315,24155,Node.js
34318,24155,Vue.js
34320,24158,ASP.NET
34321,24158,jQuery
34322,24158,Node.js
34325,24160,Node.js
34326,24160,React
34328,24160,Vue.js
34329,24162,Express
34330,24162,Next.js
34331,24162,Node.js
34332,24165,Next.js
34333,24165,Node.js
34334,24165,React
34335,24165,Spring Boot
34336,24169,Express
34337,24169,Next.js
34338,24169,Node.js
34339,24169,React
34340,24174,Angular
34341,24174,ASP.NET
34342,24174,ASP.NET CORE
34343,24174,jQuery
34344,24174,Node.js
34345,24175,Node.js
34346,24175,React
34353,24179,jQuery
34357,24179,Vue.js
34358,24188,Vue.js
34360,24192,ASP.NET
34361,24192,ASP.NET CORE
34363,24192,jQuery
34364,24192,React
34365,24194,Angular
34366,24194,Node.js
34367,24194,Spring Boot
34369,24203,ASP.NET
34370,24203,ASP.NET CORE
34372,24203,React
34374,24205,Express
34375,24205,Next.js
34376,24205,Node.js
34378,24206,Express
34379,24206,Node.js
34380,24206,React
34381,24209,ASP.NET
34382,24209,ASP.NET CORE
34383,24210,Next.js
34384,24210,React
34385,24213,Angular
34387,24213,React
34388,24213,Spring Boot
34389,24216,Node.js
34390,24216,React
34395,24220,React
34398,24221,React
34399,24227,Angular
34401,24233,React
34404,24236,Next.js
34406,24237,Express
34408,24237,Next.js
34409,24237,Node.js
34410,24237,React
34411,24238,Angular
34413,24239,ASP.NET CORE
34416,24245,Express
34419,24245,Next.js
34420,24245,Node.js
34421,24245,React
34423,24245,Spring Boot
34424,24245,Vue.js
34425,24247,Angular
34427,24247,ASP.NET
34428,24247,ASP.NET CORE
34430,24247,Express
34433,24247,Next.js
34434,24247,Node.js
34436,24247,React
34438,24248,Express
34440,24248,jQuery
34442,24248,Next.js
34443,24248,Node.js
34444,24248,React
34445,24248,Vue.js
34449,24249,Vue.js
34450,24259,Express
34453,24263,React
34454,24268,Angular
34457,24268,Express
34458,24268,Next.js
34459,24268,Node.js
34461,24268,React
34464,24268,Vue.js
34467,24271,React
34468,24274,Angular
34469,24274,ASP.NET CORE
34470,24274,jQuery
34471,24274,Node.js
34472,24275,ASP.NET CORE
34474,24275,Node.js
34477,24276,Vue.js
34479,24279,Spring Boot
34480,24282,Express
34481,24282,jQuery
34482,24282,Node.js
34483,24282,React
34490,24286,Express
34492,24286,Node.js
34493,24286,React
34495,24288,jQuery
34496,24292,Next.js
34497,24292,Spring Boot
34502,24293,Next.js
34503,24293,Node.js
34504,24293,React
34506,24293,Spring Boot
34509,24300,ASP.NET CORE
34510,24300,Next.js
34511,24300,Node.js
34512,24300,React
34515,24301,Express
34518,24301,Next.js
34519,24301,Node.js
34520,24301,React
34525,24305,Angular
34527,24305,ASP.NET
34528,24305,ASP.NET CORE
34531,24305,jQuery
34532,24305,Node.js
34533,24305,React
34534,24305,Spring Boot
34535,24305,Vue.js
34536,24307,ASP.NET
34537,24307,jQuery
34538,24308,Angular
34539,24308,ASP.NET
34540,24308,ASP.NET CORE
34541,24308,Express
34542,24308,jQuery
34543,24308,Next.js
34544,24308,Node.js
34545,24308,React
34548,24320,Angular
34552,24320,Next.js
34553,24320,Node.js
34555,24324,Angular
34556,24324,ASP.NET CORE
34559,24330,React
34560,24334,Angular
34564,24335,jQuery
34566,24335,Spring Boot
34567,24336,Angular
34568,24336,ASP.NET
34569,24336,ASP.NET CORE
34571,24336,Next.js
34572,24336,React
34573,24339,Angular
34575,24339,ASP.NET
34579,24339,Express
34583,24339,jQuery
34586,24339,Next.js
34587,24339,Node.js
34589,24339,React
34593,24339,Spring Boot
34597,24339,Vue.js
34599,24341,React
34600,24342,Angular
34601,24342,jQuery
34603,24342,Node.js
34606,24342,Vue.js
34608,24343,Node.js
34609,24343,Spring Boot
34610,24343,Vue.js
34611,24344,Next.js
34612,24344,Node.js
34613,24344,React
34616,24347,Express
34619,24347,jQuery
34621,24347,Node.js
34623,24347,React
34625,24347,Spring Boot
34626,24347,Vue.js
34627,24350,ASP.NET
34628,24350,ASP.NET CORE
34629,24350,jQuery
34630,24350,React
34631,24353,jQuery
34633,24353,Vue.js
34635,24360,Express
34636,24360,Next.js
34637,24360,Node.js
34638,24360,React
34640,24362,Express
34641,24362,Next.js
34642,24362,Node.js
34643,24362,React
34645,24370,React
34646,24372,ASP.NET
34647,24372,ASP.NET CORE
34648,24372,Vue.js
34649,24376,Angular
34656,24377,Vue.js
34659,24378,Node.js
34660,24378,React
34662,24379,Express
34664,24382,ASP.NET
34665,24382,ASP.NET CORE
34666,24382,Node.js
34667,24382,Vue.js
34668,24383,ASP.NET
34669,24383,ASP.NET CORE
34670,24383,jQuery
34672,24396,Express
34674,24396,Next.js
34675,24396,Node.js
34676,24396,React
34678,24398,Express
34680,24398,Next.js
34681,24398,Node.js
34682,24398,React
34683,24399,Express
34684,24399,Node.js
34685,24399,React
34686,24399,Spring Boot
34688,24400,React
34689,24400,Spring Boot
34690,24402,Node.js
34691,24402,Spring Boot
34692,24402,Vue.js
34693,24409,Angular
34694,24409,Express
34695,24409,Next.js
34696,24409,Node.js
34697,24409,React
34698,24409,Spring Boot
34700,24409,Vue.js
34702,24413,Angular
34703,24413,Express
34704,24413,Next.js
34705,24413,Node.js
34706,24413,React
34707,24416,Express
34708,24416,Node.js
34709,24416,Spring Boot
34711,24419,Express
34714,24419,Node.js
34715,24419,React
34717,24425,Node.js
34720,24425,Vue.js
34725,24433,Angular
34726,24433,ASP.NET
34727,24433,jQuery
34728,24433,Next.js
34729,24433,React
34730,24433,Vue.js
34732,24437,Express
34734,24437,Next.js
34735,24437,React
34736,24437,Spring Boot
34737,24439,ASP.NET CORE
34738,24439,Express
34740,24439,Node.js
34741,24442,Next.js
34742,24442,Node.js
34743,24442,React
34745,24443,Node.js
34746,24443,React
34747,24443,Spring Boot
34749,24446,Next.js
34750,24446,Node.js
34751,24446,React
34753,24454,Express
34754,24454,Node.js
34755,24454,React
34757,24461,Express
34760,24461,Next.js
34761,24461,Node.js
34762,24461,React
34763,24462,Express
34767,24462,Next.js
34768,24462,Node.js
34769,24462,React
34771,24465,Next.js
34773,24465,React
34775,24466,Express
34778,24466,jQuery
34779,24466,Node.js
34780,24466,Vue.js
34782,24468,Angular
34784,24468,Spring Boot
34786,24470,Express
34787,24470,Next.js
34788,24470,Node.js
34789,24470,React
34790,24476,ASP.NET CORE
34792,24476,React
34793,24479,Angular
34794,24479,ASP.NET
34795,24479,ASP.NET CORE
34796,24479,React
34797,24481,Angular
34799,24481,Next.js
34801,24492,ASP.NET CORE
34802,24492,Node.js
34805,24502,Node.js
34806,24504,ASP.NET CORE
34808,24512,Express
34812,24512,jQuery
34814,24512,Next.js
34815,24512,Node.js
34816,24512,React
34817,24512,Vue.js
34819,24517,Express
34822,24517,React
34823,24520,Angular
34824,24520,Express
34825,24520,Next.js
34826,24520,Node.js
34827,24520,React
34828,24525,ASP.NET CORE
34829,24525,jQuery
34833,24528,Express
34835,24528,Next.js
34836,24528,Node.js
34838,24528,React
34840,24528,Vue.js
34841,24534,Express
34843,24534,Next.js
34844,24534,Node.js
34845,24534,React
34847,24538,Angular
34849,24541,Angular
34850,24541,Spring Boot
34851,24541,Vue.js
34852,24543,Angular
34853,24543,ASP.NET
34855,24543,Express
34858,24543,jQuery
34860,24543,Next.js
34861,24543,Node.js
34862,24543,React
34863,24543,Spring Boot
34864,24543,Vue.js
34865,24545,Express
34866,24545,Next.js
34867,24545,Node.js
34868,24545,React
34869,24545,Vue.js
34870,24546,Next.js
34871,24553,ASP.NET CORE
34876,24553,React
34877,24553,Vue.js
34882,24563,Express
34884,24563,Node.js
34885,24563,Vue.js
34886,24567,Angular
34890,24567,Node.js
34891,24567,React
34893,24567,Spring Boot
34894,24567,Vue.js
34897,24570,jQuery
34899,24571,jQuery
34901,24571,Vue.js
34902,24582,React
34904,24589,jQuery
34905,24593,Angular
34906,24593,Node.js
34909,24594,jQuery
34913,24595,jQuery
34915,24597,jQuery
34916,24597,Next.js
34917,24597,React
34920,24606,Express
34922,24606,Next.js
34923,24606,Node.js
34924,24606,React
34927,24607,Angular
34928,24607,Express
34931,24607,Node.js
34932,24608,Angular
34934,24608,Node.js
34935,24608,Spring Boot
34936,24609,Angular
34938,24609,ASP.NET
34939,24609,ASP.NET CORE
34946,24609,jQuery
34948,24609,Next.js
34949,24609,Node.js
34951,24609,React
34953,24609,Spring Boot
34955,24609,Vue.js
34964,24616,Vue.js
34966,24618,React
34971,24625,Node.js
34972,24625,React
34973,24626,ASP.NET
34974,24626,ASP.NET CORE
34975,24628,Express
34976,24628,Next.js
34977,24628,Node.js
34978,24628,React
34979,24629,jQuery
34981,24629,Node.js
34982,24629,Vue.js
34984,24630,jQuery
34986,24630,Node.js
34988,24630,Vue.js
34990,24633,ASP.NET CORE
34992,24633,React
34993,24637,jQuery
34994,24637,React
34996,24647,ASP.NET CORE
34997,24649,Node.js
34998,24649,React
35000,24651,Node.js
35001,24651,Vue.js
35002,24656,Express
35004,24656,Node.js
35005,24656,React
35006,24663,ASP.NET
35008,24663,Express
35009,24663,Next.js
35010,24663,Node.js
35011,24663,React
35012,24664,Next.js
35013,24664,React
35015,24665,React
35016,24671,Angular
35019,24672,Express
35022,24672,Node.js
35023,24672,React
35024,24672,Spring Boot
35026,24674,Express
35027,24674,Next.js
35028,24674,Node.js
35029,24674,React
35031,24685,jQuery
35034,24685,Vue.js
35035,24688,Angular
35037,24688,Node.js
35038,24688,Spring Boot
35040,24693,Node.js
35041,24694,Next.js
35042,24694,Node.js
35043,24694,React
35046,24695,Spring Boot
35048,24702,React
35051,24703,Express
35053,24703,jQuery
35054,24703,Next.js
35055,24703,Node.js
35056,24703,React
35057,24703,Vue.js
35061,24720,Next.js
35062,24720,Node.js
35063,24720,React
35064,24723,ASP.NET CORE
35066,24724,Spring Boot
35068,24726,Next.js
35069,24726,Node.js
35070,24726,React
35072,24728,ASP.NET
35073,24728,ASP.NET CORE
35074,24728,React
35079,24735,Spring Boot
35080,24736,React
35081,24736,Spring Boot
35083,24737,Express
35085,24737,Node.js
35086,24737,React
35087,24737,Spring Boot
35089,24739,Angular
35090,24739,Express
35091,24747,Angular
35094,24747,Express
35095,24747,Node.js
35096,24747,Spring Boot
35099,24750,Angular
35101,24750,ASP.NET
35102,24750,ASP.NET CORE
35103,24750,jQuery
35104,24752,jQuery
35106,24754,Node.js
35108,24754,React
35110,24757,jQuery
35112,24758,ASP.NET CORE
35114,24762,ASP.NET
35115,24762,ASP.NET CORE
35116,24762,Express
35118,24762,jQuery
35120,24762,Node.js
35121,24762,React
35125,24763,Node.js
35127,24768,React
35128,24769,Angular
35130,24769,Express
35131,24769,jQuery
35134,24769,Next.js
35135,24769,Node.js
35136,24769,React
35139,24781,Angular
35140,24781,ASP.NET
35141,24781,ASP.NET CORE
35142,24783,Angular
35146,24783,React
35147,24783,Vue.js
35150,24784,React
35153,24788,Vue.js
35154,24791,Angular
35156,24791,Spring Boot
35159,24796,Express
35160,24796,Next.js
35161,24796,Node.js
35162,24796,React
35163,24797,Next.js
35164,24797,React
35165,24797,Spring Boot
35166,24798,Next.js
35167,24798,Node.js
35168,24798,React
35169,24798,Spring Boot
35171,24803,Vue.js
35173,24805,React
35177,24808,React
35178,24809,ASP.NET
35179,24809,jQuery
35185,24811,Next.js
35186,24811,React
35188,24822,Node.js
35189,24822,React
35190,24825,ASP.NET CORE
35192,24826,Express
35193,24826,Next.js
35194,24826,React
35195,24827,Angular
35196,24827,ASP.NET CORE
35197,24827,jQuery
35200,24828,Express
35202,24828,Next.js
35203,24828,Node.js
35204,24828,React
35206,24830,ASP.NET CORE
35208,24830,jQuery
35209,24830,Node.js
35213,24832,jQuery
35215,24832,Vue.js
35216,24833,ASP.NET
35217,24833,jQuery
35220,24835,Vue.js
35225,24841,Angular
35226,24841,Express
35227,24841,Node.js
35229,24841,Vue.js
35231,24846,jQuery
35233,24846,React
35237,24849,Express
35239,24849,Node.js
35241,24850,Express
35243,24850,Next.js
35244,24850,Node.js
35245,24850,React
35246,24850,Spring Boot
35248,24857,jQuery
35249,24857,React
35250,24860,React
35252,24860,Spring Boot
35253,24862,ASP.NET
35254,24862,ASP.NET CORE
35255,24862,jQuery
35258,24866,Express
35262,24866,Next.js
35263,24866,Node.js
35264,24866,React
35265,24867,Node.js
35266,24867,Spring Boot
35267,24871,Angular
35270,24871,Express
35273,24871,jQuery
35274,24871,Next.js
35275,24871,Node.js
35277,24871,React
35279,24871,Spring Boot
35280,24871,Vue.js
35282,24874,Angular
35284,24874,Node.js
35285,24874,Vue.js
35286,24877,Next.js
35287,24877,Node.js
35288,24877,React
35290,24887,Node.js
35291,24890,Angular
35292,24890,ASP.NET CORE
35295,24890,Node.js
35296,24890,React
35297,24892,Spring Boot
35298,24902,Express
35299,24902,Next.js
35300,24902,Node.js
35301,24902,React
35302,24905,jQuery
35304,24909,Express
35305,24909,Node.js
35306,24909,React
35310,24910,Vue.js
35312,24914,Angular
35315,24914,Express
35319,24914,jQuery
35322,24914,Next.js
35323,24914,Node.js
35324,24914,React
35326,24920,Angular
35327,24920,Express
35330,24920,Node.js
35333,24922,Node.js
35335,24927,Next.js
35339,24929,Next.js
35340,24929,Node.js
35341,24929,React
35342,24930,Node.js
35343,24945,Angular
35344,24945,Express
35345,24945,Node.js
35346,24945,React
35348,24947,Express
35350,24948,jQuery
35351,24948,Next.js
35352,24948,React
35353,24948,Spring Boot
35354,24952,Express
35356,24952,Node.js
35357,24952,Vue.js
35358,24953,Node.js
35359,24953,Spring Boot
35360,24953,Vue.js
35361,24954,Express
35364,24954,Next.js
35365,24954,Node.js
35366,24954,React
35371,24958,jQuery
35372,24958,React
35373,24960,Node.js
35374,24960,React
35378,24963,Vue.js
35380,24969,ASP.NET
35381,24969,ASP.NET CORE
35383,24969,React
35385,24973,ASP.NET CORE
35386,24973,Node.js
35388,24980,jQuery
35389,24980,Node.js
35392,24984,Express
35395,24984,Next.js
35396,24984,Node.js
35397,24984,React
35398,24986,Next.js
35399,24986,Node.js
35400,24986,React
35401,24988,Express
35403,24988,jQuery
35406,24988,Next.js
35407,24988,Node.js
35408,24988,React
35413,24997,ASP.NET CORE
35418,24998,Angular
35421,24999,jQuery
35423,24999,Vue.js
35426,25003,Next.js
35427,25003,React
35429,25003,Spring Boot
35431,25005,Express
35434,25005,jQuery
35435,25005,Node.js
35436,25005,React
35438,25006,Express
35440,25006,Next.js
35441,25006,Node.js
35442,25006,React
35444,25010,jQuery
35445,25010,Node.js
35446,25010,React
35450,25013,Express
35451,25013,Next.js
35452,25013,Node.js
35453,25013,React
35455,25014,Angular
35457,25014,ASP.NET
35458,25014,ASP.NET CORE
35462,25014,jQuery
35465,25014,Next.js
35466,25014,Node.js
35467,25014,React
35471,25014,Vue.js
35474,25015,Node.js
35476,25025,Node.js
35477,25025,React
35480,25033,jQuery
35482,25033,Node.js
35483,25033,Vue.js
35486,25036,Next.js
35487,25036,Node.js
35488,25036,React
35489,25037,Angular
35490,25037,ASP.NET CORE
35497,25040,Next.js
35498,25040,React
35499,25044,Angular
35500,25044,ASP.NET
35501,25044,ASP.NET CORE
35503,25044,jQuery
35505,25054,Angular
35506,25054,Spring Boot
35507,25055,Angular
35509,25055,Express
35510,25055,jQuery
35511,25055,Node.js
35512,25055,React
35514,25057,Node.js
35515,25057,React
35518,25066,jQuery
35519,25073,Node.js
35520,25073,React
35521,25073,Spring Boot
35522,25087,Angular
35524,25087,Express
35526,25087,Node.js
35527,25087,React
35529,25087,Vue.js
35530,25088,Node.js
35531,25089,Express
35533,25089,Next.js
35534,25089,Node.js
35535,25089,React
35537,25095,React
35540,25098,Express
35543,25098,Next.js
35544,25098,Node.js
35545,25098,React
35547,25099,Next.js
35548,25099,Node.js
35549,25099,React
35550,25099,Vue.js
35551,25107,React
35552,25108,Express
35553,25108,React
35554,25108,Vue.js
35559,25112,Express
35560,25112,Node.js
35561,25112,React
35562,25114,ASP.NET
35563,25114,ASP.NET CORE
35565,25114,Node.js
35567,25114,Vue.js
35569,25124,Express
35571,25124,Next.js
35572,25124,Node.js
35573,25124,React
35574,25129,Express
35576,25129,Next.js
35577,25129,Node.js
35578,25129,React
35583,25131,React
35584,25131,Vue.js
35585,25134,Angular
35586,25134,ASP.NET
35587,25134,ASP.NET CORE
35590,25134,jQuery
35591,25134,Next.js
35592,25134,Node.js
35593,25134,React
35595,25134,Vue.js
35596,25138,React
35598,25148,React
35601,25151,Next.js
35602,25151,Node.js
35603,25151,React
35604,25152,Angular
35610,25152,jQuery
35612,25157,Angular
35616,25157,Next.js
35617,25157,React
35619,25157,Spring Boot
35623,25160,Vue.js
35624,25161,Angular
35625,25161,ASP.NET CORE
35627,25163,ASP.NET
35628,25163,Node.js
35631,25173,jQuery
35634,25176,jQuery
35635,25176,Next.js
35636,25176,Node.js
35637,25176,React
35638,25177,ASP.NET
35639,25177,ASP.NET CORE
35640,25180,Express
35641,25180,Node.js
35642,25180,Spring Boot
35643,25182,Node.js
35644,25182,React
35646,25182,Vue.js
35649,25190,jQuery
35652,25190,Vue.js
35653,25191,ASP.NET
35654,25191,ASP.NET CORE
35658,25205,ASP.NET CORE
35660,25209,Node.js
35661,25209,React
35662,25211,Angular
35663,25216,Angular
35666,25216,Express
35669,25216,Node.js
35670,25216,React
35672,25216,Vue.js
35674,25219,Express
35675,25219,Node.js
35676,25219,Vue.js
35677,25220,React
35678,25220,Spring Boot
35679,25223,Express
35680,25223,React
35681,25231,ASP.NET CORE
35682,25232,Angular
35685,25232,Express
35687,25232,jQuery
35689,25232,Next.js
35690,25232,Node.js
35692,25232,React
35693,25232,Spring Boot
35694,25232,Vue.js
35695,25234,Express
35697,25234,Node.js
35698,25234,React
35699,25236,Express
35700,25236,Next.js
35701,25236,Node.js
35702,25236,React
35703,25237,Node.js
35704,25238,Express
35707,25238,Next.js
35708,25238,Node.js
35709,25238,React
35710,25239,Angular
35712,25239,ASP.NET CORE
35715,25239,Vue.js
35717,25241,Next.js
35718,25241,Node.js
35719,25241,React
35722,25245,Angular
35723,25245,Express
35725,25245,jQuery
35726,25245,Node.js
35727,25249,ASP.NET CORE
35728,25249,Express
35732,25249,Node.js
35733,25249,React
35734,25253,Angular
35736,25253,Express
35737,25253,Next.js
35738,25253,Node.js
35739,25253,React
35740,25253,Spring Boot
35741,25260,Node.js
35744,25261,Next.js
35745,25261,Node.js
35746,25261,React
35748,25272,Angular
35751,25272,Express
35752,25272,jQuery
35753,25272,Next.js
35754,25272,Node.js
35755,25272,React
35757,25277,Node.js
35758,25277,Vue.js
35759,25278,Angular
35762,25278,Express
35763,25278,Next.js
35764,25278,Node.js
35765,25278,React
35766,25278,Spring Boot
35767,25278,Vue.js
35770,25282,jQuery
35771,25282,Next.js
35772,25282,React
35775,25285,Node.js
35777,25289,Angular
35779,25289,ASP.NET
35780,25289,ASP.NET CORE
35782,25289,Node.js
35786,25298,Express
35787,25298,Node.js
35788,25298,React
35790,25305,React
35792,25312,jQuery
35794,25313,Next.js
35795,25313,Node.js
35796,25313,React
35798,25314,Vue.js
35802,25319,jQuery
35803,25319,Next.js
35804,25319,Node.js
35805,25319,React
35810,25333,Node.js
35813,25337,Express
35818,25337,Node.js
35820,25337,React
35821,25337,Vue.js
35823,25348,Next.js
35824,25348,Node.js
35825,25348,React
35826,25348,Vue.js
35829,25349,jQuery
35835,25350,Express
35839,25350,Next.js
35840,25350,Node.js
35841,25350,React
35843,25352,Angular
35844,25352,Express
35846,25352,Spring Boot
35850,25356,Node.js
35852,25359,Next.js
35853,25359,Node.js
35854,25359,React
35855,25360,Angular
35856,25360,Spring Boot
35857,25361,Node.js
35859,25370,jQuery
35861,25370,Node.js
35862,25370,React
35864,25376,jQuery
35867,25376,Next.js
35868,25376,Node.js
35870,25376,React
35873,25376,Vue.js
35879,25380,Next.js
35880,25380,Node.js
35881,25380,React
35883,25385,Express
35884,25385,jQuery
35885,25385,Next.js
35886,25385,Node.js
35887,25385,React
35889,25389,Express
35890,25389,Next.js
35891,25389,React
35892,25390,Angular
35894,25390,ASP.NET CORE
35897,25390,Spring Boot
35898,25399,ASP.NET
35899,25399,ASP.NET CORE
35900,25399,React
35901,25402,Angular
35904,25402,Spring Boot
35905,25402,Vue.js
35907,25407,Node.js
35908,25414,Express
35910,25414,Next.js
35911,25414,Node.js
35913,25414,React
35915,25414,Vue.js
35916,25419,React
35919,25423,Node.js
35920,25423,React
35921,25423,Spring Boot
35922,25423,Vue.js
35923,25432,Angular
35925,25432,ASP.NET CORE
35926,25432,Express
35928,25432,Node.js
35930,25434,Express
35932,25434,Next.js
35933,25434,Node.js
35934,25434,React
35936,25435,Angular
35938,25435,ASP.NET
35939,25435,ASP.NET CORE
35947,25435,Express
35952,25435,jQuery
35955,25435,Next.js
35956,25435,Node.js
35960,25435,React
35963,25435,Spring Boot
35967,25435,Vue.js
35972,25436,React
35975,25456,Express
35978,25456,Next.js
35979,25456,Node.js
35980,25456,React
35981,25456,Spring Boot
35982,25456,Vue.js
35984,25460,Express
35985,25460,jQuery
35986,25460,Node.js
35987,25460,Spring Boot
35989,25467,Angular
35990,25467,Node.js
35991,25467,Spring Boot
35992,25471,Angular
35993,25471,Next.js
35994,25481,Vue.js
35999,25489,Express
36000,25489,Node.js
36001,25489,Spring Boot
36002,25495,Angular
36004,25495,ASP.NET
36005,25495,ASP.NET CORE
36006,25495,jQuery
36007,25496,Angular
36008,25496,jQuery
36009,25496,Spring Boot
36011,25499,React
36012,25502,Angular
36013,25505,Express
36014,25505,jQuery
36016,25505,Node.js
36017,25505,React
36020,25508,Node.js
36021,25508,React
36022,25509,Next.js
36023,25509,Node.js
36024,25509,React
36028,25513,ASP.NET
36029,25513,ASP.NET CORE
36032,25513,Node.js
36033,25513,React
36034,25513,Spring Boot
36035,25519,Angular
36036,25519,Node.js
36037,25520,ASP.NET
36038,25520,ASP.NET CORE
36039,25520,jQuery
36040,25521,Express
36041,25521,jQuery
36042,25521,Node.js
36043,25521,Spring Boot
36045,25523,Angular
36047,25523,ASP.NET
36048,25523,ASP.NET CORE
36050,25523,Express
36052,25523,Next.js
36053,25523,Node.js
36054,25523,React
36056,25524,Node.js
36058,25524,Spring Boot
36061,25530,Express
36062,25530,Next.js
36063,25530,Node.js
36064,25530,React
36065,25530,Vue.js
36066,25535,ASP.NET
36073,25540,Vue.js
36074,25555,Spring Boot
36077,25558,Next.js
36078,25558,Node.js
36079,25558,React
36085,25566,ASP.NET CORE
36086,25566,Vue.js
36087,25567,Express
36092,25567,Next.js
36093,25567,Node.js
36094,25567,React
36099,25573,Express
36100,25573,jQuery
36101,25573,Node.js
36102,25573,Vue.js
36105,25580,Express
36106,25580,Node.js
36108,25580,React
36114,25591,Next.js
36116,25591,React
36120,25595,ASP.NET
36121,25595,ASP.NET CORE
36122,25595,Express
36123,25595,Node.js
36124,25595,React
36126,25598,ASP.NET
36127,25598,ASP.NET CORE
36128,25602,Spring Boot
36129,25605,Angular
36131,25605,jQuery
36132,25605,Node.js
36134,25607,Express
36136,25607,Next.js
36137,25607,Node.js
36138,25607,React
36139,25611,Express
36140,25611,Next.js
36142,25611,React
36143,25611,Vue.js
36146,25620,React
36147,25624,Next.js
36148,25624,React
36149,25633,jQuery
36151,25633,Vue.js
36155,25639,Next.js
36156,25639,Node.js
36157,25639,React
36160,25642,Next.js
36161,25642,Node.js
36162,25644,Angular
36166,25644,Next.js
36169,25645,Next.js
36170,25645,Node.js
36171,25645,React
36172,25645,Spring Boot
36174,25648,Node.js
36175,25648,Vue.js
36176,25652,Angular
36177,25652,Express
36178,25652,jQuery
36179,25652,Next.js
36180,25652,Node.js
36181,25652,React
36182,25654,Angular
36184,25654,ASP.NET
36185,25654,ASP.NET CORE
36186,25654,Express
36187,25654,jQuery
36188,25654,Node.js
36189,25654,React
36190,25660,ASP.NET
36191,25660,ASP.NET CORE
36193,25660,jQuery
36194,25661,Spring Boot
36195,25662,ASP.NET CORE
36198,25662,React
36199,25664,Angular
36202,25664,Express
36204,25664,Node.js
36206,25670,Next.js
36207,25670,React
36208,25671,Angular
36209,25671,ASP.NET
36210,25671,ASP.NET CORE
36211,25671,jQuery
36212,25671,Node.js
36213,25678,React
36214,25679,jQuery
36215,25679,Spring Boot
36216,25679,Vue.js
36217,25684,Angular
36219,25684,ASP.NET
36220,25684,ASP.NET CORE
36228,25684,Express
36234,25684,jQuery
36237,25684,Next.js
36238,25684,Node.js
36242,25684,React
36246,25684,Spring Boot
36250,25684,Vue.js
36253,25686,Node.js
36256,25688,React
36257,25691,ASP.NET
36258,25691,ASP.NET CORE
36259,25691,Express
36260,25691,jQuery
36261,25691,Next.js
36262,25691,Node.js
36263,25691,React
36264,25695,Express
36265,25695,jQuery
36267,25695,Node.js
36269,25695,React
36271,25695,Vue.js
36273,25696,Angular
36276,25696,jQuery
36278,25696,Node.js
36279,25696,Vue.js
36281,25702,Angular
36282,25702,ASP.NET
36283,25702,ASP.NET CORE
36284,25702,jQuery
36285,25702,Node.js
36286,25702,React
36287,25702,Vue.js
36288,25704,Express
36289,25704,Next.js
36290,25704,Node.js
36291,25704,React
36292,25705,jQuery
36293,25705,Next.js
36294,25705,Node.js
36295,25705,React
36297,25706,jQuery
36298,25713,Angular
36299,25713,ASP.NET CORE
36300,25713,Express
36301,25713,Next.js
36302,25713,Node.js
36303,25713,React
36304,25713,Spring Boot
36307,25716,Next.js
36308,25716,Node.js
36309,25718,jQuery
36310,25718,React
36311,25719,Spring Boot
36313,25720,Express
36314,25720,jQuery
36316,25720,Node.js
36318,25720,React
36319,25720,Spring Boot
36324,25728,Next.js
36325,25728,Node.js
36326,25728,React
36330,25733,jQuery
36331,25733,Node.js
36332,25742,ASP.NET CORE
36334,25744,Node.js
36335,25744,React
36339,25757,Angular
36340,25757,ASP.NET CORE
36344,25761,Vue.js
36345,25763,Angular
36346,25763,Spring Boot
36347,25770,Node.js
36348,25770,React
36349,25770,Spring Boot
36351,25772,jQuery
36353,25772,Next.js
36354,25772,React
36358,25773,jQuery
36359,25773,Node.js
36360,25773,React
36362,25780,Angular
36363,25780,Node.js
36364,25784,Express
36368,25784,Next.js
36369,25784,Node.js
36370,25784,React
36371,25784,Vue.js
36373,25790,ASP.NET
36374,25790,ASP.NET CORE
36376,25790,jQuery
36377,25790,React
36378,25790,Vue.js
36381,25818,Angular
36382,25818,ASP.NET
36383,25818,ASP.NET CORE
36384,25820,Angular
36385,25820,ASP.NET
36386,25820,ASP.NET CORE
36387,25820,jQuery
36388,25820,Node.js
36391,25821,Next.js
36392,25821,Node.js
36393,25821,React
36398,25833,Node.js
36399,25835,Angular
36401,25835,Express
36403,25835,jQuery
36404,25835,Next.js
36405,25835,Node.js
36406,25835,React
36407,25835,Spring Boot
36408,25835,Vue.js
36411,25836,Next.js
36412,25836,React
36413,25838,Angular
36415,25838,ASP.NET
36416,25838,Node.js
36417,25838,Spring Boot
36418,25838,Vue.js
36419,25843,ASP.NET
36420,25843,React
36421,25846,ASP.NET
36422,25846,ASP.NET CORE
36423,25846,Express
36424,25846,Next.js
36425,25846,Node.js
36426,25846,React
36428,25846,Vue.js
36430,25848,Vue.js
36434,25857,ASP.NET CORE
36435,25857,Next.js
36436,25857,Node.js
36437,25857,React
36438,25858,Express
36441,25858,Node.js
36442,25858,Spring Boot
36443,25860,ASP.NET CORE
36444,25860,React
36447,25864,React
36451,25872,ASP.NET CORE
36452,25872,Node.js
36453,25872,Vue.js
36454,25873,Angular
36455,25873,ASP.NET CORE
36456,25873,Express
36457,25873,Next.js
36458,25873,Node.js
36459,25873,React
36460,25878,ASP.NET
36461,25879,Spring Boot
36465,25884,Spring Boot
36466,25884,Vue.js
36468,25890,Express
36469,25890,jQuery
36470,25890,Node.js
36471,25890,React
36472,25892,Angular
36473,25894,Express
36474,25894,Node.js
36480,25898,jQuery
36481,25898,Vue.js
36482,25899,Node.js
36484,25902,Express
36485,25902,jQuery
36486,25902,Node.js
36487,25902,React
36489,25904,jQuery
36492,25907,jQuery
36493,25907,Node.js
36494,25907,React
36495,25907,Spring Boot
36498,25911,ASP.NET CORE
36499,25915,Angular
36501,25915,Node.js
36502,25916,Angular
36503,25916,jQuery
36505,25916,React
36508,25916,Vue.js
36511,25917,Express
36512,25917,React
36515,25922,jQuery
36516,25922,Node.js
36520,25930,Node.js
36521,25934,Express
36523,25934,Node.js
36527,25940,React
36528,25949,Angular
36529,25949,Spring Boot
36530,25950,Express
36532,25950,Node.js
36533,25950,React
36534,25953,ASP.NET
36535,25953,ASP.NET CORE
36538,25953,Node.js
36539,25953,React
36540,25954,Angular
36541,25954,ASP.NET CORE
36544,25955,Vue.js
36545,25957,jQuery
36547,25963,ASP.NET
36548,25963,ASP.NET CORE
36550,25963,jQuery
36551,25963,Node.js
36552,25966,Angular
36557,25966,Express
36558,25966,jQuery
36560,25966,Node.js
36561,25966,React
36562,25966,Spring Boot
36566,25977,Angular
36567,25981,Angular
36570,25984,jQuery
36572,25984,Node.js
36573,25984,React
36576,25987,Angular
36577,25987,ASP.NET CORE
36578,25991,ASP.NET
36579,25991,ASP.NET CORE
36582,25991,jQuery
36583,25991,Node.js
36584,25991,React
36588,25992,Next.js
36589,25997,Angular
36591,25997,Next.js
36592,25997,Node.js
36593,25998,Angular
36594,26000,Angular
36596,26000,ASP.NET
36597,26000,ASP.NET CORE
36600,26000,Spring Boot
36603,26017,ASP.NET
36604,26017,ASP.NET CORE
36605,26017,jQuery
36608,26019,Vue.js
36610,26021,ASP.NET
36613,26021,Express
36616,26021,jQuery
36617,26021,Next.js
36618,26021,Node.js
36619,26021,React
36623,26025,jQuery
36625,26033,Node.js
36626,26036,Express
36627,26036,jQuery
36628,26036,Next.js
36629,26036,Node.js
36630,26036,React
36633,26042,Vue.js
36634,26048,Angular
36638,26048,Node.js
36640,26049,jQuery
36642,26049,Node.js
36644,26050,Angular
36645,26050,Express
36648,26050,Next.js
36649,26050,Node.js
36650,26050,React
36652,26058,Spring Boot
36653,26062,Angular
36654,26062,ASP.NET
36655,26062,ASP.NET CORE
36660,26069,jQuery
36661,26069,React
36662,26069,Vue.js
36663,26072,Angular
36665,26072,Express
36666,26072,jQuery
36668,26072,Node.js
36669,26072,React
36671,26072,Spring Boot
36672,26072,Vue.js
36675,26081,Node.js
36679,26083,jQuery
36680,26083,Node.js
36681,26083,React
36682,26088,Angular
36684,26088,ASP.NET
36685,26088,ASP.NET CORE
36687,26088,Express
36691,26088,Next.js
36692,26088,Node.js
36694,26088,React
36695,26088,Vue.js
36697,26089,Angular
36698,26089,ASP.NET
36699,26089,ASP.NET CORE
36700,26089,jQuery
36701,26089,Vue.js
36704,26092,Express
36705,26092,Next.js
36706,26092,Node.js
36707,26092,React
36709,26095,Vue.js
36711,26096,Spring Boot
36712,26106,Angular
36714,26106,Express
36716,26106,Node.js
36717,26108,Angular
36718,26108,Express
36722,26108,Node.js
36723,26108,React
36724,26109,ASP.NET
36725,26109,ASP.NET CORE
36726,26110,Spring Boot
36727,26114,ASP.NET
36728,26114,ASP.NET CORE
36730,26114,Vue.js
36734,26115,Vue.js
36736,26118,jQuery
36737,26118,Node.js
36739,26118,Vue.js
36740,26122,ASP.NET
36741,26124,Angular
36742,26124,Node.js
36743,26124,Vue.js
36744,26132,ASP.NET CORE
36745,26132,Node.js
36746,26132,React
36749,26137,Node.js
36750,26137,React
36751,26146,ASP.NET
36757,26146,jQuery
36761,26147,Angular
36762,26147,Spring Boot
36764,26151,ASP.NET
36765,26151,ASP.NET CORE
36766,26151,jQuery
36767,26151,Node.js
36769,26151,Vue.js
36770,26152,jQuery
36771,26152,Node.js
36772,26152,React
36775,26155,Angular
36776,26155,ASP.NET
36778,26155,jQuery
36779,26155,Node.js
36780,26155,React
36781,26155,Spring Boot
36782,26158,ASP.NET
36783,26158,ASP.NET CORE
36784,26158,jQuery
36785,26158,Node.js
36788,26159,Next.js
36789,26159,Node.js
36790,26159,React
36791,26161,Angular
36794,26161,Next.js
36795,26161,Node.js
36796,26161,React
36801,26169,React
36803,26170,Angular
36805,26170,ASP.NET CORE
36806,26170,Express
36807,26170,Node.js
36808,26172,jQuery
36810,26172,Node.js
36811,26172,React
36812,26173,Angular
36814,26173,Node.js
36815,26173,React
36817,26174,ASP.NET
36819,26174,Express
36822,26174,jQuery
36825,26174,Next.js
36826,26174,Node.js
36828,26174,React
36830,26174,Spring Boot
36831,26174,Vue.js
36835,26181,React
36842,26182,Next.js
36843,26182,Node.js
36844,26182,React
36845,26188,jQuery
36848,26189,Next.js
36849,26189,Node.js
36850,26189,React
36851,26193,Angular
36853,26193,ASP.NET
36854,26193,ASP.NET CORE
36857,26193,Express
36860,26193,jQuery
36861,26193,Node.js
36862,26193,React
36864,26205,Next.js
36865,26205,Node.js
36866,26205,React
36868,26208,Angular
36870,26208,Node.js
36871,26208,React
36872,26210,Node.js
36874,26210,Vue.js
36875,26215,React
36876,26217,Angular
36878,26222,Angular
36879,26222,ASP.NET CORE
36881,26222,Express
36884,26222,Node.js
36885,26222,React
36887,26225,Express
36890,26225,Next.js
36891,26225,Node.js
36892,26225,React
36894,26225,Spring Boot
36895,26225,Vue.js
36896,26227,jQuery
36897,26228,ASP.NET CORE
36899,26228,Next.js
36900,26228,Node.js
36901,26228,React
36905,26229,Next.js
36906,26229,Node.js
36907,26229,React
36908,26231,Angular
36912,26231,Next.js
36913,26231,Node.js
36914,26231,React
36916,26250,ASP.NET
36917,26250,ASP.NET CORE
36918,26250,React
36919,26250,Spring Boot
36921,26252,Express
36922,26252,jQuery
36923,26252,Node.js
36925,26252,Vue.js
36926,26261,jQuery
36930,26276,Express
36931,26276,Node.js
36932,26276,React
36933,26276,Vue.js
36934,26280,ASP.NET CORE
36935,26280,Express
36939,26281,Express
36942,26281,Node.js
36946,26283,ASP.NET
36947,26283,ASP.NET CORE
36948,26291,ASP.NET
36949,26291,ASP.NET CORE
36951,26291,Express
36953,26291,jQuery
36955,26291,Next.js
36956,26291,Node.js
36957,26291,React
36958,26291,Vue.js
36960,26294,Spring Boot
36963,26296,Node.js
36964,26296,React
36965,26297,Angular
36966,26297,ASP.NET
36967,26297,ASP.NET CORE
36968,26297,React
36969,26299,Angular
36971,26299,jQuery
36972,26299,Node.js
36973,26299,Spring Boot
36974,26299,Vue.js
36977,26301,jQuery
36979,26301,React
36982,26307,Next.js
36983,26307,Node.js
36984,26307,React
36985,26309,Express
36986,26309,Node.js
36987,26309,Spring Boot
36991,26310,Express
36994,26310,jQuery
36996,26310,Next.js
36997,26310,Node.js
36998,26310,React
36999,26315,Angular
37001,26315,ASP.NET
37002,26315,ASP.NET CORE
37007,26315,Express
37009,26315,jQuery
37011,26315,Next.js
37012,26315,Node.js
37014,26315,React
37017,26315,Spring Boot
37020,26315,Vue.js
37026,26321,Next.js
37027,26321,React
37029,26331,Express
37031,26331,Next.js
37032,26331,Node.js
37033,26331,React
37035,26332,Express
37038,26332,jQuery
37039,26332,Next.js
37040,26332,Node.js
37042,26332,React
37044,26332,Vue.js
37046,26334,Angular
37047,26334,Express
37050,26334,Next.js
37051,26334,Node.js
37052,26334,React
37053,26334,Spring Boot
37054,26335,ASP.NET
37055,26335,ASP.NET CORE
37056,26335,jQuery
37058,26339,ASP.NET
37059,26339,ASP.NET CORE
37062,26339,Next.js
37063,26339,Node.js
37064,26339,React
37065,26340,Next.js
37066,26340,React
37067,26341,Next.js
37068,26341,Node.js
37069,26341,React
37071,26344,jQuery
37072,26344,Spring Boot
37075,26356,Node.js
37078,26361,Next.js
37079,26362,Angular
37082,26362,Express
37083,26362,Node.js
37084,26362,React
37087,26363,Next.js
37088,26363,Node.js
37089,26363,React
37090,26363,Spring Boot
37091,26366,Express
37092,26366,jQuery
37093,26366,React
37094,26367,Express
37097,26367,Next.js
37098,26367,Node.js
37099,26367,React
37100,26368,ASP.NET CORE
37101,26368,React
37105,26378,jQuery
37106,26378,Node.js
37107,26379,ASP.NET CORE
37108,26380,Spring Boot
37109,26381,ASP.NET CORE
37111,26381,React
37112,26382,Node.js
37113,26382,React
37115,26385,Angular
37117,26385,ASP.NET
37118,26385,ASP.NET CORE
37120,26385,Express
37122,26385,Node.js
37123,26385,React
37124,26386,Angular
37125,26386,ASP.NET
37126,26386,ASP.NET CORE
37127,26387,Angular
37132,26387,Node.js
37133,26387,React
37135,26397,ASP.NET CORE
37137,26397,Next.js
37138,26397,React
37139,26399,Express
37141,26399,Node.js
37142,26399,React
37143,26399,Spring Boot
37146,26408,Angular
37149,26408,Next.js
37151,26408,React
37154,26414,jQuery
37157,26415,Express
37158,26415,React
37159,26418,ASP.NET
37161,26418,Express
37162,26418,Next.js
37163,26418,Node.js
37165,26418,React
37169,26429,Node.js
37170,26432,Angular
37171,26432,ASP.NET
37172,26432,ASP.NET CORE
37174,26432,jQuery
37175,26432,Next.js
37176,26432,Node.js
37177,26432,React
37179,26439,jQuery
37180,26439,Spring Boot
37181,26441,Angular
37183,26441,Express
37184,26441,Next.js
37185,26441,Node.js
37186,26441,React
37187,26441,Spring Boot
37189,26441,Vue.js
37190,26448,Angular
37193,26448,React
37194,26448,Spring Boot
37195,26451,Express
37196,26451,Next.js
37197,26451,Node.js
37198,26451,React
37199,26455,Express
37201,26455,jQuery
37202,26455,Node.js
37203,26455,React
37205,26459,Express
37206,26459,jQuery
37208,26459,Node.js
37210,26459,Vue.js
37211,26462,ASP.NET
37212,26462,ASP.NET CORE
37214,26462,jQuery
37216,26462,Vue.js
37218,26464,ASP.NET CORE
37220,26464,jQuery
37222,26467,jQuery
37225,26467,Vue.js
37226,26469,Angular
37227,26469,Express
37229,26469,Node.js
37230,26469,React
37231,26471,Angular
37233,26471,ASP.NET
37234,26471,ASP.NET CORE
37235,26471,Express
37236,26471,jQuery
37238,26471,Next.js
37239,26471,Node.js
37240,26471,React
37242,26471,Vue.js
37243,26472,ASP.NET CORE
37244,26472,Next.js
37245,26480,Express
37247,26480,Next.js
37248,26480,Node.js
37249,26480,React
37250,26482,Angular
37251,26482,ASP.NET
37252,26482,ASP.NET CORE
37253,26482,Express
37254,26482,jQuery
37255,26482,Node.js
37258,26485,Spring Boot
37259,26486,Angular
37260,26486,Express
37262,26486,Node.js
37263,26486,React
37264,26490,Angular
37265,26490,Express
37266,26490,Node.js
37267,26491,Node.js
37269,26491,React
37273,26494,ASP.NET
37275,26494,Express
37278,26494,Next.js
37279,26494,Node.js
37280,26494,React
37281,26494,Vue.js
37282,26496,ASP.NET CORE
37283,26497,Angular
37285,26497,Express
37286,26497,jQuery
37288,26497,Node.js
37289,26497,React
37291,26502,Angular
37292,26502,ASP.NET CORE
37293,26502,Express
37294,26502,Node.js
37295,26502,React
37297,26506,Vue.js
37298,26511,Node.js
37300,26513,ASP.NET CORE
37301,26514,Angular
37304,26514,Express
37306,26514,Next.js
37308,26521,ASP.NET CORE
37309,26521,jQuery
37310,26522,ASP.NET
37311,26522,ASP.NET CORE
37315,26522,Vue.js
37317,26523,Node.js
37319,26526,Angular
37322,26526,Node.js
37323,26526,Vue.js
37324,26527,Next.js
37325,26527,React
37327,26528,Angular
37330,26528,Vue.js
37333,26536,jQuery
37334,26541,Express
37335,26541,Next.js
37336,26541,Node.js
37337,26541,React
37338,26541,Spring Boot
37340,26548,Express
37341,26548,Node.js
37342,26548,Spring Boot
37344,26550,Next.js
37345,26550,Node.js
37346,26551,Express
37348,26551,Node.js
37351,26559,Node.js
37352,26560,Express
37353,26560,Node.js
37354,26560,React
37355,26563,Angular
37356,26563,Express
37358,26563,Node.js
37359,26563,React
37360,26564,jQuery
37362,26570,ASP.NET CORE
37365,26570,Express
37367,26570,Next.js
37368,26570,Node.js
37370,26570,React
37372,26574,ASP.NET
37373,26574,ASP.NET CORE
37374,26580,Express
37376,26580,Next.js
37377,26580,Node.js
37378,26580,React
37381,26591,Express
37384,26591,Node.js
37386,26591,React
37388,26591,Vue.js
37391,26593,Node.js
37392,26593,React
37393,26597,Next.js
37394,26597,Node.js
37395,26597,React
37396,26598,Spring Boot
37397,26601,Express
37398,26601,Next.js
37399,26601,Node.js
37400,26601,React
37403,26603,Express
37408,26603,Next.js
37409,26603,Node.js
37410,26603,React
37415,26604,React
37417,26605,Vue.js
37419,26606,ASP.NET
37420,26606,ASP.NET CORE
37423,26606,jQuery
37425,26608,ASP.NET CORE
37429,26608,Node.js
37430,26608,Spring Boot
37431,26608,Vue.js
37432,26611,ASP.NET CORE
37433,26612,Express
37435,26612,Node.js
37436,26612,React
37437,26613,Spring Boot
37438,26614,Angular
37439,26614,Express
37440,26614,Node.js
37442,26614,Vue.js
37445,26617,Express
37446,26617,jQuery
37448,26617,Node.js
37449,26617,Spring Boot
37452,26621,Angular
37453,26621,Node.js
37454,26621,React
37456,26629,React
37457,26638,React
37459,26642,Express
37460,26642,Node.js
37461,26642,React
37462,26643,Angular
37463,26643,ASP.NET
37464,26643,ASP.NET CORE
37469,26643,jQuery
37470,26643,Next.js
37471,26643,Node.js
37473,26643,React
37476,26643,Vue.js
37478,26644,ASP.NET
37479,26644,ASP.NET CORE
37481,26644,jQuery
37483,26644,Node.js
37484,26644,React
37486,26648,Angular
37487,26648,ASP.NET CORE
37488,26648,Next.js
37489,26648,React
37490,26649,ASP.NET
37491,26649,ASP.NET CORE
37493,26649,Express
37495,26649,Next.js
37496,26649,Node.js
37497,26649,React
37499,26649,Vue.js
37502,26661,jQuery
37505,26662,Node.js
37507,26663,jQuery
37509,26663,Next.js
37510,26663,React
37512,26663,Vue.js
37513,26666,Spring Boot
37514,26666,Vue.js
37515,26669,ASP.NET
37516,26669,ASP.NET CORE
37518,26669,Node.js
37519,26674,Angular
37521,26674,ASP.NET
37522,26674,ASP.NET CORE
37523,26674,Express
37524,26674,jQuery
37526,26674,Next.js
37527,26674,Node.js
37529,26674,React
37531,26674,Vue.js
37532,26680,React
37533,26687,jQuery
37535,26690,Next.js
37536,26690,React
37537,26690,Spring Boot
37538,26692,Angular
37539,26692,ASP.NET
37540,26692,jQuery
37541,26692,Node.js
37542,26696,Spring Boot
37543,26697,jQuery
37544,26697,Node.js
37545,26697,Vue.js
37546,26704,Express
37548,26704,Node.js
37550,26704,Vue.js
37551,26705,React
37552,26705,Spring Boot
37553,26708,Node.js
37554,26708,React
37555,26708,Vue.js
37556,26710,React
37557,26714,ASP.NET
37558,26714,ASP.NET CORE
37561,26714,Express
37563,26714,Next.js
37564,26714,Node.js
37565,26714,React
37568,26714,Vue.js
37572,26722,Vue.js
37573,26725,Angular
37574,26725,Node.js
37575,26725,Vue.js
37576,26726,Angular
37577,26726,Next.js
37578,26726,Node.js
37579,26726,React
37580,26726,Spring Boot
37581,26726,Vue.js
37584,26728,Express
37585,26728,jQuery
37586,26728,Next.js
37587,26728,Node.js
37588,26728,React
37589,26728,Spring Boot
37590,26730,Node.js
37591,26732,Express
37592,26732,jQuery
37594,26732,Node.js
37595,26732,React
37597,26735,Express
37598,26735,Next.js
37599,26735,Node.js
37600,26735,React
37603,26737,ASP.NET CORE
37605,26737,Next.js
37606,26737,Node.js
37607,26737,React
37610,26740,React
37611,26741,Angular
37612,26741,Express
37613,26741,Node.js
37614,26741,React
37615,26741,Spring Boot
37616,26741,Vue.js
37620,26744,ASP.NET CORE
37621,26744,Express
37622,26744,Node.js
37623,26744,React
37625,26747,ASP.NET
37628,26747,jQuery
37631,26747,Node.js
37635,26748,Express
37637,26748,Next.js
37638,26748,Node.js
37639,26748,React
37642,26752,Node.js
37644,26752,React
37648,26753,Express
37650,26753,Node.js
37651,26753,Vue.js
37652,26760,Angular
37653,26760,ASP.NET
37654,26760,jQuery
37656,26763,Node.js
37657,26763,React
37659,26765,Node.js
37661,26765,Vue.js
37662,26768,Angular
37664,26768,ASP.NET
37665,26768,ASP.NET CORE
37671,26768,Next.js
37672,26768,Node.js
37674,26768,React
37676,26770,ASP.NET CORE
37678,26770,React
37679,26772,Angular
37680,26772,ASP.NET CORE
37682,26776,ASP.NET
37683,26776,ASP.NET CORE
37685,26776,Express
37687,26776,Next.js
37688,26776,Node.js
37690,26776,React
37692,26776,Vue.js
37694,26777,React
37696,26778,Angular
37698,26778,Express
37699,26778,Node.js
37701,26778,Spring Boot
37703,26782,ASP.NET CORE
37704,26788,Express
37705,26788,jQuery
37707,26788,Node.js
37708,26788,Vue.js
37710,26790,React
37711,26790,Spring Boot
37712,26791,ASP.NET
37713,26791,ASP.NET CORE
37715,26791,Vue.js
37717,26792,Next.js
37718,26792,Node.js
37719,26792,React
37721,26793,Express
37723,26793,Node.js
37724,26793,React
37726,26794,Express
37730,26794,Node.js
37731,26794,React
37732,26795,Express
37733,26795,Next.js
37734,26795,React
37739,26797,jQuery
37740,26797,Node.js
37742,26805,jQuery
37743,26805,React
37745,26809,Angular
37746,26809,Express
37748,26809,Node.js
37750,26809,Vue.js
37751,26815,Express
37752,26815,Node.js
37760,26827,Vue.js
37762,26830,Express
37763,26830,Node.js
37764,26834,ASP.NET
37765,26834,jQuery
37767,26841,Node.js
37768,26841,React
37769,26841,Vue.js
37771,26846,Spring Boot
37773,26848,jQuery
37774,26848,Next.js
37775,26848,Node.js
37776,26848,React
37777,26853,Node.js
37778,26853,React
37779,26855,Angular
37781,26855,Node.js
37784,26859,jQuery
37785,26859,Node.js
37786,26859,React
37787,26860,Angular
37788,26860,ASP.NET
37789,26860,ASP.NET CORE
37790,26860,jQuery
37791,26860,Node.js
37793,26861,Express
37795,26861,Next.js
37796,26861,Node.js
37797,26861,React
37799,26863,Node.js
37800,26863,React
37801,26866,Angular
37802,26866,ASP.NET
37803,26866,ASP.NET CORE
37804,26866,jQuery
37805,26866,Node.js
37806,26867,ASP.NET
37807,26867,ASP.NET CORE
37808,26867,jQuery
37811,26869,Next.js
37816,26881,Express
37817,26881,jQuery
37818,26881,Next.js
37819,26881,Node.js
37820,26881,React
37824,26888,jQuery
37826,26888,Next.js
37827,26888,Node.js
37829,26888,React
37831,26888,Vue.js
37836,26893,Node.js
37837,26893,React
37838,26893,Spring Boot
37841,26900,Node.js
37843,26900,React
37844,26900,Vue.js
37846,26901,Next.js
37848,26903,ASP.NET
37849,26903,ASP.NET CORE
37851,26903,Express
37852,26903,jQuery
37853,26903,Node.js
37854,26903,React
37856,26909,Spring Boot
37860,26913,jQuery
37861,26913,Next.js
37862,26913,Node.js
37863,26913,Spring Boot
37869,26918,Vue.js
37871,26921,Express
37873,26921,Node.js
37874,26921,React
37875,26921,Spring Boot
37876,26922,React
37878,26922,Spring Boot
37880,26924,React
37881,26925,Angular
37882,26925,Node.js
37883,26925,Spring Boot
37885,26926,Angular
37887,26926,ASP.NET
37888,26926,ASP.NET CORE
37891,26926,Next.js
37892,26926,Node.js
37893,26926,React
37895,26926,Vue.js
37897,26932,ASP.NET
37898,26932,ASP.NET CORE
37899,26932,Node.js
37900,26932,React
37901,26933,Next.js
37902,26933,React
37905,26937,Node.js
37906,26937,React
37909,26938,Next.js
37910,26938,Node.js
37911,26938,React
37913,26939,Angular
37914,26939,ASP.NET CORE
37915,26939,Next.js
37916,26939,Node.js
37917,26939,React
37918,26940,ASP.NET
37919,26940,Node.js
37920,26941,Angular
37921,26941,Express
37923,26941,Next.js
37924,26941,Node.js
37925,26941,React
37927,26942,Angular
37928,26942,jQuery
37930,26945,jQuery
37931,26945,Next.js
37932,26945,Node.js
37933,26945,React
37937,26948,Node.js
37938,26948,Vue.js
37939,26950,ASP.NET
37940,26950,ASP.NET CORE
37943,26950,Express
37944,26950,jQuery
37945,26950,Node.js
37946,26950,React
37947,26950,Spring Boot
37949,26951,Node.js
37951,26953,Angular
37952,26953,ASP.NET CORE
37954,26966,React
37955,26970,Express
37957,26970,Next.js
37958,26970,Node.js
37960,26970,React
37961,26970,Vue.js
37964,26971,React
37966,26975,React
37967,26978,jQuery
37969,26980,ASP.NET
37970,26980,ASP.NET CORE
37971,26980,React
37972,26985,Angular
37974,26985,jQuery
37975,26985,Spring Boot
37976,26990,ASP.NET
37977,26990,ASP.NET CORE
37979,26990,Express
37980,26990,jQuery
37981,26990,Next.js
37982,26990,Node.js
37983,26990,React
37986,26996,React
37988,26998,Express
37990,26998,Next.js
37991,26998,Node.js
37992,26998,React
37993,26998,Spring Boot
37994,26999,ASP.NET CORE
37995,26999,Node.js
37997,27009,React
37998,27010,Express
37999,27010,jQuery
38001,27010,Next.js
38002,27010,Node.js
38003,27010,React
38004,27010,Spring Boot
38005,27010,Vue.js
38009,27015,Express
38011,27029,Next.js
38012,27029,Node.js
38013,27029,React
38015,27033,Angular
38018,27033,Next.js
38019,27033,Node.js
38020,27033,React
38021,27033,Spring Boot
38023,27042,ASP.NET
38024,27042,ASP.NET CORE
38026,27042,jQuery
38027,27042,Node.js
38028,27044,Angular
38031,27044,Express
38033,27044,jQuery
38035,27044,Next.js
38036,27044,Node.js
38037,27044,React
38039,27044,Vue.js
38040,27054,React
38041,27054,Spring Boot
38042,27055,ASP.NET
38043,27055,ASP.NET CORE
38046,27060,Angular
38047,27060,Express
38048,27060,Next.js
38049,27060,Node.js
38050,27060,React
38051,27060,Spring Boot
38052,27061,Angular
38053,27061,ASP.NET CORE
38057,27066,jQuery
38058,27066,Node.js
38059,27066,Spring Boot
38060,27068,Spring Boot
38061,27072,Node.js
38062,27072,React
38063,27072,Spring Boot
38064,27073,Express
38067,27073,Next.js
38068,27073,Node.js
38069,27073,React
38071,27075,Express
38074,27075,jQuery
38076,27075,Next.js
38077,27075,Node.js
38078,27075,React
38082,27082,jQuery
38083,27082,React
38084,27082,Vue.js
38088,27087,Vue.js
38089,27089,Angular
38090,27089,ASP.NET
38091,27089,ASP.NET CORE
38092,27091,Next.js
38093,27091,Node.js
38094,27091,React
38095,27094,Express
38097,27094,Node.js
38098,27094,React
38101,27099,Angular
38104,27104,Angular
38106,27104,Node.js
38107,27104,Spring Boot
38108,27104,Vue.js
38112,27108,Spring Boot
38113,27109,Angular
38114,27109,ASP.NET
38115,27109,ASP.NET CORE
38116,27109,Express
38120,27109,jQuery
38122,27109,Next.js
38123,27109,Node.js
38124,27109,React
38125,27109,Spring Boot
38126,27113,ASP.NET CORE
38127,27113,Node.js
38128,27113,Vue.js
38129,27119,Angular
38131,27121,Node.js
38132,27122,Angular
38135,27122,Express
38137,27122,jQuery
38139,27122,Node.js
38140,27122,Vue.js
38141,27127,Angular
38142,27127,React
38143,27127,Spring Boot
38144,27129,Spring Boot
38145,27130,Angular
38146,27130,Express
38147,27130,Node.js
38148,27130,Spring Boot
38151,27131,Node.js
38153,27131,Vue.js
38155,27135,Node.js
38156,27135,React
38159,27138,Spring Boot
38160,27148,Angular
38161,27148,ASP.NET
38162,27148,jQuery
38163,27148,Node.js
38165,27152,Express
38167,27152,Next.js
38168,27152,Node.js
38169,27152,React
38170,27152,Spring Boot
38171,27154,Angular
38172,27154,ASP.NET CORE
38175,27158,Next.js
38176,27158,Node.js
38177,27158,React
38178,27160,Express
38182,27160,Next.js
38183,27160,Node.js
38184,27160,React
38185,27163,Express
38188,27163,jQuery
38189,27163,Next.js
38190,27163,Node.js
38191,27163,React
38192,27163,Spring Boot
38195,27164,Spring Boot
38197,27165,Spring Boot
38199,27166,Angular
38200,27166,ASP.NET
38201,27166,ASP.NET CORE
38205,27166,Spring Boot
38206,27166,Vue.js
38207,27169,React
38208,27171,React
38209,27172,ASP.NET
38210,27172,ASP.NET CORE
38212,27175,Angular
38214,27175,ASP.NET
38215,27175,ASP.NET CORE
38217,27175,jQuery
38218,27175,Next.js
38219,27175,Node.js
38220,27175,React
38222,27175,Vue.js
38224,27176,Express
38226,27176,Next.js
38227,27176,Node.js
38229,27176,React
38230,27176,Vue.js
38232,27177,jQuery
38233,27177,Node.js
38234,27178,Express
38235,27178,jQuery
38236,27178,Node.js
38239,27178,Vue.js
38241,27185,Node.js
38242,27185,Vue.js
38243,27186,ASP.NET CORE
38246,27190,Node.js
38248,27191,Angular
38249,27192,Angular
38251,27192,ASP.NET
38252,27192,ASP.NET CORE
38253,27192,Node.js
38254,27193,ASP.NET CORE
38258,27193,Next.js
38259,27193,React
38262,27201,React
38265,27202,Next.js
38267,27202,React
38268,27205,jQuery
38269,27205,React
38271,27211,Node.js
38274,27213,Spring Boot
38275,27213,Vue.js
38276,27214,Spring Boot
38277,27217,Angular
38279,27217,Express
38280,27217,jQuery
38281,27217,Node.js
38282,27217,React
38283,27218,Angular
38284,27218,ASP.NET CORE
38286,27218,jQuery
38288,27219,ASP.NET CORE
38292,27224,Spring Boot
38293,27228,Node.js
38294,27228,React
38295,27234,jQuery
38297,27234,Next.js
38298,27234,Node.js
38299,27234,React
38301,27234,Vue.js
38303,27241,Express
38305,27241,Next.js
38306,27241,Node.js
38307,27241,React
38309,27242,Express
38311,27242,Next.js
38312,27242,Node.js
38313,27242,React
38315,27244,Spring Boot
38320,27246,jQuery
38321,27246,Next.js
38323,27246,React
38324,27246,Spring Boot
38325,27246,Vue.js
38328,27249,Express
38331,27249,Next.js
38332,27249,Node.js
38333,27249,React
38334,27249,Vue.js
38338,27252,React
38340,27256,Node.js
38342,27256,Vue.js
38343,27260,Spring Boot
38345,27270,ASP.NET
38346,27270,ASP.NET CORE
38348,27270,jQuery
38349,27271,ASP.NET CORE
38352,27275,ASP.NET CORE
38353,27275,Node.js
38354,27275,React
38356,27280,Next.js
38357,27280,React
38358,27281,Node.js
38359,27281,React
38364,27287,React
38365,27287,Vue.js
38366,27288,Express
38367,27288,jQuery
38369,27288,Next.js
38370,27288,Node.js
38373,27288,React
38376,27288,Vue.js
38377,27294,Angular
38379,27294,ASP.NET
38380,27294,ASP.NET CORE
38383,27294,jQuery
38385,27294,React
38388,27296,Express
38390,27296,Node.js
38391,27296,React
38393,27302,Node.js
38394,27302,React
38395,27309,Spring Boot
38400,27312,Node.js
38401,27312,React
38402,27312,Spring Boot
38403,27312,Vue.js
38405,27314,ASP.NET
38406,27314,ASP.NET CORE
38409,27314,jQuery
38410,27315,Express
38411,27315,Next.js
38412,27315,Node.js
38414,27315,React
38415,27315,Vue.js
38416,27318,ASP.NET CORE
38417,27318,jQuery
38419,27318,Next.js
38420,27318,React
38421,27320,Express
38423,27320,Next.js
38424,27320,Node.js
38425,27320,React
38428,27326,jQuery
38431,27327,Next.js
38432,27327,Node.js
38434,27327,React
38435,27327,Spring Boot
38436,27328,Angular
38437,27328,ASP.NET CORE
38438,27328,Node.js
38439,27329,Angular
38442,27329,jQuery
38444,27329,Node.js
38445,27329,React
38447,27329,Vue.js
38450,27332,Angular
38452,27332,Express
38454,27332,Next.js
38455,27332,Node.js
38456,27332,React
38460,27339,ASP.NET
38461,27339,Express
38462,27343,ASP.NET
38463,27343,ASP.NET CORE
38464,27343,jQuery
38465,27343,Next.js
38466,27343,Node.js
38468,27344,Express
38470,27344,Next.js
38471,27344,Node.js
38474,27345,Express
38476,27345,jQuery
38477,27345,Node.js
38479,27348,Next.js
38480,27348,Node.js
38481,27348,React
38483,27351,Express
38485,27351,jQuery
38486,27351,Node.js
38487,27351,React
38488,27352,Express
38489,27352,Node.js
38490,27354,React
38491,27354,Spring Boot
38492,27357,Node.js
38493,27357,React
38494,27357,Vue.js
38497,27365,React
38501,27370,jQuery
38502,27370,React
38504,27373,Next.js
38505,27373,Spring Boot
38507,27374,Vue.js
38508,27375,ASP.NET
38510,27375,Next.js
38511,27375,Node.js
38512,27378,Angular
38514,27378,ASP.NET
38515,27378,ASP.NET CORE
38516,27378,jQuery
38517,27378,React
38518,27380,Express
38519,27380,jQuery
38520,27380,Node.js
38521,27380,React
38523,27389,ASP.NET CORE
38527,27401,ASP.NET
38528,27401,ASP.NET CORE
38529,27401,Express
38530,27401,Next.js
38531,27401,Node.js
38532,27401,React
38534,27404,Angular
38536,27404,jQuery
38537,27404,React
38541,27418,Next.js
38542,27418,Node.js
38543,27418,React
38544,27420,jQuery
38546,27420,Vue.js
38548,27425,ASP.NET
38549,27425,ASP.NET CORE
38550,27425,Vue.js
38551,27436,Node.js
38552,27436,React
38555,27437,Vue.js
38556,27441,jQuery
38558,27442,jQuery
38559,27442,Node.js
38560,27442,Spring Boot
38561,27463,jQuery
38563,27463,Vue.js
38566,27469,Node.js
38567,27469,Vue.js
38569,27480,Angular
38571,27480,React
38573,27484,React
38574,27486,ASP.NET
38575,27486,ASP.NET CORE
38576,27486,jQuery
38578,27492,Next.js
38579,27492,React
38580,27496,Angular
38583,27496,jQuery
38584,27496,React
38585,27496,Spring Boot
38586,27497,ASP.NET
38587,27497,ASP.NET CORE
38589,27497,jQuery
38590,27497,Vue.js
38594,27499,jQuery
38595,27499,Next.js
38596,27499,React
38599,27500,Node.js
38600,27500,Vue.js
38601,27503,React
38602,27503,Spring Boot
38603,27506,ASP.NET CORE
38604,27506,Next.js
38605,27506,React
38606,27519,ASP.NET
38607,27519,ASP.NET CORE
38608,27521,Angular
38610,27521,jQuery
38611,27521,Next.js
38612,27521,Node.js
38613,27521,React
38614,27521,Vue.js
38618,27524,Angular
38619,27524,ASP.NET CORE
38620,27524,Node.js
38621,27528,Angular
38622,27528,ASP.NET
38623,27528,ASP.NET CORE
38624,27528,Express
38626,27528,Next.js
38627,27528,Node.js
38628,27528,React
38632,27534,Angular
38633,27534,Express
38635,27534,Node.js
38636,27534,React
38638,27534,Spring Boot
38639,27535,Angular
38643,27535,Next.js
38644,27535,React
38645,27539,Angular
38649,27539,Next.js
38650,27539,Node.js
38651,27539,React
38652,27539,Spring Boot
38656,27542,Node.js
38657,27542,Vue.js
38658,27543,Angular
38659,27543,Express
38661,27543,Node.js
38663,27543,Vue.js
38664,27547,ASP.NET
38665,27547,ASP.NET CORE
38666,27547,React
38670,27550,Next.js
38671,27550,React
38673,27553,Angular
38674,27553,ASP.NET CORE
38675,27553,Express
38676,27553,jQuery
38677,27553,Next.js
38678,27553,Node.js
38679,27553,React
38681,27556,ASP.NET
38682,27556,ASP.NET CORE
38683,27556,jQuery
38684,27556,Node.js
38685,27556,React
38686,27557,jQuery
38690,27560,React
38693,27563,Angular
38694,27563,ASP.NET
38695,27563,ASP.NET CORE
38696,27563,jQuery
38697,27566,Angular
38698,27566,Node.js
38699,27566,Spring Boot
38700,27568,Angular
38704,27568,Spring Boot
38709,27569,jQuery
38713,27571,Node.js
38715,27571,React
38718,27571,Vue.js
38720,27578,ASP.NET
38721,27578,Express
38722,27578,Next.js
38723,27578,Node.js
38724,27578,React
38725,27578,Spring Boot
38727,27586,ASP.NET CORE
38728,27587,ASP.NET
38729,27587,ASP.NET CORE
38730,27588,Angular
38731,27588,ASP.NET
38732,27588,ASP.NET CORE
38735,27588,Express
38739,27588,Next.js
38740,27588,Node.js
38741,27588,React
38742,27588,Spring Boot
38745,27590,Express
38746,27590,Next.js
38747,27590,Node.js
38748,27590,React
38751,27593,Angular
38752,27593,ASP.NET
38753,27593,ASP.NET CORE
38754,27593,Express
38755,27593,jQuery
38756,27593,Node.js
38757,27593,React
38758,27601,Angular
38759,27601,Express
38761,27601,Node.js
38762,27601,React
38764,27605,Next.js
38766,27605,React
38767,27605,Vue.js
38770,27611,Node.js
38771,27611,React
38772,27611,Spring Boot
38773,27614,ASP.NET CORE
38775,27619,Angular
38777,27619,Express
38778,27619,Node.js
38779,27619,Vue.js
38783,27620,Node.js
38784,27620,React
38785,27621,Node.js
38786,27621,React
38787,27623,Angular
38788,27623,ASP.NET
38789,27623,ASP.NET CORE
38791,27628,Vue.js
38792,27631,Express
38793,27631,Next.js
38794,27631,Node.js
38795,27631,React
38796,27634,Angular
38798,27634,React
38799,27635,Express
38801,27635,Next.js
38802,27635,Node.js
38804,27636,ASP.NET
38806,27636,Node.js
38807,27636,React
38808,27641,jQuery
38810,27645,Express
38811,27645,Next.js
38812,27645,Node.js
38814,27645,React
38815,27645,Vue.js
38816,27648,Angular
38817,27648,ASP.NET
38818,27648,ASP.NET CORE
38820,27649,Express
38822,27649,jQuery
38824,27649,Next.js
38825,27649,Node.js
38827,27649,React
38828,27649,Spring Boot
38829,27649,Vue.js
38831,27652,Vue.js
38832,27654,ASP.NET
38833,27654,ASP.NET CORE
38835,27654,Vue.js
38836,27660,Express
38837,27660,Node.js
38838,27660,React
38839,27660,Spring Boot
38840,27662,Angular
38841,27662,ASP.NET
38842,27662,ASP.NET CORE
38843,27662,jQuery
38846,27665,Node.js
38847,27665,React
38851,27666,Express
38853,27666,Node.js
38856,27666,Vue.js
38857,27669,ASP.NET CORE
38859,27669,Next.js
38860,27669,React
38861,27671,Next.js
38862,27671,Node.js
38863,27671,React
38864,27675,Next.js
38865,27679,Angular
38868,27679,jQuery
38870,27679,Node.js
38871,27679,React
38872,27679,Vue.js
38876,27685,Vue.js
38879,27688,jQuery
38882,27688,Next.js
38883,27688,Node.js
38885,27696,ASP.NET
38886,27696,ASP.NET CORE
38888,27696,Express
38890,27696,React
38891,27696,Spring Boot
38894,27697,Node.js
38895,27697,Vue.js
38898,27703,ASP.NET CORE
38899,27704,Express
38901,27704,Node.js
38902,27704,React
38904,27708,Angular
38905,27708,ASP.NET
38906,27708,ASP.NET CORE
38907,27708,jQuery
38908,27708,Node.js
38910,27713,Spring Boot
38911,27718,Express
38912,27718,Node.js
38913,27719,React
38915,27720,Spring Boot
38917,27723,Express
38918,27723,Next.js
38919,27723,Node.js
38920,27728,Angular
38923,27728,Express
38925,27728,jQuery
38926,27728,Node.js
38927,27728,React
38929,27730,Express
38930,27730,Node.js
38931,27730,React
38932,27733,ASP.NET
38933,27733,ASP.NET CORE
38935,27733,Spring Boot
38936,27735,jQuery
38937,27735,React
38939,27735,Vue.js
38940,27741,ASP.NET CORE
38941,27741,jQuery
38942,27741,React
38943,27744,ASP.NET
38944,27744,ASP.NET CORE
38945,27744,Express
38946,27744,Node.js
38947,27744,React
38948,27744,Vue.js
38950,27753,Angular
38951,27753,Express
38952,27753,Node.js
38953,27753,React
38955,27756,Node.js
38956,27756,React
38960,27761,Node.js
38961,27761,React
38962,27762,Express
38963,27762,Node.js
38964,27762,Vue.js
38966,27765,Node.js
38967,27765,React
38969,27767,Angular
38971,27767,Next.js
38972,27767,Node.js
38975,27770,Node.js
38976,27771,Express
38977,27771,Next.js
38978,27771,Node.js
38979,27771,React
38981,27776,ASP.NET CORE
38983,27780,ASP.NET
38984,27780,ASP.NET CORE
38986,27780,jQuery
38987,27780,React
38991,27782,jQuery
38992,27782,Node.js
38995,27782,Vue.js
38998,27783,Express
39001,27783,Next.js
39002,27783,Node.js
39003,27783,React
39004,27786,Express
39006,27786,Next.js
39007,27786,Node.js
39008,27786,React
39009,27786,Vue.js
39010,27787,Spring Boot
39013,27789,Next.js
39014,27789,React
39015,27790,Angular
39016,27790,ASP.NET CORE
39017,27790,Express
39018,27790,Node.js
39019,27790,React
39020,27790,Vue.js
39021,27794,jQuery
39023,27794,Node.js
39024,27794,Vue.js
39027,27795,jQuery
39028,27795,Node.js
39029,27795,React
39030,27800,React
39031,27802,Express
39033,27802,Next.js
39034,27802,Node.js
39035,27802,React
39037,27805,Angular
39039,27805,jQuery
39040,27805,React
39042,27805,Vue.js
39043,27810,Angular
39044,27810,ASP.NET
39048,27810,jQuery
39052,27811,Next.js
39053,27811,Node.js
39054,27811,React
39057,27815,Angular
39059,27815,Next.js
39060,27815,Node.js
39062,27816,ASP.NET
39063,27816,ASP.NET CORE
39066,27816,React
39067,27816,Vue.js
39068,27823,Angular
39069,27823,ASP.NET
39070,27823,ASP.NET CORE
39071,27823,Express
39076,27823,Node.js
39077,27823,React
39079,27823,Vue.js
39081,27825,Express
39082,27825,jQuery
39083,27825,Next.js
39084,27825,Node.js
39086,27826,Angular
39089,27826,Node.js
39090,27826,React
39094,27827,Vue.js
39095,27828,jQuery
39096,27828,Node.js
39097,27828,Vue.js
39098,27829,ASP.NET CORE
39100,27837,Express
39103,27837,Next.js
39104,27837,Node.js
39105,27837,React
39108,27837,Vue.js
39109,27840,Angular
39110,27840,ASP.NET CORE
39112,27840,Node.js
39114,27840,React
39116,27840,Vue.js
39117,27843,Angular
39119,27843,Node.js
39120,27843,Vue.js
39122,27844,jQuery
39124,27846,ASP.NET CORE
39125,27846,Node.js
39126,27846,React
39128,27854,Express
39131,27854,Vue.js
39132,27864,jQuery
39133,27866,ASP.NET
39134,27866,ASP.NET CORE
39136,27866,Express
39137,27866,jQuery
39138,27866,React
39140,27867,ASP.NET CORE
39141,27867,Node.js
39142,27868,Angular
39144,27868,Node.js
39146,27870,Next.js
39147,27870,Node.js
39149,27872,Next.js
39150,27872,Node.js
39151,27873,Angular
39153,27873,ASP.NET
39154,27873,ASP.NET CORE
39155,27873,jQuery
39156,27874,Angular
39158,27874,ASP.NET
39159,27874,ASP.NET CORE
39160,27874,Node.js
39161,27876,Angular
39163,27876,ASP.NET
39164,27876,ASP.NET CORE
39166,27876,jQuery
39167,27876,Node.js
39170,27879,Next.js
39171,27879,Node.js
39172,27886,Express
39173,27886,Node.js
39174,27886,React
39175,27888,Angular
39176,27888,ASP.NET
39177,27888,ASP.NET CORE
39179,27888,jQuery
39180,27888,Node.js
39181,27888,Vue.js
39184,27897,jQuery
39185,27897,Node.js
39188,27899,Angular
39190,27899,ASP.NET
39191,27899,ASP.NET CORE
39192,27899,jQuery
39193,27899,Node.js
39194,27899,React
39195,27907,Angular
39197,27907,jQuery
39198,27907,Node.js
39199,27908,Angular
39200,27908,ASP.NET
39201,27908,ASP.NET CORE
39204,27908,Node.js
39205,27909,Angular
39207,27909,Express
39209,27909,Next.js
39210,27909,Node.js
39212,27909,React
39213,27909,Spring Boot
39216,27916,Vue.js
39218,27923,Express
39219,27923,jQuery
39221,27923,Next.js
39222,27923,Node.js
39223,27923,React
39224,27923,Vue.js
39225,27924,Angular
39226,27924,Express
39228,27924,Node.js
39229,27924,React
39232,27928,Angular
39233,27928,ASP.NET
39234,27928,ASP.NET CORE
39235,27928,Express
39236,27928,React
39238,27930,Express
39240,27930,Spring Boot
39242,27934,React
39243,27935,jQuery
39245,27936,Angular
39246,27936,Express
39247,27936,jQuery
39248,27936,Node.js
39249,27938,ASP.NET
39250,27938,ASP.NET CORE
39252,27945,Vue.js
39253,27948,ASP.NET CORE
39255,27948,Node.js
39256,27948,React
39258,27950,Angular
39259,27950,ASP.NET
39260,27950,ASP.NET CORE
39264,27951,Spring Boot
39265,27954,Angular
39266,27954,ASP.NET CORE
39268,27954,Express
39272,27954,Node.js
39274,27954,Spring Boot
39275,27957,Express
39276,27957,Node.js
39277,27957,React
39278,27959,ASP.NET CORE
39280,27960,jQuery
39282,27962,ASP.NET
39283,27962,ASP.NET CORE
39287,27962,jQuery
39288,27962,Node.js
39289,27962,Vue.js
39291,27966,ASP.NET
39292,27966,ASP.NET CORE
39293,27968,ASP.NET
39294,27968,ASP.NET CORE
39298,27968,Express
39300,27968,jQuery
39301,27968,Next.js
39302,27968,Node.js
39304,27968,React
39308,27968,Vue.js
39309,27970,ASP.NET
39310,27970,Node.js
39311,27971,Angular
39313,27971,jQuery
39314,27971,Node.js
39316,27974,ASP.NET CORE
39317,27974,React
39318,27974,Vue.js
39319,27976,Next.js
39320,27976,Node.js
39321,27976,React
39323,27981,Express
39324,27981,Node.js
39325,27981,React
39327,27987,Angular
39328,27987,Express
39329,27987,Node.js
39331,27995,jQuery
39332,27995,Node.js
39333,27995,React
39334,27995,Spring Boot
39335,27996,Angular
39336,27996,jQuery
39337,27996,Next.js
39338,27996,Node.js
39339,27997,Angular
39340,27997,ASP.NET CORE
39341,27999,Vue.js
39343,28000,ASP.NET
39344,28000,ASP.NET CORE
39345,28000,Express
39346,28000,jQuery
39347,28000,Next.js
39348,28000,Node.js
39349,28000,React
39351,28006,Spring Boot
39352,28007,jQuery
39354,28015,Node.js
39355,28015,React
39356,28020,ASP.NET
39357,28020,ASP.NET CORE
39359,28020,jQuery
39362,28022,Next.js
39363,28022,React
39364,28023,ASP.NET CORE
39365,28029,ASP.NET CORE
39367,28029,Express
39368,28029,Node.js
39369,28029,React
39370,28029,Spring Boot
39371,28030,Angular
39372,28030,Vue.js
39373,28033,React
39374,28034,Express
39377,28034,jQuery
39378,28034,Next.js
39379,28034,Node.js
39380,28034,React
39381,28035,ASP.NET
39382,28035,ASP.NET CORE
39383,28042,Express
39384,28042,Next.js
39385,28042,Node.js
39386,28042,React
39387,28043,Angular
39388,28043,Express
39389,28043,jQuery
39391,28043,Node.js
39392,28046,ASP.NET CORE
39394,28046,jQuery
39395,28046,Node.js
39396,28047,Express
39398,28047,Next.js
39399,28047,Node.js
39400,28047,React
39401,28049,Angular
39402,28049,ASP.NET
39403,28049,ASP.NET CORE
39404,28049,jQuery
39405,28049,Node.js
39409,28052,jQuery
39410,28052,Node.js
39411,28053,Angular
39412,28053,Express
39414,28053,Next.js
39415,28053,Node.js
39416,28053,React
39417,28054,Next.js
39418,28054,Node.js
39419,28054,React
39420,28059,Next.js
39421,28059,React
39422,28060,ASP.NET CORE
39423,28064,ASP.NET CORE
39424,28064,React
39425,28067,ASP.NET
39426,28067,ASP.NET CORE
39431,28067,jQuery
39433,28067,Vue.js
39434,28069,jQuery
39436,28069,Node.js
39438,28069,Vue.js
39440,28074,ASP.NET
39441,28074,ASP.NET CORE
39442,28074,jQuery
39444,28079,Express
39446,28079,jQuery
39447,28079,Node.js
39449,28079,Vue.js
39452,28083,Next.js
39453,28083,Node.js
39454,28083,React
39456,28085,jQuery
39460,28086,Express
39464,28086,jQuery
39466,28086,Next.js
39467,28086,Node.js
39468,28086,React
39470,28088,Angular
39476,28092,ASP.NET
39477,28092,ASP.NET CORE
39480,28096,ASP.NET CORE
39481,28096,React
39482,28097,Next.js
39483,28097,React
39485,28100,Angular
39486,28100,Express
39487,28100,jQuery
39488,28100,Node.js
39489,28100,React
39491,28102,Angular
39492,28102,ASP.NET CORE
39494,28102,jQuery
39495,28102,Node.js
39496,28102,React
39498,28102,Spring Boot
39500,28106,Vue.js
39502,28107,Express
39504,28107,Node.js
39505,28107,Vue.js
39506,28108,Next.js
39507,28108,React
39509,28109,React
39512,28110,Next.js
39513,28110,Node.js
39514,28110,React
39517,28113,Spring Boot
39519,28116,Next.js
39521,28118,jQuery
39523,28118,Next.js
39524,28118,Node.js
39525,28118,React
39526,28118,Spring Boot
39527,28119,React
39528,28119,Spring Boot
39530,28124,Angular
39531,28124,ASP.NET CORE
39532,28128,Next.js
39533,28128,Node.js
39535,28129,React
39536,28129,Vue.js
39537,28130,ASP.NET CORE
39539,28130,jQuery
39541,28143,jQuery
39542,28143,Node.js
39543,28143,React
39544,28143,Vue.js
39546,28146,Express
39547,28146,Node.js
39550,28146,Vue.js
39553,28150,jQuery
39555,28153,ASP.NET
39556,28153,ASP.NET CORE
39559,28157,Express
39560,28157,React
39561,28158,Angular
39565,28158,jQuery
39566,28158,Next.js
39567,28158,Node.js
39568,28158,React
39570,28160,Angular
39571,28160,ASP.NET
39572,28160,ASP.NET CORE
39573,28160,jQuery
39574,28160,Node.js
39576,28162,Express
39578,28162,jQuery
39581,28162,Next.js
39582,28162,Node.js
39584,28162,React
39585,28162,Vue.js
39586,28163,Express
39587,28163,React
39588,28165,ASP.NET CORE
39589,28167,Angular
39591,28167,ASP.NET
39592,28167,jQuery
39593,28167,Node.js
39594,28167,Spring Boot
39595,28168,jQuery
39596,28168,React
39598,28171,Angular
39600,28171,jQuery
39602,28171,Vue.js
39603,28174,Express
39604,28174,jQuery
39606,28174,Spring Boot
39609,28175,Vue.js
39610,28180,Angular
39612,28180,ASP.NET CORE
39613,28180,jQuery
39614,28183,Angular
39616,28183,Node.js
39617,28183,React
39618,28183,Spring Boot
39619,28188,Express
39621,28188,Node.js
39622,28188,React
39625,28193,Angular
39626,28194,ASP.NET CORE
39627,28197,Angular
39630,28197,jQuery
39631,28197,Node.js
39632,28197,Spring Boot
39633,28201,Angular
39634,28201,ASP.NET
39635,28201,ASP.NET CORE
39636,28201,jQuery
39637,28201,Next.js
39638,28201,Node.js
39639,28201,React
39641,28204,Express
39643,28204,Node.js
39644,28206,Angular
39646,28206,Node.js
39647,28206,Spring Boot
39649,28208,Express
39651,28208,Next.js
39652,28208,Node.js
39654,28208,Spring Boot
39655,28210,ASP.NET
39656,28210,ASP.NET CORE
39657,28210,Node.js
39658,28210,React
39659,28211,jQuery
39660,28211,Next.js
39661,28211,Node.js
39662,28211,React
39664,28211,Vue.js
39665,28213,ASP.NET CORE
39668,28215,Angular
39670,28215,Node.js
39671,28215,React
39672,28215,Spring Boot
39673,28222,Angular
39674,28222,ASP.NET
39675,28222,ASP.NET CORE
39676,28222,jQuery
39678,28224,ASP.NET
39679,28224,ASP.NET CORE
39680,28224,Node.js
39681,28224,React
39683,28225,React
39684,28227,Angular
39687,28229,ASP.NET
39688,28229,ASP.NET CORE
39691,28231,React
39692,28231,Spring Boot
39693,28231,Vue.js
39697,28239,jQuery
39699,28239,Node.js
39700,28239,React
39705,28240,React
39706,28241,Express
39709,28241,Next.js
39710,28241,Node.js
39711,28241,React
39713,28242,ASP.NET
39715,28242,jQuery
39717,28242,Node.js
39718,28242,React
39720,28242,Vue.js
39723,28248,Express
39725,28248,Next.js
39726,28248,Node.js
39727,28248,React
39730,28253,Vue.js
39731,28255,Angular
39732,28255,ASP.NET CORE
39735,28259,Angular
39738,28259,Node.js
39739,28259,React
39740,28259,Spring Boot
39742,28260,Angular
39744,28260,ASP.NET
39745,28260,ASP.NET CORE
39747,28260,Next.js
39748,28260,React
39749,28260,Spring Boot
39750,28261,Express
39751,28261,Node.js
39752,28261,Vue.js
39753,28262,ASP.NET CORE
39754,28262,Node.js
39755,28264,Express
39756,28264,Next.js
39757,28264,Node.js
39758,28264,React
39759,28266,React
39760,28267,Angular
39763,28267,Node.js
39764,28267,React
39765,28267,Spring Boot
39769,28269,React
39770,28272,Angular
39771,28272,ASP.NET
39772,28272,ASP.NET CORE
39773,28272,jQuery
39774,28272,React
39775,28272,Spring Boot
39776,28272,Vue.js
39778,28277,Angular
39779,28277,ASP.NET CORE
39781,28277,jQuery
39782,28277,Node.js
39783,28277,React
39784,28280,ASP.NET
39785,28280,ASP.NET CORE
39786,28280,Node.js
39787,28280,React
39789,28284,Angular
39791,28284,ASP.NET CORE
39793,28284,React
39794,28290,Angular
39796,28291,Next.js
39797,28291,React
39798,28292,Angular
39800,28292,ASP.NET CORE
39801,28292,React
39802,28292,Vue.js
39803,28299,Next.js
39804,28299,Node.js
39805,28299,React
39808,28301,Node.js
39809,28301,Vue.js
39811,28304,jQuery
39812,28304,Node.js
39813,28306,Angular
39814,28306,ASP.NET
39815,28306,ASP.NET CORE
39817,28306,Node.js
39818,28306,Spring Boot
39820,28312,ASP.NET CORE
39823,28316,Node.js
39824,28316,React
39828,28328,Angular
39830,28328,ASP.NET
39831,28328,ASP.NET CORE
39833,28328,Express
39834,28328,jQuery
39835,28328,Next.js
39836,28328,Node.js
39837,28328,React
39838,28328,Spring Boot
39839,28328,Vue.js
39840,28329,ASP.NET CORE
39841,28342,Angular
39842,28342,Node.js
39844,28342,Vue.js
39845,28343,Express
39846,28343,Next.js
39847,28343,Node.js
39848,28343,React
39849,28344,React
39853,28346,Node.js
39856,28349,ASP.NET CORE
39857,28349,Express
39858,28349,jQuery
39859,28349,Next.js
39860,28349,Node.js
39861,28349,React
39862,28353,ASP.NET CORE
39863,28353,jQuery
39864,28353,Vue.js
39868,28358,jQuery
39869,28358,Node.js
39870,28358,Vue.js
39871,28360,React
39872,28360,Vue.js
39874,28362,Next.js
39875,28362,React
39879,28374,Angular
39881,28374,ASP.NET
39882,28374,ASP.NET CORE
39885,28374,Node.js
39886,28374,React
39887,28374,Spring Boot
39889,28377,React
39890,28381,Express
39891,28381,Node.js
39892,28381,Vue.js
39893,28387,Angular
39897,28387,Express
39898,28387,Next.js
39899,28387,Node.js
39901,28387,React
39902,28387,Vue.js
39905,28392,Angular
39906,28392,ASP.NET CORE
39908,28392,Express
39910,28392,jQuery
39911,28392,Node.js
39912,28392,React
39913,28395,Next.js
39914,28395,Node.js
39915,28395,React
39917,28398,jQuery
39918,28398,Next.js
39919,28398,Node.js
39920,28398,React
39922,28398,Vue.js
39924,28406,Angular
39925,28406,ASP.NET
39926,28406,ASP.NET CORE
39927,28407,ASP.NET
39928,28407,ASP.NET CORE
39929,28407,jQuery
39930,28407,React
39931,28409,Express
39932,28409,Next.js
39933,28409,Node.js
39934,28409,React
39940,28414,jQuery
39941,28414,Node.js
39943,28414,React
39944,28414,Spring Boot
39946,28414,Vue.js
39948,28417,Angular
39949,28417,ASP.NET
39950,28417,ASP.NET CORE
39952,28418,jQuery
39953,28418,React
39956,28420,ASP.NET CORE
39958,28420,Express
39959,28420,jQuery
39960,28420,Next.js
39961,28420,Node.js
39962,28420,React
39963,28420,Spring Boot
39964,28421,Spring Boot
39965,28424,Angular
39968,28424,Express
39969,28424,Node.js
39971,28424,React
39973,28424,Vue.js
39974,28427,ASP.NET CORE
39976,28427,Next.js
39977,28427,Node.js
39978,28428,jQuery
39980,28428,React
39983,28445,jQuery
39985,28445,Vue.js
39986,28446,React
39988,28449,ASP.NET
39989,28449,ASP.NET CORE
39990,28449,jQuery
39991,28449,Next.js
39992,28449,Node.js
39993,28449,React
39994,28451,Node.js
39995,28451,Spring Boot
39996,28455,ASP.NET
39997,28455,ASP.NET CORE
40000,28455,jQuery
40001,28457,Angular
40002,28457,Spring Boot
40004,28457,Vue.js
40005,28459,ASP.NET
40006,28459,ASP.NET CORE
40007,28460,React
40010,28470,ASP.NET
40011,28470,ASP.NET CORE
40012,28470,React
40013,28472,ASP.NET CORE
40014,28472,Next.js
40015,28472,Node.js
40016,28472,React
40017,28478,Angular
40019,28478,Express
40023,28478,jQuery
40026,28478,Next.js
40027,28478,Node.js
40028,28478,React
40029,28478,Spring Boot
40030,28478,Vue.js
40032,28479,Angular
40033,28479,ASP.NET
40034,28479,ASP.NET CORE
40035,28479,Next.js
40036,28479,Node.js
40037,28479,React
40038,28479,Spring Boot
40039,28480,ASP.NET CORE
40040,28480,Next.js
40041,28480,React
40042,28484,Node.js
40043,28484,Vue.js
40045,28485,jQuery
40046,28485,Next.js
40047,28485,React
40050,28491,Express
40051,28491,Next.js
40052,28491,Node.js
40053,28491,React
40056,28493,Node.js
40057,28493,React
40058,28495,Angular
40060,28495,Spring Boot
40061,28497,Express
40062,28497,Node.js
40063,28497,React
40064,28501,Express
40065,28501,jQuery
40066,28501,Node.js
40067,28501,React
40068,28501,Vue.js
40070,28502,ASP.NET
40071,28502,ASP.NET CORE
40072,28502,jQuery
40073,28505,jQuery
40074,28505,Node.js
40075,28505,Vue.js
40077,28506,Express
40080,28506,jQuery
40081,28506,Node.js
40082,28506,React
40083,28506,Spring Boot
40085,28507,Next.js
40086,28507,Node.js
40087,28507,React
40089,28508,Express
40090,28508,Node.js
40091,28508,React
40093,28510,Spring Boot
40094,28510,Vue.js
40095,28514,Angular
40096,28514,Express
40098,28514,Node.js
40099,28514,React
40101,28516,Next.js
40102,28516,Node.js
40103,28516,React
40105,28518,Express
40106,28518,Next.js
40107,28518,Node.js
40109,28524,ASP.NET
40110,28524,ASP.NET CORE
40111,28524,jQuery
40112,28524,React
40114,28526,Express
40116,28526,Node.js
40117,28526,React
40119,28528,Express
40121,28528,Next.js
40122,28528,Node.js
40123,28528,React
40128,28535,jQuery
40130,28535,Node.js
40131,28535,Spring Boot
40133,28537,ASP.NET CORE
40135,28537,Vue.js
40136,28542,Angular
40138,28542,Express
40139,28542,jQuery
40141,28542,Node.js
40142,28542,React
40143,28542,Spring Boot
40145,28555,jQuery
40146,28556,Node.js
40147,28560,Node.js
40148,28560,React
40150,28562,Express
40151,28562,Node.js
40153,28562,React
40154,28563,ASP.NET CORE
40155,28563,jQuery
40157,28565,Angular
40159,28565,ASP.NET
40160,28565,ASP.NET CORE
40162,28565,Node.js
40163,28565,React
40164,28565,Spring Boot
40165,28565,Vue.js
40166,28566,Angular
40167,28566,jQuery
40168,28566,Node.js
40169,28566,Vue.js
40173,28577,Spring Boot
40174,28577,Vue.js
40175,28578,Angular
40177,28578,Node.js
40178,28578,React
40181,28579,Node.js
40182,28579,React
40183,28580,ASP.NET CORE
40184,28580,Vue.js
40186,28581,Spring Boot
40187,28584,Angular
40189,28584,ASP.NET
40190,28584,ASP.NET CORE
40195,28584,jQuery
40197,28584,Next.js
40198,28584,Node.js
40199,28584,React
40204,28590,Express
40205,28590,Node.js
40206,28590,React
40207,28590,Vue.js
40209,28591,Express
40211,28591,Node.js
40212,28591,React
40213,28591,Vue.js
40214,28594,ASP.NET CORE
40215,28594,React
40216,28599,Angular
40217,28599,ASP.NET CORE
40218,28599,Express
40219,28599,Node.js
40220,28601,ASP.NET
40221,28601,ASP.NET CORE
40223,28601,Node.js
40224,28601,Vue.js
40225,28603,ASP.NET CORE
40227,28604,Angular
40228,28604,ASP.NET CORE
40229,28608,Angular
40230,28608,Next.js
40231,28608,Node.js
40232,28608,React
40235,28611,ASP.NET
40236,28611,ASP.NET CORE
40239,28611,Next.js
40240,28611,Node.js
40241,28611,React
40242,28612,Express
40243,28612,Node.js
40244,28612,Vue.js
40245,28616,Node.js
40246,28616,React
40248,28617,Angular
40251,28617,Express
40254,28617,jQuery
40256,28617,Node.js
40258,28617,React
40260,28618,Node.js
40261,28618,React
40263,28622,ASP.NET
40264,28622,ASP.NET CORE
40266,28622,Node.js
40267,28622,React
40268,28623,ASP.NET
40269,28623,jQuery
40270,28623,Spring Boot
40272,28624,jQuery
40273,28624,Node.js
40274,28624,Vue.js
40277,28626,Next.js
40278,28626,Node.js
40279,28626,React
40281,28629,Express
40282,28629,Next.js
40283,28629,Node.js
40284,28629,React
40287,28631,Express
40288,28631,Node.js
40289,28631,React
40290,28631,Spring Boot
40291,28634,Angular
40292,28634,ASP.NET
40293,28634,ASP.NET CORE
40295,28634,jQuery
40296,28634,Node.js
40297,28635,Next.js
40298,28635,React
40299,28641,Angular
40300,28641,jQuery
40301,28641,Node.js
40302,28641,React
40303,28641,Spring Boot
40304,28644,jQuery
40306,28644,Node.js
40307,28649,ASP.NET
40308,28649,ASP.NET CORE
40310,28649,Node.js
40311,28650,Express
40312,28650,Next.js
40313,28650,Node.js
40314,28650,React
40315,28655,Express
40317,28655,Node.js
40319,28655,React
40322,28660,Node.js
40324,28660,Vue.js
40327,28662,React
40328,28662,Vue.js
40329,28663,Angular
40330,28663,ASP.NET
40331,28663,ASP.NET CORE
40332,28663,jQuery
40333,28665,Node.js
40334,28665,React
40338,28667,jQuery
40339,28667,React
40340,28669,Node.js
40341,28680,Angular
40342,28680,Express
40344,28681,jQuery
40346,28681,Node.js
40347,28681,React
40351,28683,Vue.js
40356,28687,ASP.NET CORE
40359,28687,Express
40362,28687,Next.js
40363,28687,Node.js
40364,28687,React
40367,28687,Vue.js
40368,28688,Angular
40370,28688,ASP.NET
40371,28688,ASP.NET CORE
40372,28688,Express
40373,28688,Node.js
40374,28688,React
40375,28691,ASP.NET CORE
40377,28693,Node.js
40378,28699,ASP.NET CORE
40379,28699,Express
40381,28699,Node.js
40382,28703,React
40383,28705,ASP.NET
40384,28705,ASP.NET CORE
40387,28706,ASP.NET CORE
40388,28706,Express
40389,28706,React
40390,28706,Vue.js
40391,28708,Angular
40392,28708,Express
40394,28708,jQuery
40396,28708,Node.js
40397,28708,Vue.js
40398,28709,Angular
40400,28709,Next.js
40401,28709,Node.js
40402,28709,React
40403,28711,Next.js
40404,28711,Node.js
40405,28711,React
40408,28712,ASP.NET
40409,28712,ASP.NET CORE
40410,28712,jQuery
40411,28712,Node.js
40412,28712,React
40413,28717,Angular
40415,28717,Express
40417,28717,Node.js
40418,28718,Express
40420,28718,jQuery
40422,28718,Next.js
40423,28718,Node.js
40424,28718,React
40425,28719,React
40426,28719,Spring Boot
40427,28722,ASP.NET
40429,28722,jQuery
40430,28722,Node.js
40431,28722,React
40434,28724,ASP.NET
40435,28724,Express
40436,28724,Next.js
40437,28724,Node.js
40438,28724,React
40439,28725,ASP.NET CORE
40443,28725,Next.js
40444,28725,React
40445,28726,Express
40446,28726,Next.js
40447,28726,Node.js
40448,28726,React
40450,28729,Express
40453,28729,Next.js
40454,28729,Node.js
40455,28729,React
40457,28730,Angular
40458,28730,ASP.NET CORE
40459,28730,Node.js
40460,28730,Vue.js
40461,28731,ASP.NET
40464,28731,jQuery
40468,28733,Express
40472,28733,jQuery
40474,28733,Next.js
40475,28733,Node.js
40476,28733,React
40478,28735,Express
40480,28735,jQuery
40481,28735,Node.js
40482,28735,React
40483,28736,ASP.NET
40487,28736,Node.js
40489,28736,Vue.js
40491,28739,ASP.NET CORE
40496,28741,Express
40502,28741,Next.js
40503,28741,Node.js
40504,28741,React
40509,28744,ASP.NET
40510,28744,jQuery
40514,28745,Next.js
40515,28745,React
40518,28747,ASP.NET
40519,28747,jQuery
40520,28747,Node.js
40521,28752,Express
40526,28756,React
40532,28758,Next.js
40533,28758,Node.js
40535,28758,React
40541,28763,Node.js
40542,28763,React
40543,28765,Angular
40544,28765,Node.js
40545,28765,Spring Boot
40546,28767,ASP.NET
40547,28767,ASP.NET CORE
40549,28779,Next.js
40550,28779,React
40555,28788,Spring Boot
40556,28795,Express
40558,28795,Node.js
40559,28795,React
40560,28796,Express
40562,28797,Express
40563,28797,Node.js
40564,28797,React
40570,28807,jQuery
40572,28807,Node.js
40573,28807,React
40575,28807,Vue.js
40577,28808,Spring Boot
40578,28813,Express
40579,28813,Node.js
40580,28813,React
40582,28814,ASP.NET CORE
40583,28814,Express
40584,28814,jQuery
40588,28820,Express
40590,28820,jQuery
40593,28820,Next.js
40594,28820,Node.js
40597,28820,Spring Boot
40598,28820,Vue.js
40602,28822,Express
40604,28822,Next.js
40605,28822,Node.js
40607,28822,React
40608,28822,Vue.js
40609,28829,Node.js
40610,28829,React
40611,28830,ASP.NET
40612,28830,ASP.NET CORE
40613,28830,jQuery
40614,28830,React
40623,28831,Next.js
40625,28831,Spring Boot
40630,28837,Next.js
40631,28837,React
40632,28837,Vue.js
40634,28838,Angular
40636,28838,ASP.NET
40637,28838,ASP.NET CORE
40638,28838,Express
40640,28838,jQuery
40641,28838,Node.js
40642,28838,React
40643,28838,Spring Boot
40644,28840,Express
40646,28840,jQuery
40647,28840,Next.js
40648,28840,Node.js
40649,28840,React
40650,28840,Spring Boot
40651,28844,Express
40652,28844,jQuery
40653,28844,Node.js
40655,28861,Angular
40658,28861,Node.js
40659,28861,React
40661,28864,jQuery
40662,28864,Next.js
40663,28864,Node.js
40666,28874,Next.js
40667,28874,Node.js
40668,28874,React
40669,28875,Angular
40673,28875,Next.js
40674,28875,Node.js
40675,28875,React
40676,28878,Angular
40678,28878,Next.js
40679,28878,Spring Boot
40680,28879,ASP.NET
40684,28879,jQuery
40687,28879,Node.js
40688,28879,React
40689,28879,Spring Boot
40690,28879,Vue.js
40692,28880,Express
40694,28880,jQuery
40695,28880,Node.js
40696,28880,React
40698,28880,Vue.js
40699,28887,Angular
40700,28887,ASP.NET CORE
40702,28890,jQuery
40704,28893,Angular
40706,28895,Vue.js
40707,28896,ASP.NET
40708,28896,ASP.NET CORE
40711,28896,jQuery
40712,28896,Node.js
40713,28896,Vue.js
40715,28897,Express
40716,28897,Next.js
40717,28897,Node.js
40718,28897,React
40719,28902,Angular
40720,28902,ASP.NET
40721,28902,ASP.NET CORE
40722,28902,Next.js
40723,28902,Node.js
40724,28902,React
40727,28905,Node.js
40729,28905,React
40730,28907,Angular
40732,28907,ASP.NET
40733,28907,Express
40734,28907,Node.js
40735,28907,React
40736,28907,Spring Boot
40738,28910,ASP.NET
40739,28910,ASP.NET CORE
40740,28913,Angular
40741,28913,Next.js
40742,28913,Node.js
40743,28913,React
40745,28914,Next.js
40746,28914,Node.js
40747,28914,React
40750,28923,jQuery
40752,28923,Vue.js
40755,28929,Next.js
40756,28929,Node.js
40757,28929,React
40758,28930,React
40759,28930,Spring Boot
40761,28931,Next.js
40762,28931,Node.js
40764,28936,Express
40765,28936,jQuery
40768,28936,Next.js
40769,28936,Node.js
40770,28936,React
40772,28940,Node.js
40773,28940,React
40775,28943,ASP.NET
40776,28943,ASP.NET CORE
40778,28943,jQuery
40779,28943,React
40780,28951,Angular
40781,28951,ASP.NET CORE
40782,28951,Express
40783,28951,jQuery
40786,28951,Node.js
40787,28951,React
40788,28951,Vue.js
40793,28959,Express
40794,28959,React
40798,28972,ASP.NET
40799,28972,ASP.NET CORE
40800,28974,Angular
40804,28974,Express
40807,28974,jQuery
40810,28974,Next.js
40811,28974,Node.js
40813,28974,React
40815,28974,Vue.js
40819,28976,React
40820,28980,Express
40822,28980,Node.js
40823,28980,React
40824,28980,Spring Boot
40825,28983,React
40826,28985,ASP.NET
40827,28985,ASP.NET CORE
40828,28985,Node.js
40830,28987,ASP.NET
40831,28987,ASP.NET CORE
40832,28987,jQuery
40834,28991,Node.js
40835,28995,jQuery
40836,28995,Vue.js
40837,28996,jQuery
40838,28996,Next.js
40839,28996,Node.js
40841,28996,React
40842,28996,Vue.js
40846,28997,Vue.js
40847,29001,jQuery
40850,29003,React
40853,29006,React
40855,29007,ASP.NET CORE
40856,29007,React
40857,29017,Angular
40859,29017,ASP.NET
40860,29017,ASP.NET CORE
40861,29017,jQuery
40862,29017,Node.js
40863,29017,React
40864,29017,Vue.js
40865,29018,Angular
40866,29018,Express
40868,29018,Next.js
40869,29018,Node.js
40870,29018,React
40871,29019,Spring Boot
40872,29019,Vue.js
40873,29020,Node.js
40874,29020,React
40875,29020,Spring Boot
40876,29021,jQuery
40877,29031,Next.js
40878,29031,Node.js
40879,29042,Angular
40880,29042,jQuery
40882,29042,Node.js
40884,29043,Angular
40886,29043,ASP.NET
40887,29043,ASP.NET CORE
40889,29043,jQuery
40890,29043,Node.js
40891,29043,React
40894,29044,ASP.NET
40895,29044,ASP.NET CORE
40896,29044,jQuery
40898,29045,Express
40899,29045,Next.js
40900,29045,React
40901,29046,Express
40903,29046,Node.js
40904,29046,React
40907,29049,jQuery
40908,29049,Next.js
40909,29049,React
40911,29051,Angular
40913,29051,Express
40914,29051,React
40916,29055,Spring Boot
40918,29061,jQuery
40919,29061,Vue.js
40922,29066,jQuery
40924,29066,Node.js
40925,29066,React
40927,29067,Express
40928,29067,Node.js
40929,29067,React
40930,29069,Angular
40931,29069,ASP.NET CORE
40932,29069,Node.js
40933,29069,React
40934,29070,Angular
40936,29070,ASP.NET
40937,29070,ASP.NET CORE
40938,29070,jQuery
40939,29070,React
40942,29074,Next.js
40943,29074,Node.js
40944,29074,React
40946,29085,ASP.NET CORE
40948,29085,Next.js
40949,29085,Node.js
40950,29085,React
40951,29088,Angular
40953,29088,ASP.NET
40957,29088,Express
40959,29088,jQuery
40960,29088,Next.js
40961,29088,Node.js
40962,29088,React
40968,29089,Express
40971,29089,Next.js
40972,29089,Node.js
40973,29089,React
40975,29093,ASP.NET CORE
40976,29093,Node.js
40978,29093,Vue.js
40979,29094,Angular
40982,29094,Vue.js
40983,29095,jQuery
40986,29096,Angular
40987,29096,ASP.NET
40988,29096,ASP.NET CORE
40989,29097,Angular
40991,29097,Express
40994,29097,Node.js
40996,29097,React
40997,29097,Vue.js
40998,29098,Express
41000,29098,Node.js
41001,29098,React
41004,29102,Node.js
41005,29102,React
41007,29102,Vue.js
41008,29103,Angular
41009,29103,ASP.NET
41010,29104,Angular
41012,29104,Express
41015,29104,React
41017,29104,Vue.js
41019,29106,Express
41021,29106,jQuery
41023,29106,Node.js
41024,29106,React
41025,29106,Vue.js
41027,29108,ASP.NET CORE
41031,29108,jQuery
41032,29108,Next.js
41035,29111,Next.js
41037,29114,Next.js
41038,29114,Node.js
41039,29114,React
41040,29115,ASP.NET CORE
41042,29115,jQuery
41044,29115,React
41046,29115,Vue.js
41049,29116,Spring Boot
41050,29117,Express
41051,29117,jQuery
41054,29117,Next.js
41055,29117,Node.js
41057,29117,React
41060,29117,Vue.js
41062,29118,ASP.NET CORE
41064,29118,jQuery
41065,29118,Node.js
41067,29118,Spring Boot
41068,29122,ASP.NET
41069,29122,jQuery
41070,29122,Vue.js
41071,29125,Angular
41076,29125,jQuery
41078,29125,Node.js
41079,29125,React
41080,29125,Spring Boot
41081,29125,Vue.js
41083,29126,ASP.NET
41084,29126,ASP.NET CORE
41086,29126,Express
41087,29126,jQuery
41089,29126,Next.js
41090,29126,Node.js
41091,29126,React
41092,29126,Vue.js
41095,29134,Node.js
41097,29134,Vue.js
41098,29136,ASP.NET
41099,29136,ASP.NET CORE
41101,29136,jQuery
41102,29136,Node.js
41103,29137,Express
41104,29137,Node.js
41106,29137,React
41107,29137,Vue.js
41110,29143,Node.js
41111,29145,Angular
41112,29145,ASP.NET
41113,29145,ASP.NET CORE
41115,29145,jQuery
41116,29145,React
41117,29145,Vue.js
41118,29149,Express
41119,29149,Node.js
41120,29149,React
41121,29151,Express
41122,29151,jQuery
41123,29151,Node.js
41125,29152,Angular
41126,29152,Spring Boot
41127,29155,Angular
41131,29155,Node.js
41132,29155,React
41133,29155,Spring Boot
41134,29157,Angular
41135,29157,ASP.NET
41136,29157,ASP.NET CORE
41137,29157,jQuery
41138,29157,Node.js
41140,29157,React
41141,29157,Vue.js
41144,29158,jQuery
41145,29159,Express
41147,29159,Next.js
41148,29159,Node.js
41149,29159,React
41150,29160,Angular
41151,29160,ASP.NET CORE
41154,29160,Node.js
41156,29162,Express
41158,29162,jQuery
41159,29162,Next.js
41160,29162,Node.js
41161,29162,React
41163,29162,Vue.js
41164,29163,Angular
41166,29163,Express
41168,29163,jQuery
41169,29163,Next.js
41170,29163,Node.js
41171,29163,React
41172,29163,Spring Boot
41173,29163,Vue.js
41174,29164,ASP.NET CORE
41175,29169,Express
41176,29169,Node.js
41177,29169,React
41180,29178,Node.js
41182,29178,Vue.js
41183,29182,jQuery
41184,29183,Node.js
41186,29184,Next.js
41187,29184,Node.js
41188,29184,React
41189,29184,Vue.js
41190,29186,Angular
41191,29186,React
41192,29186,Spring Boot
41193,29187,Angular
41194,29187,ASP.NET
41195,29187,ASP.NET CORE
41196,29192,Express
41197,29192,Node.js
41198,29197,Angular
41199,29197,Express
41201,29197,Next.js
41202,29197,Node.js
41203,29197,React
41205,29198,Express
41207,29198,Node.js
41210,29200,Express
41211,29200,Next.js
41212,29200,Node.js
41213,29200,React
41214,29200,Spring Boot
41215,29201,Angular
41217,29201,ASP.NET
41218,29201,ASP.NET CORE
41220,29201,Vue.js
41221,29205,jQuery
41225,29206,Express
41226,29206,Node.js
41227,29206,React
41229,29212,Node.js
41231,29212,React
41232,29212,Spring Boot
41233,29212,Vue.js
41235,29213,ASP.NET
41236,29213,jQuery
41237,29215,Express
41238,29215,jQuery
41239,29215,Next.js
41240,29215,Node.js
41241,29215,React
41246,29220,jQuery
41247,29221,ASP.NET
41248,29221,ASP.NET CORE
41249,29224,ASP.NET
41250,29224,ASP.NET CORE
41251,29224,React
41253,29226,ASP.NET
41254,29226,ASP.NET CORE
41255,29227,Angular
41257,29227,ASP.NET
41258,29227,ASP.NET CORE
41260,29227,Next.js
41261,29227,React
41262,29231,ASP.NET CORE
41264,29231,React
41266,29240,ASP.NET
41269,29240,Vue.js
41271,29243,Node.js
41272,29243,Vue.js
41274,29246,ASP.NET
41275,29246,ASP.NET CORE
41276,29246,jQuery
41277,29250,ASP.NET CORE
41278,29250,Next.js
41279,29258,Angular
41280,29258,ASP.NET CORE
41282,29258,React
41283,29259,Express
41284,29259,Next.js
41285,29259,Node.js
41286,29259,React
41289,29264,Angular
41290,29264,Express
41293,29264,Next.js
41294,29264,Node.js
41295,29264,React
41296,29264,Vue.js
41298,29266,Angular
41299,29266,Spring Boot
41302,29271,ASP.NET
41303,29271,ASP.NET CORE
41304,29271,Node.js
41305,29271,Spring Boot
41306,29277,Node.js
41309,29282,jQuery
41310,29282,Node.js
41311,29282,React
41314,29282,Vue.js
41318,29286,Node.js
41319,29286,React
41320,29286,Spring Boot
41321,29287,Angular
41322,29287,React
41323,29287,Spring Boot
41324,29288,Express
41326,29288,jQuery
41327,29288,Node.js
41329,29301,Node.js
41330,29303,ASP.NET
41331,29303,ASP.NET CORE
41332,29303,React
41334,29311,ASP.NET
41335,29311,jQuery
41336,29311,Node.js
41337,29312,Angular
41338,29312,ASP.NET CORE
41339,29312,Node.js
41340,29316,Spring Boot
41341,29320,ASP.NET
41342,29320,ASP.NET CORE
41346,29320,jQuery
41348,29320,Next.js
41349,29320,Node.js
41353,29320,Vue.js
41356,29325,ASP.NET CORE
41357,29325,Express
41359,29329,Express
41360,29329,Node.js
41362,29329,React
41364,29329,Vue.js
41368,29331,jQuery
41369,29331,Spring Boot
41370,29337,Angular
41371,29337,Express
41372,29337,Node.js
41373,29337,Vue.js
41375,29338,Express
41378,29338,Next.js
41379,29338,Node.js
41380,29338,React
41381,29342,Angular
41382,29342,Express
41383,29342,Node.js
41386,29343,Spring Boot
41388,29346,Next.js
41389,29346,React
41390,29347,ASP.NET CORE
41392,29347,React
41393,29352,Angular
41394,29352,Express
41395,29352,jQuery
41396,29352,Node.js
41397,29352,React
41398,29352,Spring Boot
41399,29354,React
41400,29354,Spring Boot
41402,29355,React
41403,29359,ASP.NET CORE
41404,29359,Node.js
41405,29359,React
41406,29360,Angular
41407,29360,React
41408,29369,Angular
41409,29369,jQuery
41410,29369,Next.js
41411,29369,React
41412,29369,Spring Boot
41413,29372,jQuery
41418,29374,Node.js
41419,29375,ASP.NET
41420,29375,ASP.NET CORE
41421,29375,Node.js
41422,29375,Vue.js
41423,29388,Express
41425,29388,Node.js
41426,29388,Spring Boot
41428,29389,ASP.NET CORE
41431,29390,jQuery
41433,29390,Node.js
41434,29390,React
41436,29390,Vue.js
41438,29391,Angular
41440,29391,Express
41441,29391,jQuery
41444,29391,Next.js
41445,29391,Node.js
41446,29391,React
41447,29391,Vue.js
41448,29392,React
41450,29394,Express
41453,29394,jQuery
41455,29394,Node.js
41456,29394,React
41458,29395,Spring Boot
41459,29396,Angular
41460,29396,Express
41462,29396,jQuery
41463,29396,Node.js
41464,29396,React
41469,29397,jQuery
41470,29397,Node.js
41471,29397,React
41472,29397,Vue.js
41473,29398,Angular
41474,29398,ASP.NET
41475,29398,ASP.NET CORE
41478,29398,jQuery
41479,29398,Node.js
41480,29398,React
41481,29399,Node.js
41482,29399,React
41483,29399,Spring Boot
41485,29410,React
41486,29410,Spring Boot
41487,29410,Vue.js
41490,29411,Express
41494,29411,jQuery
41496,29411,Next.js
41497,29411,Node.js
41498,29411,React
41503,29417,Angular
41504,29417,ASP.NET
41505,29417,ASP.NET CORE
41506,29417,jQuery
41507,29417,Node.js
41508,29419,Node.js
41510,29422,Angular
41511,29422,jQuery
41512,29422,Spring Boot
41513,29424,Angular
41515,29424,Express
41518,29424,Node.js
41519,29424,React
41521,29428,Angular
41523,29428,jQuery
41524,29428,Node.js
41525,29428,React
41526,29428,Spring Boot
41529,29441,jQuery
41530,29441,Node.js
41531,29453,Angular
41532,29453,ASP.NET CORE
41534,29453,jQuery
41535,29457,ASP.NET
41536,29457,Express
41537,29457,Node.js
41540,29459,Next.js
41541,29459,Node.js
41542,29459,React
41543,29460,Express
41545,29460,Node.js
41546,29460,Vue.js
41548,29462,ASP.NET
41549,29462,ASP.NET CORE
41551,29462,Vue.js
41552,29471,Express
41553,29471,Next.js
41554,29471,Node.js
41555,29471,React
41556,29473,Angular
41559,29473,Express
41563,29473,jQuery
41566,29473,Next.js
41567,29473,Node.js
41569,29473,React
41572,29473,Vue.js
41580,29481,Express
41581,29481,Next.js
41582,29481,Node.js
41583,29481,React
41584,29485,ASP.NET CORE
41587,29488,jQuery
41589,29492,Next.js
41593,29499,jQuery
41595,29499,Vue.js
41596,29500,Next.js
41597,29500,Node.js
41598,29500,React
41599,29501,ASP.NET
41600,29501,ASP.NET CORE
41607,29502,Next.js
41608,29502,Vue.js
41609,29505,Express
41610,29505,Next.js
41611,29505,Node.js
41613,29507,Spring Boot
41614,29509,Angular
41615,29509,Node.js
41616,29509,React
41619,29524,ASP.NET
41620,29524,Express
41622,29524,Node.js
41623,29524,React
41625,29526,jQuery
41626,29526,Node.js
41627,29527,jQuery
41629,29527,Spring Boot
41631,29529,ASP.NET CORE
41634,29530,Angular
41635,29530,jQuery
41636,29530,Vue.js
41637,29536,Express
41638,29536,Next.js
41639,29536,Node.js
41640,29536,React
41641,29537,Angular
41642,29537,Express
41643,29537,jQuery
41645,29537,Next.js
41646,29537,React
41648,29538,Next.js
41649,29538,Node.js
41654,29541,jQuery
41656,29541,Vue.js
41658,29546,jQuery
41659,29546,Node.js
41662,29548,Spring Boot
41663,29549,jQuery
41664,29550,React
41666,29550,Spring Boot
41667,29550,Vue.js
41668,29551,ASP.NET
41669,29551,ASP.NET CORE
41670,29551,jQuery
41672,29553,Node.js
41673,29554,Angular
41675,29554,Spring Boot
41676,29557,Angular
41677,29557,ASP.NET
41678,29557,ASP.NET CORE
41681,29557,jQuery
41682,29557,Node.js
41683,29557,Spring Boot
41684,29557,Vue.js
41686,29562,Angular
41687,29562,Vue.js
41688,29568,React
41689,29569,Angular
41690,29569,Express
41692,29573,Spring Boot
41694,29581,Angular
41695,29581,ASP.NET CORE
41697,29581,Next.js
41698,29581,Node.js
41699,29581,React
41700,29582,ASP.NET
41701,29582,ASP.NET CORE
41702,29584,ASP.NET CORE
41707,29592,Node.js
41708,29594,Angular
41709,29594,ASP.NET
41710,29594,ASP.NET CORE
41711,29594,Express
41712,29594,jQuery
41714,29594,Node.js
41716,29594,Vue.js
41717,29599,Node.js
41718,29600,ASP.NET
41719,29600,ASP.NET CORE
41720,29600,jQuery
41722,29602,jQuery
41723,29602,React
41724,29602,Spring Boot
41725,29603,Angular
41727,29603,ASP.NET
41728,29603,ASP.NET CORE
41731,29603,Node.js
41732,29603,React
41733,29603,Vue.js
41736,29607,Node.js
41737,29607,React
41738,29608,ASP.NET CORE
41739,29608,React
41741,29612,Node.js
41743,29615,Angular
41745,29615,ASP.NET
41746,29615,ASP.NET CORE
41747,29615,jQuery
41748,29615,Node.js
41752,29616,React
41754,29616,Vue.js
41755,29617,Angular
41756,29617,ASP.NET
41757,29617,ASP.NET CORE
41759,29617,Express
41760,29617,Next.js
41761,29617,Node.js
41763,29617,React
41764,29619,ASP.NET CORE
41765,29619,jQuery
41766,29620,ASP.NET
41767,29620,ASP.NET CORE
41768,29620,Node.js
41770,29625,ASP.NET CORE
41772,29625,Next.js
41773,29625,React
41774,29629,Angular
41778,29636,Express
41781,29636,Next.js
41782,29636,Node.js
41784,29636,React
41785,29636,Vue.js
41786,29642,Angular
41789,29642,Express
41791,29642,jQuery
41794,29642,Node.js
41795,29642,React
41796,29642,Vue.js
41797,29645,ASP.NET
41798,29645,ASP.NET CORE
41799,29645,React
41801,29646,jQuery
41803,29652,ASP.NET CORE
41805,29652,jQuery
41807,29652,Node.js
41809,29653,React
41810,29653,Spring Boot
41811,29658,ASP.NET CORE
41814,29658,Express
41816,29658,jQuery
41817,29658,Node.js
41818,29658,React
41819,29658,Spring Boot
41823,29659,Next.js
41824,29659,Node.js
41826,29659,React
41827,29659,Spring Boot
41828,29661,jQuery
41829,29661,Next.js
41831,29662,Express
41833,29662,Next.js
41834,29662,Node.js
41835,29662,React
41841,29679,ASP.NET
41842,29679,jQuery
41843,29679,Node.js
41844,29679,React
41845,29679,Spring Boot
41848,29692,Express
41850,29694,Express
41854,29694,Node.js
41855,29694,React
41856,29694,Spring Boot
41859,29698,Next.js
41860,29698,Node.js
41861,29698,React
41864,29698,Vue.js
41867,29706,React
41869,29715,Angular
41871,29715,Next.js
41872,29715,Node.js
41873,29716,ASP.NET
41874,29716,ASP.NET CORE
41878,29716,Node.js
41879,29716,Spring Boot
41880,29724,ASP.NET
41881,29724,ASP.NET CORE
41882,29724,jQuery
41883,29724,Node.js
41884,29724,React
41886,29726,Node.js
41888,29728,Express
41890,29728,Next.js
41891,29728,Node.js
41892,29728,React
41893,29729,ASP.NET
41894,29729,ASP.NET CORE
41895,29734,ASP.NET
41896,29734,ASP.NET CORE
41900,29739,Node.js
41901,29741,Express
41902,29741,Next.js
41903,29741,Node.js
41904,29741,React
41907,29750,Angular
41908,29750,ASP.NET
41909,29750,ASP.NET CORE
41910,29750,jQuery
41911,29750,Node.js
41912,29751,Next.js
41914,29751,React
41920,29753,Angular
41923,29753,Spring Boot
41926,29756,Spring Boot
41928,29764,Angular
41929,29764,Express
41930,29764,Next.js
41931,29764,Node.js
41932,29764,React
41934,29774,Next.js
41935,29774,Node.js
41936,29774,React
41937,29775,jQuery
41939,29775,Node.js
41940,29775,Vue.js
41942,29776,ASP.NET
41943,29776,ASP.NET CORE
41944,29776,Express
41945,29776,jQuery
41946,29776,Node.js
41947,29776,React
41948,29776,Vue.js
41949,29784,Angular
41952,29786,Angular
41954,29786,Express
41955,29786,jQuery
41956,29786,Node.js
41959,29789,ASP.NET
41960,29789,ASP.NET CORE
41961,29795,Next.js
41963,29795,React
41964,29795,Spring Boot
41965,29796,Next.js
41966,29796,React
41967,29801,Next.js
41968,29801,Node.js
41969,29801,React
41970,29801,Spring Boot
41971,29805,Express
41972,29805,Next.js
41973,29805,Node.js
41974,29805,React
41975,29808,Angular
41976,29808,Express
41977,29811,ASP.NET
41978,29811,Next.js
41979,29811,Node.js
41980,29811,React
41982,29814,Next.js
41983,29814,Node.js
41984,29814,React
41987,29815,Express
41989,29815,jQuery
41990,29815,Next.js
41991,29815,Node.js
41992,29815,React
41996,29819,Express
41997,29819,Next.js
41998,29819,Node.js
41999,29819,React
42000,29823,ASP.NET
42003,29823,jQuery
42004,29823,Next.js
42007,29823,React
42008,29823,Vue.js
42009,29826,React
42010,29827,Spring Boot
42011,29835,Angular
42012,29835,ASP.NET
42013,29835,ASP.NET CORE
42014,29835,jQuery
42015,29835,Node.js
42016,29837,Express
42017,29837,jQuery
42018,29837,Node.js
42019,29837,React
42020,29838,Angular
42021,29838,ASP.NET CORE
42022,29838,jQuery
42023,29838,React
42024,29841,Angular
42025,29841,jQuery
42026,29841,React
42027,29841,Spring Boot
42028,29841,Vue.js
42030,29849,React
42032,29861,Angular
42033,29861,Express
42035,29861,Node.js
42039,29863,Next.js
42040,29863,Node.js
42041,29863,React
42042,29863,Vue.js
42047,29870,Express
42050,29870,Next.js
42051,29870,Node.js
42052,29870,React
42054,29872,Next.js
42056,29872,React
42057,29876,Angular
42059,29876,ASP.NET
42060,29876,ASP.NET CORE
42061,29876,React
42062,29882,Express
42063,29882,Node.js
42064,29882,Spring Boot
42065,29887,Angular
42067,29887,Spring Boot
42068,29888,ASP.NET
42069,29888,ASP.NET CORE
42071,29888,jQuery
42072,29888,React
42073,29892,ASP.NET CORE
42075,29892,Node.js
42076,29892,Vue.js
42080,29893,React
42082,29895,Next.js
42083,29895,Node.js
42085,29895,React
42086,29895,Vue.js
42087,29899,Angular
42088,29899,Express
42090,29899,Node.js
42091,29899,React
42093,29900,Node.js
42095,29901,ASP.NET
42097,29903,Express
42099,29903,Node.js
42100,29903,React
42102,29903,Vue.js
42105,29906,Express
42106,29906,jQuery
42107,29906,Node.js
42108,29906,React
42109,29906,Vue.js
42112,29912,Angular
42114,29912,ASP.NET
42115,29912,ASP.NET CORE
42117,29912,Node.js
42118,29912,React
42119,29912,Spring Boot
42120,29914,Angular
42123,29916,jQuery
42124,29916,React
42127,29917,Vue.js
42129,29920,Express
42132,29920,Next.js
42133,29920,Node.js
42134,29920,React
42136,29931,Angular
42139,29931,Vue.js
42140,29934,ASP.NET CORE
42141,29934,Express
42142,29934,Node.js
42143,29934,React
42144,29935,Spring Boot
42147,29942,Express
42149,29942,Node.js
42150,29942,Vue.js
42153,29945,Spring Boot
42155,29951,React
42156,29957,jQuery
42158,29957,Node.js
42163,29960,Vue.js
42164,29961,Vue.js
42165,29963,ASP.NET CORE
42166,29963,Node.js
42167,29963,React
42168,29966,ASP.NET
42169,29966,ASP.NET CORE
42170,29966,Node.js
42171,29966,React
42175,29981,Next.js
42177,29981,React
42178,29981,Vue.js
42179,29985,Vue.js
42181,29986,Angular
42182,29986,ASP.NET
42183,29986,ASP.NET CORE
42184,29986,jQuery
42185,29986,Node.js
42188,29993,ASP.NET
42191,29995,jQuery
42192,29995,Spring Boot
42193,29999,Next.js
42194,29999,Node.js
42195,29999,React
42196,30002,Next.js
42197,30002,Node.js
42199,30002,React
42200,30006,ASP.NET CORE
42203,30006,Next.js
42204,30006,Node.js
42205,30006,React
42206,30006,Vue.js
42207,30017,Express
42208,30017,Node.js
42209,30017,React
42210,30017,Spring Boot
42211,30019,jQuery
42214,30025,Next.js
42216,30027,Express
42217,30027,Next.js
42218,30027,Node.js
42219,30027,React
42220,30027,Vue.js
42225,30032,Angular
42226,30032,ASP.NET CORE
42229,30032,jQuery
42230,30032,React
42232,30033,Express
42234,30033,Node.js
42235,30033,React
42236,30035,Next.js
42237,30035,Node.js
42238,30035,React
42239,30036,Angular
42240,30036,Node.js
42241,30036,Spring Boot
42242,30039,Express
42243,30039,Next.js
42244,30039,Node.js
42246,30041,Spring Boot
42248,30045,Express
42252,30045,jQuery
42253,30045,Next.js
42254,30045,Node.js
42255,30045,React
42256,30055,jQuery
42260,30063,Node.js
42261,30063,React
42263,30063,Vue.js
42269,30077,ASP.NET CORE
42270,30077,React
42271,30080,Node.js
42272,30083,jQuery
42275,30086,Spring Boot
42278,30087,Node.js
42280,30087,React
42281,30089,Express
42282,30089,jQuery
42284,30089,Node.js
42285,30089,React
42286,30089,Vue.js
42288,30091,ASP.NET
42289,30091,Node.js
42290,30091,Spring Boot
42291,30091,Vue.js
42292,30094,ASP.NET CORE
42293,30098,React
42294,30100,ASP.NET
42295,30100,ASP.NET CORE
42296,30101,Express
42297,30101,Node.js
42298,30101,React
42299,30105,Express
42300,30105,Node.js
42301,30105,React
42302,30110,Express
42304,30110,jQuery
42305,30110,Node.js
42306,30112,jQuery
42308,30112,Node.js
42312,30115,Angular
42313,30115,ASP.NET CORE
42314,30117,Express
42317,30117,Next.js
42318,30117,Node.js
42319,30117,React
42320,30117,Spring Boot
42322,30117,Vue.js
42323,30118,Angular
42325,30118,ASP.NET
42326,30118,ASP.NET CORE
42329,30118,jQuery
42332,30121,Express
42335,30121,Next.js
42336,30121,Node.js
42337,30121,React
42338,30124,Angular
42339,30124,ASP.NET CORE
42340,30124,jQuery
42341,30124,Next.js
42345,30130,jQuery
42346,30130,Node.js
42347,30130,React
42349,30131,Express
42351,30131,jQuery
42352,30131,Next.js
42353,30131,Node.js
42354,30131,React
42356,30132,Express
42357,30132,Node.js
42358,30133,Express
42359,30133,Node.js
42360,30133,React
42362,30134,Next.js
42363,30134,Node.js
42364,30134,React
42365,30147,Express
42367,30147,Next.js
42368,30147,Node.js
42369,30147,React
42371,30147,Spring Boot
42374,30152,Next.js
42376,30153,jQuery
42377,30153,Node.js
42378,30153,Vue.js
42379,30157,Angular
42383,30157,React
42386,30160,Spring Boot
42387,30162,Express
42388,30162,jQuery
42389,30162,Node.js
42390,30162,React
42391,30168,Angular
42393,30168,ASP.NET
42394,30168,ASP.NET CORE
42396,30168,jQuery
42397,30168,Node.js
42398,30168,React
42400,30170,ASP.NET
42401,30170,ASP.NET CORE
42404,30170,jQuery
42405,30170,Node.js
42406,30170,React
42407,30170,Vue.js
42410,30177,ASP.NET CORE
42413,30181,Node.js
42416,30182,jQuery
42417,30182,Next.js
42418,30182,Node.js
42420,30183,Express
42421,30183,Next.js
42422,30183,Node.js
42423,30183,React
42424,30192,Express
42426,30192,Next.js
42427,30192,Node.js
42428,30192,React
42429,30192,Spring Boot
42430,30194,Spring Boot
42431,30195,React
42435,30199,ASP.NET
42436,30199,ASP.NET CORE
42438,30199,jQuery
42440,30200,ASP.NET
42441,30200,ASP.NET CORE
42442,30200,Express
42443,30200,jQuery
42444,30200,Node.js
42445,30200,React
42446,30201,Express
42447,30201,jQuery
42448,30201,Node.js
42449,30201,React
42452,30205,Node.js
42453,30205,React
42454,30208,Express
42456,30208,Next.js
42457,30208,Node.js
42458,30208,React
42459,30209,jQuery
42465,30210,Node.js
42466,30210,React
42467,30210,Spring Boot
42470,30215,Next.js
42472,30215,React
42473,30216,Express
42474,30216,Node.js
42475,30216,React
42477,30218,Spring Boot
42478,30221,React
42481,30234,Express
42482,30234,Next.js
42483,30234,Node.js
42484,30234,React
42485,30235,Express
42488,30235,Next.js
42489,30235,Node.js
42490,30235,React
42491,30235,Vue.js
42492,30243,ASP.NET
42493,30243,ASP.NET CORE
42496,30248,React
42501,30269,Angular
42505,30269,jQuery
42507,30269,Node.js
42508,30269,React
42509,30269,Vue.js
42511,30271,Angular
42512,30271,ASP.NET
42513,30271,ASP.NET CORE
42514,30271,Node.js
42515,30274,Angular
42516,30274,ASP.NET CORE
42518,30274,jQuery
42520,30280,Express
42521,30280,Next.js
42522,30280,Node.js
42523,30280,React
42525,30281,Next.js
42526,30281,Node.js
42528,30281,Vue.js
42530,30283,ASP.NET
42531,30288,ASP.NET
42532,30288,ASP.NET CORE
42533,30288,jQuery
42534,30288,Next.js
42535,30288,React
42536,30289,Angular
42538,30289,jQuery
42539,30289,Node.js
42540,30293,ASP.NET CORE
42543,30302,jQuery
42545,30302,Next.js
42549,30309,Node.js
42552,30311,Express
42554,30311,jQuery
42555,30311,Node.js
42556,30311,Vue.js
42557,30312,Node.js
42560,30313,Next.js
42561,30313,Node.js
42563,30313,React
42565,30313,Vue.js
42566,30317,Angular
42568,30317,ASP.NET
42569,30317,ASP.NET CORE
42570,30317,Express
42571,30317,jQuery
42572,30317,Node.js
42573,30317,React
42575,30317,Spring Boot
42576,30317,Vue.js
42579,30319,jQuery
42580,30328,Angular
42581,30328,ASP.NET CORE
42583,30328,React
42584,30330,Angular
42585,30330,ASP.NET CORE
42587,30331,Angular
42588,30331,ASP.NET
42589,30331,ASP.NET CORE
42590,30331,Node.js
42591,30344,Node.js
42593,30344,Vue.js
42594,30351,Angular
42595,30351,ASP.NET
42596,30352,ASP.NET
42598,30352,jQuery
42599,30352,Vue.js
42600,30353,Angular
42603,30353,Express
42605,30353,Node.js
42606,30353,React
42607,30363,Node.js
42608,30363,Spring Boot
42610,30365,Node.js
42611,30366,Express
42614,30366,Next.js
42615,30366,Node.js
42617,30369,Node.js
42619,30369,Vue.js
42622,30370,Express
42626,30370,jQuery
42628,30370,Next.js
42629,30370,Node.js
42631,30370,React
42635,30371,Express
42637,30371,jQuery
42640,30371,Next.js
42641,30371,Node.js
42642,30371,React
42646,30372,Next.js
42647,30372,Node.js
42648,30373,ASP.NET CORE
42649,30373,Express
42652,30373,jQuery
42654,30373,Vue.js
42656,30376,React
42657,30378,Express
42658,30378,Node.js
42659,30378,React
42660,30382,Spring Boot
42661,30384,ASP.NET
42662,30384,ASP.NET CORE
42663,30384,Express
42665,30384,Node.js
42666,30384,React
42667,30387,Angular
42668,30387,Express
42670,30387,Node.js
42671,30389,ASP.NET
42672,30389,ASP.NET CORE
42673,30391,Angular
42675,30391,ASP.NET
42676,30391,ASP.NET CORE
42677,30391,jQuery
42678,30391,React
42681,30398,Express
42682,30398,Next.js
42683,30398,Node.js
42684,30398,React
42685,30399,Express
42687,30399,React
42689,30401,Express
42692,30401,Next.js
42693,30401,Node.js
42694,30401,React
42697,30407,React
42699,30414,ASP.NET
42700,30416,jQuery
42705,30423,Angular
42707,30423,ASP.NET
42708,30423,ASP.NET CORE
42709,30423,Vue.js
42711,30428,React
42712,30431,Angular
42714,30431,ASP.NET
42715,30431,ASP.NET CORE
42718,30431,jQuery
42719,30431,Node.js
42720,30431,Vue.js
42721,30434,ASP.NET
42722,30434,ASP.NET CORE
42726,30435,Node.js
42727,30436,ASP.NET
42730,30436,jQuery
42734,30439,Node.js
42736,30440,Express
42738,30440,jQuery
42739,30440,Node.js
42740,30440,Vue.js
42741,30442,ASP.NET
42742,30442,ASP.NET CORE
42745,30442,Express
42746,30442,jQuery
42748,30442,Next.js
42749,30442,Node.js
42750,30442,React
42752,30446,Angular
42753,30446,ASP.NET
42754,30446,ASP.NET CORE
42756,30446,jQuery
42757,30446,Node.js
42759,30453,Spring Boot
42760,30455,ASP.NET
42761,30455,ASP.NET CORE
42763,30465,Angular
42764,30465,ASP.NET
42765,30465,ASP.NET CORE
42766,30465,React
42767,30477,Angular
42768,30477,ASP.NET
42770,30478,ASP.NET CORE
42772,30478,jQuery
42773,30478,Node.js
42774,30478,React
42778,30489,jQuery
42781,30496,ASP.NET
42782,30496,ASP.NET CORE
42785,30496,jQuery
42786,30496,Next.js
42787,30496,Node.js
42788,30496,React
42793,30498,Vue.js
42794,30501,Angular
42797,30514,Express
42798,30514,Node.js
42799,30514,React
42800,30534,Express
42802,30534,Next.js
42803,30534,Node.js
42804,30534,React
42805,30540,ASP.NET CORE
42806,30541,Angular
42807,30541,ASP.NET CORE
42808,30541,Node.js
42809,30547,ASP.NET
42810,30547,ASP.NET CORE
42812,30547,Node.js
42813,30547,React
42815,30556,Express
42818,30556,jQuery
42819,30556,Next.js
42820,30556,Node.js
42822,30556,React
42826,30556,Vue.js
42829,30562,Express
42830,30562,jQuery
42831,30562,Node.js
42832,30562,React
42834,30563,Next.js
42835,30563,Node.js
42836,30563,React
42837,30564,ASP.NET CORE
42838,30564,React
42839,30566,ASP.NET CORE
42843,30572,Spring Boot
42844,30572,Vue.js
42846,30585,ASP.NET CORE
42852,30595,Next.js
42853,30595,React
42855,30595,Vue.js
42856,30600,Express
42858,30600,Node.js
42859,30600,React
42860,30600,Vue.js
42862,30608,ASP.NET
42863,30608,Next.js
42864,30608,React
42866,30610,ASP.NET CORE
42867,30610,Node.js
42868,30610,Vue.js
42869,30614,Express
42871,30614,React
42872,30616,Angular
42873,30616,ASP.NET
42874,30616,ASP.NET CORE
42875,30616,jQuery
42876,30616,Node.js
42880,30625,React
42881,30631,ASP.NET
42882,30631,jQuery
42883,30632,React
42884,30632,Spring Boot
42885,30633,Express
42886,30633,Node.js
42887,30633,React
42888,30633,Spring Boot
42890,30637,Angular
42891,30637,Spring Boot
42892,30638,Node.js
42893,30638,React
42894,30638,Spring Boot
42895,30639,Angular
42896,30639,ASP.NET CORE
42897,30639,Next.js
42898,30639,React
42899,30644,Node.js
42901,30647,ASP.NET
42902,30647,ASP.NET CORE
42905,30647,React
42906,30647,Spring Boot
42907,30654,Angular
42909,30654,ASP.NET
42910,30654,ASP.NET CORE
42911,30654,jQuery
42913,30654,Node.js
42914,30654,React
42915,30654,Spring Boot
42917,30663,jQuery
42919,30663,Node.js
42921,30663,Vue.js
42923,30664,Angular
42924,30664,jQuery
42929,30666,Express
42931,30666,Next.js
42932,30666,Node.js
42933,30666,React
42935,30670,Vue.js
42936,30672,Node.js
42937,30673,Angular
42940,30673,React
42943,30677,jQuery
42947,30678,Next.js
42948,30678,React
42949,30678,Spring Boot
42950,30679,Angular
42951,30679,Express
42953,30679,Next.js
42954,30679,React
42955,30681,jQuery
42956,30681,Spring Boot
42958,30686,Angular
42959,30686,ASP.NET
42960,30686,ASP.NET CORE
42964,30686,jQuery
42966,30686,Node.js
42967,30688,Angular
42969,30688,ASP.NET
42970,30688,ASP.NET CORE
42972,30688,Node.js
42974,30696,jQuery
42975,30696,Next.js
42976,30696,Node.js
42978,30696,React
42982,30701,Angular
42985,30701,Express
42988,30701,Node.js
42989,30701,React
42990,30701,Spring Boot
42992,30706,Vue.js
42994,30709,Next.js
42995,30709,React
42997,30710,jQuery
42998,30710,Node.js
43000,30711,Express
43001,30711,jQuery
43003,30711,Next.js
43004,30711,Node.js
43005,30711,React
43007,30712,Spring Boot
43009,30716,Angular
43010,30716,React
43011,30716,Spring Boot
43012,30718,Angular
43013,30718,Spring Boot
43014,30722,jQuery
43015,30722,Next.js
43016,30722,Node.js
43018,30723,jQuery
43021,30726,Next.js
43022,30726,React
43023,30729,Angular
43026,30729,Express
43027,30729,jQuery
43028,30729,Next.js
43029,30729,Node.js
43031,30729,Spring Boot
43032,30729,Vue.js
43033,30730,ASP.NET
43034,30730,ASP.NET CORE
43036,30730,jQuery
43037,30730,React
43038,30730,Vue.js
43039,30734,ASP.NET
43040,30734,ASP.NET CORE
43042,30734,jQuery
43043,30736,Spring Boot
43044,30737,ASP.NET
43046,30737,Express
43048,30737,Node.js
43049,30737,React
43051,30741,Node.js
43052,30741,React
43053,30741,Spring Boot
43057,30742,jQuery
43059,30742,Next.js
43060,30742,Node.js
43061,30742,React
43062,30742,Vue.js
43063,30745,Express
43067,30745,Next.js
43068,30745,Node.js
43069,30745,React
43070,30750,Express
43072,30750,Next.js
43073,30750,Node.js
43074,30750,React
43075,30750,Vue.js
43077,30760,Angular
43078,30763,ASP.NET CORE
43079,30763,jQuery
43080,30763,Next.js
43081,30763,React
43082,30766,ASP.NET
43083,30766,ASP.NET CORE
43084,30766,Express
43085,30766,Next.js
43086,30766,Node.js
43087,30766,React
43088,30767,Express
43089,30767,Node.js
43091,30767,React
43092,30767,Vue.js
43094,30769,Next.js
43095,30769,React
43096,30769,Vue.js
43098,30770,Angular
43099,30770,ASP.NET
43100,30770,ASP.NET CORE
43101,30770,Express
43102,30770,Node.js
43103,30770,React
43105,30771,Next.js
43106,30771,Node.js
43107,30771,React
43111,30774,ASP.NET CORE
43115,30775,Node.js
43116,30775,Vue.js
43117,30777,jQuery
43118,30777,Next.js
43119,30777,React
43121,30780,Angular
43124,30785,Express
43125,30785,Next.js
43126,30785,Node.js
43127,30785,React
43128,30795,Next.js
43129,30795,React
43131,30796,React
43132,30801,Express
43134,30801,Next.js
43135,30801,Node.js
43136,30801,React
43138,30803,Vue.js
43139,30808,ASP.NET CORE
43141,30808,Spring Boot
43142,30808,Vue.js
43143,30812,Spring Boot
43146,30813,Node.js
43148,30813,React
43149,30813,Vue.js
43150,30815,Angular
43152,30815,Node.js
43154,30815,Vue.js
43155,30817,jQuery
43156,30817,Node.js
43159,30819,Node.js
43161,30826,Express
43162,30826,Node.js
43163,30826,React
43164,30830,Next.js
43165,30830,React
43167,30831,ASP.NET CORE
43172,30832,Next.js
43173,30832,Node.js
43174,30832,React
43176,30845,Express
43178,30845,Next.js
43179,30845,Node.js
43180,30845,React
43181,30850,Next.js
43182,30850,Node.js
43183,30850,React
43188,30857,React
43190,30860,Node.js
43192,30860,Spring Boot
43194,30864,ASP.NET
43197,30864,Node.js
43199,30868,Angular
43201,30868,Express
43202,30868,jQuery
43204,30868,Next.js
43205,30868,Node.js
43206,30868,React
43209,30868,Vue.js
43211,30869,ASP.NET
43212,30869,ASP.NET CORE
43213,30869,jQuery
43214,30869,Spring Boot
43217,30871,Node.js
43218,30871,React
43220,30878,Angular
43221,30878,ASP.NET CORE
43222,30879,Angular
43224,30879,ASP.NET
43225,30879,ASP.NET CORE
43227,30879,jQuery
43228,30879,Node.js
43229,30879,React
43231,30881,Angular
43237,30881,jQuery
43239,30881,Vue.js
43242,30883,Express
43245,30883,Next.js
43246,30883,Node.js
43247,30883,React
43250,30884,Angular
43252,30884,ASP.NET
43253,30884,ASP.NET CORE
43255,30884,jQuery
43256,30884,Next.js
43257,30884,Node.js
43258,30884,React
43261,30891,ASP.NET
43262,30891,ASP.NET CORE
43263,30891,jQuery
43266,30895,Spring Boot
43268,30896,Express
43270,30896,React
43271,30910,jQuery
43272,30910,React
43274,30910,Spring Boot
43275,30910,Vue.js
43277,30911,Angular
43279,30911,Node.js
43280,30916,Node.js
43282,30922,jQuery
43283,30922,Node.js
43284,30922,Vue.js
43285,30928,ASP.NET CORE
43286,30928,Vue.js
43287,30931,Spring Boot
43288,30932,Node.js
43290,30932,Vue.js
43292,30934,React
43293,30934,Spring Boot
43294,30935,Node.js
43295,30935,React
43296,30935,Spring Boot
43297,30944,jQuery
43298,30944,Node.js
43299,30945,Express
43300,30945,jQuery
43302,30945,Next.js
43303,30945,Node.js
43304,30945,React
43309,30947,Next.js
43310,30947,Node.js
43311,30947,React
43313,30948,ASP.NET
43315,30948,Node.js
43316,30949,Angular
43317,30949,Express
43318,30949,Node.js
43319,30949,React
43321,30950,React
43322,30952,Spring Boot
43323,30954,ASP.NET
43324,30954,ASP.NET CORE
43325,30954,React
43326,30954,Vue.js
43327,30955,ASP.NET
43328,30955,ASP.NET CORE
43329,30955,Next.js
43330,30955,React
43331,30955,Spring Boot
43333,30958,jQuery
43335,30958,React
43336,30958,Vue.js
43338,30960,Express
43340,30960,Next.js
43341,30960,Node.js
43342,30960,React
43344,30963,Node.js
43345,30966,Angular
43346,30966,Express
43347,30966,jQuery
43349,30966,Node.js
43350,30966,React
43351,30966,Spring Boot
43352,30967,ASP.NET
43353,30967,ASP.NET CORE
43354,30967,Spring Boot
43356,30971,React
43357,30972,Angular
43359,30972,jQuery
43360,30972,Node.js
43361,30972,React
43362,30977,ASP.NET
43363,30977,ASP.NET CORE
43364,30977,Node.js
43365,30977,React
43366,30982,Angular
43367,30982,ASP.NET CORE
43368,30982,jQuery
43371,30986,Node.js
43372,30986,React
43373,30986,Spring Boot
43376,30989,Node.js
43379,30990,Vue.js
43380,30994,React
43381,30994,Spring Boot
43384,30997,Express
43387,30997,jQuery
43388,30997,Next.js
43389,30997,Node.js
43390,30997,React
43394,30999,ASP.NET
43395,30999,ASP.NET CORE
43396,30999,jQuery
43397,30999,Node.js
43399,31001,Express
43400,31001,React
43403,31006,Next.js
43404,31006,Node.js
43405,31006,React
43408,31009,Express
43411,31009,Node.js
43412,31009,React
43414,31010,Angular
43415,31010,ASP.NET
43416,31010,ASP.NET CORE
43419,31010,Express
43421,31010,Node.js
43423,31012,Angular
43424,31012,ASP.NET
43425,31012,ASP.NET CORE
43427,31021,Angular
43428,31021,ASP.NET
43429,31021,ASP.NET CORE
43435,31021,React
43436,31021,Spring Boot
43437,31021,Vue.js
43438,31025,jQuery
43442,31027,ASP.NET
43443,31027,ASP.NET CORE
43444,31027,Node.js
43445,31027,React
43448,31029,Node.js
43449,31029,React
43450,31031,Express
43451,31031,Node.js
43452,31031,Vue.js
43453,31033,ASP.NET
43454,31033,ASP.NET CORE
43456,31033,jQuery
43458,31049,Express
43459,31049,Next.js
43460,31049,React
43463,31050,Angular
43465,31050,Express
43467,31050,Next.js
43468,31050,Node.js
43469,31050,React
43470,31050,Spring Boot
43472,31056,React
43473,31057,Angular
43474,31057,Vue.js
43475,31066,ASP.NET
43476,31066,jQuery
43477,31066,Node.js
43478,31066,React
43479,31066,Spring Boot
43480,31066,Vue.js
43482,31069,Express
43485,31069,Next.js
43486,31069,Node.js
43487,31069,React
43488,31073,Next.js
43489,31073,Node.js
43490,31073,React
43491,31080,jQuery
43493,31080,Vue.js
43495,31083,Node.js
43497,31083,Vue.js
43498,31084,ASP.NET
43499,31084,ASP.NET CORE
43500,31084,React
43501,31085,ASP.NET
43502,31085,Next.js
43503,31085,React
43504,31086,Spring Boot
43505,31091,Express
43507,31091,Node.js
43508,31091,React
43509,31095,Angular
43513,31095,Express
43515,31095,jQuery
43517,31095,Next.js
43518,31095,Node.js
43520,31095,React
43522,31095,Vue.js
43525,31097,Next.js
43526,31097,Node.js
43527,31097,React
43530,31099,Angular
43533,31100,jQuery
43534,31100,React
43535,31100,Vue.js
43536,31104,Next.js
43537,31104,Node.js
43538,31104,React
43539,31106,Angular
43541,31106,Express
43542,31106,jQuery
43544,31106,Next.js
43545,31106,Node.js
43546,31106,React
43547,31110,Vue.js
43548,31113,React
43549,31114,Node.js
43550,31117,Spring Boot
43553,31120,ASP.NET
43554,31120,ASP.NET CORE
43555,31120,jQuery
43556,31120,Vue.js
43557,31122,Express
43559,31122,Node.js
43561,31135,ASP.NET
43562,31135,ASP.NET CORE
43563,31135,Next.js
43564,31135,React
43565,31135,Spring Boot
43567,31140,ASP.NET
43568,31140,ASP.NET CORE
43569,31140,Next.js
43570,31140,React
43573,31150,Next.js
43574,31150,Node.js
43575,31150,React
43577,31155,Angular
43582,31155,React
43583,31158,React
43587,31160,ASP.NET
43588,31160,ASP.NET CORE
43589,31160,Express
43590,31160,jQuery
43591,31160,Node.js
43592,31160,React
43593,31160,Vue.js
43596,31165,Spring Boot
43597,31165,Vue.js
43600,31172,Express
43604,31172,Node.js
43606,31174,Node.js
43612,31175,Next.js
43613,31175,React
43616,31178,Vue.js
43617,31180,Angular
43618,31180,ASP.NET CORE
43621,31180,Node.js
43622,31195,jQuery
43624,31195,Vue.js
43626,31199,ASP.NET
43628,31199,React
43631,31201,Express
43633,31201,Next.js
43634,31201,Node.js
43635,31201,React
43636,31203,ASP.NET CORE
43637,31203,Vue.js
43638,31205,ASP.NET
43639,31205,ASP.NET CORE
43642,31212,ASP.NET CORE
43645,31213,Express
43647,31213,jQuery
43648,31213,Node.js
43650,31213,React
43651,31213,Spring Boot
43652,31215,jQuery
43654,31215,Next.js
43655,31215,React
43656,31215,Vue.js
43657,31217,Spring Boot
43658,31217,Vue.js
43659,31218,Express
43662,31218,jQuery
43664,31218,Next.js
43665,31218,Node.js
43666,31218,React
43669,31222,Next.js
43670,31222,Node.js
43671,31223,Angular
43672,31223,ASP.NET CORE
43674,31223,React
43679,31229,jQuery
43680,31231,ASP.NET
43681,31231,ASP.NET CORE
43682,31231,jQuery
43683,31233,Express
43684,31233,jQuery
43685,31233,Node.js
43687,31240,Angular
43689,31240,ASP.NET
43690,31240,ASP.NET CORE
43692,31240,Express
43693,31240,jQuery
43695,31240,Node.js
43696,31240,React
43698,31242,ASP.NET
43699,31242,ASP.NET CORE
43700,31242,Express
43701,31242,Node.js
43702,31242,React
43703,31244,Express
43704,31244,Node.js
43705,31244,React
43706,31245,Angular
43708,31245,Express
43710,31245,Node.js
43711,31245,React
43714,31246,jQuery
43716,31251,ASP.NET CORE
43718,31251,Vue.js
43720,31253,Next.js
43721,31253,Node.js
43722,31253,React
43723,31258,Angular
43725,31258,Node.js
43726,31259,Angular
43728,31259,Express
43730,31259,jQuery
43731,31259,Next.js
43732,31259,Node.js
43733,31259,React
43737,31260,Express
43739,31260,Next.js
43740,31260,Node.js
43742,31263,Angular
43743,31268,ASP.NET
43744,31268,ASP.NET CORE
43746,31268,Express
43747,31268,Next.js
43748,31273,Next.js
43749,31273,React
43750,31279,Angular
43752,31279,jQuery
43754,31279,Node.js
43755,31279,Vue.js
43758,31281,Vue.js
43759,31282,ASP.NET CORE
43760,31282,Node.js
43761,31282,React
43763,31284,Next.js
43764,31284,Node.js
43768,31285,Angular
43772,31285,Vue.js
43773,31296,Express
43774,31296,jQuery
43775,31296,Node.js
43776,31296,React
43781,31303,Node.js
43782,31304,Next.js
43783,31304,React
43784,31305,Express
43785,31305,Next.js
43786,31305,Node.js
43788,31305,React
43790,31307,ASP.NET
43791,31307,ASP.NET CORE
43793,31308,ASP.NET
43796,31308,Express
43800,31308,Node.js
43801,31308,React
43804,31308,Vue.js
43805,31314,Next.js
43806,31315,ASP.NET CORE
43807,31315,React
43808,31317,ASP.NET
43809,31318,Next.js
43810,31318,Node.js
43811,31318,React
43812,31321,Express
43813,31321,Node.js
43814,31321,React
43815,31321,Spring Boot
43816,31321,Vue.js
43819,31325,Next.js
43820,31325,Node.js
43821,31325,React
43823,31327,Angular
43824,31327,Node.js
43825,31327,Spring Boot
43827,31329,Node.js
43828,31330,Express
43830,31330,Node.js
43832,31330,Vue.js
43833,31332,ASP.NET CORE
43834,31332,Next.js
43835,31332,React
43836,31338,ASP.NET
43837,31338,ASP.NET CORE
43839,31350,Express
43840,31350,Next.js
43841,31350,Node.js
43842,31350,React
43843,31352,Angular
43844,31352,Express
43845,31352,jQuery
43846,31352,Node.js
43847,31352,React
43848,31352,Spring Boot
43849,31354,Express
43850,31354,Next.js
43851,31354,Node.js
43852,31354,React
43855,31359,Express
43856,31359,jQuery
43858,31359,Node.js
43859,31359,React
43860,31359,Vue.js
43862,31361,Angular
43863,31361,jQuery
43865,31361,Next.js
43866,31361,Node.js
43867,31361,React
43870,31361,Vue.js
43872,31363,Node.js
43873,31363,React
43874,31368,Express
43879,31368,Next.js
43880,31368,Node.js
43882,31368,React
43884,31368,Vue.js
43886,31376,Angular
43889,31376,Express
43890,31376,jQuery
43891,31376,Node.js
43893,31379,Next.js
43894,31379,Node.js
43895,31379,React
43896,31380,Express
43897,31380,jQuery
43898,31380,Next.js
43899,31380,Node.js
43900,31380,React
43901,31384,Express
43902,31384,Next.js
43903,31384,Node.js
43904,31384,React
43907,31389,Node.js
43909,31389,Vue.js
43910,31391,Angular
43912,31391,Express
43914,31391,Next.js
43915,31391,Node.js
43919,31403,Spring Boot
43920,31404,jQuery
43922,31406,Angular
43923,31406,Express
43924,31411,Angular
43925,31411,jQuery
43926,31411,Spring Boot
43927,31412,Angular
43929,31412,React
43932,31414,Next.js
43933,31414,Node.js
43934,31414,React
43935,31424,ASP.NET CORE
43936,31424,Spring Boot
43937,31424,Vue.js
43940,31426,Vue.js
43942,31428,React
43943,31429,Angular
43945,31429,ASP.NET CORE
43948,31429,jQuery
43950,31429,Next.js
43951,31429,Node.js
43952,31429,Spring Boot
43954,31431,jQuery
43956,31431,Node.js
43957,31431,React
43959,31432,Angular
43960,31432,jQuery
43961,31432,Next.js
43962,31432,Node.js
43963,31432,React
43964,31432,Spring Boot
43965,31432,Vue.js
43968,31437,Node.js
43969,31437,React
43970,31441,Next.js
43971,31441,Node.js
43973,31441,React
43974,31441,Vue.js
43979,31442,React
43980,31443,ASP.NET CORE
43981,31443,jQuery
43982,31443,Vue.js
43983,31448,jQuery
43984,31448,Node.js
43985,31448,Vue.js
43986,31452,Angular
43988,31452,Node.js
43989,31452,React
43991,31452,Vue.js
43993,31456,Express
43994,31456,jQuery
43995,31456,Node.js
43996,31456,Vue.js
44000,31464,Next.js
44001,31464,React
44002,31464,Vue.js
44003,31466,Angular
44004,31473,Express
44005,31473,Node.js
44006,31482,jQuery
44007,31482,Node.js
44009,31492,Angular
44011,31492,Express
44013,31492,Node.js
44014,31492,Spring Boot
44016,31500,Express
44018,31500,Next.js
44019,31500,Node.js
44020,31500,React
44021,31502,jQuery
44023,31503,Angular
44026,31508,Angular
44027,31508,Express
44028,31508,Next.js
44029,31508,React
44030,31515,ASP.NET CORE
44033,31515,Node.js
44034,31515,React
44037,31516,jQuery
44039,31518,ASP.NET CORE
44040,31518,Node.js
44041,31518,React
44043,31524,Angular
44044,31524,jQuery
44045,31524,Node.js
44046,31524,Spring Boot
44047,31530,Angular
44048,31534,Express
44050,31534,Next.js
44051,31534,Node.js
44052,31534,React
44053,31534,Spring Boot
44054,31537,ASP.NET
44055,31537,ASP.NET CORE
44056,31537,Express
44057,31537,jQuery
44058,31537,Node.js
44059,31537,Vue.js
44061,31541,ASP.NET
44062,31541,ASP.NET CORE
44063,31541,Node.js
44064,31541,React
44065,31545,Spring Boot
44066,31552,ASP.NET CORE
44067,31552,Express
44070,31553,jQuery
44072,31553,Node.js
44075,31553,Vue.js
44076,31555,ASP.NET CORE
44077,31560,jQuery
44078,31560,Next.js
44079,31560,Node.js
44081,31560,React
44082,31560,Spring Boot
44084,31561,ASP.NET
44085,31561,ASP.NET CORE
44088,31561,Spring Boot
44090,31562,Angular
44093,31562,Express
44095,31562,Node.js
44096,31562,Spring Boot
44097,31563,ASP.NET CORE
44104,31565,Next.js
44105,31565,Node.js
44106,31565,React
44111,31568,Next.js
44112,31568,Node.js
44113,31568,React
44118,31574,Express
44119,31574,jQuery
44120,31574,Node.js
44121,31574,React
44123,31574,Vue.js
44124,31575,ASP.NET
44125,31575,ASP.NET CORE
44126,31575,jQuery
44127,31575,Vue.js
44128,31579,Spring Boot
44129,31582,ASP.NET
44130,31582,ASP.NET CORE
44133,31582,Express
44136,31582,jQuery
44137,31582,Next.js
44138,31582,Node.js
44139,31582,React
44142,31584,Express
44143,31584,Next.js
44144,31584,Node.js
44146,31589,ASP.NET
44149,31594,Angular
44152,31594,Express
44156,31594,Next.js
44157,31594,Node.js
44159,31594,React
44160,31594,Spring Boot
44161,31594,Vue.js
44163,31598,Node.js
44164,31598,React
44166,31598,Vue.js
44169,31603,jQuery
44171,31604,Express
44172,31604,Node.js
44173,31604,React
44174,31612,Express
44178,31612,Node.js
44179,31612,React
44181,31616,Angular
44182,31616,jQuery
44184,31616,React
44185,31620,Angular
44186,31620,Express
44189,31620,Node.js
44190,31620,React
44191,31620,Spring Boot
44192,31623,jQuery
44196,31633,Express
44199,31633,Next.js
44200,31633,Node.js
44201,31633,React
44204,31636,Next.js
44205,31636,React
44207,31637,Express
44210,31637,jQuery
44211,31637,Next.js
44212,31637,Node.js
44213,31637,React
44214,31637,Vue.js
44217,31638,Vue.js
44218,31645,jQuery
44219,31645,Spring Boot
44220,31645,Vue.js
44222,31646,React
44224,31652,Node.js
44225,31652,React
44226,31653,ASP.NET
44227,31653,Node.js
44228,31653,React
44229,31655,Angular
44230,31655,jQuery
44231,31655,Vue.js
44232,31659,Express
44234,31660,ASP.NET CORE
44235,31660,React
44237,31662,Next.js
44240,31667,Angular
44243,31667,Node.js
44244,31667,React
44245,31668,Express
44246,31668,Node.js
44247,31668,React
44250,31669,Node.js
44251,31669,React
44252,31670,jQuery
44256,31670,Vue.js
44258,31672,Angular
44259,31672,ASP.NET CORE
44260,31672,jQuery
44261,31672,Vue.js
44263,31675,React
44267,31676,Node.js
44268,31676,Spring Boot
44271,31678,ASP.NET
44272,31678,ASP.NET CORE
44274,31678,Express
44277,31678,Next.js
44278,31678,Node.js
44279,31678,React
44281,31678,Vue.js
44284,31679,Next.js
44285,31679,Node.js
44286,31679,React
44287,31681,Angular
44288,31681,Express
44290,31681,Node.js
44291,31690,Vue.js
44292,31691,Node.js
44293,31692,Angular
44294,31692,ASP.NET CORE
44296,31692,Next.js
44297,31692,React
44298,31696,ASP.NET
44299,31696,ASP.NET CORE
44301,31696,jQuery
44302,31696,Node.js
44305,31698,jQuery
44308,31711,Spring Boot
44310,31712,Angular
44312,31712,Node.js
44315,31718,Spring Boot
44316,31719,Angular
44317,31719,ASP.NET
44318,31719,ASP.NET CORE
44319,31719,jQuery
44321,31722,React
44322,31722,Spring Boot
44324,31737,ASP.NET
44325,31737,ASP.NET CORE
44326,31737,jQuery
44327,31737,Node.js
44328,31740,ASP.NET CORE
44329,31740,Express
44330,31740,Node.js
44331,31740,Vue.js
44332,31741,ASP.NET
44333,31741,ASP.NET CORE
44334,31741,jQuery
44335,31741,Vue.js
44338,31746,Node.js
44339,31746,React
44340,31752,jQuery
44341,31752,Node.js
44342,31754,jQuery
44343,31754,React
44344,31754,Spring Boot
44345,31755,Next.js
44346,31755,Node.js
44348,31755,React
44349,31755,Vue.js
44352,31758,jQuery
44353,31759,Next.js
44354,31759,React
44356,31760,Express
44357,31760,Next.js
44358,31760,Node.js
44359,31760,React
44364,31763,jQuery
44365,31763,Node.js
44366,31763,React
44369,31770,Express
44371,31770,Node.js
44374,31770,Vue.js
44375,31771,ASP.NET
44376,31771,ASP.NET CORE
44377,31771,React
44378,31772,Angular
44380,31772,ASP.NET
44381,31772,ASP.NET CORE
44382,31775,ASP.NET CORE
44385,31787,ASP.NET
44386,31787,ASP.NET CORE
44388,31787,jQuery
44390,31788,React
44397,31790,jQuery
44398,31790,Next.js
44399,31790,Node.js
44401,31790,React
44402,31790,Vue.js
44403,31796,Express
44405,31796,React
44406,31798,ASP.NET CORE
44409,31800,Express
44410,31800,Next.js
44411,31800,Node.js
44412,31800,React
44413,31800,Vue.js
44414,31804,Angular
44415,31804,ASP.NET
44416,31804,ASP.NET CORE
44417,31807,Express
44420,31807,jQuery
44421,31807,Next.js
44422,31807,React
44423,31807,Vue.js
44426,31809,Next.js
44427,31809,React
44429,31812,Express
44431,31812,jQuery
44432,31812,Node.js
44433,31812,Vue.js
44434,31813,Express
44435,31813,Node.js
44436,31813,React
44437,31815,ASP.NET
44438,31815,ASP.NET CORE
44440,31815,jQuery
44441,31820,Angular
44442,31820,ASP.NET CORE
44444,31820,jQuery
44445,31820,Next.js
44447,31820,Vue.js
44448,31821,Express
44450,31821,Node.js
44451,31821,React
44454,31828,Express
44455,31828,jQuery
44457,31828,Next.js
44458,31828,Node.js
44459,31828,React
44461,31828,Spring Boot
44462,31841,ASP.NET
44463,31841,ASP.NET CORE
44464,31841,React
44465,31842,Express
44467,31842,Next.js
44468,31842,Node.js
44469,31842,React
44471,31842,Spring Boot
44472,31842,Vue.js
44474,31852,Angular
44475,31852,jQuery
44476,31855,Angular
44477,31855,ASP.NET CORE
44478,31855,Node.js
44479,31855,React
44481,31859,Node.js
44483,31862,Angular
44485,31862,Express
44487,31862,Node.js
44488,31862,Vue.js
44489,31865,Angular
44490,31865,React
44492,31869,Next.js
44493,31869,React
44494,31871,Angular
44497,31871,Next.js
44498,31871,React
44500,31872,Express
44502,31872,Node.js
44504,31872,Vue.js
44507,31884,Express
44509,31887,Angular
44511,31887,Spring Boot
44512,31887,Vue.js
44513,31890,Angular
44515,31890,ASP.NET
44516,31890,ASP.NET CORE
44518,31890,jQuery
44520,31890,Node.js
44521,31892,Angular
44522,31892,ASP.NET
44523,31892,jQuery
44524,31892,Node.js
44527,31897,ASP.NET
44528,31897,ASP.NET CORE
44529,31897,Vue.js
44531,31906,Node.js
44532,31906,React
44533,31907,Vue.js
44540,31914,Next.js
44541,31914,React
44542,31916,Express
44544,31916,Node.js
44545,31917,Angular
44546,31917,ASP.NET CORE
44550,31917,jQuery
44552,31917,Next.js
44553,31917,Node.js
44555,31917,React
44557,31917,Vue.js
44558,31918,Express
44560,31918,Node.js
44561,31918,Vue.js
44562,31919,ASP.NET
44563,31919,Next.js
44564,31919,Node.js
44565,31919,React
44567,31920,React
44569,31924,Spring Boot
44570,31927,ASP.NET
44571,31927,ASP.NET CORE
44572,31927,Express
44576,31927,React
44578,31928,React
44580,31935,React
44582,31938,Node.js
44583,31938,Spring Boot
44585,31940,Node.js
44586,31940,React
44590,31943,Express
44595,31943,Node.js
44596,31943,React
44597,31947,jQuery
44598,31947,Vue.js
44599,31948,ASP.NET
44600,31948,ASP.NET CORE
44602,31948,Node.js
44607,31952,React
44609,31953,Express
44611,31953,Node.js
44612,31957,React
44614,31961,Node.js
44615,31961,Vue.js
44617,31962,Next.js
44618,31962,Node.js
44619,31962,React
44620,31964,Angular
44625,31964,jQuery
44626,31964,Node.js
44627,31964,React
44629,31965,Spring Boot
44632,31966,jQuery
44634,31969,Angular
44637,31970,Next.js
44638,31970,Node.js
44639,31970,React
44640,31974,jQuery
44642,31978,React
44645,31983,jQuery
44646,31983,Next.js
44647,31983,React
44649,31996,Angular
44650,31996,ASP.NET CORE
44654,31998,Node.js
44657,31998,Vue.js
44658,31999,Spring Boot
44660,32002,Next.js
44661,32002,Node.js
44662,32002,React
44664,32002,Vue.js
44667,32023,Angular
44671,32023,Next.js
44672,32023,Node.js
44673,32023,React
44674,32023,Spring Boot
44680,32029,jQuery
44681,32029,Node.js
44682,32029,React
44683,32029,Vue.js
44684,32030,Next.js
44685,32030,Node.js
44686,32030,React
44688,32036,Node.js
44689,32039,Express
44690,32039,Node.js
44691,32040,ASP.NET
44692,32040,ASP.NET CORE
44694,32040,jQuery
44695,32040,Node.js
44696,32040,React
44697,32040,Vue.js
44698,32042,Express
44701,32042,Node.js
44702,32042,React
44706,32048,jQuery
44707,32048,Spring Boot
44708,32053,React
44709,32053,Spring Boot
44710,32054,ASP.NET CORE
44712,32054,Express
44714,32054,jQuery
44715,32054,Node.js
44716,32054,React
44719,32057,Vue.js
44721,32060,React
44722,32066,Next.js
44723,32066,React
44724,32069,ASP.NET
44725,32069,ASP.NET CORE
44726,32069,jQuery
44728,32071,Angular
44729,32071,ASP.NET
44730,32071,ASP.NET CORE
44731,32071,Express
44733,32071,Node.js
44735,32083,ASP.NET
44740,32083,Node.js
44741,32083,React
44742,32090,ASP.NET CORE
44743,32098,Angular
44744,32098,jQuery
44745,32098,Next.js
44746,32098,Node.js
44748,32098,React
44750,32102,Express
44751,32102,Next.js
44752,32102,Node.js
44753,32102,React
44754,32103,ASP.NET
44755,32103,ASP.NET CORE
44756,32112,Express
44757,32112,Node.js
44759,32112,Spring Boot
44760,32112,Vue.js
44761,32114,Express
44762,32114,jQuery
44763,32114,Node.js
44764,32114,Vue.js
44767,32115,Spring Boot
44768,32121,ASP.NET
44769,32121,ASP.NET CORE
44770,32121,Node.js
44772,32130,ASP.NET
44773,32130,ASP.NET CORE
44774,32130,Next.js
44775,32130,React
44776,32130,Vue.js
44777,32131,ASP.NET CORE
44779,32132,Express
44781,32132,Next.js
44782,32132,Node.js
44783,32132,React
44784,32140,Express
44785,32140,Next.js
44786,32140,Node.js
44787,32140,React
44788,32140,Spring Boot
44790,32146,jQuery
44791,32146,Node.js
44794,32149,Node.js
44796,32149,Vue.js
44797,32150,Angular
44798,32150,Express
44800,32150,Node.js
44801,32150,React
44802,32150,Spring Boot
44803,32150,Vue.js
44804,32152,Spring Boot
44805,32153,Spring Boot
44808,32163,Vue.js
44810,32168,React
44812,32170,Express
44815,32170,Next.js
44816,32170,Node.js
44817,32170,React
44820,32185,React
44823,32190,Express
44824,32190,Node.js
44825,32190,React
44828,32194,Node.js
44830,32200,Express
44831,32200,Node.js
44832,32200,React
44834,32209,jQuery
44835,32209,Node.js
44837,32213,Next.js
44838,32213,Node.js
44839,32213,React
44842,32224,Express
44843,32224,Next.js
44844,32224,Node.js
44846,32224,React
44847,32224,Vue.js
44848,32228,Angular
44851,32228,Express
44853,32228,jQuery
44854,32228,Node.js
44855,32228,React
44856,32228,Spring Boot
44859,32249,Angular
44861,32249,ASP.NET
44862,32249,jQuery
44864,32249,React
44865,32249,Spring Boot
44868,32252,React
44869,32259,Angular
44870,32259,ASP.NET
44871,32259,ASP.NET CORE
44873,32259,jQuery
44874,32259,Node.js
44875,32259,React
44878,32260,Express
44882,32260,jQuery
44884,32260,Node.js
44885,32265,ASP.NET
44886,32265,ASP.NET CORE
44890,32265,jQuery
44891,32265,Node.js
44892,32265,React
44893,32265,Vue.js
44895,32270,Next.js
44896,32270,Node.js
44897,32270,React
44898,32272,Express
44899,32272,Next.js
44900,32272,Node.js
44901,32272,React
44902,32272,Spring Boot
44904,32275,Angular
44905,32275,Express
44906,32275,jQuery
44908,32275,Next.js
44909,32275,Node.js
44910,32275,React
44912,32275,Vue.js
44915,32277,ASP.NET
44916,32277,ASP.NET CORE
44918,32277,jQuery
44919,32277,Node.js
44920,32277,React
44921,32277,Vue.js
44923,32279,Angular
44924,32279,ASP.NET
44925,32279,ASP.NET CORE
44927,32279,jQuery
44929,32280,React
44933,32288,Spring Boot
44934,32293,Node.js
44935,32293,Vue.js
44939,32296,Next.js
44940,32296,Node.js
44941,32296,React
44942,32300,Express
44943,32300,jQuery
44944,32300,React
44946,32301,Angular
44947,32301,ASP.NET
44948,32301,Express
44950,32301,Node.js
44951,32301,React
44952,32301,Spring Boot
44954,32305,Express
44955,32305,Node.js
44956,32305,React
44957,32310,ASP.NET
44958,32310,ASP.NET CORE
44959,32310,jQuery
44960,32310,React
44961,32313,ASP.NET
44962,32313,ASP.NET CORE
44963,32313,jQuery
44964,32313,React
44965,32313,Vue.js
44967,32319,ASP.NET
44968,32319,ASP.NET CORE
44970,32319,Next.js
44971,32319,Node.js
44972,32319,React
44973,32321,Angular
44976,32321,Express
44977,32321,Next.js
44978,32321,React
44979,32322,Express
44980,32322,Node.js
44982,32322,Vue.js
44983,32323,Angular
44984,32323,Node.js
44985,32323,React
44986,32323,Spring Boot
44987,32329,Express
44990,32329,Next.js
44991,32329,Node.js
44992,32329,React
44993,32332,ASP.NET
44994,32332,ASP.NET CORE
44996,32332,Express
44998,32332,Next.js
44999,32332,React
45003,32333,Node.js
45004,32333,React
45006,32335,React
45010,32358,Angular
45012,32358,jQuery
45014,32358,Node.js
45016,32362,Express
45018,32362,jQuery
45019,32362,React
45020,32362,Spring Boot
45023,32364,jQuery
45025,32365,Node.js
45026,32370,Angular
45027,32370,Express
45029,32370,Node.js
45031,32372,Express
45032,32372,React
45033,32379,Angular
45034,32379,Node.js
45035,32379,Spring Boot
45036,32381,ASP.NET
45037,32381,ASP.NET CORE
45038,32381,React
45042,32385,Node.js
45043,32385,React
45045,32386,Next.js
45046,32386,React
45047,32386,Spring Boot
45050,32391,Next.js
45052,32391,React
45053,32391,Vue.js
45056,32396,jQuery
45062,32399,React
45063,32399,Vue.js
45065,32400,Next.js
45066,32400,Node.js
45067,32400,React
45070,32401,ASP.NET CORE
45071,32401,React
45076,32407,Node.js
45078,32407,Vue.js
45079,32419,Angular
45080,32419,ASP.NET
45081,32419,ASP.NET CORE
45083,32419,Express
45086,32419,Node.js
45089,32419,React
45093,32424,ASP.NET CORE
45095,32424,Node.js
45096,32424,React
45097,32424,Vue.js
45100,32427,Angular
45101,32427,ASP.NET
45102,32427,ASP.NET CORE
45104,32431,ASP.NET CORE
45105,32431,Express
45108,32431,Node.js
45109,32431,React
45111,32433,Express
45112,32433,jQuery
45113,32433,Next.js
45114,32433,Node.js
45115,32433,React
45116,32437,jQuery
45117,32437,Node.js
45119,32438,Spring Boot
45120,32439,Angular
45122,32439,ASP.NET
45123,32439,ASP.NET CORE
45125,32439,jQuery
45126,32439,Node.js
45127,32439,Spring Boot
45131,32443,jQuery
45133,32443,Node.js
45134,32443,React
45136,32445,jQuery
45138,32445,Node.js
45139,32445,Vue.js
45141,32447,Node.js
45142,32447,React
45143,32449,ASP.NET
45144,32449,ASP.NET CORE
45145,32449,Express
45146,32449,Node.js
45147,32449,React
45149,32451,jQuery
45153,32452,jQuery
45154,32452,Node.js
45156,32452,Vue.js
45157,32454,React
45158,32454,Spring Boot
45160,32459,Next.js
45161,32459,React
45162,32459,Spring Boot
45163,32463,Angular
45164,32463,ASP.NET
45165,32463,ASP.NET CORE
45166,32473,ASP.NET CORE
45167,32473,React
45168,32474,Spring Boot
45169,32476,ASP.NET CORE
45170,32477,Angular
45172,32477,ASP.NET
45173,32477,ASP.NET CORE
45175,32477,jQuery
45176,32477,Node.js
45177,32477,React
45179,32481,React
45180,32483,Express
45183,32483,Next.js
45184,32483,Node.js
45185,32483,React
45186,32488,ASP.NET CORE
45189,32494,Angular
45190,32494,ASP.NET
45191,32494,ASP.NET CORE
45192,32494,Express
45193,32494,Node.js
45194,32496,Node.js
45195,32506,Angular
45196,32506,jQuery
45197,32506,Spring Boot
45198,32507,Express
45201,32507,Next.js
45202,32507,Node.js
45203,32507,React
45207,32509,Next.js
45208,32509,React
45209,32510,jQuery
45210,32510,Vue.js
45213,32511,Express
45217,32511,Node.js
45218,32515,jQuery
45220,32517,Node.js
45222,32519,Next.js
45223,32519,React
45226,32521,React
45227,32521,Spring Boot
45228,32522,React
45229,32523,Angular
45230,32523,Node.js
45232,32530,Angular
45233,32530,ASP.NET CORE
45234,32532,Angular
45235,32532,ASP.NET
45236,32532,ASP.NET CORE
45238,32532,jQuery
45239,32532,Node.js
45240,32532,React
45241,32532,Vue.js
45242,32535,Angular
45243,32535,Express
45244,32535,Node.js
45245,32535,Spring Boot
45247,32539,Angular
45248,32539,ASP.NET CORE
45249,32539,Node.js
45250,32544,ASP.NET CORE
45251,32544,jQuery
45255,32550,Spring Boot
45257,32564,ASP.NET
45258,32564,ASP.NET CORE
45259,32566,jQuery
45260,32566,Node.js
45261,32567,jQuery
45265,32568,Express
45269,32568,jQuery
45271,32568,Next.js
45272,32568,React
45273,32568,Vue.js
45275,32574,jQuery
45276,32577,jQuery
45277,32577,React
45278,32577,Vue.js
45279,32579,ASP.NET
45280,32579,ASP.NET CORE
45281,32579,jQuery
45282,32582,Express
45283,32582,jQuery
45284,32582,Node.js
45285,32584,ASP.NET
45286,32584,ASP.NET CORE
45288,32584,Node.js
45290,32584,Vue.js
45293,32587,Express
45295,32587,jQuery
45297,32587,React
45298,32587,Vue.js
45305,32600,jQuery
45306,32600,React
45307,32600,Spring Boot
45309,32604,Next.js
45310,32604,React
45311,32606,Spring Boot
45312,32607,Angular
45314,32607,Node.js
45315,32613,Angular
45317,32613,jQuery
45318,32615,Express
45319,32615,Node.js
45320,32615,React
45322,32616,Angular
45323,32616,Node.js
45325,32616,Vue.js
45326,32618,Express
45327,32618,Next.js
45328,32618,Node.js
45329,32618,React
45330,32618,Spring Boot
45331,32620,Angular
45332,32620,ASP.NET
45333,32620,ASP.NET CORE
45334,32620,jQuery
45335,32620,React
45336,32623,Angular
45337,32624,Express
45338,32624,Next.js
45339,32624,Node.js
45342,32624,Spring Boot
45343,32624,Vue.js
45346,32627,ASP.NET CORE
45351,32629,jQuery
45353,32629,React
45354,32632,ASP.NET CORE
45355,32632,Express
45357,32632,jQuery
45358,32632,Next.js
45359,32632,React
45363,32634,jQuery
45364,32634,Node.js
45365,32634,Spring Boot
45367,32634,Vue.js
45370,32638,jQuery
45371,32638,React
45372,32642,React
45373,32645,Angular
45374,32645,Express
45375,32645,jQuery
45376,32645,Next.js
45377,32645,Node.js
45379,32645,React
45381,32645,Spring Boot
45385,32647,React
45387,32647,Spring Boot
45388,32649,jQuery
45390,32649,Node.js
45393,32650,Express
45394,32650,Next.js
45395,32650,Node.js
45396,32650,React
45397,32650,Spring Boot
45400,32651,Express
45401,32651,Next.js
45402,32651,Node.js
45403,32651,React
45405,32655,Angular
45408,32655,Express
45411,32655,Next.js
45412,32655,Node.js
45413,32655,React
45415,32656,Angular
45416,32656,ASP.NET
45417,32656,ASP.NET CORE
45418,32656,Node.js
45419,32656,Vue.js
45422,32658,Next.js
45423,32658,Node.js
45424,32658,React
45426,32664,ASP.NET CORE
45428,32665,ASP.NET
45429,32665,ASP.NET CORE
45431,32665,jQuery
45432,32665,Node.js
45433,32666,Next.js
45434,32666,Node.js
45435,32666,React
45437,32668,Next.js
45438,32668,React
45439,32668,Spring Boot
45441,32674,Angular
45442,32674,ASP.NET
45443,32674,ASP.NET CORE
45444,32674,jQuery
45445,32674,Next.js
45447,32674,React
45448,32674,Vue.js
45450,32675,Vue.js
45451,32676,ASP.NET CORE
45452,32676,Next.js
45453,32676,React
45454,32679,Angular
45455,32679,ASP.NET
45456,32679,ASP.NET CORE
45457,32679,jQuery
45460,32684,Next.js
45461,32684,React
45463,32685,Angular
45465,32692,Express
45467,32692,Next.js
45468,32692,Node.js
45469,32692,React
45470,32693,Spring Boot
45471,32695,Express
45472,32695,Next.js
45473,32695,Node.js
45474,32695,React
45475,32705,Angular
45476,32705,ASP.NET CORE
45477,32705,Node.js
45479,32709,Node.js
45480,32709,React
45482,32710,Next.js
45483,32710,Node.js
45484,32710,React
45485,32712,Express
45486,32712,jQuery
45488,32712,Next.js
45489,32712,Node.js
45490,32712,React
45492,32714,Express
45493,32714,Next.js
45494,32714,Node.js
45495,32714,React
45498,32718,React
45502,32723,Angular
45503,32723,ASP.NET
45504,32723,ASP.NET CORE
45505,32723,jQuery
45506,32723,Node.js
45507,32725,ASP.NET CORE
45509,32725,React
45510,32728,ASP.NET
45511,32728,ASP.NET CORE
45512,32728,Node.js
45513,32728,React
45514,32729,ASP.NET
45515,32729,ASP.NET CORE
45517,32729,jQuery
45518,32729,Node.js
45519,32732,ASP.NET CORE
45522,32732,Express
45524,32732,React
45525,32740,Express
45526,32740,React
45527,32740,Spring Boot
45529,32741,React
45530,32742,Angular
45532,32742,Next.js
45534,32742,React
45535,32742,Vue.js
45536,32743,Angular
45537,32743,ASP.NET
45538,32743,ASP.NET CORE
45540,32743,jQuery
45541,32743,React
45542,32743,Vue.js
45543,32744,ASP.NET
45544,32744,ASP.NET CORE
45545,32747,Node.js
45546,32747,React
45547,32748,Express
45548,32748,jQuery
45549,32748,Node.js
45550,32748,React
45551,32752,Next.js
45552,32752,React
45555,32761,Spring Boot
45556,32767,Express
45557,32767,Node.js
45558,32767,React
45562,32771,Next.js
45563,32771,React
45564,32771,Vue.js
45565,32774,ASP.NET
45566,32774,ASP.NET CORE
45567,32774,Next.js
45568,32774,Node.js
45570,32785,jQuery
45571,32798,Express
45572,32798,jQuery
45574,32798,Next.js
45575,32798,Node.js
45576,32798,React
45578,32802,ASP.NET
45579,32802,ASP.NET CORE
45581,32802,jQuery
45582,32803,React
45583,32804,Next.js
45584,32804,Node.js
45585,32804,React
45592,32807,jQuery
45593,32807,Node.js
45596,32807,Vue.js
45597,32808,Node.js
45598,32808,React
45600,32809,Node.js
45601,32809,React
45602,32810,Angular
45604,32810,Node.js
45606,32810,Spring Boot
45607,32815,Spring Boot
45608,32818,Angular
45611,32820,Angular
45612,32820,Node.js
45614,32821,Vue.js
45617,32823,React
45619,32826,ASP.NET
45620,32826,ASP.NET CORE
45621,32826,Next.js
45622,32826,Node.js
45623,32826,React
45625,32827,Angular
45627,32827,jQuery
45630,32827,React
45632,32827,Vue.js
45633,32832,jQuery
45634,32832,Node.js
45635,32832,React
45636,32832,Spring Boot
45640,32838,Next.js
45641,32838,Node.js
45647,32843,Angular
45649,32844,Angular
45651,32844,jQuery
45652,32844,Node.js
45653,32844,React
45654,32844,Spring Boot
45657,32845,jQuery
45658,32856,Express
45659,32856,Next.js
45660,32856,Node.js
45661,32856,React
45662,32857,Express
45664,32857,Node.js
45665,32857,React
45666,32857,Vue.js
45668,32861,Next.js
45669,32861,Node.js
45671,32861,React
45675,32861,Vue.js
45676,32864,Express
45678,32864,Next.js
45679,32864,Node.js
45680,32864,React
45681,32864,Vue.js
45682,32865,jQuery
45684,32865,Next.js
45685,32865,React
45687,32866,jQuery
45688,32871,Angular
45689,32871,ASP.NET
45690,32871,ASP.NET CORE
45691,32871,jQuery
45693,32871,Node.js
45694,32871,Spring Boot
45695,32871,Vue.js
45697,32877,Angular
45700,32877,Spring Boot
45701,32877,Vue.js
45704,32888,jQuery
45712,32901,ASP.NET CORE
45713,32901,React
45715,32903,Angular
45716,32903,Express
45719,32906,ASP.NET
45720,32906,ASP.NET CORE
45721,32906,jQuery
45722,32906,Node.js
45723,32906,React
45724,32909,ASP.NET
45725,32909,ASP.NET CORE
45726,32911,ASP.NET CORE
45727,32911,React
45732,32913,Node.js
45733,32913,React
45734,32913,Vue.js
45735,32916,ASP.NET
45736,32916,ASP.NET CORE
45738,32916,jQuery
45739,32919,Node.js
45740,32919,React
45743,32925,React
45744,32933,jQuery
45745,32934,Express
45746,32934,Next.js
45747,32934,Node.js
45748,32934,React
45750,32935,Express
45752,32935,Next.js
45753,32935,Node.js
45754,32935,React
45755,32935,Vue.js
45759,32940,Angular
45761,32940,Node.js
45762,32940,React
45763,32940,Spring Boot
45764,32946,Angular
45769,32946,jQuery
45770,32946,Next.js
45771,32946,React
45773,32946,Vue.js
45775,32947,ASP.NET
45779,32952,jQuery
45781,32956,React
45782,32956,Spring Boot
45783,32962,ASP.NET CORE
45784,32962,Node.js
45786,32964,Node.js
45787,32964,React
45788,32964,Spring Boot
45790,32966,Next.js
45791,32966,Node.js
45792,32966,React
45793,32970,ASP.NET
45795,32970,Express
45796,32970,jQuery
45797,32970,Node.js
45798,32970,React
45799,32970,Spring Boot
45800,32970,Vue.js
45803,32972,Express
45806,32972,jQuery
45808,32972,Next.js
45809,32972,Node.js
45810,32972,React
45813,32973,Vue.js
45815,32976,Express
45818,32976,Node.js
45819,32976,React
45820,32980,Angular
45822,32980,Spring Boot
45823,32982,Spring Boot
45826,32983,Express
45828,32983,Node.js
45830,32984,Express
45831,32984,Next.js
45832,32984,Node.js
45833,32984,React
45834,32986,Express
45835,32986,Next.js
45836,32986,Node.js
45837,32986,React
45838,32986,Spring Boot
45840,32987,Angular
45841,32987,ASP.NET
45842,32987,ASP.NET CORE
45844,32987,jQuery
45845,32992,Vue.js
45847,32995,Next.js
45848,32995,Node.js
45849,32995,React
45850,32997,Angular
45852,32997,ASP.NET
45853,32997,ASP.NET CORE
45855,32997,Express
45856,32997,jQuery
45858,32997,Next.js
45859,32997,Node.js
45860,32997,React
45862,33000,Node.js
45863,33000,Spring Boot
45864,33003,Spring Boot
45865,33008,Angular
45866,33008,ASP.NET
45867,33008,ASP.NET CORE
45868,33008,jQuery
45869,33008,Node.js
45870,33009,Spring Boot
45871,33010,Express
45872,33010,Next.js
45873,33010,React
45874,33018,ASP.NET CORE
45875,33018,React
45876,33023,Express
45878,33023,Node.js
45880,33023,React
45882,33023,Vue.js
45883,33025,ASP.NET CORE
45885,33029,jQuery
45886,33029,Node.js
45887,33029,React
45888,33030,Express
45889,33030,Node.js
45890,33030,React
45891,33031,Next.js
45892,33031,React
45893,33034,Angular
45896,33034,Express
45898,33034,jQuery
45900,33034,Next.js
45901,33034,Node.js
45902,33034,React
45905,33035,ASP.NET
45906,33035,ASP.NET CORE
45908,33035,Node.js
45909,33035,React
45911,33036,jQuery
45912,33036,React
45914,33037,ASP.NET CORE
45915,33037,Express
45916,33037,Next.js
45917,33037,Node.js
45918,33037,React
45920,33038,jQuery
45922,33043,Angular
45923,33043,Next.js
45924,33043,React
45926,33044,Node.js
45927,33044,React
45930,33045,jQuery
45931,33045,React
45932,33045,Spring Boot
45933,33049,Node.js
45935,33049,Vue.js
45936,33052,ASP.NET
45938,33052,Express
45940,33052,Node.js
45941,33052,React
45942,33057,ASP.NET CORE
45943,33057,Vue.js
45944,33060,ASP.NET
45945,33060,ASP.NET CORE
45946,33060,jQuery
45947,33060,Node.js
45948,33061,Node.js
45949,33061,React
45952,33062,Vue.js
45953,33067,Angular
45958,33067,Next.js
45959,33067,React
45960,33068,Node.js
45961,33068,React
45962,33070,Spring Boot
45969,33078,Next.js
45970,33078,Node.js
45971,33078,React
45973,33078,Vue.js
45975,33079,ASP.NET CORE
45976,33079,jQuery
45977,33079,Node.js
45978,33079,Vue.js
45981,33090,React
45985,33100,Node.js
45986,33102,ASP.NET
45988,33104,jQuery
45990,33104,Node.js
45991,33104,React
45993,33104,Vue.js
45994,33105,ASP.NET CORE
45996,33105,Node.js
46001,33113,Spring Boot
46002,33114,Angular
46004,33114,ASP.NET
46005,33114,ASP.NET CORE
46006,33122,Angular
46008,33122,jQuery
46010,33124,ASP.NET
46011,33124,ASP.NET CORE
46012,33124,jQuery
46013,33124,Node.js
46014,33124,React
46016,33126,ASP.NET
46017,33126,ASP.NET CORE
46018,33126,jQuery
46019,33126,Node.js
46020,33130,ASP.NET CORE
46021,33130,React
46024,33131,React
46025,33135,Angular
46028,33135,Express
46029,33135,jQuery
46032,33135,Next.js
46033,33135,Node.js
46034,33135,React
46036,33135,Vue.js
46041,33139,React
46043,33139,Vue.js
46044,33140,ASP.NET
46045,33140,ASP.NET CORE
46046,33140,Express
46048,33140,Next.js
46049,33140,Node.js
46050,33140,React
46051,33144,Node.js
46052,33144,React
46053,33153,Node.js
46055,33153,Vue.js
46056,33154,Angular
46057,33154,jQuery
46058,33154,Node.js
46060,33154,Vue.js
46062,33156,ASP.NET
46063,33156,jQuery
46064,33156,Node.js
46066,33164,ASP.NET
46067,33164,ASP.NET CORE
46070,33165,Next.js
46071,33165,Node.js
46072,33165,React
46073,33166,ASP.NET CORE
46075,33167,ASP.NET CORE
46077,33167,Vue.js
46079,33168,Next.js
46080,33168,Node.js
46081,33178,ASP.NET CORE
46082,33178,Node.js
46084,33185,Angular
46086,33185,jQuery
46087,33185,Spring Boot
46089,33186,Express
46092,33186,jQuery
46094,33186,Next.js
46095,33186,Node.js
46096,33186,React
46098,33196,jQuery
46099,33196,Next.js
46100,33196,Node.js
46102,33197,Express
46104,33197,Node.js
46106,33199,Express
46108,33199,Node.js
46109,33199,React
46116,33200,Spring Boot
46117,33205,Express
46120,33205,Next.js
46121,33205,Node.js
46122,33205,React
46124,33207,ASP.NET CORE
46125,33207,React
46126,33208,Node.js
46127,33208,React
46129,33209,ASP.NET CORE
46130,33209,Next.js
46131,33209,Node.js
46132,33209,React
46134,33215,jQuery
46139,33218,Express
46141,33220,Express
46142,33220,jQuery
46143,33220,Next.js
46144,33220,Node.js
46146,33220,React
46148,33220,Vue.js
46149,33224,Angular
46151,33224,Spring Boot
46152,33226,React
46153,33227,Node.js
46154,33229,Angular
46155,33229,ASP.NET
46156,33229,ASP.NET CORE
46158,33229,jQuery
46159,33229,React
46160,33230,Angular
46162,33230,Express
46163,33230,Node.js
46164,33232,Angular
46167,33232,React
46168,33236,ASP.NET CORE
46169,33236,React
46170,33241,React
46171,33241,Spring Boot
46172,33245,Angular
46173,33245,React
46174,33255,Angular
46175,33255,ASP.NET CORE
46176,33255,jQuery
46177,33258,Angular
46181,33259,React
46182,33259,Spring Boot
46183,33260,Express
46185,33260,jQuery
46186,33260,Next.js
46187,33260,Node.js
46188,33260,React
46190,33261,Node.js
46191,33261,React
46192,33261,Spring Boot
46194,33264,jQuery
46196,33265,Angular
46197,33265,Express
46198,33265,Next.js
46199,33265,Node.js
46200,33265,React
46202,33266,Spring Boot
46203,33266,Vue.js
46204,33268,React
46206,33269,jQuery
46208,33271,Express
46211,33271,Node.js
46212,33271,React
46213,33271,Spring Boot
46214,33272,Angular
46215,33272,ASP.NET CORE
46216,33272,Node.js
46222,33276,React
46224,33278,ASP.NET
46225,33278,ASP.NET CORE
46226,33278,jQuery
46227,33281,ASP.NET CORE
46229,33281,Node.js
46230,33281,React
46240,33285,React
46241,33285,Vue.js
46242,33291,ASP.NET CORE
46244,33291,Node.js
46245,33291,React
46246,33291,Spring Boot
46248,33294,Node.js
46249,33297,jQuery
46251,33297,Node.js
46252,33297,React
46253,33304,ASP.NET
46254,33304,ASP.NET CORE
46258,33304,jQuery
46259,33304,Node.js
46262,33308,jQuery
46264,33308,Next.js
46265,33308,Node.js
46267,33308,React
46270,33308,Vue.js
46274,33310,jQuery
46275,33311,Express
46276,33311,Node.js
46277,33311,React
46279,33315,Angular
46283,33315,jQuery
46284,33315,Next.js
46285,33315,Node.js
46286,33315,React
46287,33315,Vue.js
46288,33318,Node.js
46289,33318,Vue.js
46291,33319,Spring Boot
46292,33320,Spring Boot
46293,33325,ASP.NET CORE
46294,33325,jQuery
46295,33325,Node.js
46297,33327,Angular
46299,33334,Express
46301,33334,Next.js
46302,33334,Node.js
46303,33334,React
46306,33338,Angular
46307,33338,jQuery
46308,33338,Spring Boot
46309,33341,Angular
46310,33341,ASP.NET CORE
46312,33354,Node.js
46313,33355,Next.js
46314,33355,React
46316,33361,Node.js
46318,33361,React
46323,33364,Express
46325,33364,Next.js
46326,33364,Node.js
46328,33364,React
46330,33364,Vue.js
46331,33369,Next.js
46332,33369,React
46335,33371,jQuery
46336,33371,Node.js
46340,33373,Express
46343,33373,React
46344,33373,Spring Boot
46346,33374,Angular
46348,33374,ASP.NET
46349,33374,ASP.NET CORE
46350,33374,jQuery
46351,33374,React
46352,33379,Express
46355,33379,Next.js
46356,33379,Node.js
46357,33379,React
46364,33385,Next.js
46365,33385,Node.js
46366,33385,React
46368,33390,Express
46369,33390,Next.js
46370,33390,Node.js
46371,33390,React
46373,33394,Express
46374,33394,Node.js
46375,33394,React
46376,33396,Next.js
46377,33396,Node.js
46378,33396,React
46381,33404,Express
46382,33404,Next.js
46383,33404,Node.js
46384,33404,React
46385,33405,Spring Boot
46387,33406,Express
46389,33406,jQuery
46390,33406,Node.js
46391,33406,React
46392,33406,Vue.js
46393,33408,jQuery
46394,33408,Node.js
46395,33414,ASP.NET
46396,33414,ASP.NET CORE
46397,33414,Express
46399,33414,Next.js
46400,33414,Node.js
46401,33414,React
46403,33418,jQuery
46404,33421,Node.js
46405,33425,Angular
46410,33425,Express
46413,33425,jQuery
46414,33425,Next.js
46415,33425,Node.js
46416,33425,React
46417,33425,Spring Boot
46419,33425,Vue.js
46420,33428,jQuery
46424,33429,Next.js
46425,33429,Node.js
46426,33429,React
46427,33430,Angular
46428,33430,Express
46429,33430,Node.js
46432,33431,Vue.js
46434,33437,Next.js
46435,33437,Node.js
46437,33437,React
46441,33440,Next.js
46442,33440,React
46443,33444,React
46445,33446,Express
46446,33446,React
46447,33446,Vue.js
46448,33448,Angular
46449,33448,ASP.NET
46450,33448,ASP.NET CORE
46452,33448,Express
46454,33448,Node.js
46456,33452,Spring Boot
46458,33458,Express
46459,33458,Node.js
46460,33458,React
46461,33460,Angular
46462,33460,ASP.NET
46463,33460,ASP.NET CORE
46464,33460,Vue.js
46467,33465,Angular
46468,33465,Spring Boot
46472,33468,ASP.NET
46473,33468,ASP.NET CORE
46475,33470,Next.js
46476,33470,Node.js
46478,33470,React
46479,33470,Vue.js
46482,33479,Next.js
46483,33479,Node.js
46485,33479,React
46486,33479,Vue.js
46489,33483,Express
46493,33483,Node.js
46494,33485,Angular
46495,33485,ASP.NET
46496,33485,ASP.NET CORE
46499,33485,React
46502,33485,Vue.js
46503,33491,Express
46504,33491,Node.js
46505,33491,React
46506,33494,Express
46508,33494,Next.js
46509,33494,Node.js
46510,33494,React
46513,33495,jQuery
46514,33495,Node.js
46515,33496,Node.js
46516,33498,ASP.NET CORE
46517,33498,jQuery
46519,33504,Express
46521,33504,Node.js
46522,33504,React
46523,33510,Angular
46524,33510,Node.js
46526,33510,Spring Boot
46527,33510,Vue.js
46528,33511,React
46530,33514,Express
46533,33514,Next.js
46534,33514,Node.js
46535,33514,React
46536,33519,ASP.NET
46537,33519,ASP.NET CORE
46542,33532,ASP.NET
46543,33532,ASP.NET CORE
46544,33532,Next.js
46545,33532,Node.js
46546,33532,React
46548,33538,Express
46549,33538,jQuery
46550,33538,Next.js
46551,33538,Node.js
46552,33538,React
46554,33541,Node.js
46557,33546,Node.js
46558,33546,React
46559,33547,Next.js
46561,33547,React
46563,33548,Node.js
46564,33548,Vue.js
46567,33549,Express
46570,33549,jQuery
46571,33549,Next.js
46572,33549,Node.js
46574,33549,React
46578,33549,Vue.js
46583,33550,Node.js
46584,33554,Angular
46586,33554,Node.js
46587,33554,React
46590,33559,Angular
46591,33559,React
46592,33560,Express
46593,33560,Node.js
46594,33560,React
46596,33561,Express
46597,33561,Next.js
46598,33561,Node.js
46599,33561,React
46601,33561,Vue.js
46602,33562,Angular
46606,33562,Express
46608,33562,jQuery
46610,33562,Node.js
46611,33562,React
46612,33562,Vue.js
46613,33563,Node.js
46614,33564,Angular
46616,33564,ASP.NET
46617,33564,ASP.NET CORE
46618,33564,Node.js
46621,33565,Node.js
46622,33565,Vue.js
46623,33566,Angular
46625,33566,Express
46626,33566,jQuery
46628,33566,Next.js
46629,33566,Node.js
46630,33566,React
46632,33566,Spring Boot
46634,33571,ASP.NET
46635,33571,Express
46637,33571,Node.js
46638,33571,React
46639,33571,Vue.js
46640,33580,Vue.js
46642,33585,Node.js
46643,33585,React
46644,33585,Spring Boot
46645,33588,Node.js
46647,33588,Spring Boot
46648,33588,Vue.js
46649,33589,Angular
46650,33589,Node.js
46651,33589,Spring Boot
46652,33591,ASP.NET
46653,33591,ASP.NET CORE
46655,33591,Vue.js
46658,33594,jQuery
46660,33594,Next.js
46662,33594,React
46663,33594,Vue.js
46664,33599,Express
46666,33599,Node.js
46668,33599,React
46669,33599,Vue.js
46670,33602,Angular
46671,33602,jQuery
46674,33602,Vue.js
46676,33607,jQuery
46678,33608,jQuery
46680,33608,Node.js
46681,33608,React
46682,33608,Vue.js
46685,33616,Next.js
46686,33616,Spring Boot
46687,33620,jQuery
46688,33620,React
46689,33624,Angular
46690,33624,Spring Boot
46691,33625,Express
46693,33625,Next.js
46694,33625,Node.js
46695,33625,React
46697,33628,ASP.NET
46698,33628,ASP.NET CORE
46700,33631,Express
46701,33631,Next.js
46702,33631,Node.js
46703,33631,React
46704,33641,jQuery
46707,33644,Node.js
46708,33644,Vue.js
46709,33646,ASP.NET CORE
46711,33646,jQuery
46712,33646,Node.js
46713,33646,Vue.js
46717,33648,jQuery
46719,33648,React
46721,33652,Express
46723,33652,Node.js
46726,33652,Vue.js
46728,33661,Express
46729,33661,Node.js
46732,33663,Spring Boot
46733,33665,Angular
46736,33665,Node.js
46739,33670,Angular
46740,33670,ASP.NET
46741,33670,ASP.NET CORE
46745,33672,React
46747,33673,Angular
46749,33673,ASP.NET
46750,33673,ASP.NET CORE
46751,33673,Express
46752,33673,Node.js
46753,33673,React
46754,33673,Spring Boot
46756,33678,jQuery
46758,33691,Angular
46760,33691,Express
46762,33691,Node.js
46763,33691,React
46764,33694,ASP.NET CORE
46766,33694,React
46767,33698,Angular
46768,33698,Express
46769,33698,Node.js
46770,33698,Spring Boot
46771,33699,Angular
46773,33699,jQuery
46775,33699,Next.js
46776,33699,Node.js
46777,33699,React
46780,33699,Vue.js
46781,33700,ASP.NET
46782,33700,ASP.NET CORE
46785,33700,Express
46788,33700,Next.js
46789,33700,Node.js
46791,33700,React
46793,33704,Angular
46795,33704,ASP.NET
46797,33704,jQuery
46798,33714,ASP.NET CORE
46800,33714,Spring Boot
46802,33715,jQuery
46804,33715,Next.js
46805,33715,Node.js
46807,33715,React
46811,33718,Next.js
46812,33718,React
46813,33718,Vue.js
46814,33719,Node.js
46815,33719,React
46816,33720,ASP.NET
46817,33720,jQuery
46819,33720,Next.js
46820,33720,Node.js
46821,33720,React
46822,33720,Vue.js
46823,33721,Next.js
46824,33721,Node.js
46825,33721,React
46831,33733,React
46838,33748,Express
46840,33748,Next.js
46841,33748,Node.js
46842,33748,React
46844,33759,Next.js
46845,33759,Node.js
46846,33759,React
46847,33760,ASP.NET
46848,33760,ASP.NET CORE
46849,33760,jQuery
46851,33761,Vue.js
46852,33762,Express
46853,33762,Node.js
46854,33762,React
46858,33763,Next.js
46859,33763,Node.js
46860,33763,React
46863,33768,Angular
46864,33768,jQuery
46865,33768,React
46866,33768,Spring Boot
46868,33769,jQuery
46869,33769,React
46871,33772,ASP.NET
46872,33772,ASP.NET CORE
46873,33772,jQuery
46874,33777,Express
46877,33777,Next.js
46878,33777,Node.js
46879,33777,React
46880,33777,Vue.js
46881,33779,Angular
46882,33779,React
46884,33781,Angular
46885,33781,Spring Boot
46888,33787,Angular
46889,33787,Spring Boot
46890,33789,jQuery
46891,33789,Node.js
46892,33789,React
46894,33793,Node.js
46895,33793,Spring Boot
46896,33795,jQuery
46898,33795,Vue.js
46900,33798,ASP.NET
46901,33798,ASP.NET CORE
46902,33798,Express
46903,33798,Next.js
46904,33798,Node.js
46905,33798,React
46907,33800,React
46911,33805,jQuery
46912,33805,React
46913,33811,jQuery
46916,33811,Node.js
46918,33811,Vue.js
46921,33819,ASP.NET
46922,33819,jQuery
46923,33819,Node.js
46924,33820,Angular
46925,33820,Express
46926,33820,Node.js
46927,33820,React
46928,33829,Angular
46929,33829,Express
46930,33829,Spring Boot
46932,33830,Next.js
46933,33830,Node.js
46934,33830,React
46937,33835,Express
46939,33835,Node.js
46940,33835,React
46941,33837,ASP.NET
46944,33837,Node.js
46948,33842,Spring Boot
46949,33845,Express
46951,33845,Next.js
46952,33845,Node.js
46953,33845,React
46954,33847,Express
46955,33847,Node.js
46956,33847,React
46958,33848,React
46959,33848,Spring Boot
46960,33850,Express
46962,33850,Node.js
46963,33850,Vue.js
46964,33856,ASP.NET CORE
46966,33856,jQuery
46968,33860,React
46970,33866,Node.js
46971,33866,React
46975,33871,Next.js
46976,33871,Node.js
46977,33871,React
46979,33877,ASP.NET
46980,33877,ASP.NET CORE
46983,33877,Vue.js
46985,33879,Express
46988,33881,Angular
46990,33881,Express
46991,33881,Node.js
46993,33889,ASP.NET CORE
46995,33889,jQuery
46996,33891,ASP.NET CORE
46998,33892,Node.js
46999,33892,React
47000,33892,Spring Boot
47004,33900,ASP.NET
47005,33900,ASP.NET CORE
47006,33900,Express
47009,33900,Next.js
47010,33900,Node.js
47011,33900,React
47015,33907,ASP.NET CORE
47017,33907,Next.js
47018,33907,Node.js
47020,33907,Vue.js
47021,33909,Next.js
47022,33909,Node.js
47023,33909,React
47025,33911,Vue.js
47027,33922,Spring Boot
47028,33934,ASP.NET CORE
47029,33934,Spring Boot
47030,33934,Vue.js
47031,33937,Node.js
47032,33938,ASP.NET CORE
47033,33941,Node.js
47034,33941,React
47035,33943,Node.js
47037,33944,ASP.NET
47038,33944,ASP.NET CORE
47040,33944,jQuery
47041,33944,React
47042,33947,ASP.NET CORE
47046,33949,jQuery
47047,33949,Node.js
47048,33949,React
47051,33954,Express
47052,33954,Next.js
47053,33954,Node.js
47054,33954,React
47056,33954,Vue.js
47057,33957,ASP.NET
47058,33957,ASP.NET CORE
47060,33957,Node.js
47061,33957,React
47063,33958,Next.js
47064,33958,Node.js
47065,33958,React
47066,33958,Spring Boot
47067,33965,Angular
47068,33965,ASP.NET
47069,33965,ASP.NET CORE
47071,33969,jQuery
47073,33969,Vue.js
47074,33974,jQuery
47075,33974,Next.js
47076,33974,Node.js
47077,33975,Angular
47079,33975,ASP.NET
47080,33975,ASP.NET CORE
47082,33975,Node.js
47083,33975,React
47084,33976,Express
47085,33976,Next.js
47086,33976,Node.js
47087,33976,React
47088,33980,ASP.NET CORE
47089,33981,Angular
47092,33981,Next.js
47093,33981,Node.js
47094,33981,React
47095,33981,Vue.js
47096,33982,ASP.NET
47097,33982,ASP.NET CORE
47098,33982,jQuery
47099,33982,Node.js
47100,33982,React
47101,33985,Angular
47102,33985,ASP.NET
47103,33985,ASP.NET CORE
47104,33985,Express
47106,33985,jQuery
47107,33985,Node.js
47108,33985,React
47110,33987,Next.js
47111,33987,Node.js
47112,33987,React
47113,33989,Angular
47114,33989,ASP.NET
47115,33989,ASP.NET CORE
47116,33989,Express
47117,33989,Next.js
47118,33989,Node.js
47119,33989,React
47120,33990,Node.js
47121,33991,Express
47123,33991,jQuery
47124,33991,Next.js
47125,33991,Node.js
47126,33991,React
47128,33995,Angular
47130,33995,jQuery
47131,33995,Node.js
47132,33995,React
47134,33995,Vue.js
47136,33999,Express
47138,33999,Node.js
47139,33999,React
47143,34001,Next.js
47144,34001,React
47146,34002,ASP.NET
47147,34002,ASP.NET CORE
47149,34002,jQuery
47150,34011,Express
47152,34011,jQuery
47154,34011,Next.js
47155,34011,Node.js
47156,34011,React
47158,34012,ASP.NET CORE
47159,34012,React
47162,34015,jQuery
47163,34015,Next.js
47164,34015,React
47165,34015,Spring Boot
47166,34018,jQuery
47167,34022,Angular
47168,34022,ASP.NET
47169,34022,ASP.NET CORE
47171,34024,Angular
47172,34024,Express
47173,34024,Node.js
47174,34024,React
47175,34024,Spring Boot
47177,34031,Vue.js
47179,34036,Express
47182,34036,jQuery
47184,34036,Next.js
47185,34036,Node.js
47186,34036,React
47187,34039,Angular
47189,34039,React
47190,34039,Spring Boot
47191,34042,ASP.NET CORE
47193,34042,jQuery
47194,34042,Node.js
47195,34042,Spring Boot
47196,34043,Angular
47198,34043,ASP.NET
47201,34043,Express
47203,34043,jQuery
47205,34043,Node.js
47206,34044,Angular
47207,34044,ASP.NET
47208,34044,ASP.NET CORE
47210,34044,Express
47212,34044,Next.js
47213,34044,React
47214,34044,Spring Boot
47216,34048,Express
47217,34048,Node.js
47219,34049,React
47221,34053,Angular
47225,34060,jQuery
47226,34060,Node.js
47228,34060,Vue.js
47229,34072,Angular
47230,34072,Express
47231,34072,Node.js
47232,34072,React
47236,34074,jQuery
47237,34078,Express
47238,34078,Node.js
47239,34078,React
47240,34088,ASP.NET CORE
47242,34093,Express
47244,34094,Next.js
47245,34094,React
47248,34095,Next.js
47249,34095,Node.js
47250,34095,Spring Boot
47252,34098,Next.js
47253,34098,Node.js
47255,34098,React
47257,34106,Vue.js
47260,34109,ASP.NET CORE
47261,34109,React
47262,34112,Angular
47263,34112,Express
47264,34112,Next.js
47265,34112,Node.js
47269,34116,Spring Boot
47270,34118,ASP.NET CORE
47275,34120,Spring Boot
47276,34120,Vue.js
47277,34122,ASP.NET CORE
47278,34122,Express
47279,34122,Next.js
47280,34122,Node.js
47282,34122,React
47283,34122,Spring Boot
47286,34125,React
47287,34126,ASP.NET
47288,34126,ASP.NET CORE
47289,34131,ASP.NET
47290,34131,ASP.NET CORE
47292,34139,Express
47294,34139,Node.js
47295,34139,Vue.js
47296,34142,Node.js
47297,34142,React
47298,34142,Spring Boot
47299,34155,Angular
47300,34155,ASP.NET
47301,34155,ASP.NET CORE
47302,34155,Express
47304,34159,jQuery
47306,34160,jQuery
47312,34173,React
47314,34176,ASP.NET CORE
47315,34176,Node.js
47316,34176,Vue.js
47318,34178,Express
47320,34178,Next.js
47321,34178,Node.js
47322,34178,React
47323,34180,ASP.NET
47324,34180,jQuery
47326,34193,Express
47327,34193,Next.js
47328,34193,Node.js
47329,34193,React
47330,34195,ASP.NET
47331,34195,ASP.NET CORE
47332,34195,jQuery
47333,34195,Node.js
47334,34195,React
47335,34198,Express
47339,34201,Express
47340,34201,Next.js
47341,34201,Node.js
47342,34201,React
47344,34201,Vue.js
47345,34202,Express
47347,34202,Node.js
47348,34202,React
47350,34203,Express
47353,34203,Node.js
47354,34203,React
47355,34203,Spring Boot
47356,34204,Vue.js
47357,34205,ASP.NET
47358,34205,ASP.NET CORE
47360,34205,Vue.js
47361,34206,Spring Boot
47363,34218,Node.js
47364,34218,Vue.js
47368,34219,Next.js
47369,34219,Node.js
47370,34219,React
47372,34229,ASP.NET CORE
47374,34229,Vue.js
47376,34230,Express
47378,34230,jQuery
47380,34230,Node.js
47381,34230,React
47387,34234,Spring Boot
47390,34239,Express
47391,34239,jQuery
47392,34239,Node.js
47393,34239,React
47395,34241,Angular
47396,34241,Express
47397,34241,Node.js
47399,34246,Angular
47400,34246,Express
47401,34246,Next.js
47402,34246,React
47404,34248,jQuery
47407,34248,Next.js
47408,34248,Node.js
47409,34248,React
47410,34248,Vue.js
47413,34249,Express
47414,34249,Node.js
47415,34249,React
47416,34249,Spring Boot
47417,34250,Angular
47419,34250,Express
47421,34250,Next.js
47422,34250,Node.js
47423,34250,React
47424,34250,Spring Boot
47425,34251,Angular
47427,34251,Express
47428,34251,Node.js
47429,34251,React
47430,34259,Angular
47431,34259,ASP.NET CORE
47434,34260,Angular
47436,34260,Express
47437,34260,jQuery
47438,34260,Node.js
47439,34260,Vue.js
47440,34270,ASP.NET
47442,34270,jQuery
47443,34272,Next.js
47444,34272,Node.js
47446,34272,React
47447,34272,Vue.js
47448,34275,Angular
47449,34275,ASP.NET CORE
47450,34275,Express
47453,34275,Next.js
47454,34275,Node.js
47455,34275,React
47456,34279,Angular
47458,34279,ASP.NET
47459,34279,ASP.NET CORE
47467,34279,Express
47473,34279,jQuery
47476,34279,Next.js
47477,34279,Node.js
47481,34279,React
47485,34279,Spring Boot
47489,34279,Vue.js
47492,34280,Vue.js
47496,34284,Express
47498,34284,Next.js
47499,34284,Node.js
47500,34284,React
47501,34284,Spring Boot
47503,34284,Vue.js
47504,34288,Node.js
47505,34288,React
47506,34303,Spring Boot
47508,34307,ASP.NET
47509,34307,ASP.NET CORE
47510,34307,React
47512,34313,ASP.NET CORE
47513,34313,Node.js
47514,34313,React
47515,34314,Angular
47516,34314,jQuery
47517,34314,Node.js
47518,34314,React
47519,34314,Spring Boot
47520,34314,Vue.js
47522,34319,jQuery
47523,34320,Express
47526,34320,Next.js
47527,34320,Node.js
47528,34320,React
47529,34320,Vue.js
47530,34322,Angular
47531,34322,ASP.NET CORE
47533,34324,React
47535,34327,ASP.NET
47536,34327,ASP.NET CORE
47539,34327,jQuery
47540,34327,Next.js
47541,34327,Node.js
47543,34327,React
47545,34327,Vue.js
47547,34335,jQuery
47549,34335,Vue.js
47551,34336,Angular
47553,34336,Express
47555,34336,jQuery
47556,34336,Node.js
47558,34340,Angular
47560,34340,ASP.NET
47563,34340,jQuery
47565,34340,Next.js
47566,34340,Node.js
47567,34340,React
47570,34340,Vue.js
47573,34341,Express
47574,34341,Node.js
47575,34341,React
47576,34342,Next.js
47577,34350,ASP.NET CORE
47579,34350,React
47580,34356,Angular
47582,34356,ASP.NET
47587,34356,jQuery
47589,34356,Node.js
47590,34356,React
47593,34356,Vue.js
47597,34363,Next.js
47598,34363,React
47601,34369,jQuery
47602,34369,Spring Boot
47603,34369,Vue.js
47604,34370,Spring Boot
47605,34373,ASP.NET
47606,34373,ASP.NET CORE
47607,34375,Express
47611,34375,Next.js
47612,34375,Node.js
47613,34375,React
47616,34379,Node.js
47617,34384,Spring Boot
47619,34397,Angular
47621,34397,Express
47624,34397,Next.js
47625,34397,Node.js
47626,34397,React
47627,34399,Spring Boot
47629,34404,Express
47630,34404,jQuery
47631,34404,Next.js
47632,34404,Node.js
47633,34404,React
47636,34406,Node.js
47637,34406,React
47640,34411,Node.js
47641,34412,Angular
47643,34412,ASP.NET
47644,34412,ASP.NET CORE
47647,34412,jQuery
47648,34412,Node.js
47649,34412,Vue.js
47650,34413,ASP.NET CORE
47652,34418,Express
47653,34418,Node.js
47654,34418,Spring Boot
47656,34421,Node.js
47657,34421,React
47660,34426,jQuery
47661,34426,Node.js
47663,34427,Angular
47664,34427,ASP.NET
47665,34427,ASP.NET CORE
47666,34427,Node.js
47667,34427,Vue.js
47669,34430,Angular
47670,34430,jQuery
47671,34430,Spring Boot
47672,34432,ASP.NET
47673,34432,ASP.NET CORE
47674,34432,jQuery
47675,34432,Node.js
47676,34432,React
47678,34434,jQuery
47680,34435,ASP.NET
47682,34435,React
47687,34450,Express
47689,34450,Node.js
47690,34450,React
47691,34452,Angular
47693,34452,Node.js
47695,34452,React
47696,34453,Express
47698,34453,Next.js
47699,34453,Node.js
47700,34453,React
47701,34453,Spring Boot
47702,34454,React
47704,34456,Express
47707,34456,Next.js
47708,34456,Node.js
47709,34456,React
47712,34456,Vue.js
47713,34458,ASP.NET
47714,34458,ASP.NET CORE
47715,34458,Express
47716,34458,Next.js
47717,34458,Node.js
47718,34458,React
47719,34461,Spring Boot
47720,34467,jQuery
47721,34467,Node.js
47723,34472,Express
47725,34472,Next.js
47726,34472,React
47729,34478,ASP.NET
47730,34478,ASP.NET CORE
47731,34481,Node.js
47732,34481,React
47734,34483,jQuery
47736,34483,Vue.js
47739,34488,Node.js
47740,34488,React
47741,34489,Angular
47744,34489,React
47747,34491,Express
47751,34491,Node.js
47752,34491,React
47753,34500,Next.js
47754,34500,Node.js
47755,34500,React
47756,34502,Spring Boot
47757,34505,ASP.NET CORE
47759,34505,Next.js
47761,34520,jQuery
47763,34520,Node.js
47764,34520,React
47766,34521,Angular
47770,34525,Express
47771,34525,Next.js
47772,34525,Node.js
47773,34526,Angular
47775,34526,Express
47777,34526,Node.js
47778,34526,React
47779,34529,Express
47781,34529,Node.js
47782,34529,React
47783,34530,Express
47784,34530,Next.js
47787,34536,Express
47791,34536,Next.js
47792,34536,Node.js
47794,34536,React
47797,34536,Vue.js
47798,34542,ASP.NET
47799,34542,ASP.NET CORE
47800,34542,Next.js
47801,34542,Node.js
47802,34542,React
47803,34543,jQuery
47806,34562,jQuery
47807,34562,Node.js
47809,34562,Vue.js
47811,34566,Node.js
47813,34576,ASP.NET
47814,34576,ASP.NET CORE
47815,34576,Spring Boot
47816,34577,Express
47818,34577,Node.js
47819,34577,React
47820,34579,Angular
47821,34579,ASP.NET
47822,34579,ASP.NET CORE
47824,34581,Vue.js
47825,34587,ASP.NET
47826,34587,ASP.NET CORE
47827,34587,jQuery
47828,34587,Node.js
47829,34587,React
47830,34588,ASP.NET CORE
47831,34588,Next.js
47832,34588,React
47833,34591,ASP.NET
47834,34591,ASP.NET CORE
47835,34591,Express
47837,34591,jQuery
47839,34591,Next.js
47840,34591,Node.js
47841,34591,React
47842,34591,Spring Boot
47845,34595,Node.js
47847,34596,Angular
47852,34597,Angular
47853,34597,ASP.NET CORE
47854,34597,Next.js
47855,34597,Spring Boot
47856,34599,Angular
47859,34600,Vue.js
47860,34601,ASP.NET CORE
47863,34601,Express
47866,34601,Node.js
47867,34601,React
47875,34604,jQuery
47877,34604,Node.js
47883,34608,Node.js
47885,34608,React
47886,34608,Spring Boot
47887,34608,Vue.js
47888,34611,Angular
47890,34611,ASP.NET
47891,34611,jQuery
47893,34611,Next.js
47894,34611,Node.js
47895,34611,React
47896,34611,Spring Boot
47898,34621,Node.js
47899,34621,React
47900,34625,Angular
47901,34625,ASP.NET CORE
47903,34625,Next.js
47904,34625,Node.js
47905,34625,React
47906,34627,ASP.NET
47907,34627,ASP.NET CORE
47909,34627,Next.js
47910,34627,Node.js
47911,34627,Spring Boot
47912,34634,React
47913,34634,Spring Boot
47915,34636,ASP.NET CORE
47917,34636,Node.js
47918,34636,Vue.js
47919,34641,ASP.NET CORE
47922,34641,Next.js
47923,34641,React
47924,34646,Node.js
47925,34646,React
47927,34647,Spring Boot
47928,34649,ASP.NET
47929,34649,ASP.NET CORE
47930,34649,jQuery
47931,34649,Vue.js
47933,34650,jQuery
47934,34650,Node.js
47936,34650,React
47938,34650,Vue.js
47941,34652,Express
47944,34652,Node.js
47945,34652,Vue.js
47946,34654,ASP.NET
47947,34654,ASP.NET CORE
47949,34654,jQuery
47950,34654,React
47951,34655,ASP.NET
47952,34655,ASP.NET CORE
47954,34655,Express
47956,34655,jQuery
47958,34655,Next.js
47959,34655,Node.js
47960,34655,React
47963,34657,Next.js
47964,34657,Node.js
47965,34657,React
47966,34657,Vue.js
47968,34662,ASP.NET
47969,34662,ASP.NET CORE
47971,34662,Node.js
47973,34662,React
47975,34664,Angular
47977,34664,ASP.NET
47978,34664,ASP.NET CORE
47979,34665,Angular
47981,34666,Node.js
47983,34667,Next.js
47984,34667,Node.js
47985,34667,React
47986,34667,Spring Boot
47987,34669,Express
47988,34669,Node.js
47989,34669,React
47991,34672,Next.js
47992,34672,Node.js
47993,34672,React
47997,34674,React
47998,34674,Vue.js
47999,34676,Spring Boot
48000,34679,Angular
48001,34679,Express
48002,34679,jQuery
48003,34679,Node.js
48004,34679,React
48007,34680,ASP.NET
48008,34680,ASP.NET CORE
48013,34683,Spring Boot
48014,34684,Angular
48016,34684,Node.js
48018,34685,Spring Boot
48019,34690,ASP.NET
48020,34690,ASP.NET CORE
48021,34690,Express
48023,34690,jQuery
48024,34690,Next.js
48025,34690,Node.js
48026,34690,React
48027,34700,jQuery
48028,34700,Node.js
48029,34700,Spring Boot
48030,34701,jQuery
48032,34701,Node.js
48033,34701,Spring Boot
48038,34702,Node.js
48039,34702,React
48041,34711,Node.js
48044,34713,Express
48046,34713,Next.js
48047,34713,Node.js
48048,34713,React
48050,34716,Angular
48052,34716,Spring Boot
48053,34718,Angular
48055,34718,jQuery
48056,34718,Node.js
48057,34718,React
48058,34718,Spring Boot
48059,34721,Express
48060,34721,Node.js
48062,34722,ASP.NET
48063,34722,ASP.NET CORE
48064,34722,jQuery
48065,34722,Node.js
48066,34723,ASP.NET CORE
48068,34723,React
48071,34727,Node.js
48072,34727,React
48073,34728,Angular
48077,34728,jQuery
48079,34728,React
48081,34728,Vue.js
48084,34729,jQuery
48085,34729,Node.js
48086,34730,ASP.NET
48087,34730,ASP.NET CORE
48089,34730,Node.js
48090,34730,Vue.js
48091,34731,Node.js
48092,34731,React
48093,34732,Angular
48094,34732,ASP.NET
48095,34732,ASP.NET CORE
48097,34732,React
48098,34738,Angular
48103,34738,jQuery
48104,34738,Spring Boot
48105,34747,React
48109,34751,jQuery
48112,34753,Angular
48113,34753,ASP.NET
48114,34753,Express
48115,34753,jQuery
48116,34753,React
48117,34753,Spring Boot
48118,34753,Vue.js
48120,34754,ASP.NET
48121,34754,ASP.NET CORE
48123,34754,Express
48126,34757,Next.js
48127,34757,Node.js
48128,34757,React
48129,34762,Express
48130,34762,Node.js
48133,34772,jQuery
48135,34772,React
48136,34772,Spring Boot
48138,34774,Node.js
48140,34774,Vue.js
48142,34778,Express
48143,34778,Node.js
48145,34782,Express
48146,34782,React
48148,34784,React
48149,34784,Spring Boot
48153,34786,jQuery
48154,34786,Next.js
48155,34786,Node.js
48158,34787,jQuery
48160,34791,Express
48162,34791,Node.js
48163,34791,React
48165,34793,ASP.NET
48166,34793,ASP.NET CORE
48168,34793,jQuery
48171,34806,jQuery
48172,34806,Node.js
48173,34811,Angular
48174,34811,Express
48176,34811,Vue.js
48177,34814,Spring Boot
48178,34814,Vue.js
48183,34820,Next.js
48185,34821,Express
48187,34821,Next.js
48188,34821,Node.js
48189,34821,React
48193,34823,Next.js
48194,34823,Node.js
48195,34823,React
48197,34823,Vue.js
48198,34824,ASP.NET CORE
48200,34825,ASP.NET CORE
48202,34825,Express
48203,34825,Next.js
48204,34825,React
48205,34826,Angular
48206,34826,ASP.NET CORE
48207,34829,Express
48209,34829,Next.js
48210,34829,Node.js
48211,34829,React
48213,34831,ASP.NET CORE
48215,34831,Node.js
48216,34831,React
48219,34835,Next.js
48220,34835,Node.js
48221,34835,React
48222,34836,ASP.NET
48223,34836,Express
48224,34836,Node.js
48225,34836,React
48226,34838,ASP.NET
48229,34838,Next.js
48230,34838,React
48235,34847,React
48236,34856,jQuery
48239,34867,Angular
48240,34867,ASP.NET CORE
48242,34867,Express
48245,34867,Next.js
48246,34867,Node.js
48248,34867,React
48249,34867,Spring Boot
48251,34867,Vue.js
48252,34868,Angular
48253,34868,Node.js
48254,34868,React
48255,34868,Spring Boot
48256,34872,ASP.NET
48257,34872,ASP.NET CORE
48259,34877,ASP.NET
48260,34877,ASP.NET CORE
48262,34879,Spring Boot
48263,34880,Angular
48268,34880,Node.js
48270,34880,Vue.js
48271,34882,ASP.NET CORE
48274,34883,ASP.NET
48275,34883,jQuery
48276,34889,Angular
48277,34889,ASP.NET
48278,34889,ASP.NET CORE
48279,34889,jQuery
48283,34890,jQuery
48285,34890,Node.js
48286,34890,React
48288,34891,ASP.NET CORE
48289,34891,Node.js
48290,34893,Angular
48292,34893,ASP.NET
48293,34893,ASP.NET CORE
48294,34893,jQuery
48295,34893,Node.js
48296,34893,React
48298,34903,Angular
48299,34903,jQuery
48302,34903,Vue.js
48303,34905,Angular
48304,34905,ASP.NET CORE
48306,34905,Node.js
48307,34906,Angular
48308,34906,ASP.NET
48309,34906,ASP.NET CORE
48311,34907,ASP.NET CORE
48312,34908,Angular
48314,34908,Express
48316,34908,Node.js
48317,34908,Vue.js
48318,34909,Express
48319,34909,jQuery
48321,34909,Next.js
48322,34909,Node.js
48323,34909,React
48324,34909,Vue.js
48326,34912,ASP.NET
48328,34912,jQuery
48329,34912,Node.js
48330,34912,React
48332,34915,Spring Boot
48333,34918,Spring Boot
48334,34919,ASP.NET
48335,34919,ASP.NET CORE
48336,34919,React
48337,34922,ASP.NET
48338,34922,ASP.NET CORE
48341,34922,jQuery
48342,34922,Next.js
48343,34922,Node.js
48344,34922,React
48345,34925,Express
48346,34925,Node.js
48347,34927,Express
48348,34927,Node.js
48349,34927,React
48350,34928,React
48351,34931,Angular
48352,34931,jQuery
48355,34933,React
48357,34944,Express
48359,34944,Node.js
48360,34946,jQuery
48362,34946,Next.js
48363,34946,React
48364,34946,Vue.js
48365,34949,Angular
48366,34949,jQuery
48367,34949,Spring Boot
48370,34954,jQuery
48374,34957,ASP.NET
48375,34957,ASP.NET CORE
48378,34960,Express
48381,34960,Next.js
48382,34960,Node.js
48383,34960,React
48385,34961,React
48387,34961,Vue.js
48390,34962,Node.js
48393,34962,Vue.js
48395,34967,Next.js
48396,34967,Node.js
48398,34967,React
48399,34967,Vue.js
48403,34971,Node.js
48404,34971,React
48405,34974,React
48406,34976,Node.js
48407,34976,Vue.js
48408,34978,Angular
48409,34978,Node.js
48410,34978,Spring Boot
48412,34979,Node.js
48414,34979,Vue.js
48419,34983,Node.js
48420,34983,React
48421,34984,jQuery
48423,34985,React
48424,34987,Angular
48425,34987,jQuery
48426,34987,Node.js
48427,34987,React
48428,34987,Spring Boot
48429,34988,Express
48431,34988,Next.js
48432,34988,Node.js
48433,34988,React
48434,34988,Vue.js
48436,34990,ASP.NET
48437,34990,ASP.NET CORE
48438,34990,Express
48441,34990,Next.js
48442,34990,Node.js
48443,34990,React
48447,34996,Node.js
48451,35002,Node.js
48454,35003,jQuery
48455,35003,Spring Boot
48456,35008,ASP.NET
48457,35008,ASP.NET CORE
48460,35010,Next.js
48461,35010,Node.js
48462,35010,React
48463,35012,Next.js
48464,35012,Node.js
48465,35012,React
48466,35013,ASP.NET
48467,35013,ASP.NET CORE
48468,35013,jQuery
48469,35013,Next.js
48470,35013,React
48471,35014,ASP.NET CORE
48472,35014,Vue.js
48475,35020,jQuery
48479,35025,Express
48481,35025,Next.js
48482,35025,Node.js
48483,35025,React
48484,35029,ASP.NET CORE
48487,35029,Next.js
48488,35029,React
48490,35033,jQuery
48492,35033,Node.js
48494,35044,Angular
48495,35044,Express
48496,35044,React
48498,35045,Express
48499,35045,Next.js
48500,35045,Node.js
48501,35045,React
48502,35049,Express
48503,35049,React
48504,35051,ASP.NET
48505,35051,ASP.NET CORE
48506,35051,jQuery
48507,35051,Vue.js
48508,35058,Angular
48510,35058,jQuery
48511,35061,Express
48513,35061,Node.js
48515,35061,Spring Boot
48516,35061,Vue.js
48517,35062,Angular
48519,35062,ASP.NET
48520,35062,ASP.NET CORE
48523,35062,Express
48525,35062,jQuery
48526,35062,Node.js
48527,35062,React
48530,35062,Vue.js
48532,35070,Express
48533,35070,Next.js
48534,35070,Node.js
48536,35070,React
48537,35070,Vue.js
48540,35076,ASP.NET CORE
48541,35076,jQuery
48542,35076,Next.js
48543,35076,Node.js
48544,35077,jQuery
48545,35087,jQuery
48546,35088,jQuery
48547,35093,Express
48548,35093,Node.js
48549,35093,React
48550,35093,Spring Boot
48551,35095,jQuery
48552,35095,Node.js
48553,35104,Angular
48556,35105,Angular
48558,35105,Spring Boot
48559,35108,jQuery
48560,35108,Node.js
48562,35109,Express
48563,35109,Next.js
48564,35109,Node.js
48565,35109,React
48566,35110,Angular
48567,35110,jQuery
48568,35110,Node.js
48569,35110,Spring Boot
48570,35113,Node.js
48571,35113,Spring Boot
48573,35118,ASP.NET
48574,35118,ASP.NET CORE
48575,35118,jQuery
48576,35118,Node.js
48577,35118,React
48578,35118,Vue.js
48579,35124,Node.js
48580,35124,React
48581,35124,Vue.js
48583,35127,Next.js
48584,35127,Node.js
48585,35127,React
48587,35130,React
48589,35130,Vue.js
48591,35131,Express
48593,35131,Next.js
48594,35131,Node.js
48595,35131,React
48597,35143,Angular
48599,35143,Node.js
48601,35144,Node.js
48603,35146,Express
48605,35146,Next.js
48606,35146,Node.js
48607,35146,React
48610,35150,Express
48611,35150,Next.js
48612,35150,Node.js
48613,35150,React
48614,35158,Node.js
48615,35158,React
48616,35163,Node.js
48618,35169,jQuery
48619,35169,Node.js
48621,35170,jQuery
48622,35170,Node.js
48623,35172,Angular
48626,35172,jQuery
48628,35172,Node.js
48629,35172,React
48631,35172,Spring Boot
48633,35179,ASP.NET
48634,35179,ASP.NET CORE
48636,35179,jQuery
48637,35179,Node.js
48641,35185,Node.js
48646,35198,Node.js
48647,35198,React
48648,35199,jQuery
48649,35199,Node.js
48650,35204,Express
48653,35204,Node.js
48657,35205,jQuery
48660,35206,ASP.NET
48661,35206,ASP.NET CORE
48663,35206,Express
48664,35206,Next.js
48665,35206,Node.js
48666,35206,React
48670,35206,Vue.js
48672,35208,Next.js
48675,35219,Angular
48676,35219,ASP.NET
48677,35219,ASP.NET CORE
48678,35219,React
48680,35228,ASP.NET
48681,35228,ASP.NET CORE
48682,35228,jQuery
48683,35228,React
48684,35231,Next.js
48685,35231,Node.js
48686,35236,Spring Boot
48690,35238,Express
48693,35238,Next.js
48694,35238,Node.js
48695,35238,React
48697,35239,Angular
48698,35239,ASP.NET CORE
48699,35239,jQuery
48700,35249,Angular
48701,35249,ASP.NET
48702,35249,ASP.NET CORE
48704,35249,jQuery
48705,35249,Next.js
48706,35249,Node.js
48707,35249,React
48708,35253,Express
48710,35253,Next.js
48711,35253,Node.js
48712,35253,React
48716,35264,ASP.NET CORE
48718,35264,jQuery
48719,35264,Node.js
48720,35266,Angular
48721,35266,React
48722,35266,Spring Boot
48723,35268,Angular
48724,35268,React
48725,35268,Spring Boot
48727,35271,Next.js
48728,35272,Express
48729,35272,Next.js
48730,35272,Node.js
48731,35272,React
48732,35275,Express
48734,35275,Next.js
48735,35275,Node.js
48737,35275,React
48739,35275,Vue.js
48740,35277,ASP.NET
48741,35277,ASP.NET CORE
48742,35277,jQuery
48743,35277,Node.js
48744,35277,React
48746,35277,Spring Boot
48747,35277,Vue.js
48749,35279,Angular
48752,35279,Express
48755,35279,jQuery
48757,35279,Next.js
48758,35279,Node.js
48760,35279,React
48763,35279,Vue.js
48764,35280,jQuery
48766,35282,Node.js
48767,35282,React
48768,35282,Vue.js
48769,35283,Angular
48771,35283,ASP.NET CORE
48773,35283,Next.js
48774,35283,Node.js
48775,35283,React
48776,35283,Vue.js
48780,35288,Next.js
48781,35288,Node.js
48782,35288,React
48783,35288,Vue.js
48784,35302,Angular
48786,35302,React
48787,35302,Spring Boot
48789,35305,jQuery
48790,35305,Node.js
48791,35305,Vue.js
48792,35309,Next.js
48793,35309,React
48794,35310,ASP.NET
48798,35310,React
48799,35311,jQuery
48800,35311,Node.js
48808,35317,Node.js
48811,35320,Next.js
48812,35320,Node.js
48813,35320,React
48815,35327,Spring Boot
48816,35328,ASP.NET
48817,35328,ASP.NET CORE
48818,35328,jQuery
48819,35328,Node.js
48820,35328,React
48821,35334,Node.js
48823,35335,ASP.NET
48824,35335,ASP.NET CORE
48825,35340,jQuery
48827,35343,Angular
48828,35343,Express
48829,35343,jQuery
48830,35343,Node.js
48831,35343,React
48832,35343,Vue.js
48835,35344,Node.js
48837,35344,React
48839,35344,Vue.js
48840,35345,Spring Boot
48841,35355,Express
48843,35355,Node.js
48844,35355,Vue.js
48845,35356,ASP.NET CORE
48847,35357,jQuery
48848,35362,ASP.NET
48849,35362,ASP.NET CORE
48851,35362,jQuery
48852,35362,Node.js
48853,35362,React
48854,35363,Angular
48856,35363,ASP.NET
48857,35363,ASP.NET CORE
48860,35363,Next.js
48861,35363,Node.js
48863,35363,Vue.js
48866,35372,Express
48867,35372,Next.js
48868,35372,Node.js
48869,35372,React
48871,35379,Express
48872,35379,React
48873,35390,Next.js
48874,35390,Spring Boot
48876,35397,Angular
48877,35397,ASP.NET
48878,35397,ASP.NET CORE
48879,35397,Express
48881,35397,jQuery
48883,35397,Next.js
48884,35397,Node.js
48886,35397,React
48887,35397,Vue.js
48888,35406,Angular
48890,35406,ASP.NET
48891,35406,ASP.NET CORE
48893,35406,jQuery
48894,35406,Node.js
48895,35411,Angular
48896,35411,ASP.NET
48897,35411,ASP.NET CORE
48902,35411,Node.js
48903,35411,React
48904,35412,Angular
48906,35412,Next.js
48907,35412,Node.js
48908,35414,Express
48910,35414,Next.js
48911,35414,Node.js
48912,35414,React
48913,35416,Angular
48914,35416,ASP.NET
48915,35416,ASP.NET CORE
48916,35416,React
48917,35419,Angular
48918,35419,ASP.NET CORE
48919,35419,jQuery
48920,35419,Vue.js
48921,35420,Express
48922,35420,Next.js
48923,35420,Node.js
48924,35420,Vue.js
48925,35422,ASP.NET CORE
48928,35425,Express
48931,35425,Next.js
48932,35425,Node.js
48933,35425,React
48934,35430,Angular
48935,35434,Angular
48936,35434,Express
48937,35434,Node.js
48938,35434,Spring Boot
48940,35438,Next.js
48941,35438,Node.js
48942,35438,React
48944,35440,ASP.NET
48945,35440,Express
48947,35440,Node.js
48948,35440,React
48950,35440,Vue.js
48951,35442,ASP.NET CORE
48952,35442,Express
48954,35442,jQuery
48956,35442,Next.js
48957,35442,Node.js
48959,35442,React
48960,35442,Vue.js
48962,35444,Express
48963,35444,Next.js
48964,35444,Node.js
48965,35444,React
48967,35459,ASP.NET
48968,35459,ASP.NET CORE
48970,35459,jQuery
48971,35467,ASP.NET CORE
48972,35467,Node.js
48980,35474,Next.js
48981,35474,Node.js
48982,35474,React
48983,35474,Spring Boot
48985,35475,Next.js
48986,35475,React
48989,35478,jQuery
48992,35480,Angular
48993,35480,Express
48996,35480,Node.js
48997,35480,React
49001,35486,jQuery
49003,35488,Node.js
49004,35488,React
49005,35489,ASP.NET
49006,35489,ASP.NET CORE
49007,35489,jQuery
49008,35489,Node.js
49010,35491,jQuery
49011,35491,Next.js
49012,35491,Spring Boot
49017,35498,Express
49019,35498,Next.js
49020,35498,Node.js
49021,35498,React
49023,35502,Vue.js
49025,35503,jQuery
49026,35503,Node.js
49030,35507,Next.js
49031,35507,Node.js
49032,35507,React
49033,35509,Angular
49036,35509,Node.js
49037,35509,React
49038,35513,Express
49041,35513,React
49043,35515,React
49044,35518,Next.js
49045,35518,Node.js
49046,35518,React
49047,35523,Angular
49048,35523,Node.js
49049,35539,Node.js
49050,35541,Node.js
49051,35541,Spring Boot
49053,35543,Angular
49054,35543,Node.js
49055,35547,Angular
49059,35547,jQuery
49061,35547,Next.js
49062,35547,Node.js
49063,35547,React
49064,35547,Vue.js
49066,35550,ASP.NET
49067,35550,ASP.NET CORE
49068,35550,Next.js
49069,35550,Node.js
49070,35550,React
49072,35553,Angular
49074,35553,ASP.NET
49075,35553,ASP.NET CORE
49076,35553,Node.js
49077,35554,ASP.NET CORE
49078,35559,Next.js
49079,35559,React
49081,35563,Express
49082,35563,Next.js
49083,35563,Node.js
49084,35563,React
49087,35566,jQuery
49088,35566,Node.js
49090,35569,Vue.js
49092,35571,jQuery
49094,35571,Node.js
49095,35571,React
49098,35572,React
49100,35574,Angular
49102,35574,Node.js
49103,35574,Spring Boot
49104,35575,Angular
49105,35575,jQuery
49106,35575,Node.js
49107,35575,Spring Boot
49109,35579,jQuery
49110,35579,Node.js
49111,35579,React
49116,35581,Node.js
49117,35581,React
49121,35589,jQuery
49122,35589,Next.js
49123,35589,Node.js
49124,35589,React
49127,35603,Express
49129,35603,Next.js
49130,35603,Node.js
49131,35603,React
49137,35604,jQuery
49139,35604,Node.js
49140,35604,React
49142,35606,ASP.NET
49144,35606,jQuery
49146,35606,Next.js
49147,35606,Node.js
49148,35606,React
49149,35607,ASP.NET CORE
49154,35607,Next.js
49156,35607,Vue.js
49158,35615,Next.js
49159,35615,Node.js
49160,35615,React
49161,35617,Angular
49162,35617,Spring Boot
49164,35618,Next.js
49165,35618,Node.js
49166,35618,React
49167,35618,Vue.js
49169,35621,Next.js
49170,35621,Vue.js
49173,35629,Node.js
49174,35630,Angular
49175,35630,Next.js
49178,35630,Vue.js
49179,35631,Node.js
49180,35631,React
49182,35635,jQuery
49184,35635,React
49186,35635,Vue.js
49188,35637,Express
49190,35637,jQuery
49191,35637,Node.js
49192,35637,React
49194,35640,ASP.NET
49195,35640,ASP.NET CORE
49198,35640,Express
49201,35640,jQuery
49202,35640,Next.js
49203,35640,Node.js
49204,35640,React
49205,35640,Vue.js
49207,35642,Express
49208,35642,Next.js
49209,35642,React
49212,35649,jQuery
49215,35649,Vue.js
49220,35655,Next.js
49221,35655,Node.js
49222,35655,React
49227,35656,React
49229,35658,Spring Boot
49230,35661,Next.js
49231,35661,Node.js
49232,35661,React
49233,35661,Spring Boot
49234,35668,Angular
49235,35668,ASP.NET
49236,35668,ASP.NET CORE
49239,35670,Node.js
49240,35670,Vue.js
49242,35671,Express
49244,35671,Node.js
49245,35671,React
49248,35673,Next.js
49249,35673,Node.js
49250,35673,React
49251,35673,Vue.js
49252,35674,ASP.NET CORE
49254,35674,React
49255,35675,ASP.NET CORE
49256,35678,Angular
49258,35678,Express
49261,35678,Node.js
49266,35678,Vue.js
49267,35679,Node.js
49268,35679,React
49270,35688,jQuery
49272,35688,Node.js
49273,35688,React
49275,35688,Vue.js
49276,35698,Express
49277,35698,Node.js
49278,35698,React
49279,35698,Spring Boot
49283,35699,Vue.js
49285,35701,ASP.NET CORE
49286,35701,React
49287,35705,Angular
49288,35705,Spring Boot
49289,35706,Angular
49291,35706,Node.js
49292,35706,React
49295,35712,ASP.NET
49296,35712,ASP.NET CORE
49298,35714,Angular
49300,35714,jQuery
49301,35714,Node.js
49302,35714,React
49303,35715,Node.js
49304,35716,jQuery
49305,35716,Node.js
49307,35718,Angular
49308,35718,ASP.NET CORE
49309,35718,Express
49312,35718,Node.js
49313,35718,React
49315,35718,Spring Boot
49321,35736,ASP.NET
49322,35736,ASP.NET CORE
49323,35736,jQuery
49325,35736,React
49326,35736,Vue.js
49329,35742,Spring Boot
49330,35743,Angular
49331,35743,ASP.NET
49334,35743,jQuery
49335,35743,React
49336,35743,Vue.js
49337,35747,jQuery
49338,35747,Node.js
49339,35747,Spring Boot
49340,35753,ASP.NET
49341,35753,ASP.NET CORE
49342,35753,jQuery
49344,35755,Express
49346,35755,Next.js
49347,35755,Node.js
49348,35755,React
49349,35755,Spring Boot
49350,35756,ASP.NET
49351,35756,ASP.NET CORE
49352,35756,Express
49354,35756,Next.js
49355,35756,Node.js
49357,35756,React
49358,35756,Vue.js
49360,35758,ASP.NET
49361,35758,ASP.NET CORE
49362,35758,Next.js
49363,35758,React
49365,35766,Spring Boot
49366,35768,Node.js
49367,35769,ASP.NET
49370,35769,Node.js
49371,35769,Vue.js
49373,35772,Node.js
49375,35772,Spring Boot
49377,35774,Express
49378,35774,React
49379,35775,Node.js
49381,35775,React
49383,35776,Next.js
49384,35776,React
49385,35792,Express
49387,35792,Node.js
49388,35792,React
49389,35795,Express
49391,35795,Node.js
49392,35798,ASP.NET CORE
49393,35798,React
49396,35807,Angular
49397,35807,Spring Boot
49398,35817,Angular
49399,35817,Express
49402,35821,Express
49404,35821,Next.js
49405,35821,Node.js
49406,35821,React
49407,35824,Angular
49409,35824,jQuery
49410,35824,Node.js
49411,35824,Spring Boot
49414,35826,jQuery
49415,35826,Node.js
49420,35829,React
49422,35833,Express
49423,35833,Next.js
49424,35833,Node.js
49425,35833,React
49428,35838,ASP.NET CORE
49432,35846,Next.js
49433,35846,Node.js
49434,35846,React
49436,35848,Angular
49440,35851,jQuery
49441,35855,ASP.NET CORE
49443,35855,Vue.js
49444,35864,ASP.NET CORE
49446,35864,React
49450,35865,Node.js
49453,35874,Angular
49455,35874,Node.js
49457,35877,ASP.NET
49458,35877,ASP.NET CORE
49459,35877,Express
49460,35877,jQuery
49461,35877,Next.js
49462,35877,Node.js
49463,35877,React
49464,35879,Angular
49465,35879,Express
49466,35879,Node.js
49467,35879,Vue.js
49469,35887,Angular
49470,35887,Next.js
49471,35887,React
49473,35889,Next.js
49474,35889,Node.js
49475,35889,React
49476,35896,Angular
49478,35896,React
49480,35904,Spring Boot
49481,35907,Spring Boot
49482,35912,ASP.NET
49483,35912,ASP.NET CORE
49485,35912,jQuery
49487,35913,Angular
49489,35913,Express
49491,35913,jQuery
49493,35913,Node.js
49494,35913,React
49495,35913,Spring Boot
49496,35916,Angular
49497,35916,Express
49498,35916,Next.js
49499,35916,Node.js
49500,35916,React
49502,35919,ASP.NET CORE
49504,35920,Express
49505,35920,Next.js
49506,35920,React
49508,35921,Angular
49509,35921,Express
49510,35921,jQuery
49511,35921,Node.js
49512,35921,React
49513,35921,Vue.js
49515,35922,Angular
49516,35922,React
49517,35930,jQuery
49518,35930,Node.js
49521,35932,Express
49523,35932,Next.js
49524,35932,Node.js
49525,35932,React
49526,35937,Express
49527,35937,Node.js
49529,35939,Express
49533,35939,Next.js
49535,35940,jQuery
49537,35940,Spring Boot
49540,35943,Node.js
49542,35945,React
49543,35946,Angular
49544,35946,ASP.NET
49545,35946,ASP.NET CORE
49547,35946,jQuery
49548,35946,Node.js
49549,35946,Spring Boot
49554,35955,Express
49557,35955,Next.js
49558,35955,Node.js
49559,35955,React
49565,35962,Next.js
49566,35962,Node.js
49567,35962,React
49569,35967,Express
49570,35967,Node.js
49571,35967,React
49572,35968,Spring Boot
49573,35971,Next.js
49574,35971,Node.js
49575,35971,React
49576,35972,Angular
49577,35972,ASP.NET CORE
49580,35976,Express
49583,35981,Angular
49584,35981,Express
49586,35985,Node.js
49588,35988,React
49591,35993,Express
49593,35993,Next.js
49594,35993,Node.js
49595,35993,React
49596,35994,ASP.NET
49597,35994,ASP.NET CORE
49599,36004,Vue.js
49602,36005,Express
49603,36005,Node.js
49604,36005,React
49606,36009,ASP.NET CORE
49608,36009,jQuery
49609,36009,Vue.js
49610,36011,Angular
49611,36011,ASP.NET CORE
49612,36011,Next.js
49613,36011,Node.js
49614,36011,React
49618,36016,Angular
49620,36019,Next.js
49621,36019,Node.js
49622,36019,React
49625,36020,Express
49629,36020,Next.js
49630,36020,Node.js
49631,36020,React
49632,36020,Vue.js
49633,36022,Express
49634,36024,Express
49637,36024,Node.js
49641,36025,Node.js
49642,36025,React
49643,36037,Angular
49644,36037,React
49647,36041,Node.js
49648,36041,React
49650,36042,Express
49652,36042,Spring Boot
49654,36043,ASP.NET
49657,36043,Spring Boot
49659,36044,Next.js
49660,36044,Node.js
49661,36044,React
49662,36045,Angular
49663,36045,Spring Boot
49665,36046,Node.js
49666,36046,Vue.js
49668,36050,Node.js
49669,36050,Spring Boot
49670,36053,Angular
49671,36053,ASP.NET
49672,36053,ASP.NET CORE
49673,36053,Express
49676,36053,jQuery
49677,36053,Next.js
49678,36053,Node.js
49679,36053,React
49680,36054,Angular
49684,36054,Next.js
49685,36054,Node.js
49686,36054,React
49688,36056,Spring Boot
49689,36069,Angular
49690,36069,Spring Boot
49691,36072,Angular
49692,36072,ASP.NET CORE
49693,36072,jQuery
49694,36077,Express
49695,36077,Node.js
49696,36077,React
49697,36081,Express
49698,36081,Node.js
49699,36081,React
49700,36086,ASP.NET
49701,36086,ASP.NET CORE
49702,36086,jQuery
49703,36086,React
49704,36087,Express
49705,36087,Node.js
49706,36087,React
49707,36087,Spring Boot
49710,36088,Next.js
49711,36088,Node.js
49712,36088,React
49713,36096,Express
49715,36096,Node.js
49717,36096,Vue.js
49720,36098,jQuery
49721,36101,Angular
49722,36101,ASP.NET
49723,36109,Angular
49724,36109,ASP.NET
49725,36109,ASP.NET CORE
49727,36109,Express
49730,36109,React
49731,36109,Vue.js
49733,36115,Next.js
49734,36115,Node.js
49735,36115,React
49736,36120,Node.js
49737,36120,React
49740,36128,Angular
49744,36128,Node.js
49749,36129,React
49750,36129,Vue.js
49751,36130,Node.js
49757,36132,Node.js
49758,36132,React
49761,36133,Angular
49762,36133,ASP.NET CORE
49766,36133,Vue.js
49768,36139,Node.js
49769,36139,React
49771,36143,ASP.NET
49772,36143,ASP.NET CORE
49774,36150,Next.js
49775,36150,React
49776,36151,Angular
49779,36151,Node.js
49781,36151,React
49782,36151,Vue.js
49783,36152,Next.js
49784,36152,Node.js
49785,36152,React
49786,36154,ASP.NET
49787,36154,ASP.NET CORE
49789,36154,jQuery
49790,36155,Angular
49791,36155,ASP.NET
49792,36155,ASP.NET CORE
49793,36155,Express
49794,36155,Node.js
49795,36155,Spring Boot
49797,36156,Express
49799,36156,Next.js
49800,36156,Node.js
49801,36156,React
49802,36156,Vue.js
49804,36162,jQuery
49805,36162,Node.js
49807,36163,Express
49808,36163,jQuery
49810,36163,Node.js
49811,36163,React
49815,36168,Next.js
49816,36168,Node.js
49817,36168,React
49819,36169,Express
49820,36169,Node.js
49821,36169,React
49822,36169,Spring Boot
49823,36171,Angular
49825,36171,ASP.NET
49826,36171,ASP.NET CORE
49828,36171,Express
49829,36171,jQuery
49830,36171,Node.js
49831,36171,Vue.js
49833,36176,Express
49834,36176,Node.js
49835,36176,React
49836,36177,Express
49838,36177,Next.js
49839,36177,Node.js
49840,36177,React
49843,36184,Express
49845,36184,Node.js
49846,36184,React
49848,36190,Express
49849,36190,Next.js
49850,36190,Node.js
49851,36190,React
49855,36191,jQuery
49859,36213,React
49862,36218,Node.js
49864,36218,React
49867,36219,React
49868,36221,React
49869,36225,Next.js
49870,36225,Spring Boot
49871,36231,ASP.NET
49872,36231,jQuery
49873,36231,Node.js
49874,36235,Angular
49875,36235,ASP.NET
49876,36235,ASP.NET CORE
49877,36235,Express
49878,36235,jQuery
49880,36235,Node.js
49882,36235,Vue.js
49884,36237,React
49885,36237,Spring Boot
49886,36238,Express
49888,36238,Node.js
49889,36238,React
49890,36239,ASP.NET
49891,36239,ASP.NET CORE
49892,36239,jQuery
49893,36239,Next.js
49894,36239,Node.js
49896,36239,React
49898,36239,Vue.js
49899,36240,Next.js
49900,36240,Node.js
49901,36240,React
49902,36241,Angular
49904,36241,ASP.NET
49905,36241,ASP.NET CORE
49906,36241,Express
49907,36241,jQuery
49908,36241,Node.js
49910,36244,ASP.NET CORE
49912,36246,jQuery
49913,36246,Spring Boot
49915,36251,Angular
49917,36251,ASP.NET
49918,36251,ASP.NET CORE
49921,36251,jQuery
49922,36251,Vue.js
49925,36252,Vue.js
49926,36255,Next.js
49927,36255,React
49929,36257,jQuery
49930,36257,Spring Boot
49932,36259,React
49933,36259,Spring Boot
49934,36262,Node.js
49936,36266,Angular
49937,36266,ASP.NET CORE
49939,36266,Node.js
49942,36269,React
49944,36270,Angular
49946,36270,Node.js
49947,36270,React
49948,36272,Angular
49949,36272,ASP.NET
49950,36272,ASP.NET CORE
49953,36273,Node.js
49954,36274,Node.js
49955,36274,React
49958,36278,Express
49962,36278,jQuery
49963,36278,Node.js
49965,36278,Vue.js
49967,36280,Angular
49968,36280,Express
49970,36280,Next.js
49971,36280,Node.js
49973,36280,Vue.js
49974,36291,React
49977,36293,Node.js
49978,36293,React
49981,36297,ASP.NET
49982,36297,Express
49983,36297,jQuery
49984,36297,Node.js
49985,36297,React
49988,36304,Express
49990,36304,Next.js
49991,36304,Node.js
49992,36304,React
49994,36306,React
49997,36310,jQuery
49998,36310,Node.js
49999,36310,React
50000,36312,Express
50001,36312,Node.js
50002,36312,React
50003,36317,Node.js
50005,36326,Express
50007,36326,Next.js
50008,36326,Node.js
50009,36326,React
50010,36327,Next.js
50011,36327,Node.js
50017,36332,Node.js
50018,36332,React
50019,36332,Spring Boot
50020,36335,Node.js
50021,36335,React
50022,36339,Angular
50025,36339,Next.js
50026,36339,Node.js
50027,36339,React
50029,36341,Angular
50030,36341,ASP.NET
50031,36341,ASP.NET CORE
50033,36341,Node.js
50035,36347,jQuery
50037,36352,jQuery
50041,36357,ASP.NET
50042,36357,ASP.NET CORE
50044,36357,React
50045,36361,Angular
50047,36361,ASP.NET
50048,36361,ASP.NET CORE
50050,36361,Next.js
50051,36361,Node.js
50053,36361,React
50054,36361,Spring Boot
50055,36361,Vue.js
50056,36363,Angular
50058,36363,Express
50060,36363,Next.js
50061,36363,React
50067,36367,React
50069,36367,Vue.js
50070,36368,Express
50073,36368,Next.js
50074,36368,Node.js
50075,36368,React
50076,36368,Vue.js
50077,36371,ASP.NET CORE
50078,36371,Node.js
50079,36371,React
50081,36372,ASP.NET CORE
50082,36372,Vue.js
50084,36379,Express
50086,36379,Node.js
50088,36379,React
50091,36383,React
50092,36383,Spring Boot
50093,36395,Angular
50096,36395,jQuery
50098,36395,Next.js
50099,36395,Node.js
50100,36395,React
50101,36395,Spring Boot
50102,36395,Vue.js
50103,36400,Angular
50104,36400,ASP.NET CORE
50105,36400,Express
50108,36400,Node.js
50110,36405,Node.js
50111,36405,React
50112,36411,Angular
50114,36411,Next.js
50115,36411,React
50117,36414,Node.js
50118,36414,Vue.js
50119,36416,Next.js
50120,36416,React
50122,36426,Express
50124,36426,Node.js
50126,36426,Vue.js
50127,36427,Angular
50129,36427,Express
50130,36427,jQuery
50132,36427,Node.js
50133,36429,Angular
50134,36429,ASP.NET
50135,36429,ASP.NET CORE
50136,36432,Angular
50137,36432,ASP.NET
50138,36432,ASP.NET CORE
50139,36433,Node.js
50140,36433,React
50141,36433,Spring Boot
50142,36443,Express
50145,36443,Next.js
50146,36443,Node.js
50147,36443,React
50149,36444,ASP.NET CORE
50150,36444,jQuery
50151,36445,jQuery
50152,36445,Node.js
50154,36447,jQuery
50155,36448,Express
50156,36448,jQuery
50158,36448,Node.js
50159,36455,Angular
50160,36458,Angular
50162,36458,Node.js
50163,36458,React
50164,36458,Vue.js
50165,36463,Node.js
50166,36463,React
50168,36463,Spring Boot
50169,36464,jQuery
50170,36464,Node.js
50171,36464,React
50172,36467,Spring Boot
50173,36470,Angular
50176,36470,Node.js
50177,36470,Spring Boot
50180,36481,React
50181,36484,React
50187,36489,React
50188,36489,Spring Boot
50193,36491,React
50194,36491,Vue.js
50195,36501,ASP.NET CORE
50196,36501,Vue.js
50197,36503,Express
50198,36503,jQuery
50199,36503,Node.js
50200,36503,React
50201,36503,Spring Boot
50203,36505,Node.js
50205,36514,ASP.NET CORE
50206,36514,Spring Boot
50207,36517,Express
50208,36517,Node.js
50209,36521,ASP.NET
50210,36521,ASP.NET CORE
50212,36528,Express
50213,36528,React
50214,36528,Spring Boot
50215,36535,Spring Boot
50217,36540,jQuery
50218,36540,Next.js
50219,36540,Node.js
50220,36540,React
50225,36545,ASP.NET
50226,36545,ASP.NET CORE
50228,36545,jQuery
50229,36545,Node.js
50230,36545,React
50232,36553,Next.js
50233,36553,React
50236,36558,Node.js
50237,36561,Angular
50238,36561,ASP.NET
50239,36561,ASP.NET CORE
50241,36561,Express
50246,36561,Next.js
50247,36561,Node.js
50248,36561,React
50250,36563,Node.js
50252,36564,Angular
50253,36564,Express
50254,36564,Node.js
50255,36564,Spring Boot
50256,36566,Express
50258,36566,Next.js
50259,36566,Node.js
50260,36566,React
50261,36568,ASP.NET
50262,36568,Node.js
50263,36568,React
50264,36569,Angular
50267,36569,Node.js
50268,36569,React
50270,36572,Express
50273,36572,Next.js
50274,36572,Node.js
50275,36572,React
50277,36585,ASP.NET CORE
50278,36587,ASP.NET CORE
50279,36589,Express
50281,36589,Next.js
50282,36589,Node.js
50283,36589,React
50285,36598,React
50290,36600,Next.js
50291,36600,React
50293,36602,ASP.NET
50294,36602,ASP.NET CORE
50295,36602,Express
50296,36602,Next.js
50297,36602,React
50299,36602,Vue.js
50302,36604,jQuery
50303,36604,React
50304,36607,Node.js
50305,36607,React
50307,36609,Express
50309,36609,Next.js
50310,36609,Node.js
50311,36609,React
50312,36610,Angular
50313,36610,ASP.NET
50314,36610,ASP.NET CORE
50315,36611,ASP.NET
50316,36611,ASP.NET CORE
50317,36611,jQuery
50319,36614,Next.js
50320,36614,React
50321,36615,ASP.NET
50322,36615,Node.js
50323,36615,React
50325,36618,Express
50327,36618,Node.js
50330,36618,Vue.js
50332,36622,Express
50333,36622,Next.js
50334,36622,Node.js
50335,36622,React
50336,36630,jQuery
50338,36630,React
50342,36632,jQuery
50343,36632,Node.js
50344,36632,React
50346,36634,jQuery
50347,36634,React
50349,36634,Vue.js
50351,36637,React
50354,36646,Express
50357,36646,Node.js
50358,36646,React
50361,36648,Next.js
50362,36648,React
50363,36649,ASP.NET
50364,36649,ASP.NET CORE
50367,36655,Next.js
50369,36664,Next.js
50370,36664,Node.js
50371,36664,React
50373,36667,Next.js
50374,36667,Node.js
50375,36667,React
50377,36668,jQuery
50378,36668,Node.js
50379,36668,React
50380,36668,Vue.js
50381,36679,Angular
50383,36679,Node.js
50386,36684,Express
50387,36684,jQuery
50388,36684,React
50389,36684,Vue.js
50390,36687,React
50391,36697,Next.js
50392,36697,React
50394,36701,jQuery
50395,36701,Vue.js
50397,36712,Spring Boot
50399,36713,Angular
50401,36713,Express
50402,36713,jQuery
50403,36713,Next.js
50404,36713,Node.js
50405,36713,React
50408,36718,Express
50410,36718,jQuery
50411,36718,Next.js
50412,36718,Node.js
50413,36718,React
50415,36723,Angular
50417,36723,Next.js
50418,36723,Node.js
50419,36723,React
50420,36723,Vue.js
50422,36728,Express
50423,36728,Next.js
50424,36728,Node.js
50425,36728,React
50426,36729,Express
50429,36729,Node.js
50431,36731,jQuery
50433,36741,Express
50436,36741,Next.js
50437,36741,Node.js
50438,36741,React
50441,36747,Node.js
50442,36747,React
50443,36747,Spring Boot
50445,36754,Next.js
50446,36754,Node.js
50447,36754,React
50450,36756,Angular
50451,36756,Express
50452,36757,Next.js
50453,36757,Node.js
50455,36758,ASP.NET
50457,36760,React
50458,36761,Angular
50460,36761,ASP.NET
50461,36761,ASP.NET CORE
50464,36761,jQuery
50466,36761,Next.js
50467,36761,Node.js
50469,36761,React
50470,36761,Vue.js
50471,36763,jQuery
50472,36763,React
50477,36764,Express
50479,36764,Node.js
50480,36764,React
50481,36765,ASP.NET
50482,36765,ASP.NET CORE
50483,36768,Vue.js
50485,36771,jQuery
50487,36773,Next.js
50488,36773,React
50489,36773,Spring Boot
50493,36774,Node.js
50494,36774,React
50499,36782,React
50501,36784,jQuery
50502,36784,Node.js
50504,36787,ASP.NET
50505,36787,ASP.NET CORE
50506,36787,Next.js
50507,36787,React
50508,36791,Angular
50510,36791,Express
50514,36791,Node.js
50515,36791,React
50517,36793,Next.js
50518,36793,Node.js
50519,36793,React
50520,36793,Vue.js
50524,36794,Node.js
50528,36794,Vue.js
50529,36795,ASP.NET CORE
50531,36815,Next.js
50532,36815,Node.js
50533,36815,React
50534,36820,Next.js
50535,36820,React
50536,36826,Next.js
50537,36826,Node.js
50538,36826,React
50540,36833,jQuery
50541,36833,Node.js
50542,36833,Spring Boot
50544,36835,Angular
50545,36835,Spring Boot
50546,36837,Angular
50547,36837,Spring Boot
50548,36842,Express
50549,36842,Node.js
50550,36843,Angular
50554,36843,Node.js
50556,36843,Vue.js
50557,36847,jQuery
50558,36847,Node.js
50562,36850,Vue.js
50564,36854,ASP.NET CORE
50566,36854,jQuery
50568,36856,Express
50569,36856,jQuery
50570,36856,Next.js
50571,36856,Node.js
50572,36856,React
50573,36856,Vue.js
50574,36857,Next.js
50577,36864,Express
50578,36864,Node.js
50579,36864,React
50580,36864,Vue.js
50581,36865,Node.js
50583,36866,Vue.js
50585,36868,Express
50586,36868,Node.js
50587,36869,jQuery
50588,36869,Node.js
50589,36869,React
50590,36873,Angular
50592,36873,ASP.NET CORE
50597,36873,Node.js
50599,36873,Spring Boot
50601,36875,Angular
50602,36875,Node.js
50603,36875,React
50604,36880,Spring Boot
50607,36883,Express
50610,36883,Node.js
50612,36885,Next.js
50613,36885,Node.js
50614,36885,React
50615,36896,React
50618,36897,Node.js
50621,36905,ASP.NET CORE
50622,36905,Express
50624,36905,Node.js
50625,36905,React
50626,36905,Spring Boot
50629,36908,Node.js
50630,36908,React
50631,36908,Spring Boot
50633,36912,React
50637,36913,Express
50638,36913,Next.js
50639,36913,Node.js
50640,36913,React
50642,36916,Angular
50643,36916,Express
50644,36916,Node.js
50645,36916,Spring Boot
50651,36918,Node.js
50652,36918,Spring Boot
50654,36919,React
50658,36925,React
50661,36933,Node.js
50662,36933,React
50665,36940,Express
50666,36940,React
50670,36943,jQuery
50671,36943,Vue.js
50673,36951,ASP.NET
50674,36951,ASP.NET CORE
50676,36951,jQuery
50677,36955,Node.js
50685,36973,Next.js
50687,36973,React
50689,36978,ASP.NET CORE
50691,36978,React
50692,36984,React
50695,36987,Next.js
50696,36987,Node.js
50697,36987,React
50699,36987,Spring Boot
50701,36989,Node.js
50702,36989,React
50706,36992,Next.js
50707,36992,React
50709,36993,Next.js
50710,36993,React
50711,36993,Spring Boot
50712,36994,Angular
50715,36994,Express
50718,36994,Next.js
50719,36994,Node.js
50720,36994,React
50721,36994,Spring Boot
50722,36998,Node.js
50725,37014,Next.js
50726,37014,React
50728,37014,Vue.js
50730,37018,ASP.NET
50731,37018,ASP.NET CORE
50733,37018,Next.js
50735,37019,Spring Boot
50736,37019,Vue.js
50737,37030,Node.js
50738,37031,Angular
50740,37031,Next.js
50741,37031,Spring Boot
50743,37033,Next.js
50744,37033,Node.js
50745,37033,React
50746,37033,Spring Boot
50748,37034,Express
50749,37034,Next.js
50750,37034,Node.js
50751,37034,React
50753,37035,ASP.NET CORE
50754,37036,ASP.NET
50755,37036,ASP.NET CORE
50757,37036,Express
50760,37036,jQuery
50761,37036,Node.js
50763,37038,jQuery
50765,37044,ASP.NET
50766,37044,ASP.NET CORE
50767,37046,React
50769,37055,jQuery
50771,37055,Node.js
50772,37055,React
50773,37055,Vue.js
50777,37057,jQuery
50778,37057,Node.js
50780,37059,Node.js
50781,37059,Vue.js
50783,37060,Node.js
50784,37060,React
50785,37061,Next.js
50786,37061,Node.js
50787,37064,ASP.NET CORE
50788,37067,Node.js
50794,37073,Express
50797,37073,jQuery
50798,37073,Next.js
50799,37073,Node.js
50800,37073,React
50801,37077,jQuery
50802,37077,Node.js
50804,37077,React
50806,37078,jQuery
50807,37078,Next.js
50808,37078,Node.js
50809,37078,React
50810,37078,Vue.js
50811,37082,Angular
50813,37092,Spring Boot
50814,37095,ASP.NET
50816,37095,jQuery
50818,37095,Node.js
50821,37096,jQuery
50823,37096,Node.js
50824,37096,Spring Boot
50825,37096,Vue.js
50827,37100,Next.js
50828,37100,Node.js
50829,37103,Express
50830,37103,Next.js
50831,37103,Node.js
50835,37111,jQuery
50837,37120,Node.js
50838,37120,React
50839,37120,Vue.js
50840,37122,Node.js
50841,37124,React
50842,37124,Spring Boot
50846,37127,Node.js
50847,37127,React
50849,37135,Express
50851,37135,Node.js
50852,37135,React
50855,37135,Vue.js
50856,37136,Angular
50857,37136,jQuery
50859,37136,React
50861,37143,Express
50862,37143,Next.js
50863,37143,Node.js
50864,37143,React
50866,37143,Vue.js
50867,37144,React
50868,37144,Spring Boot
50870,37146,jQuery
50872,37146,Next.js
50873,37146,Node.js
50874,37146,React
50875,37148,Next.js
50877,37149,Angular
50881,37156,jQuery
50883,37161,Node.js
50886,37162,Express
50889,37162,Next.js
50890,37162,Node.js
50892,37162,React
50894,37164,Express
50895,37164,Next.js
50896,37164,Spring Boot
50897,37166,ASP.NET CORE
50898,37166,Node.js
50899,37166,React
50902,37168,jQuery
50904,37170,Angular
50905,37170,ASP.NET
50906,37170,ASP.NET CORE
50910,37185,jQuery
50912,37185,Node.js
50913,37185,Vue.js
50914,37186,Express
50915,37186,jQuery
50919,37186,React
50922,37191,Express
50923,37191,jQuery
50925,37191,Next.js
50926,37191,Node.js
50927,37191,React
50928,37191,Vue.js
50929,37200,Express
50932,37200,jQuery
50934,37200,Next.js
50935,37200,Node.js
50936,37200,React
50938,37202,Express
50940,37202,Node.js
50941,37202,React
50943,37203,Angular
50945,37203,Express
50946,37203,jQuery
50949,37203,Node.js
50950,37206,ASP.NET
50951,37206,Express
50952,37206,jQuery
50953,37206,Next.js
50954,37206,Node.js
50955,37206,React
50956,37207,Express
50957,37207,Node.js
50958,37207,React
50959,37207,Spring Boot
50961,37216,React
50962,37216,Vue.js
50964,37223,Express
50965,37223,Node.js
50966,37223,React
50968,37226,jQuery
50969,37226,Node.js
50970,37226,React
50971,37231,Node.js
50972,37231,React
50974,37233,jQuery
50975,37234,Angular
50980,37234,React
50981,37235,Express
50982,37235,Node.js
50983,37235,React
50984,37240,Node.js
50986,37241,Express
50988,37241,Next.js
50989,37241,Node.js
50990,37241,React
50994,37246,Node.js
50995,37246,React
50996,37246,Spring Boot
50997,37256,jQuery
50998,37256,Spring Boot
50999,37256,Vue.js
51000,37257,Angular
51002,37257,ASP.NET
51003,37257,ASP.NET CORE
51004,37257,jQuery
51007,37257,Next.js
51008,37257,Node.js
51010,37257,React
51012,37257,Vue.js
51014,37260,ASP.NET CORE
51016,37260,Node.js
51019,37284,Vue.js
51020,37296,Angular
51025,37296,jQuery
51026,37296,Node.js
51027,37296,React
51029,37296,Vue.js
51030,37301,Angular
51031,37301,Express
51032,37301,Next.js
51033,37301,Node.js
51034,37301,React
51035,37304,Angular
51036,37304,Express
51037,37304,Node.js
51038,37304,React
51039,37304,Spring Boot
51040,37311,ASP.NET
51041,37311,ASP.NET CORE
51043,37311,jQuery
51045,37311,Next.js
51046,37311,Node.js
51047,37311,React
51048,37319,Angular
51049,37319,ASP.NET CORE
51050,37319,Spring Boot
51051,37320,Spring Boot
51053,37322,Spring Boot
51055,37329,Express
51056,37329,Node.js
51057,37335,Angular
51061,37335,React
51062,37335,Vue.js
51064,37337,Express
51065,37337,Node.js
51066,37337,React
51068,37341,Angular
51071,37341,jQuery
51072,37341,Node.js
51073,37341,React
51074,37341,Spring Boot
51076,37342,Angular
51077,37342,ASP.NET CORE
51079,37342,Vue.js
51080,37345,Angular
51081,37345,Next.js
51082,37345,React
51083,37352,ASP.NET
51084,37352,ASP.NET CORE
51086,37352,Node.js
51087,37352,React
51089,37362,Next.js
51090,37362,Node.js
51091,37362,React
51094,37380,jQuery
51096,37380,Vue.js
51098,37382,Angular
51099,37382,Express
51101,37384,Angular
51103,37384,Express
51104,37384,Next.js
51105,37384,Node.js
51106,37384,React
51108,37384,Vue.js
51112,37385,jQuery
51114,37391,Express
51117,37391,Next.js
51118,37391,Node.js
51119,37391,React
51122,37394,React
51124,37398,Angular
51125,37398,ASP.NET
51129,37398,Express
51132,37398,jQuery
51133,37398,Node.js
51137,37398,Vue.js
51140,37399,Angular
51145,37400,jQuery
51146,37400,Node.js
51147,37400,React
51148,37400,Vue.js
51150,37401,ASP.NET
51151,37401,ASP.NET CORE
51153,37401,Node.js
51154,37403,ASP.NET
51155,37403,ASP.NET CORE
51156,37403,Express
51158,37403,jQuery
51160,37403,Next.js
51161,37403,Node.js
51162,37403,React
51164,37406,jQuery
51165,37406,Node.js
51166,37406,Spring Boot
51167,37410,Angular
51168,37410,ASP.NET
51169,37410,ASP.NET CORE
51170,37410,Express
51171,37410,Next.js
51172,37410,Node.js
51173,37410,React
51174,37414,ASP.NET CORE
51176,37415,Angular
51177,37415,ASP.NET
51178,37415,ASP.NET CORE
51179,37415,Node.js
51180,37416,ASP.NET
51181,37416,ASP.NET CORE
51184,37416,Express
51186,37416,jQuery
51187,37416,Next.js
51188,37416,Node.js
51190,37416,React
51191,37416,Vue.js
51193,37418,jQuery
51198,37420,Spring Boot
51200,37423,React
51202,37425,ASP.NET
51203,37425,Next.js
51204,37425,React
51205,37433,ASP.NET
51208,37433,Node.js
51211,37436,Express
51212,37436,Next.js
51213,37436,Node.js
51214,37436,React
51217,37437,Express
51218,37437,React
51220,37439,Angular
51222,37439,Express
51223,37439,jQuery
51224,37439,Node.js
51226,37442,Angular
51227,37442,ASP.NET CORE
51228,37442,Node.js
51229,37445,ASP.NET
51230,37445,ASP.NET CORE
51231,37445,Express
51232,37445,jQuery
51233,37445,Next.js
51234,37445,Node.js
51235,37445,React
51236,37445,Vue.js
51237,37446,Angular
51238,37446,Express
51239,37446,jQuery
51240,37446,Node.js
51241,37446,React
51242,37449,React
51243,37455,Next.js
51244,37455,Node.js
51245,37455,React
51246,37458,ASP.NET
51248,37459,Node.js
51249,37473,Angular
51251,37473,Node.js
51252,37473,React
51253,37473,Vue.js
51254,37474,Angular
51255,37474,ASP.NET
51256,37474,ASP.NET CORE
51257,37474,Node.js
51258,37474,React
51259,37483,ASP.NET CORE
51261,37483,Node.js
51263,37490,Node.js
51264,37490,Vue.js
51265,37492,Angular
51266,37492,ASP.NET
51267,37492,ASP.NET CORE
51269,37492,jQuery
51271,37492,Next.js
51272,37492,Node.js
51274,37492,React
51277,37499,Express
51279,37499,Next.js
51280,37499,Node.js
51281,37499,React
51283,37503,Vue.js
51287,37506,jQuery
51288,37506,Next.js
51289,37506,Node.js
51290,37506,React
51293,37508,Vue.js
51294,37522,Node.js
51296,37526,Next.js
51297,37526,Node.js
51304,37531,jQuery
51305,37531,Next.js
51306,37531,Node.js
51308,37531,Vue.js
51309,37536,Angular
51311,37536,Node.js
51313,37540,Angular
51314,37540,ASP.NET CORE
51316,37540,Express
51317,37540,React
51318,37543,Angular
51319,37543,Express
51321,37543,Node.js
51322,37543,React
51323,37543,Spring Boot
51324,37544,jQuery
51326,37544,Next.js
51327,37544,Node.js
51328,37544,React
51330,37544,Vue.js
51333,37549,jQuery
51336,37549,React
51338,37549,Vue.js
51339,37550,Angular
51343,37550,Next.js
51344,37550,Node.js
51345,37550,Vue.js
51346,37551,ASP.NET CORE
51348,37554,Angular
51350,37554,Node.js
51351,37554,Spring Boot
51352,37554,Vue.js
51353,37559,Angular
51354,37559,Next.js
51355,37559,Node.js
51356,37559,React
51357,37560,Angular
51358,37560,ASP.NET CORE
51360,37560,jQuery
51361,37560,Node.js
51362,37560,React
51363,37560,Spring Boot
51364,37562,Angular
51365,37562,ASP.NET CORE
51367,37562,Next.js
51368,37562,React
51372,37564,Angular
51373,37564,ASP.NET
51374,37564,Express
51375,37564,Node.js
51376,37564,Vue.js
51377,37571,Angular
51378,37571,ASP.NET
51379,37571,ASP.NET CORE
51380,37571,Node.js
51383,37573,Express
51385,37575,Next.js
51386,37575,Node.js
51387,37575,React
51388,37575,Spring Boot
51389,37577,Next.js
51390,37577,Node.js
51392,37578,Angular
51393,37578,Node.js
51394,37578,Spring Boot
51397,37579,Next.js
51400,37582,Spring Boot
51402,37583,Express
51405,37583,Next.js
51406,37583,Node.js
51407,37583,React
51408,37583,Spring Boot
51409,37583,Vue.js
51410,37588,Angular
51412,37588,Express
51416,37588,Next.js
51417,37588,Node.js
51418,37588,React
51420,37589,Next.js
51421,37589,Node.js
51422,37589,React
51423,37589,Spring Boot
51424,37599,Angular
51427,37599,Express
51429,37599,Node.js
51430,37599,React
51431,37599,Spring Boot
51432,37599,Vue.js
51433,37602,Angular
51435,37602,ASP.NET
51436,37603,Express
51437,37603,Next.js
51438,37603,Node.js
51439,37603,React
51440,37604,ASP.NET CORE
51441,37605,Spring Boot
51442,37606,Next.js
51443,37606,Node.js
51444,37606,React
51447,37607,Next.js
51448,37607,Node.js
51449,37607,React
51452,37610,ASP.NET
51453,37610,ASP.NET CORE
51454,37610,Next.js
51455,37610,Node.js
51456,37610,React
51457,37613,Angular
51460,37613,Node.js
51462,37613,React
51464,37613,Vue.js
51465,37616,Angular
51468,37616,jQuery
51469,37616,Node.js
51470,37616,React
51472,37618,Angular
51473,37618,ASP.NET
51474,37618,ASP.NET CORE
51475,37618,Node.js
51477,37622,Node.js
51478,37622,React
51481,37635,ASP.NET
51482,37635,jQuery
51483,37635,React
51484,37635,Vue.js
51485,37637,jQuery
51487,37637,Node.js
51488,37637,React
51489,37640,Angular
51490,37640,Spring Boot
51491,37641,Next.js
51492,37641,Node.js
51493,37641,React
51494,37642,Angular
51495,37642,Next.js
51496,37642,Node.js
51497,37642,React
51498,37642,Spring Boot
51499,37642,Vue.js
51500,37644,ASP.NET
51501,37644,ASP.NET CORE
51503,37644,Next.js
51504,37644,Node.js
51505,37644,React
51506,37644,Vue.js
51514,37662,Angular
51515,37662,ASP.NET
51516,37662,ASP.NET CORE
51518,37662,jQuery
51527,37666,Vue.js
51529,37671,Next.js
51530,37671,Node.js
51531,37671,React
51533,37672,React
51536,37684,Angular
51537,37684,jQuery
51538,37684,React
51539,37684,Vue.js
51543,37685,Express
51546,37685,Next.js
51547,37685,Node.js
51548,37685,React
51549,37695,Angular
51550,37695,Spring Boot
51551,37701,ASP.NET CORE
51552,37701,Express
51553,37701,Node.js
51554,37701,Vue.js
51555,37705,Angular
51557,37705,Spring Boot
51558,37705,Vue.js
51559,37706,ASP.NET
51560,37706,ASP.NET CORE
51561,37706,Node.js
51567,37717,Node.js
51568,37717,React
51569,37717,Spring Boot
51570,37718,Angular
51572,37718,Spring Boot
51573,37721,Angular
51577,37721,jQuery
51578,37721,React
51579,37721,Vue.js
51580,37722,Express
51581,37722,Next.js
51582,37722,Node.js
51583,37722,React
51585,37729,Angular
51587,37729,Express
51591,37729,Next.js
51592,37729,React
51595,37729,Vue.js
51596,37731,ASP.NET
51597,37731,ASP.NET CORE
51600,37736,Next.js
51601,37736,React
51602,37738,jQuery
51605,37738,Vue.js
51609,37741,Express
51611,37741,jQuery
51612,37741,Next.js
51613,37741,Node.js
51614,37741,React
51617,37743,Angular
51621,37748,Angular
51624,37760,Next.js
51625,37760,Node.js
51626,37760,React
51627,37763,React
51628,37768,Angular
51629,37768,ASP.NET CORE
51631,37768,Next.js
51632,37768,Node.js
51633,37768,React
51636,37778,Angular
51637,37778,Express
51639,37778,Node.js
51640,37778,React
51641,37779,Express
51642,37779,Node.js
51643,37779,React
51644,37781,Angular
51647,37781,Express
51650,37781,Next.js
51651,37781,Node.js
51652,37781,React
51656,37781,Vue.js
51658,37785,jQuery
51659,37785,Node.js
51661,37790,Angular
51664,37790,jQuery
51666,37790,Next.js
51667,37790,Node.js
51669,37790,Vue.js
51670,37795,Express
51671,37795,Node.js
51672,37795,React
51675,37799,Node.js
51676,37799,Vue.js
51677,37803,jQuery
51678,37803,Node.js
51680,37804,Node.js
51681,37804,React
51683,37807,Angular
51684,37807,React
51685,37812,Angular
51686,37812,ASP.NET
51687,37812,ASP.NET CORE
51688,37812,Node.js
51689,37817,Angular
51693,37817,jQuery
51694,37817,Node.js
51698,37818,Next.js
51699,37818,Node.js
51700,37818,React
51701,37823,ASP.NET
51702,37823,ASP.NET CORE
51704,37823,jQuery
51706,37823,Node.js
51709,37835,jQuery
51710,37835,Node.js
51711,37835,Spring Boot
51712,37838,jQuery
51714,37838,Node.js
51715,37838,React
51718,37840,Spring Boot
51719,37844,Next.js
51720,37844,Node.js
51721,37844,React
51722,37844,Vue.js
51723,37847,React
51724,37853,ASP.NET CORE
51728,37853,Next.js
51729,37853,Node.js
51730,37853,React
51732,37854,ASP.NET
51733,37854,ASP.NET CORE
51735,37854,jQuery
51738,37856,jQuery
51739,37856,Next.js
51740,37856,Node.js
51741,37856,React
51744,37857,ASP.NET CORE
51746,37857,jQuery
51747,37857,Node.js
51748,37857,React
51749,37858,Express
51754,37858,Next.js
51755,37858,Node.js
51757,37859,ASP.NET
51758,37859,ASP.NET CORE
51759,37859,jQuery
51760,37866,Next.js
51761,37866,React
51763,37869,jQuery
51764,37874,Node.js
51765,37874,React
51766,37874,Spring Boot
51767,37875,jQuery
51769,37883,ASP.NET CORE
51771,37888,Angular
51774,37888,Next.js
51775,37888,React
51776,37888,Spring Boot
51778,37889,Express
51781,37889,jQuery
51783,37889,Next.js
51784,37889,Node.js
51785,37889,React
51787,37890,jQuery
51789,37890,Node.js
51790,37890,Vue.js
51795,37892,Node.js
51796,37895,React
51797,37896,Angular
51799,37897,Spring Boot
51800,37898,jQuery
51801,37898,Node.js
51804,37899,jQuery
51806,37899,Next.js
51807,37899,Node.js
51808,37899,React
51810,37905,ASP.NET
51811,37905,ASP.NET CORE
51813,37905,jQuery
51814,37905,React
51815,37906,Node.js
51816,37906,React
51817,37917,Angular
51819,37917,Express
51821,37917,Node.js
51822,37917,React
51823,37917,Spring Boot
51824,37918,Next.js
51825,37918,Node.js
51826,37918,React
51827,37918,Vue.js
51828,37923,ASP.NET
51829,37923,ASP.NET CORE
51830,37923,Node.js
51831,37926,Angular
51832,37926,Next.js
51833,37926,Node.js
51834,37926,React
51837,37927,Vue.js
51838,37933,Angular
51839,37933,ASP.NET
51842,37933,jQuery
51844,37933,Next.js
51845,37933,Node.js
51846,37933,React
51847,37933,Vue.js
51850,37937,Angular
51851,37937,Node.js
51852,37937,Spring Boot
51853,37945,Express
51855,37945,jQuery
51857,37945,Node.js
51858,37945,React
51862,37946,Next.js
51863,37946,Node.js
51864,37946,React
51865,37946,Spring Boot
51866,37949,Node.js
51867,37949,React
51869,37954,ASP.NET
51870,37954,ASP.NET CORE
51875,37955,ASP.NET
51877,37955,jQuery
51879,37955,React
51880,37955,Vue.js
51883,37957,Spring Boot
51884,37958,ASP.NET
51885,37958,ASP.NET CORE
51886,37958,jQuery
51887,37958,Node.js
51888,37958,Spring Boot
51890,37960,Node.js
51891,37960,React
51893,37964,Angular
51894,37964,ASP.NET
51895,37964,ASP.NET CORE
51899,37969,ASP.NET CORE
51900,37969,Node.js
51901,37970,ASP.NET
51902,37970,ASP.NET CORE
51903,37971,Next.js
51904,37974,Express
51905,37974,Next.js
51906,37974,Node.js
51907,37974,React
51908,37975,Angular
51910,37975,ASP.NET
51911,37975,ASP.NET CORE
51914,37975,jQuery
51916,37975,Next.js
51917,37975,Node.js
51918,37975,React
51920,37975,Spring Boot
51921,37975,Vue.js
51922,37981,Angular
51924,37981,ASP.NET
51925,37981,ASP.NET CORE
51927,37981,Node.js
51928,37982,Angular
51929,37982,ASP.NET
51930,37982,ASP.NET CORE
51931,37982,jQuery
51932,37982,Node.js
51933,37984,Angular
51935,37986,Next.js
51936,37986,Node.js
51937,37986,React
51938,37987,Node.js
51940,37988,Express
51941,37988,Next.js
51942,37988,Spring Boot
51944,37989,Vue.js
51946,37990,Vue.js
51949,37994,Next.js
51950,37994,Node.js
51952,37997,Next.js
51953,37997,Node.js
51954,37997,React
51956,37998,Node.js
51957,37998,React
51959,37998,Vue.js
51962,37999,ASP.NET
51964,37999,Express
51966,37999,jQuery
51968,37999,Next.js
51969,37999,Node.js
51970,37999,React
51971,37999,Spring Boot
51975,38005,Next.js
51976,38005,Node.js
51978,38006,jQuery
51980,38006,Vue.js
51981,38008,Angular
51982,38008,Express
51984,38008,Node.js
51985,38008,Spring Boot
51986,38008,Vue.js
51990,38009,Next.js
51991,38009,React
51994,38010,Angular
51995,38010,ASP.NET CORE
51997,38010,Express
52000,38010,jQuery
52001,38010,Next.js
52002,38010,Node.js
52003,38010,React
52007,38012,Express
52008,38012,Next.js
52009,38012,Node.js
52010,38012,React
52011,38014,ASP.NET
52012,38014,ASP.NET CORE
52013,38014,jQuery
52015,38014,Next.js
52016,38014,Node.js
52017,38014,React
52020,38023,Angular
52024,38023,jQuery
52025,38025,jQuery
52027,38026,Node.js
52028,38026,React
52029,38034,ASP.NET
52030,38034,ASP.NET CORE
52032,38036,Express
52033,38036,Node.js
52034,38036,React
52036,38036,Spring Boot
52037,38041,jQuery
52039,38041,Next.js
52040,38041,Node.js
52041,38041,React
52044,38046,jQuery
52046,38046,Next.js
52049,38046,Vue.js
52050,38048,ASP.NET
52051,38048,ASP.NET CORE
52052,38048,jQuery
52053,38048,Node.js
52054,38048,Vue.js
52057,38050,jQuery
52058,38050,Vue.js
52059,38056,Next.js
52060,38056,Node.js
52061,38056,React
52062,38056,Spring Boot
52063,38057,ASP.NET
52064,38057,ASP.NET CORE
52066,38057,Node.js
52067,38057,React
52070,38058,Vue.js
52072,38061,Express
52076,38061,Next.js
52077,38061,React
52078,38062,Node.js
52079,38062,React
52080,38064,Angular
52082,38064,ASP.NET
52084,38064,Express
52086,38064,jQuery
52089,38064,Next.js
52090,38064,Node.js
52092,38064,React
52095,38064,Spring Boot
52096,38064,Vue.js
52097,38070,ASP.NET CORE
52099,38071,ASP.NET CORE
52101,38075,jQuery
52102,38075,Node.js
52103,38075,Vue.js
52105,38076,Angular
52109,38076,jQuery
52111,38076,Next.js
52112,38076,Node.js
52114,38076,React
52115,38076,Vue.js
52118,38078,Express
52119,38078,Node.js
52121,38080,Angular
52122,38080,ASP.NET CORE
52123,38080,Node.js
52124,38084,Angular
52132,38087,Next.js
52133,38087,Node.js
52134,38087,React
52136,38088,Express
52139,38088,Next.js
52140,38088,Node.js
52141,38088,React
52143,38088,Vue.js
52144,38089,Angular
52146,38089,ASP.NET
52148,38089,Express
52149,38089,Node.js
52150,38089,React
52151,38089,Vue.js
52154,38098,React
52155,38099,Angular
52157,38099,React
52158,38099,Spring Boot
52162,38121,jQuery
52163,38121,React
52164,38123,Angular
52166,38123,Node.js
52168,38126,ASP.NET CORE
52169,38126,React
52172,38131,jQuery
52173,38131,Vue.js
52174,38132,Angular
52176,38132,Node.js
52177,38132,Vue.js
52179,38133,jQuery
52181,38135,Angular
52182,38135,ASP.NET
52183,38135,ASP.NET CORE
52185,38137,Angular
52186,38137,Express
52187,38137,Node.js
52188,38137,Vue.js
52189,38138,ASP.NET
52190,38138,ASP.NET CORE
52191,38140,ASP.NET
52192,38140,ASP.NET CORE
52193,38140,jQuery
52194,38140,Node.js
52196,38141,jQuery
52197,38141,Node.js
52198,38141,Spring Boot
52199,38141,Vue.js
52200,38142,ASP.NET CORE
52202,38148,Angular
52205,38152,ASP.NET
52206,38152,ASP.NET CORE
52208,38152,jQuery
52209,38152,Next.js
52210,38152,Node.js
52211,38152,React
52213,38162,Angular
52215,38162,React
52216,38162,Vue.js
52217,38163,ASP.NET
52218,38163,ASP.NET CORE
52220,38163,Node.js
52221,38163,React
52223,38169,Angular
52226,38169,Next.js
52227,38169,Node.js
52229,38169,Vue.js
52230,38171,Angular
52232,38171,Express
52234,38171,Next.js
52235,38171,Node.js
52236,38171,React
52241,38175,Node.js
52243,38175,Spring Boot
52244,38175,Vue.js
52248,38181,Express
52250,38181,Node.js
52251,38181,React
52253,38181,Vue.js
52254,38184,Angular
52256,38184,Express
52257,38184,jQuery
52258,38184,Spring Boot
52259,38184,Vue.js
52260,38186,Angular
52261,38186,ASP.NET CORE
52264,38189,Node.js
52265,38189,React
52266,38192,jQuery
52267,38192,Node.js
52268,38192,React
52272,38196,Vue.js
52273,38197,ASP.NET CORE
52275,38197,jQuery
52277,38197,Next.js
52278,38197,React
52279,38198,ASP.NET
52280,38198,ASP.NET CORE
52282,38198,Node.js
52283,38201,Next.js
52284,38201,Node.js
52285,38201,React
52288,38204,jQuery
52289,38204,Vue.js
52290,38212,Angular
52295,38212,Node.js
52296,38212,React
52298,38216,Express
52299,38216,Node.js
52301,38216,React
52303,38218,Angular
52306,38218,Next.js
52307,38218,Spring Boot
52308,38219,Angular
52310,38219,Node.js
52312,38220,jQuery
52313,38220,Node.js
52314,38220,React
52320,38230,Express
52321,38230,jQuery
52322,38230,Node.js
52323,38230,React
52324,38238,jQuery
52325,38238,Node.js
52326,38238,React
52329,38239,jQuery
52330,38239,Spring Boot
52333,38240,Next.js
52334,38240,Node.js
52335,38240,React
52338,38242,Spring Boot
52339,38243,ASP.NET
52340,38243,ASP.NET CORE
52341,38243,Express
52342,38243,Node.js
52343,38243,React
52346,38256,Express
52349,38256,Next.js
52350,38256,Node.js
52351,38256,React
52352,38258,React
52353,38258,Spring Boot
52354,38258,Vue.js
52355,38259,Next.js
52356,38259,Spring Boot
52357,38264,Node.js
52364,38271,React
52366,38274,Angular
52367,38274,ASP.NET
52368,38274,ASP.NET CORE
52370,38274,Express
52371,38274,jQuery
52372,38274,Next.js
52373,38274,Node.js
52374,38274,React
52376,38276,Angular
52379,38276,Express
52382,38276,jQuery
52384,38276,Next.js
52385,38276,Node.js
52387,38276,React
52392,38278,jQuery
52394,38280,Express
52396,38280,Next.js
52397,38280,Node.js
52398,38280,React
52400,38281,ASP.NET
52401,38281,ASP.NET CORE
52402,38281,React
52404,38284,Spring Boot
52406,38285,Express
52407,38285,Next.js
52408,38285,Node.js
52409,38285,React
52411,38291,Vue.js
52412,38293,Angular
52414,38293,Node.js
52415,38293,Spring Boot
52417,38294,Spring Boot
52418,38294,Vue.js
52420,38295,Next.js
52421,38295,Node.js
52423,38295,React
52425,38295,Vue.js
52426,38298,Angular
52428,38298,Spring Boot
52429,38300,Angular
52433,38300,Express
52434,38300,Next.js
52435,38300,Node.js
52436,38300,React
52437,38301,Angular
52439,38303,ASP.NET
52440,38303,ASP.NET CORE
52442,38303,jQuery
52444,38304,Express
52445,38304,jQuery
52446,38304,Node.js
52447,38304,React
52449,38304,Vue.js
52454,38311,jQuery
52456,38311,React
52457,38315,Angular
52458,38315,jQuery
52459,38315,Node.js
52460,38315,Spring Boot
52461,38317,Spring Boot
52462,38318,Node.js
52463,38318,React
52464,38318,Vue.js
52465,38319,jQuery
52467,38322,Express
52468,38322,Node.js
52469,38323,Angular
52472,38323,Express
52475,38323,jQuery
52477,38323,Next.js
52478,38323,Node.js
52479,38323,React
52480,38324,React
52484,38325,Vue.js
52485,38328,Angular
52486,38328,Next.js
52487,38328,Node.js
52488,38328,React
52491,38337,Express
52493,38337,React
52496,38338,Spring Boot
52500,38341,jQuery
52501,38341,Vue.js
52503,38346,ASP.NET
52504,38346,ASP.NET CORE
52505,38347,ASP.NET CORE
52507,38347,Vue.js
52510,38352,jQuery
52511,38354,Node.js
52513,38354,Spring Boot
52514,38356,Express
52515,38356,Node.js
52518,38357,Express
52519,38357,Node.js
52522,38357,Vue.js
52523,38358,Spring Boot
52524,38359,ASP.NET CORE
52525,38359,Next.js
52526,38359,Node.js
52527,38372,Next.js
52530,38372,Vue.js
52533,38374,Node.js
52536,38375,Next.js
52537,38375,React
52540,38376,React
52541,38376,Spring Boot
52542,38378,Angular
52545,38379,Node.js
52546,38379,React
52548,38380,Node.js
52549,38380,React
52550,38380,Vue.js
52552,38382,Node.js
52553,38382,React
52554,38389,ASP.NET
52555,38389,ASP.NET CORE
52556,38390,Next.js
52557,38390,Node.js
52558,38390,React
52560,38391,Express
52564,38391,Node.js
52565,38391,React
52567,38391,Vue.js
52568,38398,Express
52569,38398,jQuery
52571,38398,Node.js
52574,38398,Vue.js
52575,38400,Angular
52576,38400,ASP.NET CORE
52577,38400,Node.js
52578,38400,React
52579,38405,Angular
52580,38405,ASP.NET CORE
52581,38405,Node.js
52582,38405,React
52583,38405,Spring Boot
52585,38406,Node.js
52586,38406,React
52587,38408,jQuery
52588,38408,Node.js
52589,38408,Vue.js
52591,38411,Express
52594,38411,Next.js
52595,38411,Node.js
52596,38411,React
52598,38411,Spring Boot
52599,38411,Vue.js
52602,38416,jQuery
52603,38416,React
52605,38420,React
52606,38420,Vue.js
52607,38427,jQuery
52610,38428,Express
52613,38428,Next.js
52614,38428,Node.js
52615,38428,React
52619,38432,jQuery
52621,38432,Vue.js
52623,38435,ASP.NET
52626,38435,jQuery
52627,38435,Next.js
52628,38435,Node.js
52629,38435,React
52631,38437,React
52632,38438,Angular
52634,38438,Express
52635,38438,jQuery
52636,38438,Node.js
52637,38438,React
52639,38439,Express
52642,38440,Node.js
52643,38440,React
52645,38445,React
52646,38445,Spring Boot
52647,38448,Node.js
52650,38450,ASP.NET
52651,38450,Express
52653,38450,Next.js
52654,38450,Node.js
52655,38454,ASP.NET CORE
52658,38454,Node.js
52659,38454,React
52661,38459,Angular
52663,38459,Express
52664,38459,jQuery
52665,38459,Next.js
52666,38459,Node.js
52667,38468,Express
52669,38468,Node.js
52670,38468,React
52676,38469,jQuery
52677,38469,React
52679,38472,React
52680,38475,ASP.NET
52681,38475,ASP.NET CORE
52685,38489,Angular
52687,38489,ASP.NET
52688,38489,ASP.NET CORE
52689,38489,Express
52690,38489,Node.js
52691,38489,React
52694,38491,Express
52696,38491,Next.js
52697,38491,Node.js
52699,38491,Spring Boot
52702,38493,Next.js
52703,38493,Node.js
52704,38493,React
52706,38496,ASP.NET
52707,38496,ASP.NET CORE
52713,38505,Express
52714,38505,jQuery
52716,38505,Node.js
52717,38509,ASP.NET CORE
52719,38511,Express
52720,38511,jQuery
52721,38511,Node.js
52723,38513,ASP.NET
52724,38513,ASP.NET CORE
52727,38513,Node.js
52728,38513,React
52729,38515,Next.js
52730,38515,Node.js
52733,38515,Vue.js
52735,38517,Next.js
52737,38517,React
52739,38517,Vue.js
52741,38525,React
52746,38528,Express
52747,38528,jQuery
52748,38528,Node.js
52749,38532,Angular
52751,38532,Express
52752,38532,jQuery
52754,38532,Next.js
52755,38532,React
52758,38534,React
52760,38542,Express
52762,38542,Next.js
52763,38542,Node.js
52764,38542,React
52766,38543,Express
52769,38543,Next.js
52770,38543,Node.js
52772,38551,jQuery
52773,38551,React
52776,38552,Node.js
52777,38552,React
52781,38553,Node.js
52782,38556,Express
52783,38556,Next.js
52784,38556,Node.js
52785,38556,React
52786,38559,Angular
52792,38559,jQuery
52793,38559,Node.js
52794,38559,Spring Boot
52798,38564,jQuery
52799,38564,Node.js
52801,38571,Angular
52804,38576,Next.js
52805,38576,Node.js
52806,38576,React
52811,38577,Node.js
52812,38578,ASP.NET CORE
52815,38580,Node.js
52816,38580,React
52817,38580,Spring Boot
52818,38580,Vue.js
52819,38583,Angular
52821,38583,ASP.NET
52822,38583,ASP.NET CORE
52824,38583,Express
52825,38583,jQuery
52826,38583,Node.js
52827,38583,React
52828,38583,Vue.js
52829,38584,React
52830,38584,Spring Boot
52832,38587,React
52833,38591,Angular
52834,38591,Spring Boot
52835,38592,ASP.NET CORE
52838,38592,Node.js
52839,38592,React
52840,38592,Vue.js
52843,38595,Node.js
52844,38595,React
52847,38597,React
52849,38597,Vue.js
52850,38600,Next.js
52851,38600,React
52854,38602,Next.js
52855,38602,Node.js
52856,38602,React
52857,38612,Express
52858,38612,Next.js
52859,38612,Node.js
52861,38614,Next.js
52863,38614,React
52864,38614,Vue.js
52865,38617,Angular
52866,38617,Node.js
52867,38617,React
52869,38625,React
52870,38626,Vue.js
52871,38628,Express
52873,38629,ASP.NET
52874,38629,ASP.NET CORE
52877,38632,ASP.NET
52879,38632,jQuery
52880,38635,Angular
52881,38635,ASP.NET CORE
52882,38635,Node.js
52883,38636,Angular
52884,38636,ASP.NET
52885,38638,jQuery
52886,38638,React
52888,38639,Express
52890,38639,Node.js
52891,38639,React
52893,38639,Vue.js
52896,38645,React
52900,38646,Spring Boot
52901,38650,Angular
52902,38650,ASP.NET CORE
52903,38650,Node.js
52904,38650,React
52905,38650,Spring Boot
52907,38656,jQuery
52914,38664,Next.js
52915,38664,Node.js
52917,38664,React
52918,38664,Vue.js
52919,38670,ASP.NET
52920,38670,ASP.NET CORE
52922,38670,Express
52923,38670,jQuery
52924,38670,Next.js
52925,38670,Node.js
52926,38670,React
52928,38673,Angular
52930,38673,ASP.NET
52932,38673,jQuery
52933,38673,Node.js
52934,38673,React
52940,38679,jQuery
52941,38679,Vue.js
52942,38680,Next.js
52943,38680,React
52946,38683,ASP.NET
52947,38683,ASP.NET CORE
52949,38691,Node.js
52950,38691,React
52953,38704,jQuery
52955,38704,Next.js
52956,38704,Node.js
52957,38704,React
52960,38707,jQuery
52963,38708,Angular
52965,38708,Express
52967,38708,Next.js
52968,38708,Node.js
52969,38708,React
52970,38709,ASP.NET
52971,38709,ASP.NET CORE
52974,38709,Node.js
52977,38711,React
52978,38711,Spring Boot
52979,38714,ASP.NET CORE
52980,38718,Angular
52982,38718,jQuery
52985,38718,Vue.js
52987,38720,Node.js
52988,38720,React
52990,38721,Express
52991,38721,Node.js
52992,38721,React
52996,38726,jQuery
52997,38726,Node.js
52999,38730,ASP.NET
53000,38730,ASP.NET CORE
53003,38732,Node.js
53004,38732,React
53005,38734,Angular
53006,38734,ASP.NET CORE
53007,38734,Node.js
53008,38734,React
53010,38735,ASP.NET
53011,38735,ASP.NET CORE
53013,38735,jQuery
53014,38735,Node.js
53015,38735,React
53016,38736,ASP.NET
53017,38736,ASP.NET CORE
53020,38740,Express
53022,38740,jQuery
53024,38740,Next.js
53025,38740,Node.js
53027,38740,React
53028,38740,Vue.js
53029,38744,Express
53030,38744,Node.js
53031,38744,React
53032,38747,jQuery
53034,38747,React
53036,38748,Angular
53038,38748,ASP.NET
53039,38748,ASP.NET CORE
53040,38748,Express
53041,38748,jQuery
53043,38748,Node.js
53046,38751,React
53049,38753,Spring Boot
53052,38754,Vue.js
53053,38757,Express
53055,38757,Node.js
53056,38757,React
53057,38761,Angular
53058,38761,ASP.NET CORE
53059,38764,Angular
53061,38764,Express
53062,38764,jQuery
53063,38764,Next.js
53064,38764,Node.js
53065,38764,React
53066,38764,Spring Boot
53068,38769,Vue.js
53069,38779,Angular
53071,38779,Express
53072,38779,Node.js
53073,38779,React
53075,38782,Angular
53076,38782,ASP.NET
53077,38782,ASP.NET CORE
53078,38787,Angular
53079,38787,React
53080,38787,Spring Boot
53081,38791,ASP.NET CORE
53085,38793,Angular
53086,38793,ASP.NET CORE
53087,38793,jQuery
53088,38796,Express
53090,38796,Next.js
53091,38796,Node.js
53093,38796,React
53094,38797,jQuery
53095,38797,Spring Boot
53096,38799,React
53098,38804,ASP.NET CORE
53100,38804,Vue.js
53102,38805,Next.js
53103,38805,Node.js
53104,38805,React
53105,38806,Express
53106,38806,Node.js
53108,38807,Express
53109,38807,Next.js
53110,38807,Node.js
53111,38807,React
53113,38815,Express
53114,38815,Node.js
53116,38815,React
53117,38815,Spring Boot
53119,38818,Express
53121,38818,jQuery
53124,38818,Next.js
53125,38818,Node.js
53126,38818,React
53127,38821,Angular
53129,38821,Node.js
53131,38821,React
53133,38821,Vue.js
53136,38822,Next.js
53137,38822,Node.js
53138,38822,React
53140,38827,Express
53142,38827,Next.js
53143,38827,Node.js
53144,38827,React
53145,38829,ASP.NET
53146,38829,ASP.NET CORE
53147,38829,jQuery
53148,38829,Node.js
53149,38829,Vue.js
53150,38831,ASP.NET
53151,38831,React
53152,38831,Spring Boot
53155,38835,Angular
53156,38835,ASP.NET
53157,38835,React
53158,38836,Angular
53159,38836,Express
53160,38836,jQuery
53161,38836,Next.js
53162,38836,Node.js
53164,38836,React
53165,38836,Spring Boot
53166,38836,Vue.js
53168,38839,ASP.NET CORE
53172,38841,Express
53173,38841,Node.js
53174,38841,React
53175,38842,Angular
53178,38842,Next.js
53179,38842,Node.js
53181,38857,Spring Boot
53182,38860,ASP.NET CORE
53185,38860,jQuery
53186,38860,React
53187,38860,Vue.js
53190,38868,Angular
53195,38868,jQuery
53196,38868,React
53198,38869,Node.js
53199,38874,React
53202,38883,jQuery
53203,38883,Next.js
53204,38883,React
53206,38883,Vue.js
53208,38884,ASP.NET CORE
53210,38884,Express
53215,38884,Next.js
53216,38884,Node.js
53217,38884,React
53220,38885,Next.js
53222,38888,Angular
53224,38888,Express
53225,38888,jQuery
53227,38889,Angular
53230,38889,Node.js
53231,38889,React
53232,38891,React
53233,38891,Spring Boot
53235,38893,Node.js
53236,38896,ASP.NET
53237,38896,ASP.NET CORE
53241,38901,Angular
53243,38901,Node.js
53246,38907,jQuery
53247,38908,jQuery
53248,38908,Node.js
53249,38909,Angular
53250,38909,jQuery
53252,38909,React
53254,38909,Vue.js
53256,38916,Node.js
53257,38917,Express
53258,38917,Node.js
53259,38921,React
53261,38925,jQuery
53266,38930,Spring Boot
53267,38931,Express
53269,38931,Next.js
53270,38931,Node.js
53271,38931,React
53272,38931,Spring Boot
53275,38938,Next.js
53276,38938,Node.js
53277,38945,Angular
53279,38945,ASP.NET
53281,38945,jQuery
53282,38945,Next.js
53283,38945,Node.js
53284,38945,React
53285,38945,Vue.js
53287,38947,React
53288,38954,Angular
53291,38954,jQuery
53293,38954,Next.js
53294,38954,Node.js
53295,38954,React
53296,38954,Vue.js
53298,38955,ASP.NET CORE
53299,38957,jQuery
53300,38957,Next.js
53301,38957,Node.js
53302,38957,React
53305,38958,ASP.NET CORE
53307,38958,Next.js
53308,38958,Node.js
53309,38958,React
53310,38958,Spring Boot
53312,38963,Express
53314,38963,Node.js
53315,38963,Spring Boot
53316,38964,Angular
53318,38964,Express
53319,38964,jQuery
53321,38964,Next.js
53322,38964,Node.js
53324,38964,React
53326,38964,Vue.js
53328,38982,Express
53329,38982,Next.js
53330,38982,Node.js
53331,38982,React
53332,38983,ASP.NET CORE
53333,38983,jQuery
53336,38986,Node.js
53337,38986,React
53339,38989,Angular
53340,38989,ASP.NET CORE
53341,38989,jQuery
53342,38990,Angular
53344,38990,React
53345,38990,Spring Boot
53351,38992,jQuery
53352,38992,Node.js
53354,38998,Angular
53356,38998,Node.js
53358,38998,Spring Boot
53359,38998,Vue.js
53363,39004,Angular
53364,39004,ASP.NET
53365,39004,ASP.NET CORE
53366,39004,Express
53367,39004,jQuery
53369,39004,Node.js
53370,39006,Node.js
53372,39006,React
53376,39008,Express
53379,39008,Next.js
53380,39008,Node.js
53381,39008,React
53384,39011,Vue.js
53385,39021,ASP.NET
53386,39021,ASP.NET CORE
53388,39021,jQuery
53389,39029,Spring Boot
53390,39041,Spring Boot
53392,39047,Express
53393,39047,jQuery
53395,39047,Node.js
53396,39047,Vue.js
53399,39049,React
53402,39058,jQuery
53403,39065,Angular
53406,39066,Express
53408,39066,Next.js
53409,39066,Node.js
53410,39066,React
53411,39066,Spring Boot
53412,39069,Express
53413,39069,Node.js
53414,39075,Node.js
53415,39075,React
53416,39080,Angular
53417,39080,Express
53418,39080,jQuery
53420,39080,Node.js
53421,39080,Spring Boot
53422,39083,React
53423,39083,Spring Boot
53426,39089,Next.js
53427,39089,Node.js
53428,39089,React
53432,39093,React
53434,39096,React
53435,39100,Node.js
53436,39100,React
53437,39103,Next.js
53438,39103,React
53439,39103,Spring Boot
53440,39107,Angular
53442,39107,Express
53443,39107,Node.js
53444,39107,Spring Boot
53445,39107,Vue.js
53446,39118,ASP.NET
53447,39118,ASP.NET CORE
53449,39118,Express
53450,39118,jQuery
53451,39118,Next.js
53452,39118,Node.js
53453,39118,React
53454,39124,jQuery
53455,39124,Node.js
53456,39124,Spring Boot
53457,39129,Angular
53462,39136,ASP.NET CORE
53464,39136,React
53466,39139,Angular
53467,39139,Express
53468,39139,React
53469,39139,Spring Boot
53470,39144,Spring Boot
53471,39145,Spring Boot
53472,39148,Angular
53473,39148,ASP.NET
53474,39148,React
53475,39149,Express
53476,39149,Next.js
53477,39149,Node.js
53478,39149,React
53481,39150,Node.js
53483,39150,Vue.js
53484,39152,jQuery
53485,39152,React
53487,39153,Express
53488,39153,Node.js
53489,39153,React
53490,39158,ASP.NET
53491,39158,ASP.NET CORE
53492,39158,jQuery
53493,39160,Angular
53494,39160,ASP.NET
53495,39160,ASP.NET CORE
53496,39160,Node.js
53497,39165,ASP.NET
53500,39165,jQuery
53501,39165,Next.js
53502,39165,Node.js
53503,39165,React
53506,39167,Angular
53508,39167,ASP.NET
53509,39167,ASP.NET CORE
53510,39167,jQuery
53511,39167,Node.js
53512,39167,React
53514,39167,Spring Boot
53515,39167,Vue.js
53517,39170,Node.js
53518,39170,Spring Boot
53520,39171,Next.js
53522,39175,Express
53524,39175,Next.js
53525,39175,Node.js
53526,39175,React
53527,39176,ASP.NET CORE
53528,39176,React
53529,39185,Express
53531,39185,Next.js
53532,39185,Node.js
53533,39185,React
53534,39190,Angular
53536,39190,Next.js
53537,39190,Node.js
53538,39190,React
53539,39190,Spring Boot
53541,39192,Angular
53545,39192,jQuery
53546,39192,React
53547,39192,Vue.js
53549,39194,Angular
53550,39194,ASP.NET
53551,39194,ASP.NET CORE
53552,39195,ASP.NET
53553,39195,ASP.NET CORE
53554,39195,React
53555,39196,jQuery
53556,39200,Next.js
53557,39200,React
53558,39213,jQuery
53559,39223,Angular
53560,39223,Next.js
53561,39229,Angular
53562,39229,ASP.NET
53563,39229,ASP.NET CORE
53564,39229,Node.js
53568,39233,jQuery
53569,39233,Node.js
53570,39233,React
53571,39233,Vue.js
53573,39236,jQuery
53574,39237,Next.js
53575,39237,Node.js
53576,39237,React
53579,39239,React
53580,39241,Angular
53585,39241,Express
53587,39241,jQuery
53589,39241,Next.js
53590,39241,Node.js
53591,39241,React
53592,39241,Spring Boot
53593,39241,Vue.js
53596,39244,React
53597,39244,Vue.js
53598,39265,Angular
53600,39265,Express
53601,39265,Next.js
53602,39265,Node.js
53606,39268,jQuery
53609,39268,Next.js
53610,39268,Node.js
53611,39268,React
53612,39268,Vue.js
53614,39274,Node.js
53615,39274,React
53616,39279,Angular
53617,39279,ASP.NET
53618,39279,ASP.NET CORE
53621,39279,Node.js
53622,39279,React
53624,39283,ASP.NET CORE
53626,39283,Node.js
53627,39283,Spring Boot
53628,39284,Next.js
53629,39284,React
53631,39293,Angular
53632,39293,React
53633,39293,Spring Boot
53634,39294,Angular
53635,39294,ASP.NET
53636,39294,ASP.NET CORE
53639,39294,jQuery
53640,39294,Node.js
53641,39294,React
53642,39294,Spring Boot
53644,39301,ASP.NET
53645,39301,ASP.NET CORE
53646,39301,Express
53647,39301,jQuery
53648,39301,Next.js
53649,39301,Node.js
53650,39301,React
53651,39304,ASP.NET
53652,39304,ASP.NET CORE
53654,39304,jQuery
53655,39304,Node.js
53658,39304,Vue.js
53659,39312,ASP.NET
53660,39312,ASP.NET CORE
53661,39312,jQuery
53662,39312,Node.js
53663,39312,Vue.js
53665,39315,Next.js
53666,39315,React
53667,39317,Angular
53668,39317,ASP.NET
53669,39317,ASP.NET CORE
53670,39317,Express
53672,39317,jQuery
53673,39317,Next.js
53674,39317,Node.js
53675,39317,React
53679,39323,Node.js
53680,39323,React
53681,39324,ASP.NET
53682,39324,ASP.NET CORE
53683,39324,Next.js
53684,39324,React
53685,39325,Spring Boot
53686,39329,Express
53687,39329,Node.js
53688,39329,React
53689,39329,Spring Boot
53692,39334,Express
53697,39334,Next.js
53698,39334,Node.js
53699,39334,React
53700,39336,Angular
53701,39336,Spring Boot
53702,39340,Angular
53703,39340,React
53704,39340,Spring Boot
53705,39340,Vue.js
53709,39341,Vue.js
53711,39342,Next.js
53712,39342,React
53713,39350,Angular
53714,39350,Express
53715,39350,Node.js
53717,39352,ASP.NET CORE
53718,39352,Express
53720,39352,Node.js
53721,39352,React
53722,39355,Angular
53723,39355,ASP.NET CORE
53724,39358,ASP.NET CORE
53726,39359,Next.js
53727,39359,React
53728,39359,Spring Boot
53729,39361,Angular
53730,39361,ASP.NET CORE
53731,39361,jQuery
53733,39362,Angular
53735,39362,React
53739,39367,Vue.js
53740,39370,Angular
53741,39370,ASP.NET
53742,39370,Spring Boot
53745,39371,React
53746,39371,Vue.js
53748,39375,ASP.NET
53749,39375,ASP.NET CORE
53750,39383,Angular
53751,39383,Express
53752,39383,Next.js
53753,39383,Node.js
53754,39383,React
53755,39383,Spring Boot
53758,39384,Next.js
53759,39384,Node.js
53760,39384,React
53761,39385,jQuery
53762,39385,Node.js
53765,39386,Angular
53766,39386,ASP.NET CORE
53767,39386,Next.js
53768,39386,Node.js
53769,39386,React
53771,39388,ASP.NET
53772,39388,ASP.NET CORE
53774,39388,jQuery
53775,39388,Node.js
53776,39388,React
53777,39388,Spring Boot
53778,39393,Next.js
53779,39393,Node.js
53780,39393,React
53781,39393,Spring Boot
53783,39397,Express
53784,39397,jQuery
53785,39397,Node.js
53787,39400,Angular
53788,39400,ASP.NET
53789,39400,ASP.NET CORE
53790,39400,Vue.js
53791,39405,Next.js
53792,39405,Node.js
53794,39405,Vue.js
53796,39409,Express
53797,39409,jQuery
53799,39409,Vue.js
53800,39412,jQuery
53801,39412,Node.js
53802,39412,React
53803,39413,Angular
53804,39415,Angular
53805,39415,ASP.NET CORE
53806,39415,Node.js
53807,39416,Angular
53808,39416,ASP.NET
53809,39416,ASP.NET CORE
53810,39416,Next.js
53811,39416,Vue.js
53812,39420,Angular
53814,39420,ASP.NET
53815,39420,ASP.NET CORE
53817,39420,React
53818,39420,Vue.js
53819,39424,ASP.NET
53820,39424,ASP.NET CORE
53822,39424,Node.js
53823,39424,React
53825,39426,Express
53827,39426,Node.js
53828,39426,React
53829,39426,Vue.js
53832,39433,Vue.js
53833,39441,ASP.NET
53834,39441,ASP.NET CORE
53836,39441,React
53839,39443,jQuery
53843,39450,ASP.NET CORE
53844,39453,jQuery
53845,39454,Express
53848,39454,Next.js
53849,39454,Node.js
53851,39454,React
53852,39454,Vue.js
53855,39458,Spring Boot
53856,39458,Vue.js
53857,39459,ASP.NET CORE
53858,39459,Express
53859,39459,Node.js
53860,39459,React
53863,39467,React
53864,39467,Spring Boot
53869,39470,jQuery
53870,39470,Node.js
53874,39471,ASP.NET
53881,39474,jQuery
53882,39474,Spring Boot
53883,39475,ASP.NET
53885,39475,jQuery
53886,39475,Node.js
53887,39475,React
53889,39477,jQuery
53891,39480,Angular
53894,39480,Express
53897,39480,Node.js
53898,39484,ASP.NET
53899,39484,ASP.NET CORE
53900,39486,ASP.NET
53902,39486,Node.js
53905,39486,Vue.js
53908,39488,ASP.NET
53909,39488,ASP.NET CORE
53910,39488,React
53915,39494,Next.js
53916,39494,React
53918,39494,Vue.js
53921,39502,Vue.js
53923,39505,Next.js
53924,39505,React
53925,39505,Spring Boot
53927,39514,Spring Boot
53929,39517,Express
53932,39519,Angular
53934,39519,ASP.NET
53938,39519,Express
53942,39519,jQuery
53943,39519,Node.js
53944,39519,React
53946,39519,Spring Boot
53948,39524,Angular
53950,39524,ASP.NET
53951,39524,ASP.NET CORE
53952,39524,jQuery
53953,39524,Node.js
53954,39524,React
53956,39527,ASP.NET CORE
53958,39527,jQuery
53959,39527,Node.js
53960,39527,React
53965,39528,jQuery
53966,39528,Vue.js
53967,39531,Express
53968,39531,Node.js
53970,39531,Vue.js
53971,39534,jQuery
53974,39539,Spring Boot
53976,39540,Next.js
53977,39540,Node.js
53978,39540,React
53979,39540,Spring Boot
53980,39542,ASP.NET
53981,39542,ASP.NET CORE
53983,39542,jQuery
53986,39545,ASP.NET
53987,39545,ASP.NET CORE
53990,39547,React
53991,39548,React
53993,39551,jQuery
53995,39552,Next.js
53996,39552,Node.js
53997,39552,React
53999,39554,React
54000,39554,Spring Boot
54001,39555,Node.js
54002,39555,React
54003,39560,ASP.NET CORE
54005,39565,Express
54006,39565,Next.js
54007,39565,Node.js
54008,39565,React
54009,39565,Vue.js
54010,39573,Angular
54011,39573,Node.js
54013,39573,Vue.js
54015,39575,Node.js
54016,39575,Vue.js
54017,39584,ASP.NET CORE
54019,39591,React
54021,39593,Angular
54022,39593,Express
54023,39593,Node.js
54024,39593,Spring Boot
54025,39594,jQuery
54027,39594,React
54031,39596,ASP.NET
54032,39596,ASP.NET CORE
54033,39596,jQuery
54034,39605,Angular
54038,39605,Node.js
54039,39605,Spring Boot
54040,39606,ASP.NET
54041,39606,ASP.NET CORE
54042,39606,jQuery
54043,39606,Node.js
54045,39606,Vue.js
54048,39608,Express
54050,39608,Next.js
54051,39608,React
54052,39608,Vue.js
54054,39615,jQuery
54055,39615,Spring Boot
54056,39625,Next.js
54057,39625,React
54060,39629,Vue.js
54061,39631,Express
54062,39631,jQuery
54064,39631,Next.js
54065,39631,Node.js
54067,39631,React
54068,39631,Vue.js
54069,39634,ASP.NET CORE
54070,39634,jQuery
54072,39638,Express
54074,39638,Node.js
54075,39638,React
54076,39640,Angular
54078,39640,Node.js
54079,39642,Node.js
54081,39642,Spring Boot
54082,39642,Vue.js
54084,39645,Express
54087,39645,jQuery
54088,39645,Next.js
54089,39645,Node.js
54090,39645,React
54095,39651,Next.js
54096,39651,Node.js
54097,39651,React
54099,39654,ASP.NET
54100,39654,ASP.NET CORE
54102,39654,Next.js
54103,39654,Node.js
54104,39654,React
54105,39654,Vue.js
54107,39657,Express
54109,39657,Node.js
54111,39659,Angular
54112,39659,ASP.NET CORE
54113,39661,Angular
54115,39661,Express
54118,39661,jQuery
54120,39661,Node.js
54121,39661,Vue.js
54128,39675,Express
54132,39675,Next.js
54133,39675,Node.js
54134,39675,React
54135,39683,ASP.NET CORE
54136,39683,Next.js
54137,39683,Node.js
54138,39683,React
54139,39685,ASP.NET
54140,39685,ASP.NET CORE
54144,39685,jQuery
54145,39685,Node.js
54146,39685,React
54147,39685,Spring Boot
54148,39685,Vue.js
54150,39695,Express
54154,39695,Next.js
54155,39695,Node.js
54156,39695,React
54158,39702,Angular
54159,39702,ASP.NET
54160,39702,ASP.NET CORE
54162,39702,Next.js
54163,39702,React
54164,39703,Angular
54165,39703,jQuery
54167,39703,Spring Boot
54169,39703,Vue.js
54172,39705,jQuery
54173,39705,Node.js
54174,39705,React
54176,39709,Angular
54177,39709,ASP.NET
54178,39709,ASP.NET CORE
54179,39709,Node.js
54180,39709,React
54181,39717,Angular
54182,39717,Express
54184,39717,Node.js
54185,39717,Spring Boot
54186,39721,Angular
54190,39721,Next.js
54191,39721,Node.js
54193,39721,React
54196,39721,Vue.js
54198,39724,Angular
54199,39724,ASP.NET
54200,39724,ASP.NET CORE
54202,39724,jQuery
54205,39729,Node.js
54206,39729,Vue.js
54208,39733,React
54210,39737,ASP.NET CORE
54211,39740,ASP.NET
54212,39740,Express
54213,39740,Node.js
54214,39740,Vue.js
54215,39745,Spring Boot
54216,39748,ASP.NET
54217,39748,ASP.NET CORE
54218,39748,Express
54219,39748,Node.js
54220,39748,React
54221,39749,jQuery
54223,39749,React
54224,39749,Vue.js
54225,39755,React
54230,39764,jQuery
54232,39764,Next.js
54233,39764,Node.js
54234,39764,React
54235,39775,Angular
54236,39775,Spring Boot
54239,39776,jQuery
54240,39776,React
54242,39780,ASP.NET
54243,39780,jQuery
54244,39780,Node.js
54245,39789,Spring Boot
54246,39789,Vue.js
54247,39795,Express
54250,39795,Next.js
54251,39795,Node.js
54252,39795,React
54253,39795,Spring Boot
54256,39797,Next.js
54257,39797,Node.js
54258,39797,React
54259,39803,jQuery
54260,39803,React
54262,39809,Angular
54265,39809,Spring Boot
54266,39809,Vue.js
54267,39812,Angular
54269,39812,Express
54272,39812,Node.js
54274,39812,Spring Boot
54275,39812,Vue.js
54276,39814,Angular
54278,39814,Spring Boot
54279,39815,ASP.NET
54280,39815,ASP.NET CORE
54281,39815,jQuery
54282,39815,Next.js
54283,39815,Node.js
54284,39815,React
54285,39815,Spring Boot
54289,39823,Express
54293,39823,Node.js
54294,39823,React
54296,39832,jQuery
54297,39833,Angular
54298,39833,Node.js
54299,39833,Spring Boot
54301,39833,Vue.js
54304,39836,jQuery
54306,39836,Vue.js
54307,39847,Angular
54308,39847,ASP.NET
54309,39847,ASP.NET CORE
54311,39849,Angular
54313,39849,Express
54315,39849,Node.js
54316,39856,Express
54318,39856,Node.js
54320,39856,React
54324,39858,jQuery
54325,39858,Node.js
54326,39858,React
54329,39861,Express
54330,39861,Next.js
54331,39861,Node.js
54332,39861,React
54333,39867,ASP.NET CORE
54335,39867,React
54336,39869,ASP.NET CORE
54338,39873,ASP.NET CORE
54339,39873,React
54340,39878,jQuery
54341,39878,Vue.js
54342,39879,ASP.NET
54343,39879,ASP.NET CORE
54344,39879,Next.js
54345,39879,Node.js
54346,39879,React
54347,39882,Angular
54349,39882,Express
54353,39882,Next.js
54354,39882,Node.js
54355,39882,React
54356,39882,Spring Boot
54357,39889,Next.js
54358,39889,Node.js
54359,39889,React
54360,39889,Spring Boot
54362,39891,Next.js
54363,39891,React
54364,39892,Angular
54365,39892,ASP.NET
54366,39892,ASP.NET CORE
54369,39892,jQuery
54372,39893,Angular
54373,39893,ASP.NET
54374,39893,ASP.NET CORE
54375,39893,Express
54378,39893,jQuery
54380,39893,Node.js
54382,39896,React
54383,39900,Express
54384,39900,jQuery
54385,39900,Next.js
54386,39900,Node.js
54387,39900,React
54388,39905,Angular
54393,39905,Express
54397,39905,jQuery
54400,39905,Node.js
54402,39905,React
54404,39905,Spring Boot
54407,39905,Vue.js
54411,39917,Angular
54412,39917,ASP.NET CORE
54414,39925,Next.js
54415,39925,React
54418,39927,Next.js
54419,39927,Node.js
54420,39931,jQuery
54421,39931,React
54422,39931,Vue.js
54424,39945,Angular
54426,39945,ASP.NET
54427,39945,ASP.NET CORE
54429,39945,Express
54430,39945,jQuery
54432,39945,Next.js
54433,39945,Vue.js
54434,39948,jQuery
54435,39948,Node.js
54436,39948,React
54437,39948,Spring Boot
54439,39949,Next.js
54440,39949,Node.js
54441,39949,React
54442,39949,Spring Boot
54443,39950,Angular
54445,39950,Node.js
54446,39952,Next.js
54447,39952,React
54450,39953,jQuery
54451,39953,Next.js
54452,39953,Node.js
54453,39953,React
54455,39957,React
54457,39964,Vue.js
54459,39966,Node.js
54460,39966,React
54464,39974,ASP.NET
54469,39974,jQuery
54470,39974,React
54471,39974,Spring Boot
54472,39974,Vue.js
54474,39975,Angular
54475,39975,Express
54476,39975,jQuery
54479,39975,Next.js
54480,39975,Node.js
54482,39975,Vue.js
54487,39976,Vue.js
54488,39980,React
54490,39983,Angular
54491,39983,ASP.NET CORE
54493,39983,Express
54495,39983,jQuery
54496,39983,Next.js
54497,39983,React
54498,39983,Spring Boot
54499,39984,Angular
54500,39984,ASP.NET
54502,39986,Angular
54504,39986,jQuery
54505,39986,Node.js
54506,39986,React
54507,39986,Spring Boot
54508,39986,Vue.js
54510,39991,Express
54511,39991,jQuery
54512,39991,Node.js
54513,39991,React
54514,39994,ASP.NET
54515,39994,ASP.NET CORE
54517,39995,Spring Boot
54518,40002,ASP.NET
54519,40002,ASP.NET CORE
54520,40002,jQuery
54521,40004,Angular
54522,40004,ASP.NET CORE
54525,40004,Express
54527,40004,jQuery
54529,40004,Node.js
54531,40012,ASP.NET CORE
54533,40012,jQuery
54535,40012,Node.js
54537,40015,Express
54539,40015,jQuery
54540,40015,Next.js
54541,40015,Node.js
54542,40015,React
54545,40019,Node.js
54549,40028,React
54550,40034,Angular
54551,40034,Express
54552,40034,Node.js
54553,40034,Spring Boot
54556,40039,Node.js
54557,40039,React
54558,40042,Express
54560,40044,Node.js
54565,40048,jQuery
54567,40049,Angular
54569,40049,Express
54571,40049,jQuery
54572,40049,Node.js
54573,40049,React
54575,40049,Spring Boot
54576,40049,Vue.js
54578,40052,ASP.NET CORE
54580,40052,Vue.js
54581,40054,Angular
54584,40056,Node.js
54585,40056,Vue.js
54586,40057,ASP.NET
54587,40057,ASP.NET CORE
54588,40057,Node.js
54589,40057,Vue.js
54590,40060,jQuery
54591,40060,Node.js
54592,40064,Angular
54593,40064,React
54594,40064,Spring Boot
54595,40070,ASP.NET
54596,40070,ASP.NET CORE
54599,40070,React
54600,40076,ASP.NET CORE
54602,40076,jQuery
54603,40076,Node.js
54604,40076,React
54605,40076,Vue.js
54607,40080,Next.js
54608,40080,Node.js
54609,40080,React
54610,40083,ASP.NET
54611,40083,ASP.NET CORE
54616,40090,React
54617,40092,Express
54619,40092,Node.js
54620,40092,React
54621,40094,Node.js
54622,40094,React
54624,40096,jQuery
54627,40097,Angular
54628,40097,ASP.NET
54629,40097,ASP.NET CORE
54630,40097,jQuery
54631,40099,ASP.NET CORE
54632,40099,Node.js
54633,40099,React
54634,40102,Angular
54635,40102,ASP.NET CORE
54637,40102,Express
54639,40102,Node.js
54640,40103,Node.js
54641,40103,React
54642,40109,Angular
54643,40109,Express
54645,40109,Next.js
54646,40109,Node.js
54647,40109,Spring Boot
54648,40112,ASP.NET CORE
54651,40112,Next.js
54652,40112,Node.js
54653,40112,React
54657,40115,Node.js
54658,40117,Express
54660,40117,jQuery
54661,40117,Node.js
54662,40118,jQuery
54663,40118,Node.js
54669,40123,ASP.NET
54670,40123,ASP.NET CORE
54671,40123,Node.js
54672,40123,React
54673,40131,ASP.NET
54674,40131,ASP.NET CORE
54676,40131,Vue.js
54678,40133,Node.js
54679,40133,React
54685,40141,Express
54688,40141,Next.js
54689,40141,Node.js
54690,40141,React
54693,40145,Express
54694,40145,jQuery
54695,40145,Next.js
54696,40145,Node.js
54697,40145,React
54699,40146,Angular
54700,40146,ASP.NET CORE
54701,40146,Express
54702,40146,Node.js
54704,40147,ASP.NET
54706,40147,Express
54707,40147,Node.js
54708,40147,Spring Boot
54709,40148,Express
54713,40148,Next.js
54717,40150,Vue.js
54718,40152,Next.js
54719,40152,React
54720,40160,React
54722,40161,Node.js
54724,40163,jQuery
54727,40165,Next.js
54728,40165,Node.js
54729,40165,React
54732,40168,Node.js
54733,40168,React
54734,40169,Express
54735,40169,Next.js
54736,40169,Node.js
54737,40169,React
54739,40170,Express
54741,40170,Next.js
54742,40170,Node.js
54744,40170,React
54745,40170,Vue.js
54746,40171,React
54747,40175,Express
54748,40175,Next.js
54749,40175,React
54750,40180,Express
54751,40180,Node.js
54752,40180,React
54753,40185,Express
54754,40185,Node.js
54755,40192,Angular
54756,40192,ASP.NET
54757,40192,ASP.NET CORE
54761,40194,Next.js
54762,40194,Node.js
54763,40194,React
54765,40195,Node.js
54766,40195,React
54770,40200,Angular
54774,40200,Express
54777,40200,jQuery
54778,40200,Next.js
54779,40200,Node.js
54780,40200,React
54781,40206,Next.js
54782,40206,Node.js
54783,40206,React
54784,40207,ASP.NET
54785,40207,ASP.NET CORE
54787,40207,Next.js
54788,40207,Node.js
54789,40207,React
54792,40208,Next.js
54793,40208,Node.js
54795,40208,React
54796,40208,Vue.js
54797,40209,jQuery
54799,40209,Node.js
54800,40209,React
54801,40209,Vue.js
54803,40212,React
54805,40221,jQuery
54806,40221,Next.js
54807,40221,Node.js
54809,40221,React
54810,40221,Spring Boot
54811,40221,Vue.js
54812,40224,ASP.NET CORE
54814,40231,Angular
54816,40231,ASP.NET
54817,40231,ASP.NET CORE
54818,40231,Express
54820,40231,Node.js
54821,40237,Express
54822,40237,Node.js
54824,40245,React
54825,40246,jQuery
54826,40246,Spring Boot
54827,40248,Express
54829,40248,Node.js
54831,40253,Spring Boot
54832,40256,Express
54833,40256,Next.js
54834,40256,Node.js
54835,40256,React
54837,40263,Angular
54838,40263,Express
54839,40263,Node.js
54840,40263,Spring Boot
54841,40266,Angular
54843,40266,Spring Boot
54844,40267,Express
54845,40267,Next.js
54846,40267,Node.js
54847,40267,React
54848,40268,Express
54849,40268,Node.js
54850,40268,React
54852,40279,Next.js
54853,40279,Spring Boot
54854,40279,Vue.js
54855,40281,Angular
54856,40281,React
54857,40281,Spring Boot
54858,40283,jQuery
54859,40283,Next.js
54860,40283,Node.js
54861,40283,React
54865,40287,jQuery
54867,40287,Spring Boot
54869,40288,jQuery
54870,40288,Node.js
54871,40294,jQuery
54872,40294,React
54873,40294,Spring Boot
54874,40297,Angular
54875,40297,ASP.NET CORE
54876,40297,React
54877,40304,Express
54879,40304,Vue.js
54880,40310,Angular
54881,40310,ASP.NET
54882,40310,ASP.NET CORE
54884,40310,Express
54885,40310,jQuery
54887,40310,Next.js
54888,40310,Node.js
54890,40310,React
54891,40310,Vue.js
54892,40319,ASP.NET CORE
54894,40319,Node.js
54896,40319,React
54898,40319,Vue.js
54900,40326,Express
54901,40326,jQuery
54902,40326,Vue.js
54903,40331,Next.js
54904,40331,Node.js
54905,40331,React
54907,40343,Node.js
54908,40345,Angular
54910,40346,Angular
54914,40349,Angular
54915,40349,jQuery
54916,40349,Next.js
54917,40349,Node.js
54918,40349,React
54921,40351,Next.js
54922,40351,React
54923,40353,React
54924,40360,Node.js
54925,40360,React
54926,40360,Spring Boot
54927,40361,jQuery
54929,40361,Vue.js
54931,40363,ASP.NET CORE
54933,40368,Angular
54934,40368,ASP.NET CORE
54935,40368,Node.js
54936,40370,ASP.NET CORE
54937,40370,Next.js
54938,40370,Node.js
54940,40370,React
54942,40370,Vue.js
54943,40372,React
54945,40374,Angular
54947,40374,ASP.NET
54948,40374,ASP.NET CORE
54949,40374,Express
54950,40374,jQuery
54952,40374,Next.js
54953,40374,Node.js
54954,40374,React
54955,40374,Spring Boot
54957,40379,Angular
54958,40379,jQuery
54960,40379,Node.js
54961,40379,React
54963,40383,Express
54964,40383,Next.js
54965,40383,Node.js
54966,40383,React
54967,40384,Express
54969,40384,jQuery
54970,40384,Node.js
54971,40387,Spring Boot
54972,40390,Node.js
54973,40390,React
54974,40391,React
54977,40396,React
54978,40397,Node.js
54979,40397,Vue.js
54981,40403,ASP.NET
54982,40403,ASP.NET CORE
54987,40403,jQuery
54988,40403,React
54990,40403,Vue.js
54991,40404,Node.js
54993,40404,React
54994,40404,Spring Boot
54996,40404,Vue.js
54997,40407,ASP.NET
54998,40407,ASP.NET CORE
54999,40407,jQuery
55000,40407,Node.js
55002,40409,Node.js
55003,40409,React
55005,40412,Angular
55006,40412,ASP.NET
55007,40412,ASP.NET CORE
55008,40412,React
55010,40420,Express
55016,40420,Node.js
55017,40420,React
55019,40420,Vue.js
55021,40428,Angular
55022,40434,ASP.NET CORE
55023,40434,React
55024,40435,Node.js
55025,40435,React
55026,40440,ASP.NET
55027,40440,ASP.NET CORE
55028,40440,jQuery
55031,40444,ASP.NET
55032,40444,ASP.NET CORE
55033,40444,jQuery
55034,40444,Next.js
55035,40444,Node.js
55036,40444,React
55037,40445,Angular
55039,40448,Angular
55041,40448,Node.js
55042,40448,Vue.js
55043,40454,jQuery
55044,40455,Angular
55045,40455,Express
55048,40455,Node.js
55050,40455,React
55051,40455,Vue.js
55052,40456,jQuery
55054,40458,React
55055,40459,Spring Boot
55056,40460,Express
55057,40460,jQuery
55059,40460,Spring Boot
55067,40477,Express
55068,40477,Node.js
55070,40482,ASP.NET
55071,40482,ASP.NET CORE
55072,40483,Angular
55073,40483,Express
55076,40483,Next.js
55077,40483,Node.js
55078,40483,React
55080,40488,Angular
55083,40488,Node.js
55085,40488,Spring Boot
55087,40488,Vue.js
55088,40490,Angular
55089,40490,ASP.NET CORE
55090,40490,React
55091,40491,Angular
55095,40491,jQuery
55098,40491,Next.js
55099,40491,Node.js
55101,40491,React
55104,40491,Vue.js
55105,40493,Angular
55107,40493,ASP.NET
55108,40493,ASP.NET CORE
55110,40493,jQuery
55111,40493,Node.js
55112,40493,React
55114,40504,Angular
55116,40504,ASP.NET
55117,40504,ASP.NET CORE
55118,40504,Node.js
55119,40504,React
55120,40506,Angular
55122,40506,ASP.NET
55123,40506,Express
55125,40506,jQuery
55126,40506,Next.js
55127,40506,Node.js
55128,40506,React
55129,40506,Spring Boot
55131,40511,Spring Boot
55132,40524,Spring Boot
55133,40538,jQuery
55136,40538,Node.js
55137,40538,React
55139,40540,Next.js
55141,40540,Vue.js
55142,40542,jQuery
55143,40542,Node.js
55144,40544,Angular
55145,40544,ASP.NET
55146,40544,ASP.NET CORE
55147,40544,Node.js
55148,40544,Vue.js
55149,40545,Spring Boot
55150,40545,Vue.js
55151,40548,Express
55153,40548,Next.js
55154,40548,Node.js
55156,40548,React
55157,40548,Vue.js
55158,40556,Angular
55160,40556,ASP.NET
55161,40556,ASP.NET CORE
55162,40556,React
55163,40557,React
55164,40557,Spring Boot
55166,40560,Express
55168,40560,Node.js
55171,40565,Express
55174,40565,Node.js
55175,40565,React
55177,40570,ASP.NET
55178,40570,ASP.NET CORE
55179,40570,jQuery
55181,40571,Express
55182,40571,jQuery
55183,40571,Next.js
55184,40571,Node.js
55185,40571,React
55186,40571,Vue.js
55188,40572,ASP.NET CORE
55189,40572,Node.js
55190,40576,Angular
55191,40576,ASP.NET
55192,40576,ASP.NET CORE
55194,40579,Spring Boot
55196,40588,Express
55199,40588,Node.js
55200,40588,React
55203,40595,jQuery
55205,40595,Node.js
55207,40595,Vue.js
55208,40599,jQuery
55210,40602,Angular
55212,40602,Spring Boot
55213,40602,Vue.js
55214,40604,ASP.NET
55215,40604,ASP.NET CORE
55216,40607,Angular
55217,40607,ASP.NET
55218,40607,ASP.NET CORE
55219,40607,Express
55220,40607,Next.js
55221,40607,React
55222,40609,React
55225,40612,Next.js
55226,40612,React
55229,40614,jQuery
55232,40622,Express
55233,40622,jQuery
55235,40622,Node.js
55236,40622,React
55239,40623,React
55243,40624,Vue.js
55244,40625,Node.js
55246,40627,Angular
55249,40627,jQuery
55252,40627,Vue.js
55254,40628,Angular
55255,40628,Spring Boot
55256,40630,ASP.NET
55257,40630,ASP.NET CORE
55258,40630,jQuery
55259,40638,Angular
55260,40638,Express
55261,40638,Node.js
55262,40643,ASP.NET CORE
55263,40643,Express
55264,40643,Next.js
55265,40643,Node.js
55266,40643,React
55267,40645,Spring Boot
55268,40647,Express
55270,40647,Node.js
55271,40647,React
55272,40647,Vue.js
55274,40649,ASP.NET
55275,40649,ASP.NET CORE
55276,40649,Express
55278,40649,jQuery
55279,40649,Next.js
55280,40649,Node.js
55281,40649,React
55282,40653,Angular
55283,40653,React
55284,40653,Vue.js
55286,40659,ASP.NET CORE
55292,40661,Angular
55293,40661,Node.js
55296,40666,Angular
55297,40666,ASP.NET
55298,40666,ASP.NET CORE
55300,40666,Express
55301,40667,ASP.NET
55302,40667,ASP.NET CORE
55304,40667,jQuery
55305,40667,Node.js
55306,40667,React
55307,40672,Angular
55308,40672,Express
55312,40672,Next.js
55313,40672,Node.js
55314,40672,React
55315,40672,Vue.js
55316,40675,Angular
55317,40675,ASP.NET
55318,40675,ASP.NET CORE
55321,40685,Vue.js
55322,40686,ASP.NET
55323,40686,jQuery
55324,40686,Node.js
55325,40686,React
55326,40687,Express
55327,40687,Node.js
55328,40694,Spring Boot
55329,40695,ASP.NET
55330,40695,ASP.NET CORE
55332,40695,jQuery
55333,40695,Next.js
55334,40695,React
55337,40701,jQuery
55338,40705,ASP.NET
55339,40705,ASP.NET CORE
55340,40708,Node.js
55343,40710,Node.js
55344,40710,React
55345,40716,ASP.NET
55346,40716,ASP.NET CORE
55348,40716,jQuery
55349,40716,Spring Boot
55351,40717,Express
55353,40717,jQuery
55354,40717,Node.js
55356,40718,Angular
55357,40718,Express
55360,40718,Node.js
55361,40718,React
55362,40718,Spring Boot
55363,40718,Vue.js
55364,40719,Express
55367,40719,Node.js
55368,40719,React
55370,40719,Vue.js
55372,40720,Angular
55373,40720,ASP.NET
55374,40720,Node.js
55375,40724,Angular
55376,40724,Express
55377,40724,jQuery
55378,40724,Node.js
55379,40724,Spring Boot
55381,40738,Node.js
55385,40739,Express
55388,40739,jQuery
55390,40739,Node.js
55394,40740,Spring Boot
55395,40746,jQuery
55398,40746,React
55399,40746,Vue.js
55400,40748,ASP.NET
55401,40748,ASP.NET CORE
55403,40748,Express
55407,40748,jQuery
55409,40748,Next.js
55410,40748,Node.js
55411,40748,React
55413,40750,ASP.NET
55414,40750,ASP.NET CORE
55417,40750,Next.js
55418,40750,Node.js
55419,40750,React
55420,40751,Angular
55422,40751,ASP.NET
55423,40751,Node.js
55424,40751,Spring Boot
55426,40753,Express
55427,40753,Next.js
55428,40753,Node.js
55429,40753,React
55432,40753,Vue.js
55433,40755,Next.js
55434,40755,Node.js
55435,40755,Spring Boot
55438,40756,React
55439,40756,Spring Boot
55442,40759,Node.js
55444,40759,React
55445,40759,Vue.js
55446,40761,jQuery
55447,40761,Node.js
55448,40761,Spring Boot
55449,40763,Angular
55451,40763,jQuery
55452,40763,Node.js
55453,40763,React
55455,40764,Express
55458,40764,jQuery
55461,40764,Next.js
55462,40764,Node.js
55463,40764,React
55467,40767,Spring Boot
55469,40769,Express
55470,40769,Next.js
55471,40769,Node.js
55472,40769,React
55475,40779,Angular
55477,40779,ASP.NET
55478,40779,ASP.NET CORE
55481,40779,Node.js
55484,40783,ASP.NET
55485,40783,ASP.NET CORE
55487,40783,jQuery
55488,40783,Next.js
55489,40783,Node.js
55490,40783,React
55491,40784,Node.js
55492,40784,React
55493,40784,Spring Boot
55494,40792,Angular
55495,40792,ASP.NET
55496,40792,ASP.NET CORE
55497,40792,Express
55498,40792,Node.js
55499,40792,React
55501,40802,ASP.NET
55502,40802,ASP.NET CORE
55503,40802,Node.js
55504,40802,React
55506,40805,Next.js
55507,40805,Node.js
55508,40806,Angular
55510,40806,Express
55512,40806,Node.js
55513,40808,Vue.js
55515,40811,React
55516,40812,Express
55517,40812,Node.js
55518,40812,React
55520,40813,Angular
55521,40813,ASP.NET
55522,40813,ASP.NET CORE
55523,40813,jQuery
55524,40813,React
55526,40817,jQuery
55528,40817,Next.js
55529,40817,Node.js
55530,40817,React
55531,40819,ASP.NET
55532,40819,ASP.NET CORE
55537,40828,jQuery
55538,40828,Next.js
55539,40828,Node.js
55540,40828,React
55541,40831,Angular
55542,40831,React
55543,40831,Spring Boot
55544,40832,Express
55545,40832,Next.js
55546,40832,Node.js
55547,40832,React
55551,40835,Express
55556,40835,Next.js
55557,40835,Node.js
55558,40835,React
55560,40841,ASP.NET CORE
55561,40841,Express
55563,40841,Node.js
55564,40841,React
55567,40848,Angular
55568,40848,Express
55572,40850,ASP.NET
55573,40850,ASP.NET CORE
55576,40852,Express
55578,40852,jQuery
55579,40852,Next.js
55580,40852,Node.js
55581,40852,React
55584,40855,Angular
55585,40855,ASP.NET
55586,40855,ASP.NET CORE
55590,40860,Express
55592,40860,Next.js
55593,40860,Node.js
55594,40860,React
55595,40864,ASP.NET CORE
55596,40864,React
55597,40864,Spring Boot
55598,40866,Angular
55599,40866,ASP.NET CORE
55601,40866,Node.js
55602,40875,ASP.NET
55603,40875,ASP.NET CORE
55604,40877,Angular
55606,40877,ASP.NET
55607,40877,ASP.NET CORE
55608,40879,Angular
55615,40879,React
55620,40883,jQuery
55621,40883,Vue.js
55626,40896,Angular
55627,40896,Node.js
55628,40904,Express
55630,40904,jQuery
55631,40904,Node.js
55632,40904,React
55633,40904,Vue.js
55635,40907,ASP.NET CORE
55636,40907,React
55637,40913,Express
55639,40913,Next.js
55640,40913,Node.js
55641,40913,React
55643,40915,React
55644,40919,ASP.NET CORE
55645,40919,Express
55647,40919,jQuery
55648,40919,Next.js
55649,40919,Node.js
55650,40919,React
55651,40920,Angular
55653,40920,React
55656,40921,Spring Boot
55657,40921,Vue.js
55659,40924,Node.js
55660,40924,Spring Boot
55661,40924,Vue.js
55662,40926,ASP.NET
55663,40926,ASP.NET CORE
55664,40926,jQuery
55665,40926,Node.js
55666,40926,React
55667,40929,Express
55669,40929,jQuery
55671,40929,Node.js
55672,40929,React
55674,40938,Node.js
55675,40944,Express
55677,40944,Next.js
55678,40944,Node.js
55680,40944,React
55683,40945,jQuery
55684,40945,Node.js
55685,40945,React
55686,40946,Angular
55688,40946,ASP.NET
55690,40946,jQuery
55691,40946,Node.js
55692,40946,Spring Boot
55694,40950,ASP.NET
55695,40950,ASP.NET CORE
55697,40950,jQuery
55699,40950,Node.js
55700,40950,Vue.js
55703,40955,Next.js
55704,40955,Node.js
55706,40955,React
55707,40955,Spring Boot
55708,40958,jQuery
55709,40958,Node.js
55711,40965,Express
55712,40965,jQuery
55713,40965,Next.js
55714,40965,Node.js
55716,40965,React
55718,40965,Vue.js
55719,40966,React
55720,40966,Spring Boot
55722,40974,Express
55724,40974,Next.js
55726,40982,jQuery
55728,40983,Node.js
55729,40989,Angular
55730,40989,ASP.NET
55731,40989,ASP.NET CORE
55736,40989,jQuery
55737,40989,Node.js
55738,40989,Vue.js
55739,40991,jQuery
55740,40991,Next.js
55741,40991,Node.js
55742,40991,React
55743,40991,Spring Boot
55745,40992,Node.js
55746,40992,Spring Boot
55751,40996,Next.js
55752,40996,Node.js
55754,40999,Angular
55756,40999,Next.js
55757,40999,Node.js
55758,40999,React
55759,41001,jQuery
55760,41001,Node.js
55762,41003,ASP.NET
55763,41003,jQuery
55764,41003,Node.js
55765,41003,React
55766,41003,Spring Boot
55767,41005,Next.js
55768,41005,Node.js
55770,41005,Vue.js
55771,41008,ASP.NET CORE
55773,41008,Express
55774,41008,React
55775,41008,Vue.js
55776,41016,Angular
55778,41016,ASP.NET
55779,41016,ASP.NET CORE
55781,41016,jQuery
55782,41016,Node.js
55783,41016,React
55787,41022,Angular
55788,41022,ASP.NET
55789,41022,ASP.NET CORE
55791,41023,React
55792,41023,Spring Boot
55793,41024,jQuery
55795,41028,Express
55796,41028,Next.js
55798,41029,React
55799,41029,Spring Boot
55800,41037,ASP.NET CORE
55801,41038,Angular
55802,41038,ASP.NET CORE
55804,41038,jQuery
55805,41038,Node.js
55806,41038,React
55807,41038,Vue.js
55808,41040,jQuery
55811,41042,jQuery
55813,41042,Vue.js
55815,41043,Node.js
55816,41043,React
55817,41048,ASP.NET CORE
55818,41048,Node.js
55819,41048,React
55820,41051,React
55822,41052,Angular
55823,41052,Express
55824,41052,jQuery
55826,41052,Next.js
55827,41052,Node.js
55828,41052,Vue.js
55830,41057,Angular
55831,41057,ASP.NET CORE
55833,41061,ASP.NET
55834,41061,ASP.NET CORE
55835,41061,React
55836,41063,Angular
55837,41063,jQuery
55838,41063,Node.js
55839,41063,React
55842,41068,Angular
55844,41068,jQuery
55845,41068,Node.js
55846,41071,Next.js
55847,41071,React
55848,41080,jQuery
55849,41082,React
55850,41093,ASP.NET CORE
55852,41093,Spring Boot
55854,41094,Next.js
55855,41094,Node.js
55856,41094,React
55857,41095,Express
55858,41095,jQuery
55860,41095,Node.js
55862,41095,Vue.js
55863,41104,Angular
55865,41104,ASP.NET
55866,41104,ASP.NET CORE
55870,41104,Express
55872,41104,jQuery
55874,41104,Next.js
55875,41104,Node.js
55878,41104,React
55882,41104,Vue.js
55887,41111,Express
55888,41111,Node.js
55889,41116,Angular
55891,41116,ASP.NET
55893,41116,Express
55895,41116,jQuery
55896,41116,Next.js
55897,41116,Node.js
55898,41116,React
55899,41116,Vue.js
55901,41118,jQuery
55903,41123,ASP.NET
55904,41123,jQuery
55905,41124,Spring Boot
55908,41126,jQuery
55909,41126,Node.js
55910,41126,React
55913,41127,Node.js
55914,41127,React
55915,41127,Spring Boot
55916,41129,ASP.NET CORE
55917,41129,jQuery
55918,41129,React
55921,41135,ASP.NET CORE
55924,41135,Next.js
55925,41135,React
55926,41136,Next.js
55928,41136,Vue.js
55929,41138,Angular
55930,41138,ASP.NET
55931,41138,ASP.NET CORE
55932,41138,Next.js
55933,41138,Node.js
55934,41138,React
55935,41141,Angular
55936,41141,ASP.NET CORE
55937,41141,React
55938,41142,Express
55940,41142,Next.js
55941,41142,Node.js
55942,41142,React
55944,41142,Vue.js
55945,41143,ASP.NET
55946,41143,ASP.NET CORE
55948,41143,Node.js
55949,41143,Vue.js
55953,41145,jQuery
55954,41145,Next.js
55955,41145,Node.js
55956,41145,React
55957,41149,Angular
55960,41149,Express
55963,41149,Node.js
55964,41149,React
55966,41150,Next.js
55967,41150,Node.js
55968,41150,React
55970,41150,Vue.js
55971,41159,Node.js
55973,41162,Angular
55974,41162,ASP.NET
55975,41162,ASP.NET CORE
55976,41165,jQuery
55977,41165,Node.js
55978,41165,Spring Boot
55979,41165,Vue.js
55982,41172,Next.js
55983,41172,Node.js
55984,41172,React
55985,41172,Spring Boot
55988,41173,Express
55990,41173,Next.js
55991,41173,Node.js
55992,41173,React
55993,41177,Angular
55994,41177,ASP.NET CORE
55995,41180,Node.js
55998,41185,jQuery
55999,41185,Next.js
56000,41185,Node.js
56001,41185,React
56003,41186,ASP.NET
56004,41186,ASP.NET CORE
56005,41187,ASP.NET
56006,41187,ASP.NET CORE
56009,41187,jQuery
56011,41194,Spring Boot
56012,41199,Node.js
56013,41199,React
56016,41204,Express
56017,41204,Node.js
56018,41204,React
56019,41209,Express
56020,41209,Node.js
56021,41218,ASP.NET
56022,41218,jQuery
56023,41218,Node.js
56024,41218,Vue.js
56025,41224,jQuery
56026,41224,Spring Boot
56027,41227,Angular
56029,41227,ASP.NET
56030,41227,ASP.NET CORE
56031,41227,Express
56032,41227,jQuery
56034,41227,React
56038,41229,React
56039,41232,Vue.js
56040,41233,Express
56042,41233,Next.js
56046,41234,Express
56049,41234,jQuery
56051,41234,Next.js
56052,41234,Node.js
56053,41234,React
56054,41234,Vue.js
56057,41238,Express
56059,41238,jQuery
56061,41238,Next.js
56062,41238,Node.js
56063,41238,React
56065,41240,ASP.NET
56066,41240,ASP.NET CORE
56068,41240,Next.js
56069,41240,Node.js
56070,41240,React
56071,41242,ASP.NET
56072,41242,ASP.NET CORE
56075,41242,Node.js
56076,41242,React
56077,41244,Express
56080,41244,Next.js
56081,41244,Node.js
56082,41244,React
56083,41246,Angular
56084,41246,Next.js
56085,41246,Node.js
56086,41246,React
56087,41250,Angular
56088,41250,Express
56089,41250,Node.js
56090,41250,React
56091,41250,Spring Boot
56094,41255,Angular
56095,41255,Next.js
56096,41255,Node.js
56097,41255,React
56098,41255,Spring Boot
56099,41257,ASP.NET CORE
56100,41262,Node.js
56102,41265,Node.js
56103,41265,React
56104,41265,Spring Boot
56105,41274,Express
56107,41274,Next.js
56108,41274,Node.js
56109,41274,React
56111,41281,Express
56112,41281,Next.js
56113,41281,Node.js
56114,41281,React
56116,41283,Node.js
56118,41288,ASP.NET
56119,41288,ASP.NET CORE
56124,41288,jQuery
56125,41288,Node.js
56126,41288,React
56127,41288,Spring Boot
56129,41288,Vue.js
56130,41300,Angular
56131,41300,ASP.NET
56132,41300,ASP.NET CORE
56134,41300,Express
56136,41300,jQuery
56137,41300,Node.js
56139,41307,Next.js
56140,41307,Node.js
56141,41307,React
56143,41308,ASP.NET
56144,41308,ASP.NET CORE
56146,41308,jQuery
56148,41308,Node.js
56150,41312,Express
56151,41312,jQuery
56152,41312,Next.js
56153,41312,Node.js
56154,41315,Angular
56156,41315,ASP.NET
56157,41315,ASP.NET CORE
56161,41315,Express
56164,41315,jQuery
56165,41315,Next.js
56166,41315,Node.js
56168,41315,React
56171,41315,Spring Boot
56173,41315,Vue.js
56175,41320,Express
56176,41320,Node.js
56177,41320,React
56178,41321,ASP.NET
56179,41321,ASP.NET CORE
56180,41321,Express
56181,41321,Next.js
56182,41321,Node.js
56183,41321,React
56184,41322,Angular
56185,41322,React
56187,41322,Spring Boot
56189,41334,Express
56192,41334,jQuery
56193,41334,Next.js
56194,41334,Node.js
56195,41334,React
56198,41337,Node.js
56199,41351,Node.js
56200,41351,Vue.js
56202,41355,Express
56203,41355,Node.js
56204,41355,Spring Boot
56206,41357,ASP.NET CORE
56209,41363,Angular
56210,41363,Express
56212,41363,Node.js
56213,41364,ASP.NET CORE
56218,41366,Next.js
56219,41366,Node.js
56220,41366,Spring Boot
56221,41367,Angular
56223,41375,Angular
56224,41375,ASP.NET
56225,41375,ASP.NET CORE
56227,41375,Node.js
56228,41375,React
56229,41378,Express
56230,41378,jQuery
56231,41378,Node.js
56232,41378,React
56233,41379,ASP.NET CORE
56234,41379,Node.js
56235,41381,Angular
56236,41381,ASP.NET
56238,41382,React
56239,41384,Express
56240,41384,Node.js
56241,41384,React
56242,41388,jQuery
56246,41392,Node.js
56248,41394,Angular
56250,41394,ASP.NET CORE
56252,41394,jQuery
56253,41394,Node.js
56254,41394,React
56256,41398,jQuery
56263,41402,Express
56264,41402,Node.js
56265,41403,Node.js
56266,41403,Spring Boot
56267,41403,Vue.js
56273,41406,Vue.js
56275,41413,jQuery
56279,41420,ASP.NET
56280,41422,Express
56282,41422,Next.js
56283,41422,Node.js
56284,41422,React
56286,41427,Angular
56287,41427,jQuery
56288,41427,React
56290,41427,Spring Boot
56293,41430,Angular
56295,41430,ASP.NET CORE
56297,41442,jQuery
56300,41442,React
56301,41442,Vue.js
56305,41444,jQuery
56306,41444,Node.js
56307,41444,React
56309,41453,Vue.js
56310,41454,Angular
56312,41454,ASP.NET
56313,41454,ASP.NET CORE
56318,41454,jQuery
56320,41454,Next.js
56321,41454,Node.js
56323,41454,React
56326,41463,Next.js
56327,41475,Angular
56329,41475,ASP.NET
56330,41475,ASP.NET CORE
56332,41475,Express
56334,41475,jQuery
56335,41475,Next.js
56336,41475,Node.js
56339,41475,Vue.js
56342,41479,Express
56343,41479,Next.js
56344,41479,Node.js
56345,41479,React
56347,41482,jQuery
56348,41482,Next.js
56349,41482,Node.js
56350,41482,React
56353,41494,Angular
56355,41494,Express
56356,41494,jQuery
56357,41494,Node.js
56358,41494,React
56361,41503,Node.js
56362,41503,React
56363,41505,ASP.NET
56364,41505,ASP.NET CORE
56366,41505,jQuery
56368,41505,Spring Boot
56369,41505,Vue.js
56370,41506,Angular
56374,41506,Express
56375,41506,jQuery
56377,41506,Node.js
56378,41506,React
56380,41510,Next.js
56381,41510,React
56385,41513,jQuery
56387,41513,Next.js
56388,41513,Node.js
56389,41513,React
56390,41516,Angular
56391,41516,Node.js
56392,41516,Spring Boot
56393,41520,Angular
56394,41520,ASP.NET
56395,41520,Express
56396,41520,Next.js
56397,41520,Node.js
56398,41520,React
56399,41520,Spring Boot
56401,41526,React
56406,41531,Express
56408,41531,jQuery
56409,41531,Node.js
56413,41531,Vue.js
56416,41532,Node.js
56417,41532,React
56418,41532,Spring Boot
56419,41533,Express
56421,41533,Next.js
56422,41533,Node.js
56424,41533,React
56425,41533,Vue.js
56426,41535,ASP.NET
56427,41535,ASP.NET CORE
56430,41535,Node.js
56432,41535,React
56434,41539,jQuery
56435,41539,Node.js
56439,41542,Vue.js
56440,41543,Next.js
56441,41543,React
56442,41548,Node.js
56443,41548,React
56444,41551,Express
56445,41551,Node.js
56446,41551,React
56447,41554,Angular
56448,41554,React
56449,41554,Spring Boot
56450,41557,Express
56451,41557,Next.js
56452,41557,Node.js
56453,41557,React
56454,41558,React
56458,41563,jQuery
56461,41564,Express
56463,41564,jQuery
56466,41564,Next.js
56467,41564,Node.js
56469,41564,React
56471,41564,Vue.js
56473,41570,ASP.NET
56474,41570,ASP.NET CORE
56475,41570,jQuery
56476,41571,jQuery
56478,41578,Angular
56479,41578,Express
56480,41578,jQuery
56481,41578,Node.js
56482,41578,React
56484,41587,Express
56485,41587,jQuery
56487,41587,Next.js
56488,41587,React
56491,41588,Node.js
56492,41588,React
56496,41589,React
56499,41590,Express
56501,41590,Node.js
56502,41591,Node.js
56503,41591,React
56504,41591,Spring Boot
56505,41596,Angular
56506,41596,Express
56508,41596,Next.js
56509,41596,Node.js
56511,41596,React
56512,41596,Vue.js
56513,41597,jQuery
56515,41600,ASP.NET
56519,41600,Next.js
56520,41600,React
56521,41601,Vue.js
56523,41602,Next.js
56525,41602,React
56526,41602,Vue.js
56528,41603,Next.js
56529,41603,Node.js
56530,41603,React
56532,41604,Next.js
56533,41604,Node.js
56534,41604,React
56538,41605,Express
56539,41605,jQuery
56541,41605,Node.js
56543,41605,React
56544,41605,Spring Boot
56545,41605,Vue.js
56546,41613,Node.js
56547,41613,React
56548,41614,jQuery
56551,41615,Express
56552,41615,jQuery
56553,41615,Node.js
56554,41615,React
56557,41618,jQuery
56559,41618,Next.js
56560,41618,Node.js
56562,41618,React
56565,41619,jQuery
56566,41619,Node.js
56567,41619,Vue.js
56568,41620,Express
56569,41620,Node.js
56570,41620,React
56572,41622,Next.js
56573,41622,Node.js
56574,41622,React
56575,41622,Spring Boot
56579,41626,Next.js
56580,41626,Node.js
56581,41628,Spring Boot
56582,41628,Vue.js
56583,41632,Angular
56584,41633,Angular
56589,41633,Node.js
56590,41633,React
56592,41635,Next.js
56593,41635,Node.js
56594,41635,React
56595,41635,Spring Boot
56596,41638,ASP.NET CORE
56598,41640,ASP.NET CORE
56601,41640,Vue.js
56603,41647,Express
56604,41647,Next.js
56605,41647,Node.js
56606,41647,Vue.js
56607,41648,Angular
56610,41648,jQuery
56612,41648,Next.js
56613,41648,Node.js
56614,41648,React
56618,41654,Express
56621,41654,Node.js
56622,41654,React
56625,41659,Angular
56630,41659,React
56631,41659,Vue.js
56633,41664,Express
56635,41664,jQuery
56636,41664,Next.js
56637,41664,Node.js
56638,41664,React
56639,41665,Angular
56640,41665,Express
56642,41665,Next.js
56643,41665,Node.js
56644,41665,React
56645,41666,Angular
56646,41666,Express
56647,41666,Node.js
56648,41666,Spring Boot
56649,41667,Node.js
56650,41667,Spring Boot
56653,41668,Vue.js
56654,41670,Spring Boot
56655,41672,ASP.NET CORE
56656,41672,Express
56657,41672,Node.js
56658,41672,React
56659,41674,Angular
56660,41674,Express
56661,41674,Node.js
56662,41675,ASP.NET
56663,41675,ASP.NET CORE
56664,41675,jQuery
56665,41675,Node.js
56666,41675,React
56667,41675,Spring Boot
56669,41679,Express
56670,41679,jQuery
56671,41679,Next.js
56672,41679,Node.js
56673,41679,React
56676,41683,Angular
56677,41683,Vue.js
56681,41687,jQuery
56682,41687,React
56684,41691,Angular
56685,41691,jQuery
56686,41691,Next.js
56687,41691,Node.js
56688,41691,React
56689,41691,Vue.js
56690,41693,React
56691,41693,Spring Boot
56692,41697,Angular
56693,41697,Spring Boot
56694,41699,Angular
56696,41699,ASP.NET
56699,41699,Express
56701,41699,jQuery
56703,41699,Node.js
56704,41699,React
56706,41699,Spring Boot
56708,41706,ASP.NET
56709,41706,ASP.NET CORE
56710,41707,Angular
56712,41707,ASP.NET
56713,41707,ASP.NET CORE
56715,41707,Express
56716,41707,jQuery
56717,41707,Next.js
56718,41707,Node.js
56719,41707,React
56720,41707,Spring Boot
56721,41707,Vue.js
56724,41711,Vue.js
56729,41715,jQuery
56731,41715,Node.js
56733,41715,Vue.js
56737,41717,Vue.js
56738,41721,ASP.NET
56739,41721,ASP.NET CORE
56742,41721,Spring Boot
56743,41725,Angular
56746,41725,jQuery
56747,41725,React
56748,41725,Spring Boot
56749,41730,Express
56751,41730,Next.js
56752,41730,Node.js
56753,41730,React
56754,41731,Express
56755,41731,jQuery
56757,41731,Next.js
56758,41731,Node.js
56759,41731,React
56761,41739,Angular
56762,41739,ASP.NET
56763,41739,ASP.NET CORE
56764,41739,jQuery
56766,41746,Express
56767,41746,Next.js
56768,41746,Node.js
56769,41746,React
56771,41750,Angular
56772,41750,ASP.NET
56773,41750,ASP.NET CORE
56775,41750,jQuery
56776,41750,React
56777,41751,Angular
56778,41751,jQuery
56780,41751,Next.js
56781,41751,Node.js
56782,41751,React
56783,41752,Node.js
56784,41752,React
56785,41752,Spring Boot
56786,41753,jQuery
56787,41753,Spring Boot
56788,41760,Angular
56789,41760,ASP.NET
56790,41760,ASP.NET CORE
56791,41765,jQuery
56793,41769,ASP.NET CORE
56794,41769,Node.js
56795,41769,React
56796,41769,Vue.js
56797,41773,jQuery
56798,41773,Next.js
56800,41773,React
56801,41785,Angular
56803,41785,ASP.NET
56804,41785,ASP.NET CORE
56806,41785,jQuery
56807,41785,React
56808,41800,Node.js
56809,41801,ASP.NET
56810,41801,ASP.NET CORE
56811,41801,Express
56812,41801,jQuery
56813,41801,Node.js
56814,41801,Vue.js
56815,41805,jQuery
56816,41805,Node.js
56819,41813,jQuery
56820,41813,Vue.js
56821,41816,Express
56824,41816,Next.js
56825,41816,React
56827,41819,Node.js
56828,41819,React
56829,41819,Spring Boot
56833,41821,Vue.js
56834,41823,Angular
56835,41823,ASP.NET
56836,41823,ASP.NET CORE
56837,41823,Express
56838,41823,Node.js
56839,41827,Spring Boot
56840,41829,Angular
56841,41829,Express
56842,41829,jQuery
56843,41829,Node.js
56846,41848,ASP.NET
56847,41848,ASP.NET CORE
56849,41848,Express
56851,41848,jQuery
56852,41848,Node.js
56853,41848,React
56854,41848,Spring Boot
56857,41849,Node.js
56858,41849,React
56859,41849,Spring Boot
56861,41854,jQuery
56862,41854,Next.js
56863,41854,Node.js
56864,41854,React
56867,41860,jQuery
56870,41861,jQuery
56872,41861,Node.js
56874,41862,React
56877,41867,Express
56879,41867,Next.js
56880,41867,Node.js
56882,41867,React
56887,41880,Angular
56889,41880,jQuery
56894,41890,Express
56896,41890,Node.js
56897,41890,React
56902,41892,jQuery
56903,41892,Node.js
56904,41892,Spring Boot
56905,41892,Vue.js
56908,41894,Express
56910,41894,jQuery
56911,41894,Next.js
56912,41894,Node.js
56913,41894,React
56914,41895,Express
56915,41895,jQuery
56917,41895,Node.js
56918,41895,React
56921,41899,ASP.NET CORE
56925,41917,Node.js
56926,41917,Spring Boot
56928,41921,ASP.NET
56929,41921,ASP.NET CORE
56930,41921,Node.js
56931,41921,Vue.js
56935,41925,Angular
56936,41925,ASP.NET
56937,41925,ASP.NET CORE
56939,41925,Express
56940,41925,jQuery
56943,41925,Next.js
56944,41925,Node.js
56945,41925,React
56947,41932,ASP.NET
56948,41932,ASP.NET CORE
56950,41932,jQuery
56951,41932,Node.js
56952,41936,React
56955,41939,Node.js
56956,41939,React
56957,41942,ASP.NET CORE
56958,41944,jQuery
56959,41944,React
56960,41945,Angular
56962,41945,Express
56965,41945,Node.js
56966,41945,React
56968,41947,Angular
56970,41947,ASP.NET
56971,41947,ASP.NET CORE
56972,41947,Node.js
56973,41947,React
56975,41949,Node.js
56976,41949,React
56977,41951,Angular
56978,41951,ASP.NET
56979,41951,ASP.NET CORE
56980,41954,ASP.NET CORE
56981,41954,jQuery
56983,41958,Express
56984,41958,Next.js
56985,41958,Node.js
56987,41958,Vue.js
56989,41959,ASP.NET
56990,41959,ASP.NET CORE
56993,41959,Express
56994,41959,jQuery
56996,41959,Node.js
56997,41959,Spring Boot
57000,41962,ASP.NET CORE
57001,41962,React
57003,41967,Angular
57006,41967,Node.js
57009,41970,React
57011,41972,Next.js
57015,41978,Next.js
57016,41978,Node.js
57017,41978,React
57018,41980,Express
57020,41980,Next.js
57021,41980,Node.js
57022,41980,React
57023,41980,Spring Boot
57025,41985,Express
57026,41985,Next.js
57027,41985,Node.js
57029,41987,Vue.js
57031,41989,Node.js
57032,41993,Angular
57034,41996,Angular
57035,41996,ASP.NET CORE
57037,42003,Express
57038,42003,Next.js
57039,42003,Node.js
57040,42003,React
57041,42007,ASP.NET
57042,42007,ASP.NET CORE
57043,42007,Node.js
57044,42007,React
57046,42008,ASP.NET
57047,42008,ASP.NET CORE
57049,42008,jQuery
57050,42008,Node.js
57051,42008,React
57052,42010,ASP.NET CORE
57054,42010,Spring Boot
57055,42012,Next.js
57056,42012,React
57060,42014,Express
57061,42014,Next.js
57062,42014,React
57063,42015,ASP.NET
57064,42015,ASP.NET CORE
57065,42015,Node.js
57067,42021,Express
57069,42021,React
57070,42023,Angular
57072,42023,Node.js
57075,42035,React
57076,42036,Angular
57078,42036,Node.js
57079,42036,React
57080,42036,Spring Boot
57081,42037,ASP.NET CORE
57085,42039,Spring Boot
57088,42040,Vue.js
57090,42042,ASP.NET
57091,42042,ASP.NET CORE
57094,42042,jQuery
57095,42048,Spring Boot
57097,42050,jQuery
57098,42055,Angular
57100,42055,Node.js
57101,42055,Spring Boot
57102,42059,ASP.NET
57103,42059,ASP.NET CORE
57106,42062,ASP.NET
57109,42062,jQuery
57111,42062,React
57113,42063,Vue.js
57114,42065,Express
57118,42065,Node.js
57119,42065,React
57121,42065,Spring Boot
57122,42065,Vue.js
57125,42077,Angular
57126,42077,ASP.NET CORE
57127,42083,Angular
57131,42083,jQuery
57132,42083,Node.js
57133,42083,React
57138,42089,jQuery
57139,42089,Node.js
57140,42089,React
57141,42090,Angular
57142,42094,ASP.NET
57145,42097,Spring Boot
57146,42098,Spring Boot
57147,42104,Angular
57148,42104,Node.js
57149,42107,ASP.NET
57150,42107,ASP.NET CORE
57151,42107,jQuery
57152,42107,Node.js
57153,42107,React
57155,42114,Express
57157,42114,Node.js
57162,42117,jQuery
57163,42117,Node.js
57164,42117,React
57166,42123,Express
57168,42123,jQuery
57170,42123,Node.js
57171,42123,Vue.js
57172,42126,Angular
57173,42126,ASP.NET CORE
57176,42126,Next.js
57177,42126,Node.js
57179,42126,React
57180,42126,Spring Boot
57181,42126,Vue.js
57182,42131,Express
57183,42131,jQuery
57185,42131,Node.js
57187,42131,Vue.js
57188,42132,Express
57189,42132,Next.js
57190,42132,Node.js
57191,42132,React
57192,42133,Express
57195,42133,Vue.js
57196,42134,Angular
57197,42134,Express
57199,42134,jQuery
57201,42134,Node.js
57202,42134,React
57203,42134,Vue.js
57205,42138,Vue.js
57206,42141,ASP.NET
57207,42141,ASP.NET CORE
57209,42145,ASP.NET CORE
57210,42145,Node.js
57211,42145,React
57212,42148,ASP.NET
57213,42148,ASP.NET CORE
57214,42148,Vue.js
57218,42149,Node.js
57219,42151,Angular
57220,42151,Node.js
57221,42151,Spring Boot
57222,42167,Angular
57223,42167,ASP.NET CORE
57225,42169,Next.js
57228,42177,Angular
57230,42177,jQuery
57231,42183,React
57234,42188,jQuery
57235,42188,React
57237,42189,jQuery
57238,42189,Node.js
57239,42189,React
57240,42192,ASP.NET
57241,42192,ASP.NET CORE
57244,42193,Express
57246,42193,jQuery
57247,42193,React
57249,42206,jQuery
57255,42216,Express
57258,42216,Next.js
57259,42216,Node.js
57260,42216,React
57262,42216,Spring Boot
57264,42221,ASP.NET CORE
57266,42223,Node.js
57267,42223,React
57269,42224,Angular
57270,42224,ASP.NET
57271,42224,ASP.NET CORE
57275,42224,Express
57276,42224,jQuery
57277,42224,Next.js
57278,42224,Node.js
57281,42224,React
57284,42224,Spring Boot
57286,42228,Next.js
57287,42228,Node.js
57288,42228,React
57289,42232,Angular
57291,42233,Angular
57292,42233,jQuery
57293,42233,Node.js
57294,42233,React
57295,42233,Spring Boot
57296,42233,Vue.js
57299,42240,Node.js
57300,42240,React
57303,42249,ASP.NET
57305,42249,jQuery
57307,42249,Node.js
57309,42258,Node.js
57310,42258,React
57312,42260,Node.js
57313,42260,React
57316,42261,Node.js
57317,42261,React
57318,42263,Angular
57320,42263,Next.js
57321,42263,Node.js
57322,42263,React
57323,42265,Next.js
57324,42265,Node.js
57325,42265,React
57327,42266,Angular
57328,42266,Express
57331,42266,Node.js
57332,42266,React
57333,42266,Spring Boot
57337,42272,Next.js
57339,42272,React
57341,42273,ASP.NET
57342,42273,ASP.NET CORE
57344,42274,ASP.NET
57345,42274,ASP.NET CORE
57346,42274,React
57347,42277,Node.js
57348,42277,React
57349,42278,ASP.NET CORE
57351,42278,jQuery
57352,42278,Node.js
57354,42278,Spring Boot
57355,42278,Vue.js
57356,42282,Express
57357,42282,Next.js
57358,42282,Node.js
57359,42282,Vue.js
57360,42283,Angular
57364,42283,React
57365,42283,Spring Boot
57366,42284,ASP.NET
57368,42284,jQuery
57369,42284,Next.js
57370,42284,Node.js
57371,42284,React
57375,42287,React
57376,42287,Spring Boot
57377,42296,Angular
57379,42298,Angular
57381,42298,jQuery
57383,42298,Next.js
57384,42298,Node.js
57385,42298,React
57386,42304,Express
57388,42304,jQuery
57390,42304,Next.js
57391,42304,Node.js
57393,42304,React
57394,42304,Spring Boot
57395,42304,Vue.js
57397,42310,Angular
57399,42310,ASP.NET
57400,42310,ASP.NET CORE
57401,42310,jQuery
57402,42310,Node.js
57403,42310,Vue.js
57405,42311,Angular
57406,42311,ASP.NET CORE
57407,42316,Next.js
57408,42316,Node.js
57410,42316,React
57412,42318,Express
57413,42318,Node.js
57414,42318,Vue.js
57418,42319,Express
57422,42319,jQuery
57424,42319,Next.js
57425,42319,Node.js
57426,42319,React
57430,42319,Vue.js
57435,42329,Next.js
57437,42329,React
57440,42334,Vue.js
57441,42335,Express
57443,42335,Node.js
57444,42339,ASP.NET CORE
57446,42339,Node.js
57447,42339,React
57448,42339,Vue.js
57449,42341,ASP.NET CORE
57450,42341,React
57451,42342,ASP.NET
57452,42342,ASP.NET CORE
57453,42342,jQuery
57454,42342,Node.js
57455,42342,React
57456,42342,Spring Boot
57457,42343,Angular
57459,42343,Express
57464,42343,Node.js
57465,42343,React
57466,42343,Vue.js
57467,42350,Angular
57468,42350,React
57469,42350,Spring Boot
57472,42351,Next.js
57473,42351,React
57474,42358,ASP.NET CORE
57476,42358,jQuery
57477,42358,Node.js
57479,42363,Node.js
57480,42376,Angular
57481,42376,Express
57483,42376,React
57485,42384,React
57487,42385,ASP.NET
57488,42385,ASP.NET CORE
57490,42385,Express
57491,42385,jQuery
57492,42385,Node.js
57493,42385,React
57495,42385,Vue.js
57497,42389,Vue.js
57498,42390,ASP.NET
57499,42390,ASP.NET CORE
57500,42390,Express
57503,42390,jQuery
57504,42390,Next.js
57505,42390,Node.js
57506,42390,React
57507,42390,Vue.js
57508,42392,ASP.NET CORE
57510,42392,Node.js
57511,42392,React
57512,42392,Vue.js
57513,42395,Express
57514,42395,Next.js
57515,42395,Node.js
57516,42395,React
57519,42400,Angular
57521,42400,ASP.NET CORE
57522,42400,Express
57523,42400,jQuery
57524,42400,Next.js
57525,42400,Node.js
57526,42400,React
57527,42400,Spring Boot
57529,42401,Express
57531,42401,Next.js
57532,42401,Node.js
57533,42401,React
57536,42412,Angular
57538,42412,ASP.NET
57539,42412,ASP.NET CORE
57541,42412,jQuery
57542,42412,Next.js
57543,42412,Node.js
57544,42412,React
57547,42413,Express
57548,42413,Next.js
57549,42413,Node.js
57550,42413,React
57551,42414,ASP.NET
57552,42414,ASP.NET CORE
57554,42422,Express
57555,42422,Node.js
57556,42424,Express
57557,42424,Node.js
57558,42424,React
57560,42435,Express
57561,42435,Next.js
57562,42435,Node.js
57563,42435,React
57568,42444,Node.js
57569,42444,React
57570,42444,Vue.js
57571,42445,ASP.NET CORE
57572,42446,Express
57575,42446,Node.js
57576,42446,React
57577,42455,ASP.NET
57578,42455,ASP.NET CORE
57579,42455,jQuery
57580,42458,Angular
57581,42458,ASP.NET
57582,42458,jQuery
57583,42458,Next.js
57584,42458,Node.js
57586,42458,React
57587,42458,Vue.js
57589,42460,jQuery
57590,42460,Node.js
57591,42460,Vue.js
57593,42461,React
57594,42463,Express
57595,42463,Node.js
57596,42463,React
57597,42463,Spring Boot
57600,42465,Node.js
57601,42465,React
57602,42465,Spring Boot
57603,42465,Vue.js
57604,42472,Angular
57606,42472,Express
57607,42472,jQuery
57608,42472,Node.js
57610,42472,Spring Boot
57612,42474,ASP.NET
57613,42474,ASP.NET CORE
57617,42476,jQuery
57618,42476,Node.js
57620,42476,React
57621,42476,Spring Boot
57622,42476,Vue.js
57623,42479,Angular
57625,42479,Express
57626,42479,jQuery
57628,42479,Next.js
57629,42479,Node.js
57630,42479,React
57632,42482,Angular
57633,42482,Spring Boot
57634,42489,ASP.NET
57635,42489,ASP.NET CORE
57636,42489,jQuery
57637,42492,Next.js
57638,42492,Node.js
57639,42492,React
57642,42497,Node.js
57643,42497,React
57645,42499,ASP.NET
57646,42499,ASP.NET CORE
57651,42504,Next.js
57652,42504,Node.js
57653,42504,React
57654,42508,Angular
57655,42508,ASP.NET
57657,42508,Node.js
57658,42510,ASP.NET
57659,42510,ASP.NET CORE
57660,42510,jQuery
57662,42514,React
57664,42518,Next.js
57665,42518,Node.js
57666,42518,React
57667,42519,ASP.NET
57668,42519,ASP.NET CORE
57670,42519,jQuery
57671,42519,React
57672,42520,Angular
57678,42522,Express
57679,42522,jQuery
57680,42522,Next.js
57681,42522,Node.js
57682,42522,React
57685,42526,ASP.NET
57686,42526,ASP.NET CORE
57687,42526,Express
57688,42526,Node.js
57689,42526,React
57693,42540,Node.js
57694,42540,Vue.js
57695,42545,Angular
57697,42545,ASP.NET
57698,42545,ASP.NET CORE
57700,42545,Express
57702,42545,Next.js
57703,42545,Node.js
57704,42545,React
57705,42545,Vue.js
57707,42550,ASP.NET CORE
57710,42552,React
57711,42553,Express
57712,42553,Next.js
57713,42553,Node.js
57714,42553,React
57715,42555,Angular
57716,42555,ASP.NET
57717,42555,ASP.NET CORE
57718,42555,Node.js
57719,42557,Express
57720,42557,Node.js
57725,42558,Next.js
57726,42558,Node.js
57727,42558,React
57730,42566,Next.js
57731,42566,Node.js
57732,42566,React
57733,42568,Express
57735,42568,Next.js
57737,42568,React
57738,42570,ASP.NET
57739,42570,ASP.NET CORE
57740,42570,jQuery
57741,42575,jQuery
57742,42575,React
57743,42578,Angular
57744,42578,ASP.NET CORE
57746,42578,React
57747,42578,Spring Boot
57748,42579,Angular
57752,42579,Node.js
57753,42582,React
57754,42582,Spring Boot
57755,42585,ASP.NET
57756,42585,ASP.NET CORE
57757,42585,jQuery
57758,42586,Express
57759,42586,Node.js
57762,42588,Express
57763,42588,Node.js
57764,42588,React
57765,42591,React
57768,42593,Express
57773,42593,jQuery
57775,42593,Next.js
57776,42593,Node.js
57778,42593,React
57781,42593,Vue.js
57783,42607,Express
57785,42607,jQuery
57787,42607,React
57788,42613,Node.js
57789,42613,React
57790,42616,ASP.NET
57791,42619,Angular
57793,42619,ASP.NET
57796,42619,React
57797,42619,Spring Boot
57802,42626,Node.js
57803,42626,React
57806,42627,React
57807,42628,ASP.NET CORE
57808,42628,React
57811,42630,jQuery
57814,42632,Vue.js
57816,42634,Express
57817,42634,Next.js
57818,42634,Node.js
57819,42634,React
57821,42641,Angular
57822,42641,jQuery
57824,42641,Next.js
57825,42641,React
57828,42642,ASP.NET
57829,42642,ASP.NET CORE
57830,42642,Node.js
57831,42642,React
57833,42646,Express
57834,42646,Next.js
57835,42646,Node.js
57836,42646,React
57837,42647,ASP.NET CORE
57839,42650,jQuery
57840,42650,Node.js
57841,42652,ASP.NET
57842,42652,ASP.NET CORE
57843,42652,jQuery
57844,42652,Node.js
57845,42657,ASP.NET
57847,42657,jQuery
57849,42657,Node.js
57851,42657,React
57854,42657,Vue.js
57857,42671,Express
57858,42679,Angular
57859,42679,ASP.NET CORE
57860,42679,React
57862,42681,Express
57863,42681,jQuery
57864,42688,Angular
57866,42688,React
57867,42688,Spring Boot
57868,42690,React
57870,42692,Angular
57871,42692,jQuery
57872,42692,Node.js
57873,42692,React
57875,42692,Vue.js
57876,42700,Express
57878,42700,Node.js
57879,42700,Vue.js
57880,42704,ASP.NET
57881,42704,ASP.NET CORE
57883,42704,jQuery
57884,42704,Vue.js
57885,42707,Angular
57887,42707,Express
57888,42707,Node.js
57891,42707,Vue.js
57892,42711,Angular
57895,42711,Spring Boot
57898,42713,Express
57900,42713,Next.js
57901,42713,Node.js
57902,42713,React
57904,42720,Angular
57906,42720,Node.js
57907,42720,React
57909,42729,Angular
57910,42730,React
57912,42742,Express
57913,42742,Next.js
57914,42742,React
57915,42744,Express
57916,42744,Next.js
57917,42744,Node.js
57918,42744,React
57919,42745,Next.js
57920,42745,Node.js
57921,42745,React
57922,42746,ASP.NET CORE
57924,42746,Next.js
57925,42749,ASP.NET
57926,42749,Express
57927,42749,Node.js
57928,42749,Vue.js
57929,42750,ASP.NET
57930,42750,ASP.NET CORE
57932,42751,jQuery
57933,42752,Angular
57935,42752,ASP.NET
57936,42752,ASP.NET CORE
57937,42752,Express
57938,42752,jQuery
57939,42752,Node.js
57940,42752,React
57942,42752,Vue.js
57943,42755,ASP.NET
57944,42755,ASP.NET CORE
57945,42755,jQuery
57947,42758,Express
57948,42758,jQuery
57949,42758,Node.js
57952,42759,Express
57953,42759,Node.js
57955,42759,Vue.js
57956,42770,ASP.NET
57957,42770,ASP.NET CORE
57958,42770,React
57959,42771,Express
57960,42771,Next.js
57961,42771,Node.js
57962,42771,React
57963,42782,Angular
57964,42782,Express
57965,42782,jQuery
57967,42782,Node.js
57969,42784,Angular
57970,42784,ASP.NET
57971,42784,ASP.NET CORE
57972,42784,jQuery
57974,42784,Node.js
57975,42784,Vue.js
57976,42794,ASP.NET
57977,42794,ASP.NET CORE
57978,42794,Node.js
57979,42798,ASP.NET
57980,42798,ASP.NET CORE
57982,42800,React
57984,42800,Spring Boot
57986,42801,Express
57988,42801,Node.js
57989,42801,React
57991,42803,React
57992,42810,Angular
57993,42810,ASP.NET
57994,42810,ASP.NET CORE
57996,42810,Node.js
57997,42813,Express
57998,42813,Node.js
57999,42813,Spring Boot
58000,42816,Express
58001,42816,jQuery
58002,42816,Node.js
58003,42816,React
58004,42817,jQuery
58005,42818,Node.js
58006,42818,React
58009,42824,Vue.js
58013,42832,Angular
58014,42832,ASP.NET
58015,42832,ASP.NET CORE
58017,42844,Node.js
58018,42850,ASP.NET
58019,42850,ASP.NET CORE
58020,42850,jQuery
58021,42850,React
58023,42851,React
58025,42859,ASP.NET CORE
58026,42859,Vue.js
58027,42862,jQuery
58029,42864,Express
58030,42864,Node.js
58031,42864,React
58033,42867,ASP.NET
58034,42867,ASP.NET CORE
58035,42873,Express
58037,42873,Node.js
58038,42876,Express
58039,42876,Next.js
58040,42876,Node.js
58041,42876,React
58042,42877,ASP.NET CORE
58043,42885,ASP.NET
58044,42885,ASP.NET CORE
58045,42885,Express
58046,42890,Angular
58047,42890,Node.js
58048,42891,Express
58050,42891,Next.js
58051,42891,Node.js
58052,42891,React
58055,42895,Next.js
58056,42895,Node.js
58057,42895,React
58060,42899,jQuery
58062,42899,Vue.js
58063,42905,Angular
58065,42905,jQuery
58066,42905,Node.js
58068,42918,ASP.NET
58070,42918,jQuery
58071,42918,Vue.js
58073,42940,jQuery
58074,42940,Spring Boot
58075,42941,Angular
58077,42941,jQuery
58078,42941,Spring Boot
58079,42942,Angular
58080,42942,ASP.NET CORE
58082,42942,Next.js
58083,42942,Node.js
58084,42942,React
58085,42942,Vue.js
58086,42945,Express
58087,42945,Node.js
58088,42945,React
58091,42947,React
58092,42951,Angular
58094,42951,jQuery
58096,42960,Next.js
58097,42960,Node.js
58098,42960,React
58102,42962,jQuery
58103,42962,Next.js
58104,42962,React
58106,42962,Spring Boot
58108,42965,jQuery
58109,42965,Node.js
58110,42965,Spring Boot
58111,42972,Angular
58112,42972,Express
58114,42972,Node.js
58115,42982,Angular
58116,42982,ASP.NET
58118,42982,Express
58119,42982,jQuery
58121,42982,Node.js
58122,42982,React
58127,42987,Express
58129,42987,Node.js
58130,42987,React
58131,42987,Spring Boot
58133,42988,React
58135,42991,React
58138,42992,jQuery
58139,42992,Vue.js
58146,42998,Next.js
58147,42998,Node.js
58148,42998,React
58149,42998,Vue.js
58150,42999,jQuery
58151,42999,Node.js
58154,43005,jQuery
58155,43005,Next.js
58156,43005,React
58157,43005,Spring Boot
58159,43006,Node.js
58163,43008,Next.js
58164,43008,React
58168,43011,Angular
58169,43011,jQuery
58170,43011,Node.js
58171,43012,Angular
58172,43012,jQuery
58173,43012,React
58174,43012,Spring Boot
58178,43014,ASP.NET
58179,43014,ASP.NET CORE
58180,43014,Vue.js
58181,43032,ASP.NET CORE
58182,43032,jQuery
58184,43032,Node.js
58185,43033,ASP.NET
58186,43033,ASP.NET CORE
58188,43033,jQuery
58189,43033,Next.js
58190,43033,React
58191,43038,ASP.NET
58192,43038,ASP.NET CORE
58194,43043,Spring Boot
58195,43045,React
58196,43047,Angular
58197,43047,ASP.NET
58198,43047,ASP.NET CORE
58200,43047,Express
58201,43047,Node.js
58202,43047,Vue.js
58203,43049,Angular
58204,43049,ASP.NET
58205,43049,ASP.NET CORE
58206,43049,Node.js
58208,43053,ASP.NET CORE
58209,43053,Express
58211,43053,Next.js
58212,43053,Node.js
58213,43053,React
58214,43053,Spring Boot
58215,43059,Node.js
58217,43061,Express
58220,43061,Next.js
58221,43063,Angular
58223,43063,jQuery
58225,43063,React
58227,43066,Angular
58229,43066,ASP.NET
58230,43066,ASP.NET CORE
58232,43066,jQuery
58233,43066,Vue.js
58236,43070,Vue.js
58237,43073,ASP.NET
58238,43073,ASP.NET CORE
58239,43078,React
58242,43084,ASP.NET
58243,43084,ASP.NET CORE
58244,43084,jQuery
58245,43084,Next.js
58246,43084,React
58247,43086,Angular
58248,43086,ASP.NET
58250,43086,Node.js
58251,43087,Express
58253,43087,Next.js
58254,43087,React
58257,43095,ASP.NET
58258,43095,ASP.NET CORE
58259,43095,React
58260,43095,Vue.js
58261,43096,Angular
58262,43096,ASP.NET CORE
58263,43096,Node.js
58264,43098,Angular
58266,43098,Next.js
58267,43098,Node.js
58269,43098,React
58270,43098,Vue.js
58272,43101,Express
58275,43101,jQuery
58276,43101,Next.js
58277,43101,Node.js
58278,43101,React
58279,43103,Angular
58282,43103,Express
58285,43103,jQuery
58287,43103,Next.js
58288,43103,Node.js
58289,43103,React
58290,43103,Spring Boot
58294,43107,React
58295,43112,Angular
58297,43112,Express
58298,43112,jQuery
58300,43112,React
58301,43114,Express
58303,43114,Node.js
58304,43114,Vue.js
58307,43118,jQuery
58309,43118,Node.js
58311,43118,Vue.js
58314,43119,React
58316,43122,Node.js
58318,43124,Node.js
58319,43124,React
58320,43124,Vue.js
58321,43125,Angular
58323,43125,ASP.NET
58324,43125,ASP.NET CORE
58325,43125,jQuery
58326,43125,Node.js
58327,43126,ASP.NET
58328,43126,ASP.NET CORE
58330,43128,Angular
58331,43128,ASP.NET
58332,43128,ASP.NET CORE
58333,43134,ASP.NET CORE
58336,43134,jQuery
58337,43135,jQuery
58339,43135,React
58341,43139,Express
58344,43139,Node.js
58345,43139,React
58346,43142,Node.js
58348,43142,Vue.js
58349,43144,ASP.NET
58350,43144,ASP.NET CORE
58352,43144,jQuery
58353,43147,Express
58356,43147,Next.js
58357,43147,Node.js
58358,43147,React
58361,43150,Express
58363,43150,Next.js
58364,43150,Node.js
58365,43150,React
58367,43150,Vue.js
58368,43151,ASP.NET
58369,43151,ASP.NET CORE
58370,43151,jQuery
58371,43151,Node.js
58372,43151,React
58373,43152,Angular
58377,43152,jQuery
58378,43152,Node.js
58379,43152,React
58380,43152,Spring Boot
58381,43152,Vue.js
58383,43153,Node.js
58384,43153,Vue.js
58385,43160,Express
58389,43160,Next.js
58390,43160,Node.js
58392,43160,React
58395,43168,ASP.NET CORE
58396,43168,React
58398,43173,React
58400,43176,Express
58401,43176,Node.js
58402,43176,React
58404,43178,Angular
58405,43178,ASP.NET CORE
58406,43180,ASP.NET
58407,43180,ASP.NET CORE
58409,43180,jQuery
58410,43180,Node.js
58411,43180,Vue.js
58413,43184,Vue.js
58414,43190,Express
58415,43190,Next.js
58416,43190,Node.js
58418,43194,Angular
58420,43194,jQuery
58421,43194,Node.js
58424,43195,Node.js
58425,43198,jQuery
58426,43198,Node.js
58428,43202,Express
58430,43202,jQuery
58432,43202,Next.js
58433,43202,Node.js
58434,43202,React
58437,43207,Spring Boot
58438,43209,React
58439,43213,ASP.NET
58440,43213,ASP.NET CORE
58443,43213,jQuery
58444,43213,Node.js
58445,43213,React
58447,43222,React
58448,43222,Spring Boot
58452,43223,jQuery
58453,43223,Node.js
58454,43223,Vue.js
58455,43224,Angular
58457,43224,React
58459,43226,Spring Boot
58461,43229,jQuery
58462,43230,Angular
58463,43230,Node.js
58465,43234,Node.js
58466,43234,React
58467,43234,Spring Boot
58468,43235,ASP.NET CORE
58471,43235,React
58472,43237,Next.js
58473,43237,Node.js
58474,43237,React
58476,43239,Angular
58479,43239,Node.js
58481,43247,ASP.NET
58482,43247,ASP.NET CORE
58483,43253,Angular
58484,43253,ASP.NET
58485,43253,ASP.NET CORE
58487,43253,Express
58488,43253,jQuery
58490,43253,Next.js
58491,43253,Node.js
58492,43253,React
58493,43253,Vue.js
58494,43256,ASP.NET
58495,43256,jQuery
58496,43264,Express
58498,43264,Node.js
58499,43264,React
58502,43269,ASP.NET
58503,43269,ASP.NET CORE
58504,43269,jQuery
58505,43269,Next.js
58506,43269,React
58508,43270,Express
58510,43270,Node.js
58511,43270,React
58512,43270,Spring Boot
58513,43272,jQuery
58515,43272,React
58516,43272,Vue.js
58517,43274,Angular
58519,43274,Express
58520,43274,jQuery
58522,43274,Node.js
58523,43274,Vue.js
58526,43275,jQuery
58528,43276,jQuery
58530,43276,Node.js
58533,43276,Vue.js
58535,43277,Angular
58538,43277,jQuery
58540,43277,Next.js
58541,43277,React
58543,43278,Express
58544,43278,Next.js
58545,43278,Node.js
58546,43278,React
58547,43282,Angular
58550,43282,Express
58553,43282,jQuery
58555,43282,Next.js
58556,43282,Node.js
58558,43282,React
58559,43282,Spring Boot
58561,43282,Vue.js
58565,43283,Next.js
58566,43283,React
58567,43286,ASP.NET
58568,43286,ASP.NET CORE
58569,43286,Express
58570,43286,Node.js
58571,43286,Vue.js
58572,43289,Express
58573,43289,Node.js
58575,43289,React
58577,43289,Vue.js
58579,43295,Node.js
58580,43307,Angular
58582,43307,Express
58583,43307,Next.js
58584,43307,Node.js
58586,43307,React
58589,43307,Vue.js
58591,43317,ASP.NET CORE
58592,43317,jQuery
58593,43317,Node.js
58594,43327,Express
58595,43327,Node.js
58596,43328,React
58598,43336,Express
58599,43336,jQuery
58600,43336,Node.js
58601,43336,React
58602,43340,Express
58603,43340,Next.js
58604,43340,Node.js
58605,43340,React
58607,43341,Express
58611,43341,Node.js
58612,43341,React
58613,43345,ASP.NET CORE
58614,43345,React
58616,43350,Node.js
58619,43351,Express
58621,43351,jQuery
58623,43351,Next.js
58624,43351,Node.js
58625,43351,React
58626,43351,Vue.js
58627,43354,Angular
58628,43354,Express
58630,43354,jQuery
58631,43354,Node.js
58632,43354,Spring Boot
58633,43354,Vue.js
58634,43358,Angular
58635,43358,ASP.NET CORE
58636,43360,ASP.NET
58637,43360,ASP.NET CORE
58639,43360,Express
58641,43360,jQuery
58642,43360,Next.js
58643,43360,Node.js
58644,43360,React
58645,43363,jQuery
58646,43363,Node.js
58647,43363,React
58650,43367,Node.js
58651,43376,jQuery
58652,43380,Angular
58653,43380,ASP.NET
58657,43380,React
58659,43384,React
58662,43385,Node.js
58664,43385,Vue.js
58668,43397,Next.js
58669,43397,Node.js
58670,43397,React
58673,43398,Next.js
58674,43398,Spring Boot
58676,43401,Angular
58678,43401,Express
58679,43401,Next.js
58680,43401,Node.js
58681,43401,React
58682,43401,Spring Boot
58683,43403,ASP.NET
58684,43403,ASP.NET CORE
58686,43403,jQuery
58687,43404,jQuery
58689,43404,Node.js
58691,43404,Vue.js
58692,43405,React
58694,43410,ASP.NET
58695,43410,ASP.NET CORE
58697,43410,Next.js
58698,43410,Node.js
58699,43410,React
58700,43410,Vue.js
58702,43416,Node.js
58703,43416,React
58705,43420,ASP.NET
58706,43420,ASP.NET CORE
58707,43420,Node.js
58709,43420,Vue.js
58710,43421,Express
58711,43421,Next.js
58712,43421,Node.js
58713,43421,React
58714,43424,Next.js
58715,43424,Node.js
58716,43424,React
58720,43428,Next.js
58721,43428,Node.js
58722,43428,React
58723,43433,ASP.NET CORE
58727,43433,Express
58732,43433,Next.js
58733,43433,Node.js
58739,43434,Node.js
58740,43434,React
58741,43438,jQuery
58742,43440,Angular
58743,43440,ASP.NET
58744,43440,ASP.NET CORE
58745,43440,React
58746,43441,ASP.NET
58747,43441,ASP.NET CORE
58750,43441,jQuery
58751,43441,Vue.js
58752,43445,Node.js
58753,43445,React
58757,43447,Node.js
58758,43447,React
58759,43447,Spring Boot
58760,43447,Vue.js
58761,43452,ASP.NET CORE
58763,43452,Node.js
58764,43452,Spring Boot
58765,43454,Spring Boot
58766,43454,Vue.js
58768,43471,jQuery
58770,43471,Next.js
58771,43471,Node.js
58772,43471,React
58774,43478,Spring Boot
58777,43490,Next.js
58778,43490,Node.js
58779,43490,React
58781,43495,Angular
58782,43495,ASP.NET
58783,43495,ASP.NET CORE
58784,43497,React
58786,43504,Express
58789,43504,jQuery
58790,43504,Next.js
58791,43504,Node.js
58792,43504,React
58793,43504,Vue.js
58796,43515,jQuery
58797,43528,Angular
58798,43528,Express
58799,43528,Next.js
58800,43528,Node.js
58801,43528,React
58803,43529,jQuery
58805,43529,Next.js
58806,43529,React
58808,43529,Vue.js
58811,43532,ASP.NET
58812,43532,jQuery
58813,43532,Spring Boot
58814,43534,Express
58817,43534,Node.js
58818,43541,Angular
58819,43541,Node.js
58820,43541,Spring Boot
58821,43543,Express
58824,43543,Next.js
58825,43543,Node.js
58826,43543,React
58834,43550,Next.js
58835,43550,Node.js
58836,43553,ASP.NET CORE
58839,43554,Vue.js
58842,43559,Spring Boot
58843,43562,Express
58844,43562,Node.js
58846,43563,React
58847,43568,jQuery
58850,43568,Spring Boot
58852,43570,Express
58854,43570,Next.js
58855,43570,Node.js
58856,43570,React
58858,43572,Express
58860,43572,jQuery
58861,43572,Node.js
58862,43572,React
58863,43574,Angular
58864,43574,ASP.NET CORE
58865,43574,Next.js
58866,43574,React
58868,43577,Next.js
58869,43577,Node.js
58870,43577,React
58871,43578,React
58874,43581,Angular
58875,43581,Express
58876,43581,Node.js
58877,43581,React
58878,43588,Angular
58879,43588,ASP.NET CORE
58881,43588,Express
58882,43588,Node.js
58884,43588,Vue.js
58886,43589,Spring Boot
58887,43592,Angular
58888,43592,ASP.NET
58889,43592,ASP.NET CORE
58894,43617,Angular
58896,43617,Next.js
58897,43617,Node.js
58899,43617,React
58901,43617,Vue.js
58905,43625,jQuery
58906,43625,Next.js
58907,43625,React
58908,43625,Spring Boot
58910,43626,Node.js
58913,43632,React
58914,43638,ASP.NET
58915,43638,ASP.NET CORE
58917,43638,jQuery
58918,43638,Node.js
58919,43638,React
58921,43639,Angular
58922,43639,Express
58923,43639,jQuery
58925,43639,Node.js
58926,43639,React
58927,43639,Spring Boot
58928,43639,Vue.js
58929,43643,Express
58930,43643,Node.js
58931,43644,ASP.NET
58932,43644,ASP.NET CORE
58933,43644,jQuery
58934,43644,Node.js
58935,43644,Vue.js
58937,43645,Node.js
58938,43645,React
58940,43653,Express
58942,43653,Next.js
58943,43653,React
58946,43660,React
58948,43669,ASP.NET CORE
58951,43669,Node.js
58952,43669,React
58954,43670,Angular
58957,43670,Express
58958,43670,jQuery
58961,43670,Next.js
58962,43670,Node.js
58963,43670,Spring Boot
58964,43671,Express
58965,43671,Next.js
58966,43671,Node.js
58967,43671,React
58972,43673,React
58973,43673,Vue.js
58976,43679,Node.js
58979,43680,jQuery
58981,43680,Node.js
58983,43680,React
58985,43680,Vue.js
58987,43683,Spring Boot
58990,43689,Angular
58993,43689,Node.js
58994,43689,React
58995,43689,Spring Boot
58997,43690,Node.js
58998,43690,React
59001,43691,React
59003,43691,Vue.js
59006,43696,Next.js
59007,43696,Node.js
59008,43696,React
59009,43696,Vue.js
59012,43698,Spring Boot
59016,43699,jQuery
59017,43699,Next.js
59018,43699,Node.js
59019,43702,Next.js
59020,43702,Node.js
59021,43702,Spring Boot
59024,43705,ASP.NET CORE
59026,43705,Next.js
59027,43705,Node.js
59028,43705,React
59031,43707,ASP.NET
59032,43707,ASP.NET CORE
59034,43707,jQuery
59035,43707,Node.js
59036,43707,Spring Boot
59038,43707,Vue.js
59039,43708,Node.js
59040,43708,React
59041,43714,Angular
59042,43714,Spring Boot
59043,43719,Angular
59044,43719,ASP.NET CORE
59048,43729,Node.js
59049,43729,React
59052,43738,ASP.NET CORE
59054,43743,Angular
59058,43743,Express
59060,43743,jQuery
59062,43743,Node.js
59063,43743,React
59066,43745,ASP.NET CORE
59067,43745,React
59070,43746,React
59072,43748,Next.js
59074,43748,Vue.js
59075,43754,Spring Boot
59077,43756,jQuery
59078,43756,Node.js
59080,43758,Express
59082,43758,Node.js
59083,43764,ASP.NET
59084,43764,ASP.NET CORE
59088,43764,jQuery
59089,43764,Node.js
59090,43764,React
59091,43764,Vue.js
59096,43766,Vue.js
59097,43768,Angular
59099,43768,ASP.NET CORE
59100,43777,Angular
59101,43777,ASP.NET
59102,43777,ASP.NET CORE
59103,43777,jQuery
59106,43779,Next.js
59107,43779,React
59109,43784,Node.js
59110,43784,React
59111,43784,Spring Boot
59115,43792,Angular
59116,43792,ASP.NET
59119,43792,jQuery
59121,43792,Next.js
59122,43792,Node.js
59123,43792,React
59127,43792,Vue.js
59128,43794,Angular
59130,43794,jQuery
59131,43794,Spring Boot
59132,43795,ASP.NET CORE
59133,43795,Node.js
59134,43795,React
59136,43799,Angular
59137,43799,Node.js
59138,43799,Spring Boot
59139,43802,React
59140,43807,jQuery
59142,43807,Node.js
59145,43807,Vue.js
59150,43809,Vue.js
59151,43814,ASP.NET
59152,43814,ASP.NET CORE
59153,43814,jQuery
59154,43814,Next.js
59155,43814,Node.js
59156,43814,React
59158,43815,jQuery
59160,43815,Next.js
59162,43815,React
59164,43820,Express
59165,43820,Next.js
59166,43820,Node.js
59167,43820,React
59169,43820,Spring Boot
59171,43825,Express
59174,43825,jQuery
59175,43825,Node.js
59176,43825,React
59179,43830,Angular
59181,43830,ASP.NET
59182,43830,ASP.NET CORE
59183,43830,jQuery
59184,43830,Node.js
59185,43830,React
59189,43841,Next.js
59190,43841,Node.js
59191,43841,React
59197,43847,Node.js
59198,43847,React
59199,43847,Vue.js
59202,43848,Node.js
59203,43857,Node.js
59205,43857,Spring Boot
59206,43857,Vue.js
59208,43859,Node.js
59209,43859,React
59210,43859,Spring Boot
59211,43861,ASP.NET
59212,43861,Node.js
59213,43861,Vue.js
59214,43864,Express
59215,43864,Next.js
59216,43864,Node.js
59218,43864,React
59219,43864,Vue.js
59222,43867,React
59223,43870,Node.js
59224,43870,React
59225,43870,Spring Boot
59226,43874,Next.js
59227,43874,Node.js
59228,43874,React
59229,43875,Angular
59232,43875,jQuery
59233,43875,Node.js
59234,43875,React
59236,43875,Spring Boot
59237,43885,Angular
59238,43885,ASP.NET CORE
59240,43885,React
59242,43886,React
59243,43888,Express
59244,43888,Next.js
59245,43888,React
59252,43893,jQuery
59253,43893,Node.js
59254,43893,React
59257,43897,React
59258,43899,ASP.NET
59259,43899,ASP.NET CORE
59262,43906,jQuery
59263,43906,Node.js
59266,43909,Next.js
59267,43909,Node.js
59269,43909,React
59270,43909,Vue.js
59271,43910,Angular
59272,43910,Node.js
59273,43910,React
59274,43914,Express
59276,43914,Node.js
59277,43914,React
59278,43921,Express
59279,43921,Node.js
59280,43921,React
59281,43926,React
59282,43926,Spring Boot
59284,43927,Node.js
59285,43933,ASP.NET
59286,43933,ASP.NET CORE
59287,43933,jQuery
59289,43933,React
59292,43935,ASP.NET CORE
59294,43936,Angular
59297,43936,Express
59299,43936,jQuery
59300,43936,Next.js
59301,43936,Node.js
59302,43936,React
59303,43936,Spring Boot
59305,43939,Angular
59307,43939,ASP.NET
59308,43939,ASP.NET CORE
59311,43939,jQuery
59313,43939,Next.js
59314,43939,Node.js
59316,43939,React
59317,43939,Spring Boot
59320,43939,Vue.js
59322,43941,ASP.NET CORE
59323,43941,React
59324,43942,Angular
59325,43942,ASP.NET CORE
59326,43949,ASP.NET
59327,43949,ASP.NET CORE
59332,43954,jQuery
59334,43956,Express
59335,43956,jQuery
59336,43956,Next.js
59337,43956,Node.js
59338,43956,React
59339,43956,Spring Boot
59340,43957,Node.js
59343,43957,Spring Boot
59345,43957,Vue.js
59346,43958,Angular
59347,43958,Express
59348,43958,Node.js
59350,43958,Vue.js
59351,43962,Node.js
59353,43962,Vue.js
59354,43966,Angular
59355,43971,ASP.NET
59356,43971,ASP.NET CORE
59358,43971,Vue.js
59359,43973,Angular
59362,43973,Express
59363,43973,Node.js
59364,43973,React
59366,43975,Node.js
59368,43979,React
59369,43984,Express
59371,43984,React
59373,43984,Vue.js
59375,43985,Node.js
59377,43985,Vue.js
59381,43989,Next.js
59382,43989,Node.js
59383,43989,React
59385,43997,ASP.NET
59387,44011,jQuery
59389,44011,Node.js
59390,44011,Vue.js
59391,44014,jQuery
59392,44014,Node.js
59394,44018,Angular
59397,44018,jQuery
59399,44018,Node.js
59400,44018,React
59401,44018,Spring Boot
59405,44026,Node.js
59406,44026,React
59407,44026,Spring Boot
59408,44030,Angular
59410,44030,Next.js
59411,44030,Node.js
59412,44030,React
59418,44033,React
59420,44037,jQuery
59421,44037,React
59422,44037,Spring Boot
59423,44043,ASP.NET CORE
59427,44047,Vue.js
59429,44048,Express
59431,44048,Node.js
59432,44048,Spring Boot
59434,44049,Vue.js
59436,44053,React
59437,44054,Next.js
59438,44054,React
59441,44061,ASP.NET
59442,44061,jQuery
59443,44061,React
59444,44063,Angular
59445,44063,ASP.NET CORE
59446,44063,React
59449,44069,Node.js
59450,44069,React
59452,44070,jQuery
59455,44073,Node.js
59459,44079,Vue.js
59460,44080,ASP.NET
59461,44080,ASP.NET CORE
59462,44087,Angular
59463,44087,ASP.NET CORE
59464,44091,ASP.NET CORE
59466,44091,Node.js
59467,44091,React
59469,44095,React
59470,44099,Angular
59471,44099,ASP.NET CORE
59472,44099,React
59474,44101,jQuery
59475,44101,Spring Boot
59476,44101,Vue.js
59478,44103,Express
59479,44103,Node.js
59480,44103,Vue.js
59481,44106,jQuery
59482,44106,Node.js
59486,44107,jQuery
59487,44107,Node.js
59488,44107,React
59490,44112,Angular
59492,44112,ASP.NET
59493,44112,ASP.NET CORE
59494,44112,React
59495,44118,jQuery
59496,44118,Next.js
59497,44118,Node.js
59498,44118,React
59499,44118,Spring Boot
59502,44120,jQuery
59505,44125,Express
59506,44125,jQuery
59507,44125,Node.js
59509,44126,ASP.NET
59513,44131,jQuery
59514,44131,Node.js
59515,44131,Vue.js
59517,44132,Node.js
59518,44132,React
59520,44133,Next.js
59521,44133,React
59522,44133,Vue.js
59524,44136,jQuery
59527,44143,Express
59529,44143,Next.js
59530,44143,Node.js
59531,44143,React
59532,44144,Express
59535,44150,Express
59537,44150,Next.js
59538,44150,Node.js
59539,44150,React
59540,44150,Spring Boot
59542,44151,React
59543,44151,Spring Boot
59544,44153,React
59546,44154,Node.js
59547,44158,ASP.NET
59548,44158,ASP.NET CORE
59550,44158,React
59553,44162,Node.js
59554,44163,Express
59555,44163,Node.js
59556,44163,React
59557,44163,Vue.js
59558,44166,Express
59559,44166,Node.js
59562,44167,Node.js
59564,44172,Express
59565,44172,Next.js
59566,44172,Node.js
59567,44172,React
59568,44174,jQuery
59569,44174,Node.js
59571,44181,Express
59572,44181,Next.js
59573,44181,Node.js
59574,44181,React
59576,44182,Next.js
59577,44182,Node.js
59578,44182,React
59580,44184,Express
59581,44184,Next.js
59582,44184,Node.js
59583,44184,React
59584,44185,Angular
59586,44185,Express
59588,44185,Node.js
59590,44185,Vue.js
59591,44186,ASP.NET
59592,44186,ASP.NET CORE
59594,44186,jQuery
59595,44188,Express
59598,44188,Next.js
59599,44188,Node.js
59600,44188,React
59603,44191,Angular
59604,44191,ASP.NET CORE
59605,44194,Express
59606,44194,Node.js
59608,44194,React
59610,44195,Express
59611,44195,jQuery
59613,44195,Next.js
59614,44195,Node.js
59615,44195,React
59617,44197,Angular
59619,44197,ASP.NET
59620,44197,ASP.NET CORE
59622,44197,Express
59625,44197,jQuery
59626,44197,Node.js
59627,44197,React
59629,44197,Spring Boot
59630,44197,Vue.js
59633,44206,Angular
59635,44206,React
59636,44206,Spring Boot
59638,44209,React
59639,44209,Spring Boot
59640,44210,Angular
59641,44210,Express
59642,44210,jQuery
59643,44210,Node.js
59646,44215,Spring Boot
59647,44216,ASP.NET CORE
59649,44225,jQuery
59651,44225,Node.js
59652,44225,Vue.js
59653,44226,Angular
59654,44226,ASP.NET
59655,44226,ASP.NET CORE
59657,44226,jQuery
59658,44227,ASP.NET CORE
59661,44227,React
59662,44227,Spring Boot
59663,44228,ASP.NET
59664,44228,ASP.NET CORE
59665,44234,Express
59667,44234,jQuery
59668,44234,Next.js
59669,44234,Node.js
59670,44234,React
59672,44234,Vue.js
59675,44237,ASP.NET
59676,44237,ASP.NET CORE
59678,44237,React
59680,44238,Node.js
59681,44238,Spring Boot
59682,44238,Vue.js
59683,44240,Next.js
59684,44240,Node.js
59685,44240,React
59687,44245,Express
59688,44245,Vue.js
59690,44249,ASP.NET
59691,44249,ASP.NET CORE
59692,44249,Node.js
59694,44251,Express
59697,44251,Node.js
59698,44251,React
59699,44251,Vue.js
59700,44259,ASP.NET CORE
59701,44261,Next.js
59702,44261,Node.js
59703,44261,React
59704,44261,Spring Boot
59705,44264,Angular
59708,44264,Node.js
59710,44264,Vue.js
59712,44270,jQuery
59714,44271,React
59716,44276,Express
59717,44276,Node.js
59718,44276,React
59719,44279,Express
59720,44279,Node.js
59721,44279,Spring Boot
59723,44279,Vue.js
59724,44283,ASP.NET
59725,44283,ASP.NET CORE
59727,44283,jQuery
59728,44283,Node.js
59729,44283,React
59730,44284,Angular
59732,44284,Express
59733,44284,Node.js
59734,44284,React
59738,44293,Spring Boot
59739,44293,Vue.js
59740,44295,ASP.NET
59741,44295,ASP.NET CORE
59742,44295,jQuery
59744,44297,Node.js
59745,44297,React
59746,44303,Express
59747,44303,Next.js
59748,44303,Node.js
59749,44303,React
59750,44303,Spring Boot
59751,44303,Vue.js
59753,44308,Express
59754,44308,jQuery
59756,44308,React
59757,44308,Vue.js
59759,44313,Node.js
59760,44313,React
59763,44316,ASP.NET CORE
59764,44316,jQuery
59765,44316,Node.js
59767,44320,jQuery
59769,44320,Vue.js
59772,44324,Next.js
59773,44324,React
59774,44324,Spring Boot
59775,44330,Express
59776,44330,Node.js
59777,44330,React
59778,44331,Next.js
59780,44331,React
59781,44332,Express
59783,44332,Next.js
59784,44332,Node.js
59785,44332,React
59787,44337,ASP.NET
59789,44337,Express
59791,44337,jQuery
59793,44337,Next.js
59794,44337,Node.js
59796,44337,React
59800,44339,Express
59801,44339,Node.js
59803,44339,Vue.js
59806,44341,jQuery
59807,44341,Node.js
59809,44341,Vue.js
59811,44342,Node.js
59813,44342,Vue.js
59815,44346,React
59816,44347,ASP.NET CORE
59817,44347,jQuery
59819,44347,Node.js
59820,44349,ASP.NET CORE
59821,44349,Express
59822,44349,Next.js
59823,44349,Node.js
59824,44349,React
59827,44353,Node.js
59828,44353,React
59829,44353,Spring Boot
59830,44358,Angular
59832,44358,ASP.NET
59833,44358,ASP.NET CORE
59834,44358,jQuery
59835,44358,Node.js
59837,44360,Angular
59838,44360,ASP.NET
59839,44360,ASP.NET CORE
59840,44360,jQuery
59841,44360,Node.js
59842,44360,React
59843,44362,Express
59844,44362,Node.js
59845,44363,Angular
59846,44363,ASP.NET
59847,44363,ASP.NET CORE
59848,44363,Node.js
59849,44364,Spring Boot
59852,44366,Express
59853,44366,Next.js
59854,44366,Node.js
59855,44366,React
59856,44372,Angular
59858,44372,Express
59860,44372,jQuery
59861,44372,Next.js
59862,44372,Node.js
59863,44372,React
59864,44372,Spring Boot
59865,44372,Vue.js
59869,44382,Next.js
59870,44382,Node.js
59874,44384,Node.js
59877,44396,ASP.NET
59878,44396,ASP.NET CORE
59879,44396,Next.js
59880,44396,Node.js
59881,44396,React
59882,44404,jQuery
59883,44404,Node.js
59885,44404,Vue.js
59887,44405,Spring Boot
59889,44407,Node.js
59890,44407,React
59891,44410,Angular
59893,44410,ASP.NET CORE
59894,44410,jQuery
59897,44410,Node.js
59898,44410,React
59899,44410,Spring Boot
59901,44412,jQuery
59903,44413,Angular
59905,44413,ASP.NET CORE
59906,44413,Node.js
59907,44414,ASP.NET CORE
59909,44415,Angular
59911,44415,Express
59913,44415,jQuery
59914,44415,React
59916,44424,Express
59919,44424,Node.js
59920,44424,React
59922,44429,jQuery
59923,44429,Node.js
59924,44433,Angular
59925,44433,ASP.NET
59926,44433,ASP.NET CORE
59927,44433,jQuery
59929,44433,Next.js
59930,44433,Node.js
59932,44433,React
59933,44433,Vue.js
59936,44437,React
59937,44437,Spring Boot
59939,44438,Angular
59941,44438,ASP.NET
59942,44438,ASP.NET CORE
59944,44438,Express
59946,44438,Next.js
59947,44438,Node.js
59948,44438,React
59951,44445,Express
59952,44445,Node.js
59953,44445,React
59954,44445,Vue.js
59955,44447,Next.js
59956,44447,Node.js
59957,44447,React
59960,44452,Angular
59962,44452,React
59963,44458,jQuery
59965,44462,ASP.NET
59966,44462,ASP.NET CORE
59967,44462,jQuery
59968,44462,Vue.js
59969,44465,Vue.js
59970,44479,ASP.NET
59971,44479,ASP.NET CORE
59972,44479,Express
59973,44479,Node.js
59975,44484,Angular
59978,44484,jQuery
59979,44484,Next.js
59980,44484,Spring Boot
59982,44485,ASP.NET
59983,44485,ASP.NET CORE
59986,44489,Node.js
59987,44489,Vue.js
59988,44493,Express
59990,44493,Node.js
59991,44493,React
59992,44500,Angular
59993,44500,ASP.NET
59994,44500,ASP.NET CORE
59996,44500,jQuery
59997,44500,Node.js
59998,44500,React
60000,44500,Vue.js
60002,44501,Node.js
60003,44501,React
60005,44503,ASP.NET
60007,44503,Express
60009,44503,jQuery
60010,44503,Next.js
60011,44503,Node.js
60012,44503,React
60013,44503,Vue.js
60015,44513,Next.js
60016,44513,Node.js
60017,44513,React
60019,44518,Angular
60023,44521,Spring Boot
60024,44524,React
60025,44525,jQuery
60026,44525,Spring Boot
60029,44526,Node.js
60030,44526,React
60032,44526,Vue.js
60033,44529,jQuery
60034,44529,Spring Boot
60035,44531,Angular
60036,44531,ASP.NET CORE
60037,44531,Express
60038,44531,Next.js
60039,44531,Node.js
60040,44531,React
60041,44542,Angular
60042,44542,Node.js
60043,44542,Spring Boot
60044,44546,Angular
60046,44546,ASP.NET
60047,44546,ASP.NET CORE
60049,44546,jQuery
60050,44546,Node.js
60051,44546,React
60052,44547,Angular
60054,44547,ASP.NET
60057,44547,Express
60058,44547,jQuery
60059,44547,Node.js
60060,44547,Vue.js
60061,44558,Node.js
60062,44558,Vue.js
60063,44566,jQuery
60064,44566,Node.js
60065,44566,React
60067,44570,Spring Boot
60070,44575,Node.js
60073,44575,Vue.js
60074,44577,ASP.NET CORE
60076,44582,Node.js
60078,44583,Angular
60079,44583,Next.js
60080,44583,Node.js
60081,44583,React
60085,44585,Node.js
60088,44585,Vue.js
60089,44586,React
60091,44587,Next.js
60092,44587,Node.js
60093,44587,React
60094,44590,Spring Boot
60095,44591,React
60096,44597,Next.js
60100,44604,Angular
60102,44604,jQuery
60103,44604,Next.js
60104,44604,React
60105,44604,Spring Boot
60106,44604,Vue.js
60107,44606,jQuery
60110,44608,Angular
60112,44608,ASP.NET
60113,44608,ASP.NET CORE
60114,44608,jQuery
60116,44608,Node.js
60117,44608,Spring Boot
60119,44610,Angular
60120,44610,Spring Boot
60122,44612,jQuery
60124,44612,Next.js
60125,44612,Node.js
60127,44612,React
60129,44612,Vue.js
60130,44614,Node.js
60132,44614,React
60135,44616,jQuery
60136,44616,Node.js
60139,44616,Vue.js
60141,44618,Spring Boot
60142,44620,Angular
60143,44620,ASP.NET
60144,44620,ASP.NET CORE
60146,44620,Next.js
60147,44620,Node.js
60149,44620,React
60152,44620,Vue.js
60153,44622,Express
60154,44622,Node.js
60156,44622,Vue.js
60158,44624,Angular
60160,44624,React
60161,44624,Spring Boot
60162,44626,Next.js
60163,44626,React
60164,44631,Angular
60166,44631,Next.js
60170,44631,Vue.js
60171,44642,React
60173,44645,React
60175,44647,ASP.NET CORE
60176,44647,jQuery
60177,44647,React
60179,44650,Next.js
60180,44650,Node.js
60182,44650,React
60183,44653,Node.js
60184,44653,React
60185,44654,Spring Boot
60189,44658,jQuery
60190,44658,React
60191,44658,Spring Boot
60192,44662,jQuery
60194,44662,Next.js
60196,44662,React
60197,44662,Vue.js
60199,44664,jQuery
60203,44680,ASP.NET
60204,44680,ASP.NET CORE
60207,44682,ASP.NET
60208,44682,ASP.NET CORE
60210,44682,jQuery
60211,44682,Node.js
60212,44682,Vue.js
60213,44694,Spring Boot
60214,44697,Spring Boot
60215,44706,Angular
60216,44706,Vue.js
60217,44712,Express
60218,44712,Node.js
60219,44712,Vue.js
60220,44713,ASP.NET CORE
60222,44713,jQuery
60223,44713,Vue.js
60225,44716,Node.js
60226,44716,React
60227,44716,Spring Boot
60228,44717,jQuery
60229,44717,Next.js
60230,44717,Node.js
60231,44717,React
60233,44725,ASP.NET
60234,44725,ASP.NET CORE
60235,44725,jQuery
60237,44725,Node.js
60238,44725,React
60240,44725,Spring Boot
60242,44729,Next.js
60243,44729,Node.js
60245,44729,React
60246,44731,ASP.NET
60247,44731,ASP.NET CORE
60248,44731,jQuery
60249,44731,Next.js
60250,44731,Node.js
60251,44731,React
60254,44732,jQuery
60255,44732,Next.js
60256,44732,Node.js
60257,44732,React
60258,44739,Node.js
60259,44739,React
60261,44742,ASP.NET
60262,44742,ASP.NET CORE
60263,44742,jQuery
60264,44742,React
60266,44744,Angular
60268,44744,Express
60269,44744,jQuery
60270,44744,Node.js
60271,44744,React
60273,44744,Spring Boot
60275,44745,Angular
60277,44745,Next.js
60278,44745,Spring Boot
60279,44746,Next.js
60280,44747,ASP.NET
60281,44747,ASP.NET CORE
60282,44747,Node.js
60283,44747,Vue.js
60285,44748,jQuery
60287,44748,React
60291,44751,Next.js
60292,44751,Node.js
60293,44751,React
60295,44754,ASP.NET
60296,44754,ASP.NET CORE
60298,44754,Node.js
60299,44754,Vue.js
60301,44757,Express
60303,44757,Node.js
60304,44757,React
60307,44761,Angular
60309,44761,ASP.NET
60310,44761,ASP.NET CORE
60311,44761,Node.js
60312,44764,Angular
60314,44764,jQuery
60316,44768,Express
60318,44768,Next.js
60319,44768,Node.js
60320,44768,React
60321,44770,React
60322,44770,Vue.js
60323,44771,jQuery
60325,44772,ASP.NET
60326,44772,ASP.NET CORE
60327,44774,ASP.NET
60328,44774,ASP.NET CORE
60330,44774,jQuery
60331,44774,React
60333,44775,Vue.js
60334,44776,Express
60336,44776,Node.js
60338,44776,React
60339,44776,Vue.js
60342,44782,Next.js
60343,44782,Node.js
60345,44782,React
60348,44783,Angular
60351,44787,Angular
60352,44787,Express
60354,44787,Next.js
60355,44787,Node.js
60356,44787,React
60360,44793,Next.js
60361,44793,Node.js
60363,44793,React
60364,44793,Vue.js
60365,44795,React
60369,44799,React
60370,44799,Vue.js
60371,44800,ASP.NET CORE
60372,44803,Next.js
60373,44803,React
60375,44809,ASP.NET
60376,44809,ASP.NET CORE
60379,44809,Express
60380,44809,Next.js
60381,44809,Node.js
60383,44809,React
60385,44809,Vue.js
60386,44814,Angular
60387,44814,jQuery
60388,44814,Node.js
60390,44824,Express
60391,44824,Node.js
60392,44824,React
60395,44825,Vue.js
60398,44826,React
60399,44831,Node.js
60400,44831,React
60401,44835,ASP.NET
60402,44835,ASP.NET CORE
60404,44835,jQuery
60406,44837,Next.js
60407,44837,React
60408,44839,Angular
60409,44839,Express
60411,44839,Node.js
60412,44839,React
60413,44843,Express
60414,44843,Next.js
60415,44843,Node.js
60416,44848,Node.js
60418,44848,React
60420,44849,Angular
60422,44849,jQuery
60423,44849,Next.js
60424,44849,React
60426,44855,jQuery
60428,44856,React
60429,44858,jQuery
60430,44858,Node.js
60431,44858,Spring Boot
60432,44858,Vue.js
60437,44860,Next.js
60438,44860,Node.js
60439,44860,React
60441,44866,jQuery
60442,44866,Spring Boot
60443,44870,Angular
60444,44870,jQuery
60445,44870,Spring Boot
60446,44870,Vue.js
60447,44874,Node.js
60448,44874,React
60449,44882,Express
60451,44882,Next.js
60452,44882,React
60453,44887,jQuery
60454,44887,React
60455,44887,Spring Boot
60458,44889,jQuery
60462,44893,React
60465,44894,Express
60467,44894,Next.js
60468,44894,Node.js
60469,44894,React
60470,44895,Next.js
60472,44896,Node.js
60473,44896,React
60476,44906,jQuery
60477,44906,Node.js
60479,44906,Vue.js
60483,44909,Next.js
60484,44911,ASP.NET CORE
60485,44913,Angular
60487,44913,jQuery
60488,44913,Node.js
60489,44913,Spring Boot
60490,44913,Vue.js
60492,44917,jQuery
60493,44918,Next.js
60494,44918,Node.js
60495,44918,React
60498,44920,Next.js
60499,44920,Node.js
60500,44920,React
60502,44931,jQuery
60503,44931,React
60504,44932,Spring Boot
60505,44937,Angular
60506,44937,Node.js
60507,44937,Spring Boot
60508,44937,Vue.js
60509,44941,Spring Boot
60510,44944,Angular
60511,44944,Express
60513,44944,Node.js
60514,44944,React
60515,44951,jQuery
60518,44951,Next.js
60519,44951,Node.js
60520,44951,React
60522,44952,ASP.NET
60523,44952,ASP.NET CORE
60524,44952,React
60526,44958,ASP.NET
60530,44961,React
60531,44961,Spring Boot
60532,44962,Express
60533,44962,Next.js
60534,44962,Node.js
60535,44962,React
60536,44966,Angular
60538,44966,ASP.NET
60539,44966,ASP.NET CORE
60541,44966,Express
60542,44966,jQuery
60545,44966,Vue.js
60547,44969,Angular
60548,44969,ASP.NET
60549,44969,ASP.NET CORE
60551,44971,ASP.NET
60552,44971,ASP.NET CORE
60554,44971,Express
60556,44971,Next.js
60557,44971,Node.js
60559,44971,React
60560,44975,React
60561,44975,Spring Boot
60562,44976,ASP.NET
60563,44976,ASP.NET CORE
60565,44983,Angular
60570,44985,Express
60573,44985,Next.js
60574,44985,Node.js
60575,44985,React
60577,44989,Next.js
60578,44989,Node.js
60579,44989,React
60582,44991,Vue.js
60583,44994,ASP.NET
60584,44994,ASP.NET CORE
60586,44994,Express
60587,44994,jQuery
60588,44994,React
60590,45000,ASP.NET CORE
60591,45000,React
60593,45003,Express
60595,45003,Node.js
60596,45003,React
60600,45006,React
60601,45006,Vue.js
60602,45007,ASP.NET CORE
60603,45007,Spring Boot
60604,45008,Angular
60605,45008,ASP.NET CORE
60607,45008,Next.js
60608,45008,Node.js
60609,45008,React
60612,45009,Spring Boot
60613,45009,Vue.js
60614,45011,React
60615,45014,Next.js
60616,45014,Node.js
60617,45014,React
60619,45016,Express
60620,45016,jQuery
60622,45016,Next.js
60623,45016,Node.js
60624,45016,React
60627,45026,Angular
60628,45026,ASP.NET CORE
60629,45026,React
60631,45027,jQuery
60632,45027,React
60635,45028,jQuery
60636,45028,Next.js
60637,45028,React
60640,45031,Angular
60641,45031,ASP.NET
60642,45031,ASP.NET CORE
60644,45031,Node.js
60645,45031,Vue.js
60646,45034,Node.js
60647,45036,Next.js
60648,45036,React
60649,45036,Spring Boot
60651,45037,Node.js
60652,45037,React
60653,45037,Vue.js
60654,45039,ASP.NET
60655,45042,ASP.NET
60656,45042,ASP.NET CORE
60658,45045,jQuery
60661,45046,Express
60665,45046,Next.js
60666,45046,Node.js
60667,45046,React
60668,45046,Spring Boot
60670,45051,Express
60673,45051,Node.js
60675,45051,React
60676,45051,Vue.js
60679,45052,React
60681,45055,Angular
60682,45055,jQuery
60683,45055,Spring Boot
60684,45057,Angular
60685,45057,ASP.NET CORE
60686,45057,React
60687,45057,Vue.js
60689,45058,Spring Boot
60690,45058,Vue.js
60691,45062,ASP.NET CORE
60692,45062,React
60696,45065,Node.js
60697,45065,React
60698,45069,Angular
60699,45069,Node.js
60700,45069,Spring Boot
60701,45070,Node.js
60703,45074,jQuery
60704,45074,Node.js
60708,45078,Next.js
60709,45078,Node.js
60710,45078,React
60713,45080,ASP.NET
60714,45080,ASP.NET CORE
60716,45080,Next.js
60717,45080,Node.js
60718,45080,React
60719,45080,Vue.js
60722,45082,Express
60723,45082,Next.js
60724,45082,Node.js
60725,45082,React
60726,45083,Angular
60728,45083,ASP.NET
60729,45083,ASP.NET CORE
60730,45083,jQuery
60731,45083,Node.js
60735,45085,Vue.js
60738,45086,Next.js
60739,45086,Node.js
60740,45086,React
60742,45087,Express
60745,45087,Next.js
60746,45087,Node.js
60747,45087,React
60751,45091,ASP.NET
60752,45091,ASP.NET CORE
60754,45091,jQuery
60755,45091,Node.js
60756,45091,React
60757,45096,Angular
60758,45096,Express
60759,45096,Next.js
60760,45096,Node.js
60761,45096,React
60762,45096,Vue.js
60763,45102,Express
60765,45102,Node.js
60766,45102,React
60768,45103,Next.js
60769,45103,Node.js
60770,45103,React
60775,45113,Next.js
60776,45113,Node.js
60777,45113,React
60778,45113,Spring Boot
60779,45116,ASP.NET
60780,45116,ASP.NET CORE
60781,45116,Express
60783,45116,Node.js
60784,45116,Vue.js
60787,45131,Angular
60788,45131,ASP.NET
60789,45131,ASP.NET CORE
60791,45131,jQuery
60793,45131,Node.js
60795,45131,Vue.js
60796,45134,jQuery
60798,45136,ASP.NET
60799,45136,ASP.NET CORE
60800,45136,jQuery
60801,45136,Vue.js
60803,45144,jQuery
60804,45144,Next.js
60805,45144,Node.js
60806,45144,React
60809,45146,ASP.NET
60810,45146,ASP.NET CORE
60811,45146,jQuery
60812,45146,Node.js
60813,45146,React
60815,45147,Next.js
60816,45147,React
60819,45149,ASP.NET
60820,45149,ASP.NET CORE
60821,45150,Node.js
60822,45150,React
60823,45151,Express
60824,45151,Node.js
60825,45153,Angular
60826,45153,ASP.NET
60827,45153,ASP.NET CORE
60828,45153,jQuery
60829,45153,Vue.js
60830,45155,Angular
60831,45155,ASP.NET
60832,45155,ASP.NET CORE
60833,45155,jQuery
60834,45155,Node.js
60835,45156,Node.js
60837,45160,React
60838,45161,ASP.NET
60839,45161,ASP.NET CORE
60845,45163,Next.js
60846,45163,Node.js
60847,45163,React
60848,45163,Spring Boot
60851,45172,Angular
60853,45172,Node.js
60854,45176,Express
60855,45176,jQuery
60856,45176,Node.js
60858,45179,Angular
60859,45179,Express
60860,45179,Next.js
60861,45179,Node.js
60862,45179,React
60864,45179,Vue.js
60866,45183,ASP.NET
60867,45183,ASP.NET CORE
60868,45183,Node.js
60870,45183,Vue.js
60871,45185,Angular
60872,45185,ASP.NET CORE
60873,45185,jQuery
60874,45185,Node.js
60875,45185,React
60876,45185,Spring Boot
60877,45186,Angular
60878,45186,Next.js
60879,45186,Node.js
60880,45186,React
60881,45193,React
60882,45195,Angular
60883,45195,Express
60885,45195,Node.js
60887,45195,React
60888,45195,Vue.js
60889,45199,Angular
60892,45199,Express
60896,45199,Node.js
60897,45199,React
60898,45199,Spring Boot
60899,45202,jQuery
60903,45203,ASP.NET
60905,45203,jQuery
60906,45203,Node.js
60908,45208,jQuery
60909,45208,Node.js
60910,45216,Next.js
60911,45216,React
60912,45217,Angular
60913,45217,ASP.NET
60914,45217,ASP.NET CORE
60915,45217,React
60916,45218,ASP.NET
60917,45218,ASP.NET CORE
60919,45218,Node.js
60920,45218,React
60921,45219,jQuery
60922,45219,Node.js
60926,45220,Express
60928,45220,jQuery
60929,45220,Node.js
60930,45220,React
60932,45220,Spring Boot
60934,45223,ASP.NET
60935,45223,ASP.NET CORE
60936,45223,jQuery
60937,45223,Node.js
60938,45223,React
60939,45225,Angular
60940,45225,ASP.NET
60941,45225,ASP.NET CORE
60942,45225,jQuery
60943,45225,Node.js
60944,45226,Angular
60945,45226,ASP.NET CORE
60946,45227,React
60949,45229,React
60951,45229,Vue.js
60954,45231,Express
60956,45231,Next.js
60957,45231,Node.js
60958,45231,React
60960,45232,ASP.NET CORE
60961,45232,Express
60962,45232,React
60965,45235,Next.js
60966,45235,React
60969,45236,Next.js
60970,45236,Node.js
60972,45236,React
60974,45236,Vue.js
60975,45237,Next.js
60976,45237,Node.js
60977,45237,React
60981,45244,jQuery
60983,45244,Node.js
60984,45244,React
60987,45252,Next.js
60988,45252,Node.js
60989,45252,React
60991,45253,Angular
60992,45253,jQuery
60993,45253,Node.js
60996,45255,jQuery
60998,45255,Next.js
60999,45255,Node.js
61001,45257,jQuery
61003,45257,Vue.js
61004,45261,Angular
61007,45261,Express
61008,45261,jQuery
61011,45261,Next.js
61012,45261,Node.js
61013,45261,React
61016,45261,Vue.js
61018,45269,ASP.NET
61019,45269,ASP.NET CORE
61020,45269,jQuery
61022,45276,Express
61025,45276,React
61026,45278,Node.js
61027,45278,React
61028,45280,Express
61029,45280,Node.js
61030,45280,React
61031,45281,Node.js
61032,45281,React
61034,45287,React
61035,45288,ASP.NET
61036,45288,ASP.NET CORE
61037,45288,Node.js
61038,45289,Express
61039,45289,jQuery
61041,45289,Node.js
61045,45289,Vue.js
61047,45294,Node.js
61049,45294,Vue.js
61052,45299,Next.js
61053,45299,React
61054,45300,Express
61055,45300,Next.js
61056,45300,Node.js
61057,45300,React
61058,45300,Spring Boot
61060,45301,React
61061,45309,Angular
61063,45309,Next.js
61064,45309,Node.js
61065,45309,React
61068,45313,ASP.NET CORE
61069,45313,jQuery
61071,45319,Node.js
61072,45319,React
61074,45321,Node.js
61075,45321,Spring Boot
61076,45325,Angular
61077,45325,jQuery
61079,45325,Node.js
61080,45325,React
61081,45325,Vue.js
61082,45329,Express
61084,45329,Node.js
61085,45329,React
61088,45341,Angular
61089,45341,React
61091,45342,Next.js
61092,45342,Node.js
61093,45342,React
61096,45347,ASP.NET
61097,45347,jQuery
61098,45347,Node.js
61104,45349,Spring Boot
61105,45351,ASP.NET CORE
61106,45351,Express
61107,45351,Node.js
61108,45351,React
61109,45353,Angular
61110,45353,Express
61111,45353,Node.js
61113,45353,Spring Boot
61114,45353,Vue.js
61115,45357,Angular
61119,45357,Node.js
61120,45357,React
61121,45357,Spring Boot
61122,45360,Spring Boot
61123,45364,ASP.NET CORE
61125,45364,Vue.js
61126,45365,Angular
61128,45365,Express
61129,45365,Node.js
61130,45365,React
61131,45365,Spring Boot
61132,45365,Vue.js
61133,45366,Angular
61134,45366,Node.js
61135,45366,React
61136,45366,Spring Boot
61138,45368,React
61139,45368,Spring Boot
61141,45375,React
61142,45377,Express
61144,45377,Node.js
61145,45377,React
61148,45378,Angular
61149,45378,ASP.NET CORE
61151,45378,Express
61153,45378,Node.js
61154,45378,React
61155,45378,Spring Boot
61157,45384,React
61159,45386,ASP.NET
61160,45386,ASP.NET CORE
61162,45386,jQuery
61163,45386,React
61165,45397,Angular
61168,45397,jQuery
61169,45397,React
61171,45399,Angular
61173,45399,ASP.NET
61174,45399,ASP.NET CORE
61175,45399,React
61176,45401,Express
61177,45401,jQuery
61178,45401,Node.js
61179,45401,React
61180,45403,ASP.NET
61181,45403,ASP.NET CORE
61186,45404,Node.js
61187,45404,Vue.js
61188,45405,React
61189,45406,Angular
61191,45406,Node.js
61192,45406,Spring Boot
61193,45407,ASP.NET CORE
61195,45408,jQuery
61197,45409,Angular
61199,45409,ASP.NET
61200,45409,ASP.NET CORE
61201,45409,Express
61202,45409,jQuery
61203,45409,Node.js
61204,45416,ASP.NET
61205,45416,jQuery
61206,45416,Node.js
61210,45417,Express
61211,45417,jQuery
61212,45417,Node.js
61213,45417,React
61215,45417,Vue.js
61217,45421,jQuery
61219,45421,React
61221,45424,Express
61222,45424,Next.js
61223,45424,Node.js
61225,45425,Node.js
61226,45425,React
61228,45433,Node.js
61229,45433,React
61230,45434,ASP.NET
61231,45434,Express
61233,45434,Node.js
61235,45435,Angular
61239,45435,Express
61240,45435,Next.js
61241,45435,Node.js
61242,45435,React
61246,45437,ASP.NET
61247,45437,ASP.NET CORE
61248,45437,Node.js
61249,45437,React
61250,45441,Next.js
61251,45441,Node.js
61252,45441,React
61253,45443,Angular
61254,45443,ASP.NET
61255,45443,ASP.NET CORE
61256,45443,Express
61258,45443,jQuery
61259,45443,Node.js
61260,45443,React
61261,45445,Node.js
61262,45445,React
61263,45446,Angular
61264,45446,ASP.NET
61265,45446,Next.js
61266,45446,Node.js
61268,45446,React
61270,45446,Vue.js
61271,45447,React
61273,45448,Node.js
61274,45448,React
61275,45450,ASP.NET
61276,45450,ASP.NET CORE
61278,45452,Next.js
61279,45452,Node.js
61280,45452,React
61281,45453,Angular
61284,45455,Node.js
61285,45455,React
61287,45455,Spring Boot
61289,45458,jQuery
61290,45458,Node.js
61291,45458,React
61293,45460,Node.js
61294,45460,React
61295,45460,Vue.js
61296,45463,ASP.NET
61297,45463,ASP.NET CORE
61299,45463,Express
61300,45463,jQuery
61302,45463,Next.js
61303,45463,Node.js
61306,45463,Vue.js
61309,45468,Express
61310,45468,Node.js
61311,45468,React
61313,45470,Angular
61314,45470,jQuery
61315,45470,React
61316,45472,Angular
61320,45472,Express
61323,45472,jQuery
61326,45472,Node.js
61329,45472,React
61330,45472,Spring Boot
61331,45472,Vue.js
61333,45473,jQuery
61334,45474,Angular
61335,45474,ASP.NET CORE
61337,45479,jQuery
61339,45479,Next.js
61340,45479,React
61342,45483,Node.js
61345,45485,Next.js
61346,45485,React
61349,45487,React
61350,45487,Spring Boot
61351,45488,Angular
61352,45488,ASP.NET CORE
61354,45488,Node.js
61355,45488,Spring Boot
61357,45491,ASP.NET CORE
61359,45491,Express
61361,45491,jQuery
61362,45491,React
61363,45491,Spring Boot
61364,45491,Vue.js
61367,45495,Express
61369,45495,jQuery
61370,45495,Node.js
61372,45495,Spring Boot
61373,45495,Vue.js
61376,45496,jQuery
61377,45496,Node.js
61378,45496,React
61381,45498,jQuery
61382,45498,Node.js
61383,45498,Vue.js
61387,45502,Angular
61392,45506,Next.js
61393,45506,Node.js
61394,45506,React
61395,45509,Express
61396,45509,jQuery
61400,45509,Vue.js
61402,45511,Express
61403,45511,Node.js
61404,45511,React
61406,45514,ASP.NET CORE
61411,45516,Angular
61412,45516,ASP.NET CORE
61414,45516,Next.js
61415,45516,Node.js
61418,45533,Angular
61419,45535,jQuery
61420,45535,Node.js
61421,45535,React
61422,45535,Spring Boot
61424,45540,ASP.NET
61425,45540,ASP.NET CORE
61426,45540,Node.js
61427,45540,React
61428,45541,jQuery
61430,45542,React
61435,45543,Next.js
61436,45543,React
61439,45548,React
61441,45550,Angular
61443,45550,ASP.NET
61444,45550,ASP.NET CORE
61446,45556,ASP.NET
61447,45556,ASP.NET CORE
61448,45556,jQuery
61449,45557,React
61451,45562,ASP.NET CORE
61453,45562,Node.js
61454,45562,React
61456,45569,Angular
61458,45569,Express
61459,45569,jQuery
61461,45569,Node.js
61464,45574,Angular
61465,45574,ASP.NET CORE
61467,45574,Node.js
61468,45574,React
61472,45576,jQuery
61473,45576,Node.js
61474,45576,React
61475,45576,Spring Boot
61476,45576,Vue.js
61477,45577,Express
61479,45577,Node.js
61481,45587,Node.js
61482,45587,React
61483,45587,Spring Boot
61484,45591,Angular
61485,45591,ASP.NET CORE
61486,45591,jQuery
61487,45591,Node.js
61488,45591,Spring Boot
61490,45596,Express
61493,45596,jQuery
61495,45596,Next.js
61496,45596,Node.js
61498,45596,React
61502,45596,Vue.js
61504,45600,Express
61506,45600,Node.js
61507,45600,React
61508,45601,Angular
61510,45601,ASP.NET
61511,45601,ASP.NET CORE
61513,45601,jQuery
61514,45601,Node.js
61515,45601,React
61517,45605,Node.js
61519,45606,React
61521,45606,Vue.js
61522,45608,Express
61523,45608,Next.js
61524,45608,Node.js
61525,45608,React
61526,45612,Angular
61527,45612,Express
61528,45612,Node.js
61529,45612,Spring Boot
61530,45613,Angular
61531,45613,ASP.NET
61532,45613,ASP.NET CORE
61534,45613,jQuery
61537,45615,ASP.NET CORE
61539,45615,Next.js
61540,45615,Node.js
61541,45615,React
61543,45619,React
61544,45619,Vue.js
61545,45621,Next.js
61546,45621,React
61549,45626,Express
61550,45626,Node.js
61551,45626,React
61558,45633,Node.js
61559,45637,Angular
61560,45637,Node.js
61561,45638,ASP.NET
61562,45638,ASP.NET CORE
61565,45638,jQuery
61566,45638,Spring Boot
61567,45639,Express
61568,45639,Vue.js
61570,45646,Next.js
61571,45646,React
61572,45646,Spring Boot
61573,45646,Vue.js
61574,45651,Angular
61575,45651,Node.js
61576,45654,Angular
61578,45656,React
61580,45656,Vue.js
61581,45657,Node.js
61582,45657,React
61583,45658,ASP.NET
61584,45659,ASP.NET CORE
61586,45660,jQuery
61587,45660,Next.js
61588,45660,Node.js
61589,45660,React
61591,45661,Angular
61592,45661,Spring Boot
61593,45666,Angular
61595,45666,ASP.NET
61596,45666,ASP.NET CORE
61598,45666,Express
61600,45666,Next.js
61601,45666,Node.js
61602,45666,React
61604,45668,ASP.NET CORE
61605,45668,React
61606,45670,Spring Boot
61607,45672,Node.js
61608,45672,Vue.js
61612,45675,Vue.js
61618,45678,Express
61620,45678,jQuery
61621,45678,Next.js
61622,45678,Node.js
61623,45678,React
61624,45682,ASP.NET
61625,45682,ASP.NET CORE
61626,45682,React
61627,45684,Express
61629,45684,Node.js
61630,45684,React
61631,45687,Spring Boot
61632,45689,Node.js
61635,45699,Express
61636,45699,Next.js
61637,45699,Node.js
61638,45699,React
61639,45700,ASP.NET CORE
61643,45700,React
61645,45701,ASP.NET
61646,45701,ASP.NET CORE
61647,45701,Vue.js
61648,45706,React
61650,45708,React
61652,45711,Express
61653,45711,Next.js
61654,45711,Node.js
61655,45711,React
61656,45712,Express
61657,45712,Node.js
61658,45713,React
61661,45714,jQuery
61663,45714,Node.js
61665,45714,Vue.js
61666,45717,Spring Boot
61667,45720,ASP.NET
61668,45720,ASP.NET CORE
61670,45723,jQuery
61672,45723,Vue.js
61674,45725,Node.js
61675,45725,Vue.js
61676,45726,Node.js
61679,45729,React
61682,45733,Node.js
61683,45733,React
61685,45736,Express
61687,45736,Next.js
61688,45736,Node.js
61689,45736,React
61691,45736,Vue.js
61694,45738,Next.js
61695,45738,Node.js
61696,45738,React
61698,45742,Express
61699,45742,Node.js
61700,45742,Vue.js
61701,45746,Spring Boot
61702,45746,Vue.js
61703,45749,Angular
61704,45749,Express
61705,45749,jQuery
61706,45749,Node.js
61707,45749,React
61708,45750,ASP.NET CORE
61709,45750,React
61712,45753,jQuery
61714,45753,Vue.js
61716,45754,ASP.NET
61717,45754,ASP.NET CORE
61718,45754,jQuery
61719,45757,Express
61723,45757,Node.js
61725,45757,Vue.js
61726,45758,React
61727,45758,Spring Boot
61728,45760,Express
61729,45760,jQuery
61730,45760,Node.js
61733,45761,React
61734,45762,Angular
61738,45763,jQuery
61739,45763,Node.js
61740,45763,React
61742,45766,Angular
61743,45766,Spring Boot
61744,45769,Angular
61745,45769,ASP.NET CORE
61746,45769,jQuery
61747,45769,Node.js
61749,45788,Express
61750,45788,Node.js
61751,45788,Vue.js
61752,45791,Next.js
61753,45791,Node.js
61754,45791,React
61757,45794,Angular
61759,45794,Node.js
61760,45799,Angular
61761,45799,ASP.NET
61762,45799,ASP.NET CORE
61763,45799,jQuery
61764,45799,Node.js
61765,45799,React
61766,45799,Vue.js
61767,45802,Node.js
61769,45818,Node.js
61770,45818,React
61772,45819,Spring Boot
61774,45820,React
61776,45821,Express
61778,45821,Next.js
61779,45821,Node.js
61780,45821,React
61784,45822,ASP.NET CORE
61785,45822,React
61787,45825,jQuery
61788,45825,React
61789,45825,Vue.js
61791,45828,React
61792,45831,ASP.NET CORE
61793,45831,Express
61794,45831,Node.js
61796,45831,Vue.js
61797,45833,Angular
61798,45833,Express
61799,45833,Node.js
61800,45833,Spring Boot
61802,45846,Angular
61804,45846,ASP.NET
61805,45846,ASP.NET CORE
61806,45846,Next.js
61807,45846,React
61808,45846,Spring Boot
61809,45848,Angular
61811,45848,Spring Boot
61812,45855,ASP.NET CORE
61813,45855,React
61814,45862,React
61816,45865,jQuery
61817,45870,React
61820,45875,jQuery
61821,45875,Next.js
61822,45875,Node.js
61823,45875,React
61824,45875,Spring Boot
61825,45877,Angular
61827,45877,ASP.NET
61828,45877,ASP.NET CORE
61830,45877,Next.js
61831,45877,Node.js
61833,45877,React
61834,45877,Spring Boot
61835,45877,Vue.js
61837,45878,jQuery
61839,45881,ASP.NET
61840,45881,ASP.NET CORE
61841,45881,jQuery
61842,45881,Next.js
61843,45881,React
61844,45881,Vue.js
61845,45887,React
61847,45892,Next.js
61848,45892,Node.js
61849,45892,React
61850,45892,Spring Boot
61851,45906,Next.js
61852,45906,Node.js
61854,45907,Angular
61856,45907,ASP.NET
61857,45907,Express
61860,45907,jQuery
61861,45907,Node.js
61862,45907,React
61864,45907,Vue.js
61865,45913,Angular
61868,45913,jQuery
61869,45913,Node.js
61871,45915,jQuery
61873,45917,React
61874,45919,Angular
61876,45919,ASP.NET CORE
61879,45919,jQuery
61881,45919,Node.js
61882,45919,React
61883,45919,Vue.js
61886,45925,React
61887,45927,Angular
61888,45927,ASP.NET CORE
61890,45937,Express
61891,45937,jQuery
61892,45937,Node.js
61894,45938,Express
61896,45938,jQuery
61898,45938,Next.js
61899,45938,Node.js
61900,45938,React
61902,45939,Node.js
61903,45939,Vue.js
61904,45941,React
61906,45941,Vue.js
61908,45943,Next.js
61909,45943,Node.js
61910,45945,ASP.NET CORE
61911,45945,jQuery
61912,45946,ASP.NET
61913,45946,ASP.NET CORE
61914,45947,ASP.NET
61915,45947,ASP.NET CORE
61916,45949,ASP.NET
61917,45949,ASP.NET CORE
61922,45949,jQuery
61923,45949,Next.js
61924,45949,Node.js
61925,45949,React
61927,45949,Vue.js
61928,45950,jQuery
61930,45952,Spring Boot
61934,45961,ASP.NET
61936,45967,ASP.NET
61937,45967,jQuery
61938,45968,ASP.NET
61939,45968,Express
61941,45968,jQuery
61943,45968,Node.js
61944,45968,React
61946,45972,Express
61947,45972,jQuery
61949,45972,Node.js
61950,45972,React
61951,45972,Vue.js
61953,45973,jQuery
61954,45973,Node.js
61955,45978,ASP.NET CORE
61956,45978,React
61957,45979,Angular
61958,45979,jQuery
61962,45986,jQuery
61963,45986,Node.js
61965,45989,Vue.js
61967,45995,Next.js
61968,45995,React
61969,45996,Angular
61970,45996,ASP.NET
61971,45996,ASP.NET CORE
61972,45996,jQuery
61975,45997,Next.js
61976,45997,Node.js
61978,45998,Spring Boot
61979,45998,Vue.js
61980,46002,Express
61981,46002,Node.js
61982,46002,Spring Boot
61983,46002,Vue.js
61985,46004,ASP.NET
61986,46004,ASP.NET CORE
61987,46004,jQuery
61988,46004,Node.js
61990,46004,Vue.js
61991,46006,Angular
61992,46006,ASP.NET
61993,46006,ASP.NET CORE
61997,46006,Express
62000,46006,jQuery
62002,46006,Next.js
62003,46006,Node.js
62006,46015,Express
62007,46015,Node.js
62008,46015,Spring Boot
62009,46015,Vue.js
62010,46016,Node.js
62012,46016,Vue.js
62013,46017,Angular
62014,46017,ASP.NET
62015,46017,ASP.NET CORE
62017,46017,jQuery
62020,46019,Next.js
62021,46019,Node.js
62022,46019,React
62025,46025,Express
62026,46025,Next.js
62028,46025,React
62030,46025,Vue.js
62031,46027,Express
62033,46027,Node.js
62034,46027,React
62036,46029,Node.js
62037,46029,Vue.js
62038,46031,Next.js
62039,46031,React
62041,46039,React
62042,46039,Spring Boot
62043,46039,Vue.js
62046,46043,Next.js
62047,46043,Node.js
62050,46043,React
62053,46043,Vue.js
62054,46054,Vue.js
62056,46055,Next.js
62057,46055,React
62058,46073,Next.js
62059,46073,Node.js
62060,46073,React
62061,46078,Node.js
62062,46078,Spring Boot
62063,46078,Vue.js
62064,46082,ASP.NET
62066,46086,Next.js
62067,46086,React
62068,46092,React
62069,46092,Spring Boot
62071,46092,Vue.js
62072,46097,ASP.NET
62073,46097,jQuery
62074,46097,Vue.js
62075,46103,Express
62076,46103,React
62077,46109,Express
62078,46109,Next.js
62079,46109,Node.js
62080,46109,React
62082,46112,Spring Boot
62084,46114,Node.js
62086,46116,Express
62088,46116,Node.js
62090,46123,jQuery
62091,46123,Node.js
62093,46123,Vue.js
62094,46124,Node.js
62095,46124,Spring Boot
62096,46124,Vue.js
62098,46127,Next.js
62100,46127,React
62102,46130,Angular
62104,46130,ASP.NET
62105,46130,ASP.NET CORE
62106,46130,jQuery
62109,46135,React
62111,46136,jQuery
62112,46140,Node.js
62113,46140,Vue.js
62114,46144,Express
62116,46144,jQuery
62117,46144,Node.js
62118,46144,Spring Boot
62119,46145,Angular
62122,46145,React
62123,46145,Vue.js
62125,46149,jQuery
62126,46152,Next.js
62127,46152,Node.js
62128,46152,React
62129,46157,ASP.NET CORE
62131,46157,jQuery
62133,46161,Vue.js
62135,46162,Spring Boot
62137,46167,Next.js
62138,46167,React
62140,46168,jQuery
62142,46168,Vue.js
62145,46173,Express
62147,46173,Node.js
62149,46173,Vue.js
62151,46175,Express
62154,46175,jQuery
62156,46175,Node.js
62162,46178,ASP.NET CORE
62163,46178,jQuery
62164,46178,Node.js
62165,46178,Spring Boot
62166,46178,Vue.js
62167,46179,React
62169,46189,ASP.NET CORE
62171,46191,ASP.NET
62173,46191,jQuery
62174,46194,Angular
62178,46200,Node.js
62179,46200,React
62182,46200,Vue.js
62183,46205,ASP.NET
62184,46205,ASP.NET CORE
62186,46205,Vue.js
62189,46216,ASP.NET CORE
62194,46216,Node.js
62195,46216,React
62196,46216,Vue.js
62199,46218,Vue.js
62200,46219,Express
62203,46219,Next.js
62204,46219,React
62207,46222,React
62209,46222,Vue.js
62212,46226,Node.js
62213,46226,React
62215,46228,ASP.NET CORE
62218,46228,React
62220,46228,Vue.js
62221,46230,Node.js
62222,46230,React
62223,46231,jQuery
62227,46235,React
62228,46235,Spring Boot
62229,46237,ASP.NET CORE
62230,46237,Next.js
62231,46237,React
62232,46241,ASP.NET
62233,46241,ASP.NET CORE
62235,46241,Node.js
62236,46241,React
62238,46248,jQuery
62239,46248,Node.js
62242,46251,jQuery
62245,46255,ASP.NET
62246,46255,ASP.NET CORE
62247,46255,Node.js
62248,46255,React
62250,46257,Express
62252,46257,jQuery
62253,46257,Node.js
62254,46257,React
62260,46268,Next.js
62261,46268,Node.js
62262,46268,React
62267,46282,jQuery
62270,46287,Express
62271,46287,Next.js
62272,46287,Node.js
62273,46287,React
62275,46289,React
62276,46290,jQuery
62277,46290,React
62278,46290,Spring Boot
62283,46292,Vue.js
62285,46296,Vue.js
62286,46315,Spring Boot
62288,46316,Node.js
62289,46316,React
62290,46316,Spring Boot
62291,46324,Angular
62292,46324,React
62293,46327,jQuery
62294,46327,Node.js
62295,46327,React
62296,46327,Spring Boot
62298,46336,jQuery
62300,46342,React
62301,46347,jQuery
62302,46347,Spring Boot
62303,46351,React
62304,46351,Spring Boot
62305,46357,ASP.NET
62306,46357,ASP.NET CORE
62307,46357,jQuery
62309,46363,Express
62311,46363,jQuery
62312,46363,Next.js
62313,46363,Node.js
62314,46363,React
62317,46365,Express
62320,46365,Next.js
62321,46365,Node.js
62322,46365,React
62323,46366,Angular
62324,46366,ASP.NET CORE
62327,46366,Spring Boot
62330,46370,Node.js
62336,46371,Next.js
62337,46371,Node.js
62338,46371,React
62340,46375,React
62341,46383,jQuery
62342,46384,Angular
62344,46387,React
62346,46390,ASP.NET
62347,46390,ASP.NET CORE
62349,46390,Express
62350,46390,React
62351,46390,Spring Boot
62353,46394,Angular
62355,46394,Next.js
62356,46394,Node.js
62357,46394,React
62359,46395,Express
62361,46395,Next.js
62362,46395,Node.js
62363,46395,React
62364,46396,ASP.NET
62365,46396,ASP.NET CORE
62367,46396,jQuery
62368,46396,Node.js
62369,46396,React
62371,46405,Next.js
62372,46405,Node.js
62373,46405,React
62375,46405,Vue.js
62377,46406,React
62378,46410,ASP.NET
62379,46410,ASP.NET CORE
62381,46410,Express
62384,46410,jQuery
62385,46410,Node.js
62386,46410,React
62388,46410,Vue.js
62389,46412,React
62391,46417,ASP.NET CORE
62393,46417,jQuery
62394,46417,Spring Boot
62395,46417,Vue.js
62396,46419,ASP.NET
62397,46419,ASP.NET CORE
62398,46419,jQuery
62399,46419,Node.js
62401,46420,React
62402,46420,Spring Boot
62403,46430,Next.js
62404,46430,React
62406,46432,ASP.NET
62407,46432,ASP.NET CORE
62409,46432,jQuery
62412,46433,jQuery
62414,46433,Next.js
62415,46433,Node.js
62416,46433,React
62418,46435,ASP.NET
62419,46435,React
62420,46438,ASP.NET CORE
62421,46438,Node.js
62422,46438,React
62424,46447,ASP.NET CORE
62425,46447,Next.js
62426,46447,React
62432,46451,Next.js
62433,46451,Node.js
62434,46451,React
62437,46460,Node.js
62439,46460,Vue.js
62442,46461,Node.js
62443,46461,React
62445,46462,jQuery
62447,46464,React
62449,46465,Express
62450,46465,Node.js
62451,46465,React
62452,46467,Angular
62454,46468,Angular
62456,46468,React
62457,46468,Vue.js
62459,46470,Next.js
62460,46470,Node.js
62461,46470,React
62464,46473,Express
62465,46473,jQuery
62466,46473,Node.js
62467,46473,React
62469,46474,ASP.NET
62471,46474,jQuery
62473,46474,Node.js
62477,46475,ASP.NET
62478,46475,ASP.NET CORE
62479,46480,ASP.NET CORE
62480,46480,React
62481,46484,ASP.NET CORE
62482,46484,jQuery
62483,46484,Node.js
62485,46485,Node.js
62486,46485,React
62489,46485,Vue.js
62491,46498,jQuery
62494,46498,React
62495,46506,ASP.NET CORE
62497,46506,Express
62499,46506,Next.js
62500,46506,Node.js
62502,46506,React
62503,46506,Vue.js
62507,46507,Vue.js
62509,46511,Express
62511,46511,jQuery
62513,46511,Node.js
62514,46511,React
62516,46511,Vue.js
62517,46514,ASP.NET CORE
62518,46525,ASP.NET CORE
62524,46534,Next.js
62525,46534,React
62527,46534,Spring Boot
62529,46536,Vue.js
62530,46542,Node.js
62531,46544,Express
62532,46544,Node.js
62533,46544,React
62534,46549,Node.js
62535,46549,React
62536,46553,Angular
62537,46553,ASP.NET
62538,46554,Angular
62539,46554,jQuery
62540,46554,React
62541,46554,Spring Boot
62542,46558,Express
62545,46558,Node.js
62546,46558,React
62547,46558,Spring Boot
62548,46558,Vue.js
62549,46560,jQuery
62550,46560,Node.js
62551,46561,Angular
62554,46561,Spring Boot
62555,46564,ASP.NET
62556,46564,ASP.NET CORE
62558,46564,jQuery
62559,46564,Node.js
62562,46568,ASP.NET
62563,46568,ASP.NET CORE
62564,46568,Express
62565,46568,Next.js
62566,46568,Node.js
62567,46568,React
62568,46572,Angular
62569,46572,jQuery
62570,46572,Node.js
62574,46573,Node.js
62575,46573,React
62576,46577,ASP.NET
62579,46580,Express
62581,46580,Next.js
62582,46580,Node.js
62583,46580,React
62585,46585,Angular
62586,46585,Node.js
62587,46585,React
62589,46604,Spring Boot
62591,46604,Vue.js
62592,46606,Angular
62594,46606,Express
62595,46606,jQuery
62597,46606,Node.js
62598,46606,React
62601,46612,Next.js
62602,46612,Node.js
62603,46612,React
62604,46612,Spring Boot
62605,46618,Angular
62606,46618,Next.js
62607,46618,React
62608,46618,Spring Boot
62609,46618,Vue.js
62610,46620,ASP.NET
62611,46620,ASP.NET CORE
62612,46620,Express
62614,46620,Next.js
62615,46620,Node.js
62616,46620,React
62617,46621,Express
62619,46621,Node.js
62620,46621,React
62622,46622,ASP.NET
62623,46622,jQuery
62625,46624,React
62626,46627,Angular
62628,46627,ASP.NET
62629,46627,ASP.NET CORE
62630,46627,Node.js
62631,46627,Spring Boot
62632,46631,Angular
62633,46631,ASP.NET
62634,46631,ASP.NET CORE
62636,46631,Express
62637,46631,jQuery
62638,46631,Node.js
62639,46631,React
62640,46631,Vue.js
62641,46633,ASP.NET
62642,46640,Angular
62643,46640,jQuery
62644,46640,Spring Boot
62646,46642,Next.js
62647,46642,Node.js
62648,46642,React
62649,46643,jQuery
62650,46643,Node.js
62651,46643,React
62654,46645,React
62655,46652,Angular
62656,46652,ASP.NET CORE
62658,46652,Next.js
62659,46652,React
62660,46654,ASP.NET
62661,46654,ASP.NET CORE
62662,46654,Node.js
62663,46654,React
62665,46660,Express
62669,46660,Next.js
62670,46660,Node.js
62671,46660,React
62673,46666,Next.js
62674,46666,Node.js
62675,46666,React
62676,46666,Vue.js
62678,46669,React
62680,46671,Angular
62682,46672,Angular
62684,46672,Express
62686,46672,jQuery
62687,46672,Node.js
62688,46672,React
62689,46678,Angular
62691,46678,jQuery
62692,46678,Spring Boot
62695,46689,Next.js
62696,46689,React
62699,46691,jQuery
62700,46696,Express
62701,46696,React
62703,46699,Angular
62704,46699,ASP.NET
62705,46699,ASP.NET CORE
62707,46699,jQuery
62708,46699,Next.js
62709,46699,Node.js
62710,46699,React
62712,46708,Angular
62713,46708,jQuery
62714,46708,Node.js
62715,46708,Spring Boot
62717,46711,ASP.NET CORE
62719,46711,jQuery
62721,46712,Angular
62722,46712,ASP.NET CORE
62723,46712,React
62724,46712,Spring Boot
62725,46714,Angular
62727,46714,jQuery
62729,46714,React
62732,46717,jQuery
62733,46717,Next.js
62734,46717,Node.js
62735,46717,React
62737,46718,Angular
62738,46718,ASP.NET
62739,46718,ASP.NET CORE
62741,46718,Node.js
62742,46718,Vue.js
62743,46720,Node.js
62744,46720,React
62745,46731,Angular
62746,46731,ASP.NET
62747,46731,ASP.NET CORE
62748,46731,Express
62749,46731,jQuery
62751,46731,Next.js
62752,46731,Node.js
62753,46731,Spring Boot
62755,46733,Express
62756,46733,jQuery
62757,46733,React
62758,46736,Express
62760,46736,Node.js
62761,46736,Vue.js
62762,46738,Express
62767,46738,Node.js
62768,46738,React
62769,46738,Spring Boot
62772,46744,Express
62773,46744,Next.js
62774,46744,Node.js
62775,46744,React
62776,46749,ASP.NET CORE
62778,46749,Next.js
62779,46749,Node.js
62780,46749,React
62782,46756,Express
62786,46757,Node.js
62787,46757,React
62792,46758,Next.js
62793,46758,Node.js
62794,46758,React
62798,46762,Node.js
62800,46762,Spring Boot
62801,46762,Vue.js
62802,46768,Next.js
62803,46768,Node.js
62804,46768,React
62805,46768,Vue.js
62807,46771,ASP.NET
62808,46771,ASP.NET CORE
62810,46771,React
62811,46776,ASP.NET
62812,46776,ASP.NET CORE
62814,46776,Next.js
62815,46776,Node.js
62816,46776,React
62817,46784,Angular
62819,46784,ASP.NET CORE
62820,46784,Express
62821,46784,jQuery
62823,46784,Node.js
62824,46784,React
62825,46786,ASP.NET
62826,46786,ASP.NET CORE
62827,46786,Express
62828,46786,jQuery
62829,46786,Node.js
62830,46786,Vue.js
62831,46787,Express
62834,46787,Next.js
62835,46787,Node.js
62836,46787,React
62839,46790,jQuery
62840,46790,Next.js
62841,46790,Node.js
62842,46790,React
62844,46802,ASP.NET CORE
62845,46802,Next.js
62846,46802,Node.js
62848,46803,Node.js
62851,46807,jQuery
62855,46808,Node.js
62856,46808,Spring Boot
62860,46809,ASP.NET CORE
62861,46809,jQuery
62863,46809,React
62866,46810,jQuery
62867,46810,Node.js
62870,46813,Angular
62871,46813,React
62873,46820,Angular
62876,46820,Express
62879,46820,React
62880,46820,Spring Boot
62881,46821,Node.js
62883,46821,Vue.js
62884,46822,Express
62885,46822,Node.js
62886,46822,React
62888,46823,Node.js
62889,46823,React
62890,46825,Next.js
62891,46825,Node.js
62893,46825,React
62894,46833,Express
62895,46833,Next.js
62896,46833,Node.js
62897,46833,React
62898,46841,Angular
62900,46841,Express
62901,46841,jQuery
62903,46841,Next.js
62904,46841,Node.js
62906,46841,React
62907,46841,Spring Boot
62908,46842,React
62910,46857,ASP.NET
62911,46857,ASP.NET CORE
62912,46866,React
62913,46875,ASP.NET CORE
62914,46875,React
62915,46879,Angular
62918,46879,Node.js
62919,46883,Express
62920,46883,jQuery
62922,46883,Spring Boot
62923,46890,jQuery
62926,46892,ASP.NET
62927,46892,ASP.NET CORE
62928,46892,jQuery
62929,46892,React
62930,46899,Angular
62931,46899,React
62932,46899,Spring Boot
62933,46901,ASP.NET
62934,46901,ASP.NET CORE
62936,46902,Angular
62938,46902,Node.js
62941,46912,ASP.NET
62942,46912,ASP.NET CORE
62945,46913,Node.js
62947,46926,Angular
62948,46926,jQuery
62953,46938,Node.js
62954,46938,Vue.js
62956,46939,Angular
62958,46939,Express
62959,46939,jQuery
62960,46939,Node.js
62961,46939,React
62964,46942,ASP.NET CORE
62966,46942,Node.js
62967,46942,Vue.js
62968,46951,React
62969,46954,Spring Boot
62970,46962,Angular
62972,46962,Next.js
62973,46962,React
62974,46967,Node.js
62975,46967,Vue.js
62976,46969,Express
62978,46969,jQuery
62979,46969,Next.js
62980,46969,React
62981,46971,ASP.NET
62982,46971,ASP.NET CORE
62984,46977,ASP.NET
62985,46977,ASP.NET CORE
62986,46983,Express
62990,46986,ASP.NET
62991,46986,ASP.NET CORE
62993,46987,ASP.NET
62994,46987,ASP.NET CORE
62996,46987,jQuery
62997,46989,Next.js
62998,46989,Node.js
62999,46989,React
63001,46989,Spring Boot
63004,46990,React
63007,46991,Node.js
63008,46991,React
63009,46996,React
63010,46996,Spring Boot
63012,46999,Next.js
63013,46999,Node.js
63014,46999,React
63016,47005,jQuery
63017,47005,Node.js
63019,47005,Spring Boot
63020,47005,Vue.js
63021,47013,Express
63022,47013,jQuery
63023,47013,Node.js
63024,47013,Vue.js
63025,47016,ASP.NET
63026,47016,ASP.NET CORE
63027,47016,jQuery
63028,47016,Node.js
63029,47017,ASP.NET
63030,47017,ASP.NET CORE
63032,47017,jQuery
63033,47017,Next.js
63034,47017,Node.js
63036,47019,jQuery
63038,47023,Angular
63039,47025,Angular
63040,47025,ASP.NET CORE
63042,47025,Node.js
63043,47025,React
63044,47030,Express
63046,47030,Node.js
63047,47030,Vue.js
63051,47032,Node.js
63052,47032,React
63056,47040,ASP.NET CORE
63057,47042,Node.js
63058,47042,Vue.js
63059,47053,Express
63061,47053,Node.js
63062,47053,React
63063,47055,Vue.js
63064,47057,Angular
63066,47057,ASP.NET
63067,47057,ASP.NET CORE
63069,47057,Express
63071,47057,jQuery
63073,47057,Next.js
63074,47057,Node.js
63075,47057,React
63078,47058,Next.js
63079,47058,Node.js
63080,47058,React
63081,47058,Spring Boot
63082,47058,Vue.js
63084,47060,Angular
63085,47060,Express
63087,47060,Next.js
63088,47060,Node.js
63089,47060,React
63090,47060,Spring Boot
63091,47064,Angular
63092,47064,ASP.NET
63093,47064,ASP.NET CORE
63095,47075,Express
63098,47075,jQuery
63099,47075,Next.js
63100,47075,React
63102,47075,Vue.js
63104,47077,React
63105,47079,Node.js
63106,47079,Spring Boot
63107,47079,Vue.js
63108,47080,ASP.NET CORE
63110,47080,Node.js
63112,47080,Vue.js
63116,47088,Next.js
63117,47088,Node.js
63118,47088,React
63119,47088,Spring Boot
63120,47090,ASP.NET CORE
63121,47092,ASP.NET CORE
63122,47095,Angular
63123,47095,jQuery
63125,47099,ASP.NET
63126,47099,ASP.NET CORE
63128,47099,Node.js
63129,47099,React
63130,47105,Next.js
63131,47105,Node.js
63132,47106,ASP.NET CORE
63135,47106,React
63136,47112,jQuery
63137,47112,Spring Boot
63138,47114,Angular
63139,47114,React
63140,47117,Angular
63141,47121,Angular
63142,47121,ASP.NET
63143,47121,ASP.NET CORE
63144,47121,jQuery
63146,47121,Next.js
63147,47121,Node.js
63148,47121,React
63149,47131,Spring Boot
63150,47131,Vue.js
63151,47132,Spring Boot
63152,47141,ASP.NET CORE
63153,47141,React
63155,47143,jQuery
63157,47143,Next.js
63159,47143,React
63160,47145,Node.js
63162,47145,React
63163,47145,Spring Boot
63164,47152,Express
63166,47152,Next.js
63167,47152,Node.js
63168,47152,React
63169,47154,Angular
63170,47154,ASP.NET CORE
63171,47161,Angular
63173,47161,Node.js
63174,47161,React
63175,47162,Angular
63176,47163,Express
63177,47163,Next.js
63178,47163,Node.js
63179,47163,React
63181,47166,Next.js
63182,47166,Node.js
63183,47166,React
63184,47176,Express
63185,47176,Next.js
63186,47176,Node.js
63187,47176,React
63190,47177,Vue.js
63192,47178,jQuery
63193,47178,Next.js
63194,47178,Node.js
63195,47178,React
63197,47180,Angular
63199,47180,ASP.NET
63200,47180,ASP.NET CORE
63201,47180,jQuery
63202,47180,Node.js
63203,47184,Spring Boot
63204,47185,jQuery
63206,47185,Next.js
63207,47185,React
63210,47201,Express
63212,47201,Node.js
63213,47201,React
63214,47204,Angular
63215,47204,ASP.NET CORE
63218,47212,Angular
63219,47212,ASP.NET CORE
63220,47212,Next.js
63221,47212,Node.js
63222,47212,React
63224,47228,React
63225,47231,Express
63226,47231,Node.js
63227,47231,React
63230,47236,jQuery
63232,47252,jQuery
63234,47252,Vue.js
63235,47258,Angular
63237,47258,React
63238,47259,React
63239,47259,Spring Boot
63240,47272,Angular
63243,47275,ASP.NET
63244,47277,Angular
63246,47277,jQuery
63247,47277,React
63248,47279,ASP.NET CORE
63251,47279,React
63252,47283,Angular
63254,47283,jQuery
63255,47283,Node.js
63258,47297,Express
63259,47297,Node.js
63260,47297,React
63261,47299,Express
63262,47299,jQuery
63263,47299,Node.js
63264,47309,jQuery
63265,47309,Spring Boot
63266,47314,Angular
63267,47314,Node.js
63268,47314,Spring Boot
63270,47317,Spring Boot
63273,47319,Node.js
63274,47319,React
63275,47319,Vue.js
63277,47321,Node.js
63278,47321,React
63279,47322,jQuery
63281,47322,Next.js
63282,47322,Node.js
63283,47322,React
63284,47322,Spring Boot
63285,47322,Vue.js
63287,47323,ASP.NET
63288,47323,ASP.NET CORE
63289,47323,jQuery
63290,47323,Next.js
63291,47323,Node.js
63292,47323,React
63293,47323,Vue.js
63294,47329,ASP.NET CORE
63297,47336,jQuery
63298,47336,Node.js
63299,47336,React
63301,47336,Spring Boot
63305,47342,Vue.js
63308,47345,Next.js
63309,47345,Node.js
63311,47347,Node.js
63313,47349,ASP.NET CORE
63315,47356,Angular
63318,47356,jQuery
63319,47356,Node.js
63321,47357,Spring Boot
63323,47364,jQuery
63325,47369,jQuery
63326,47373,ASP.NET
63328,47373,Node.js
63329,47373,Vue.js
63330,47374,Angular
63331,47374,Express
63332,47374,jQuery
63333,47374,Node.js
63334,47374,React
63336,47376,jQuery
63339,47389,Angular
63342,47389,Node.js
63343,47389,React
63345,47393,Node.js
63346,47393,React
63347,47393,Spring Boot
63348,47398,ASP.NET
63349,47398,ASP.NET CORE
63350,47398,Express
63351,47398,jQuery
63352,47398,Next.js
63353,47398,Node.js
63354,47398,React
63355,47401,Node.js
63358,47402,React
63359,47402,Spring Boot
63360,47403,Spring Boot
63361,47405,ASP.NET
63362,47405,React
63364,47418,Angular
63365,47418,Node.js
63366,47420,jQuery
63367,47432,React
63369,47436,Express
63370,47436,Next.js
63371,47436,Node.js
63373,47436,React
63374,47436,Vue.js
63375,47437,Angular
63376,47437,jQuery
63377,47437,Next.js
63378,47437,Node.js
63380,47437,React
63381,47437,Spring Boot
63383,47437,Vue.js
63384,47439,Angular
63385,47439,Express
63386,47439,Node.js
63387,47439,React
63388,47439,Spring Boot
63390,47441,Node.js
63391,47441,React
63392,47441,Vue.js
63393,47444,ASP.NET
63396,47444,jQuery
63397,47444,Node.js
63398,47444,React
63400,47449,React
63401,47449,Spring Boot
63402,47455,ASP.NET CORE
63403,47460,Angular
63405,47460,ASP.NET
63406,47460,ASP.NET CORE
63409,47460,Express
63411,47460,Next.js
63412,47460,Node.js
63413,47460,React
63415,47462,React
63417,47463,Next.js
63418,47463,React
63420,47467,ASP.NET CORE
63421,47467,Spring Boot
63422,47470,Angular
63423,47470,ASP.NET CORE
63424,47470,Node.js
63426,47476,Angular
63431,47476,Express
63432,47476,jQuery
63433,47476,Node.js
63434,47476,React
63436,47476,Vue.js
63438,47477,jQuery
63441,47482,jQuery
63442,47482,Vue.js
63443,47485,ASP.NET CORE
63445,47489,ASP.NET
63446,47489,ASP.NET CORE
63447,47490,jQuery
63449,47490,Node.js
63451,47491,ASP.NET CORE
63453,47493,ASP.NET
63454,47493,ASP.NET CORE
63456,47493,React
63457,47493,Vue.js
63458,47494,ASP.NET
63459,47494,ASP.NET CORE
63462,47495,Angular
63464,47495,ASP.NET
63466,47495,Express
63468,47495,jQuery
63470,47495,Next.js
63471,47495,Node.js
63472,47495,React
63473,47495,Spring Boot
63475,47497,Angular
63477,47497,ASP.NET
63478,47497,ASP.NET CORE
63479,47497,jQuery
63480,47497,Node.js
63482,47501,Express
63483,47501,jQuery
63484,47501,Node.js
63485,47501,React
63486,47501,Vue.js
63487,47503,jQuery
63488,47503,Spring Boot
63489,47507,jQuery
63490,47507,Vue.js
63491,47510,ASP.NET CORE
63496,47517,jQuery
63497,47517,React
63498,47527,Angular
63500,47527,jQuery
63502,47527,Node.js
63503,47536,Angular
63505,47536,Express
63508,47540,jQuery
63509,47540,Node.js
63513,47541,jQuery
63514,47541,Node.js
63518,47547,ASP.NET CORE
63519,47547,React
63520,47549,Angular
63524,47554,Next.js
63525,47554,Node.js
63526,47554,React
63527,47559,jQuery
63528,47559,Node.js
63529,47559,React
63530,47567,Spring Boot
63534,47568,jQuery
63536,47568,Spring Boot
63538,47584,Node.js
63540,47584,Vue.js
63543,47590,jQuery
63544,47590,Node.js
63546,47590,Vue.js
63548,47592,Node.js
63549,47592,React
63550,47599,ASP.NET CORE
63551,47599,Node.js
63552,47599,Vue.js
63553,47600,ASP.NET CORE
63555,47601,ASP.NET CORE
63556,47604,Express
63557,47604,Node.js
63558,47604,React
63559,47609,Angular
63561,47609,Express
63564,47609,Node.js
63565,47609,Vue.js
63566,47612,Node.js
63567,47612,React
63569,47614,Next.js
63571,47614,React
63573,47618,ASP.NET
63574,47618,ASP.NET CORE
63576,47624,Node.js
63577,47624,React
63580,47625,jQuery
63583,47632,jQuery
63584,47645,Angular
63590,47645,Express
63593,47645,jQuery
63595,47645,Next.js
63596,47645,Spring Boot
63598,47645,Vue.js
63601,47650,Express
63603,47650,Node.js
63604,47650,Vue.js
63606,47651,jQuery
63609,47659,Angular
63612,47659,Node.js
63613,47666,Express
63614,47666,Next.js
63615,47666,Node.js
63616,47666,React
63619,47671,Next.js
63620,47671,Node.js
63622,47671,React
63623,47671,Vue.js
63625,47680,Angular
63627,47680,Node.js
63628,47680,React
63629,47680,Spring Boot
63630,47689,Node.js
63633,47701,Spring Boot
63634,47705,jQuery
63636,47706,Express
63637,47706,Node.js
63638,47706,React
63639,47706,Spring Boot
63640,47713,Angular
63641,47713,ASP.NET
63642,47713,ASP.NET CORE
63649,47716,React
63652,47718,jQuery
63653,47718,Node.js
63655,47719,Angular
63656,47719,ASP.NET CORE
63661,47720,ASP.NET CORE
63662,47720,React
63663,47723,Angular
63664,47723,ASP.NET CORE
63667,47724,Vue.js
63668,47733,Express
63669,47733,Vue.js
63671,47734,jQuery
63672,47734,Node.js
63675,47734,Vue.js
63678,47737,Next.js
63679,47737,Node.js
63680,47737,React
63681,47737,Spring Boot
63682,47738,Angular
63684,47738,Node.js
63685,47738,React
63687,47742,Angular
63688,47742,ASP.NET
63689,47742,ASP.NET CORE
63690,47742,jQuery
63693,47749,Express
63696,47749,Next.js
63697,47749,Node.js
63698,47749,React
63700,47752,Express
63701,47752,jQuery
63702,47752,Node.js
63704,47752,Vue.js
63707,47754,Node.js
63709,47754,Vue.js
63712,47758,Spring Boot
63713,47758,Vue.js
63714,47762,Node.js
63715,47762,React
63716,47762,Spring Boot
63717,47764,ASP.NET CORE
63718,47764,Node.js
63719,47764,React
63722,47767,ASP.NET
63725,47767,Vue.js
63726,47775,Angular
63728,47775,jQuery
63729,47775,Next.js
63730,47775,Node.js
63731,47775,React
63732,47775,Spring Boot
63733,47776,Express
63735,47776,jQuery
63736,47776,Next.js
63737,47776,Node.js
63738,47776,React
63740,47776,Vue.js
63741,47780,Angular
63742,47780,Node.js
63743,47780,React
63744,47780,Spring Boot
63745,47783,Next.js
63746,47783,Node.js
63748,47784,Angular
63749,47784,Spring Boot
63750,47784,Vue.js
63752,47790,Express
63755,47790,jQuery
63757,47790,Next.js
63758,47790,Node.js
63759,47790,React
63760,47795,ASP.NET
63761,47795,ASP.NET CORE
63764,47795,jQuery
63765,47795,Node.js
63766,47795,React
63767,47800,ASP.NET
63768,47800,ASP.NET CORE
63769,47800,Express
63770,47800,jQuery
63772,47800,Next.js
63773,47800,Node.js
63774,47800,React
63776,47810,Express
63777,47810,jQuery
63780,47810,Next.js
63781,47810,Node.js
63783,47810,React
63784,47810,Spring Boot
63786,47810,Vue.js
63788,47812,Angular
63790,47812,ASP.NET
63791,47812,ASP.NET CORE
63793,47812,Express
63795,47812,jQuery
63797,47812,Next.js
63798,47812,Node.js
63800,47812,React
63803,47815,ASP.NET CORE
63805,47817,Spring Boot
63806,47817,Vue.js
63809,47818,Next.js
63810,47818,React
63812,47819,jQuery
63813,47819,React
63814,47819,Spring Boot
63816,47826,jQuery
63817,47826,Spring Boot
63819,47831,ASP.NET CORE
63820,47831,React
63824,47838,jQuery
63825,47838,Node.js
63826,47838,Vue.js
63827,47841,ASP.NET CORE
63828,47841,Express
63829,47841,Next.js
63830,47841,Node.js
63831,47841,React
63832,47842,Express
63834,47842,Next.js
63835,47842,Node.js
63836,47842,React
63837,47846,ASP.NET
63838,47846,ASP.NET CORE
63839,47849,jQuery
63841,47849,Node.js
63842,47849,Vue.js
63844,47850,Angular
63845,47851,Node.js
63846,47852,Angular
63847,47852,Next.js
63848,47852,Node.js
63849,47852,React
63852,47865,Express
63854,47865,Node.js
63855,47865,React
63858,47866,Node.js
63860,47866,Vue.js
63861,47878,React
63862,47881,ASP.NET
63863,47881,ASP.NET CORE
63865,47894,Angular
63866,47894,Node.js
63868,47900,ASP.NET
63869,47900,ASP.NET CORE
63872,47900,React
63873,47900,Vue.js
63875,47908,Spring Boot
63876,47909,Angular
63877,47909,ASP.NET
63878,47909,ASP.NET CORE
63879,47909,Node.js
63882,47909,Vue.js
63883,47918,Angular
63884,47918,Express
63885,47918,jQuery
63886,47918,Next.js
63888,47918,React
63890,47920,Express
63892,47920,Next.js
63893,47920,Node.js
63894,47920,React
63895,47920,Vue.js
63896,47921,jQuery
63897,47921,Node.js
63898,47921,Vue.js
63899,47922,ASP.NET CORE
63903,47922,Next.js
63904,47922,React
63906,47929,ASP.NET
63907,47929,ASP.NET CORE
63908,47929,Express
63910,47929,jQuery
63911,47929,Next.js
63912,47929,Node.js
63913,47929,React
63914,47929,Spring Boot
63916,47936,Angular
63917,47936,ASP.NET CORE
63919,47938,jQuery
63922,47941,Angular
63927,47953,Next.js
63928,47953,React
63932,47956,Next.js
63934,47962,Angular
63936,47962,ASP.NET CORE
63938,47962,Express
63939,47962,jQuery
63942,47962,Node.js
63943,47962,React
63944,47962,Spring Boot
63947,47962,Vue.js
63948,47968,Express
63949,47968,Next.js
63950,47968,Node.js
63951,47968,React
63952,47977,Angular
63955,47978,Angular
63956,47978,ASP.NET
63957,47978,ASP.NET CORE
63958,47978,Vue.js
63959,47980,Angular
63961,47980,ASP.NET
63962,47980,ASP.NET CORE
63964,47980,jQuery
63965,47980,Node.js
63966,47980,React
63967,47984,Spring Boot
63968,47986,Next.js
63970,47986,React
63972,47988,Vue.js
63975,47990,Vue.js
63978,47996,jQuery
63979,47996,React
63980,47996,Spring Boot
63981,47997,Express
63982,47997,jQuery
63983,47997,Next.js
63984,47997,Node.js
63985,47997,React
63986,48000,ASP.NET
63987,48000,ASP.NET CORE
63991,48007,Node.js
63993,48010,Express
63994,48010,jQuery
63996,48010,Next.js
63997,48010,Node.js
63998,48010,React
64001,48030,Angular
64003,48030,ASP.NET
64004,48030,ASP.NET CORE
64007,48030,jQuery
64008,48030,Node.js
64010,48039,Angular
64011,48039,Next.js
64012,48039,Node.js
64013,48039,React
64014,48039,Spring Boot
64017,48044,Node.js
64018,48044,React
64019,48044,Vue.js
64020,48047,Angular
64022,48047,ASP.NET
64023,48047,ASP.NET CORE
64024,48047,jQuery
64026,48050,React
64027,48053,Express
64029,48053,jQuery
64031,48053,Next.js
64032,48053,Node.js
64033,48053,React
64037,48056,Angular
64039,48056,Express
64040,48056,Next.js
64041,48056,Node.js
64042,48056,React
64044,48059,Node.js
64045,48059,Vue.js
64046,48060,Angular
64047,48060,ASP.NET
64048,48060,ASP.NET CORE
64050,48060,Node.js
64051,48060,React
64052,48062,Express
64053,48062,jQuery
64054,48062,Spring Boot
64057,48064,Vue.js
64058,48065,Express
64060,48065,Next.js
64061,48065,Node.js
64062,48065,React
64064,48067,React
64065,48067,Spring Boot
64066,48067,Vue.js
64067,48068,Angular
64073,48069,Next.js
64074,48069,Node.js
64075,48069,React
64078,48071,Node.js
64080,48071,Vue.js
64081,48075,Express
64082,48075,Node.js
64083,48075,React
64084,48076,Angular
64085,48076,ASP.NET CORE
64086,48077,ASP.NET
64087,48077,jQuery
64088,48077,Node.js
64089,48077,React
64090,48077,Spring Boot
64091,48078,Express
64092,48078,Node.js
64093,48083,Angular
64095,48083,React
64096,48084,Angular
64097,48084,Node.js
64098,48087,Node.js
64099,48093,Angular
64104,48093,Express
64108,48093,jQuery
64110,48093,Next.js
64111,48093,Node.js
64112,48093,React
64117,48093,Vue.js
64118,48095,jQuery
64119,48095,Next.js
64120,48095,Node.js
64121,48095,React
64122,48095,Spring Boot
64123,48096,jQuery
64125,48096,Node.js
64129,48104,Express
64130,48104,Node.js
64131,48104,React
64132,48118,ASP.NET CORE
64133,48118,React
64134,48126,Express
64136,48126,jQuery
64138,48126,Node.js
64140,48126,React
64141,48126,Vue.js
64143,48136,Next.js
64144,48139,Angular
64145,48139,ASP.NET CORE
64146,48151,ASP.NET
64147,48151,ASP.NET CORE
64148,48151,Express
64149,48151,jQuery
64150,48151,Next.js
64151,48151,Node.js
64152,48151,React
64154,48152,jQuery
64156,48152,Vue.js
64158,48154,jQuery
64159,48154,Node.js
64160,48154,React
64163,48163,ASP.NET
64164,48163,ASP.NET CORE
64165,48170,Angular
64166,48170,Express
64167,48170,jQuery
64169,48172,Angular
64170,48172,Node.js
64171,48176,Angular
64172,48176,Spring Boot
64173,48178,ASP.NET
64174,48178,ASP.NET CORE
64176,48185,Angular
64178,48185,Node.js
64179,48185,Spring Boot
64180,48187,ASP.NET CORE
64181,48187,jQuery
64182,48187,React
64190,48200,Express
64191,48200,Next.js
64192,48200,Node.js
64193,48200,React
64194,48202,React
64195,48209,Angular
64196,48209,Express
64199,48209,Node.js
64201,48209,React
64203,48209,Vue.js
64205,48221,Angular
64206,48221,React
64207,48221,Spring Boot
64208,48229,ASP.NET CORE
64211,48234,Node.js
64212,48234,React
64213,48235,Angular
64215,48235,jQuery
64216,48235,Node.js
64219,48237,Next.js
64220,48237,React
64221,48237,Spring Boot
64222,48246,Node.js
64223,48246,React
64224,48246,Spring Boot
64225,48249,Express
64227,48249,Next.js
64228,48249,Node.js
64229,48249,React
64231,48249,Vue.js
64235,48256,Express
64237,48256,jQuery
64239,48256,Next.js
64240,48256,Node.js
64241,48256,React
64243,48256,Vue.js
64244,48257,Angular
64245,48257,Node.js
64246,48257,Spring Boot
64248,48258,jQuery
64249,48258,Node.js
64251,48258,Vue.js
64255,48265,Express
64257,48265,Node.js
64258,48265,React
64259,48265,Spring Boot
64261,48268,Angular
64263,48268,Next.js
64264,48268,Node.js
64265,48268,React
64266,48270,Next.js
64267,48270,Node.js
64269,48270,React
64270,48270,Vue.js
64272,48274,Node.js
64274,48281,Node.js
64275,48281,React
64277,48283,React
64279,48289,Next.js
64280,48289,Node.js
64281,48289,React
64282,48299,Angular
64284,48299,jQuery
64286,48299,Node.js
64287,48299,React
64288,48299,Spring Boot
64289,48300,jQuery
64290,48300,Vue.js
64292,48303,Next.js
64293,48303,React
64294,48303,Spring Boot
64295,48307,Vue.js
64296,48311,ASP.NET
64297,48314,Express
64300,48314,React
64304,48331,ASP.NET CORE
64306,48344,Express
64307,48344,Node.js
64308,48344,React
64309,48346,Angular
64310,48346,ASP.NET
64311,48346,Spring Boot
64312,48349,Express
64314,48349,Next.js
64315,48349,React
64317,48353,ASP.NET
64318,48353,Express
64319,48353,Node.js
64320,48353,React
64324,48355,jQuery
64328,48355,Spring Boot
64330,48356,React
64334,48378,Angular
64335,48378,Spring Boot
64336,48381,jQuery
64337,48381,Next.js
64338,48381,Node.js
64339,48381,React
64341,48386,ASP.NET
64342,48386,ASP.NET CORE
64343,48386,jQuery
64344,48386,Node.js
64345,48386,Vue.js
64346,48388,Angular
64348,48388,jQuery
64349,48388,Next.js
64350,48388,Node.js
64351,48388,React
64352,48389,Node.js
64354,48399,jQuery
64355,48399,React
64358,48400,ASP.NET CORE
64360,48400,jQuery
64361,48400,React
64364,48403,Express
64367,48403,Node.js
64368,48403,Vue.js
64370,48414,jQuery
64372,48418,Express
64373,48418,jQuery
64375,48418,Node.js
64377,48421,ASP.NET
64378,48421,ASP.NET CORE
64380,48421,jQuery
64381,48421,Node.js
64382,48423,Express
64384,48423,Next.js
64385,48423,Node.js
64387,48423,React
64388,48427,Angular
64389,48427,Spring Boot
64391,48442,Angular
64395,48442,jQuery
64396,48442,Node.js
64399,48442,Vue.js
64400,48444,Angular
64401,48444,ASP.NET
64402,48444,ASP.NET CORE
64404,48444,jQuery
64405,48444,Node.js
64406,48444,React
64407,48444,Spring Boot
64409,48450,React
64412,48469,ASP.NET
64413,48469,ASP.NET CORE
64415,48469,jQuery
64417,48472,Angular
64418,48472,Express
64420,48472,Node.js
64421,48472,React
64422,48472,Spring Boot
64424,48475,Next.js
64425,48475,Node.js
64426,48475,React
64430,48477,jQuery
64431,48477,Node.js
64432,48485,ASP.NET
64433,48485,ASP.NET CORE
64435,48485,jQuery
64436,48485,Vue.js
64437,48487,jQuery
64438,48487,Node.js
64440,48501,Express
64442,48501,Next.js
64443,48501,Node.js
64444,48501,React
64445,48508,ASP.NET CORE
64446,48508,jQuery
64448,48515,Express
64451,48515,jQuery
64452,48515,Next.js
64453,48515,Node.js
64454,48515,React
64455,48515,Vue.js
64456,48516,Angular
64457,48516,ASP.NET
64458,48516,ASP.NET CORE
64459,48518,Angular
64460,48518,Express
64461,48518,jQuery
64464,48518,Next.js
64465,48518,Node.js
64466,48518,React
64469,48518,Vue.js
64472,48529,Angular
64473,48536,React
64474,48539,Angular
64475,48539,ASP.NET CORE
64477,48539,React
64484,48541,Next.js
64485,48541,React
64487,48543,Angular
64490,48543,Node.js
64493,48544,Vue.js
64496,48545,Node.js
64497,48545,Vue.js
64498,48546,jQuery
64499,48559,ASP.NET
64500,48559,ASP.NET CORE
64503,48567,Express
64505,48567,Node.js
64506,48570,Express
64507,48570,Node.js
64508,48570,React
64512,48581,Express
64516,48583,Vue.js
64517,48589,Express
64518,48589,Next.js
64519,48589,Node.js
64520,48589,React
64522,48594,Express
64523,48594,Next.js
64524,48594,Node.js
64525,48594,React
64526,48596,ASP.NET
64527,48596,ASP.NET CORE
64528,48596,Vue.js
64530,48604,ASP.NET
64531,48604,ASP.NET CORE
64532,48609,Angular
64533,48609,ASP.NET CORE
64535,48609,Spring Boot
64537,48614,Angular
64539,48614,Express
64542,48614,jQuery
64543,48614,Next.js
64544,48614,Node.js
64546,48614,React
64548,48614,Spring Boot
64550,48614,Vue.js
64554,48624,jQuery
64555,48624,Node.js
64556,48624,React
64557,48624,Vue.js
64559,48625,Angular
64561,48625,ASP.NET
64562,48625,ASP.NET CORE
64563,48625,jQuery
64565,48628,Spring Boot
64567,48636,Angular
64568,48636,ASP.NET CORE
64570,48636,Next.js
64571,48636,Node.js
64572,48636,React
64573,48637,Express
64574,48637,jQuery
64575,48637,Node.js
64576,48637,React
64579,48644,jQuery
64583,48645,Angular
64584,48645,Node.js
64585,48645,React
64586,48646,ASP.NET
64587,48646,ASP.NET CORE
64588,48658,Spring Boot
64589,48668,Angular
64590,48668,Express
64592,48668,Node.js
64593,48668,React
64594,48668,Spring Boot
64595,48670,Next.js
64596,48670,Node.js
64598,48677,jQuery
64599,48677,React
64601,48680,ASP.NET
64602,48680,ASP.NET CORE
64604,48680,jQuery
64605,48680,Node.js
64607,48681,Spring Boot
64612,48688,Express
64613,48688,Next.js
64614,48688,Node.js
64615,48688,React
64616,48698,Spring Boot
64617,48700,Express
64618,48700,Node.js
64619,48700,React
64620,48710,Angular
64621,48710,ASP.NET CORE
64622,48710,Express
64624,48710,Node.js
64625,48710,React
64626,48710,Spring Boot
64629,48712,Express
64630,48712,Next.js
64631,48712,Node.js
64633,48712,React
64635,48712,Vue.js
64636,48713,React
64638,48717,Angular
64639,48717,ASP.NET
64640,48717,ASP.NET CORE
64641,48722,Next.js
64642,48722,Node.js
64643,48722,React
64646,48735,Express
64647,48735,Node.js
64648,48735,React
64649,48735,Spring Boot
64650,48744,Next.js
64651,48744,Node.js
64652,48744,React
64653,48745,Angular
64654,48745,ASP.NET CORE
64655,48749,Angular
64657,48752,ASP.NET
64658,48752,ASP.NET CORE
64664,48752,jQuery
64666,48752,Node.js
64672,48760,Next.js
64673,48760,React
64674,48766,Node.js
64676,48776,Express
64678,48776,Node.js
64680,48776,Vue.js
64681,48779,ASP.NET
64682,48779,jQuery
64683,48787,Angular
64686,48788,ASP.NET CORE
64687,48788,Express
64689,48788,Next.js
64690,48788,Node.js
64691,48788,React
64692,48788,Spring Boot
64693,48788,Vue.js
64697,48795,React
64698,48798,ASP.NET
64699,48798,ASP.NET CORE
64701,48798,jQuery
64703,48800,Angular
64706,48800,Express
64707,48800,jQuery
64708,48800,Node.js
64710,48800,React
64711,48800,Spring Boot
64712,48800,Vue.js
64714,48801,Next.js
64715,48801,Node.js
64716,48801,React
64718,48802,Next.js
64719,48802,Node.js
64720,48802,React
64721,48803,Next.js
64722,48805,React
64723,48813,ASP.NET CORE
64725,48813,Next.js
64726,48813,React
64727,48821,Angular
64728,48821,React
64729,48824,Angular
64731,48825,React
64734,48829,jQuery
64735,48829,Node.js
64736,48839,Angular
64739,48842,Express
64740,48842,Next.js
64741,48842,Node.js
64742,48842,React
64744,48845,Node.js
64745,48845,React
64747,48849,Express
64748,48849,Next.js
64749,48849,Node.js
64750,48849,React
64751,48854,React
64752,48854,Vue.js
64753,48859,jQuery
64754,48859,Node.js
64755,48859,React
64756,48860,Vue.js
64757,48861,React
64759,48870,Express
64760,48870,Next.js
64761,48870,Node.js
64762,48870,React
64763,48870,Spring Boot
64764,48873,Node.js
64765,48873,Vue.js
64766,48878,ASP.NET
64767,48878,ASP.NET CORE
64768,48878,jQuery
64769,48878,Node.js
64770,48878,React
64772,48883,React
64773,48886,Angular
64775,48886,Express
64776,48886,Node.js
64777,48886,React
64778,48886,Spring Boot
64779,48890,Express
64781,48890,Next.js
64782,48890,Node.js
64783,48890,React
64784,48891,ASP.NET
64786,48891,Express
64788,48891,jQuery
64791,48891,Next.js
64792,48891,Node.js
64794,48891,React
64795,48891,Spring Boot
64796,48891,Vue.js
64797,48904,ASP.NET
64799,48908,Next.js
64800,48908,Node.js
64801,48908,React
64803,48911,ASP.NET
64804,48911,ASP.NET CORE
64805,48911,Vue.js
64808,48912,Next.js
64809,48912,Node.js
64810,48912,React
64813,48918,Vue.js
64815,48921,ASP.NET
64816,48921,ASP.NET CORE
64818,48921,jQuery
64819,48921,Next.js
64821,48921,React
64823,48921,Vue.js
64824,48925,React
64825,48925,Spring Boot
64826,48928,ASP.NET CORE
64827,48928,jQuery
64829,48928,Node.js
64831,48928,Vue.js
64832,48932,jQuery
64833,48937,Angular
64834,48937,ASP.NET CORE
64835,48937,Node.js
64837,48937,Vue.js
64838,48939,Angular
64841,48939,Spring Boot
64843,48940,React
64845,48956,React
64848,48959,Express
64849,48959,Node.js
64850,48960,Angular
64852,48960,Node.js
64853,48962,Angular
64854,48963,ASP.NET CORE
64856,48963,Node.js
64857,48963,Vue.js
64859,48969,jQuery
64860,48976,ASP.NET
64861,48976,ASP.NET CORE
64862,48976,jQuery
64863,48976,Next.js
64864,48976,Node.js
64866,48976,React
64867,48976,Vue.js
64869,48977,Express
64871,48977,Node.js
64872,48977,React
64875,48979,React
64877,48981,Angular
64878,48981,ASP.NET
64879,48981,ASP.NET CORE
64880,48985,Express
64881,48985,Next.js
64882,48985,Node.js
64884,48985,React
64885,48985,Spring Boot
64886,48987,Express
64887,48987,Node.js
64888,48991,Angular
64893,48991,Express
64895,48991,jQuery
64897,48991,Next.js
64898,48991,Node.js
64900,48991,React
64904,48991,Vue.js
64907,49003,Express
64910,49003,React
64911,49009,React
64913,49018,Next.js
64914,49018,Node.js
64916,49022,Angular
64917,49022,jQuery
64919,49022,React
64920,49036,jQuery
64921,49036,Next.js
64922,49036,Node.js
64923,49036,React
64924,49037,React
64925,49043,Angular
64927,49043,ASP.NET
64928,49043,ASP.NET CORE
64929,49043,Express
64930,49043,jQuery
64931,49043,Node.js
64932,49045,jQuery
64933,49046,Express
64934,49046,Node.js
64935,49051,Next.js
64936,49051,Node.js
64937,49051,React
64938,49056,React
64940,49057,ASP.NET
64941,49057,ASP.NET CORE
64943,49057,Node.js
64946,49065,Vue.js
64947,49082,Node.js
64951,49083,Node.js
64952,49083,Vue.js
64953,49085,Angular
64955,49085,Express
64957,49085,jQuery
64959,49085,Node.js
64961,49085,React
64963,49085,Vue.js
64965,49086,jQuery
64967,49086,Next.js
64968,49086,Node.js
64969,49086,React
64970,49086,Spring Boot
64972,49087,Express
64975,49087,Next.js
64976,49087,Node.js
64977,49087,React
64979,49088,jQuery
64980,49088,Node.js
64981,49088,React
64986,49098,Angular
64988,49105,Express
64989,49105,Node.js
64990,49105,React
64994,49109,Vue.js
64996,49116,Node.js
64997,49116,React
64998,49117,Angular
64999,49117,Express
65000,49117,Next.js
65001,49117,Node.js
65002,49117,React
65005,49119,Next.js
65006,49119,Node.js
65007,49119,React
65008,49119,Spring Boot
65009,49119,Vue.js
65012,49124,Express
65013,49124,React
65015,49127,Angular
65017,49128,Express
65020,49128,Next.js
65021,49128,Node.js
65023,49133,ASP.NET CORE
65024,49135,jQuery
65025,49135,React
65026,49135,Spring Boot
65027,49140,ASP.NET
65028,49140,ASP.NET CORE
65030,49140,jQuery
65031,49140,React
65032,49141,Node.js
65038,49143,ASP.NET
65039,49143,ASP.NET CORE
65040,49143,Vue.js
65041,49152,ASP.NET
65042,49152,ASP.NET CORE
65043,49152,jQuery
65044,49152,Node.js
65045,49153,Node.js
65046,49156,ASP.NET
65047,49156,ASP.NET CORE
65050,49156,Node.js
65051,49156,React
65052,49156,Vue.js
65053,49167,Angular
65057,49167,jQuery
65059,49170,jQuery
65061,49170,Vue.js
65063,49175,Node.js
65064,49175,React
65065,49175,Spring Boot
65066,49176,Express
65067,49176,Next.js
65068,49176,Node.js
65069,49176,React
65070,49180,ASP.NET
65071,49180,ASP.NET CORE
65073,49180,Next.js
65074,49180,Node.js
65075,49180,React
65076,49180,Vue.js
65077,49182,Angular
65080,49182,Node.js
65081,49187,Angular
65082,49187,Node.js
65083,49187,React
65084,49187,Vue.js
65085,49189,ASP.NET CORE
65089,49197,ASP.NET CORE
65091,49199,ASP.NET CORE
65092,49199,Spring Boot
65095,49200,Express
65096,49200,Node.js
65098,49205,ASP.NET
65099,49205,ASP.NET CORE
65100,49205,Node.js
65101,49216,ASP.NET
65103,49222,Angular
65104,49222,Vue.js
65105,49228,Angular
65106,49228,Node.js
65107,49228,Spring Boot
65110,49234,jQuery
65111,49234,React
65112,49243,Angular
65113,49243,ASP.NET CORE
65115,49243,Express
65119,49243,Next.js
65120,49243,Node.js
65121,49243,React
65122,49243,Spring Boot
65125,49247,Express
65126,49247,jQuery
65128,49247,Next.js
65129,49247,Node.js
65130,49247,React
65133,49251,Spring Boot
65135,49261,ASP.NET
65136,49266,Angular
65137,49266,ASP.NET
65138,49266,ASP.NET CORE
65140,49266,Node.js
65141,49268,Angular
65144,49270,React
65148,49282,Express
65150,49282,Node.js
65151,49282,Spring Boot
65153,49288,Express
65154,49288,Node.js
65155,49288,React
65156,49291,Express
65158,49291,jQuery
65160,49291,Next.js
65161,49291,Node.js
65162,49291,React
65163,49291,Spring Boot
65166,49294,Express
65168,49294,Node.js
65169,49294,React
65170,49296,ASP.NET CORE
65172,49296,Node.js
65173,49296,React
65175,49300,jQuery
65177,49300,Node.js
65181,49306,Next.js
65182,49309,Node.js
65184,49309,Vue.js
65185,49312,Angular
65186,49312,ASP.NET CORE
65187,49312,Node.js
65188,49312,React
65189,49312,Spring Boot
65190,49313,Spring Boot
65192,49314,Node.js
65194,49314,Vue.js
65195,49317,Node.js
65196,49317,React
65197,49321,ASP.NET CORE
65200,49322,ASP.NET CORE
65201,49322,Node.js
65203,49324,Next.js
65204,49324,Node.js
65205,49324,React
65206,49324,Spring Boot
65208,49336,jQuery
65210,49336,Next.js
65211,49336,Node.js
65212,49336,React
65213,49336,Vue.js
65217,49337,Vue.js
65218,49339,Spring Boot
65221,49348,Angular
65222,49348,Express
65224,49348,Next.js
65225,49348,Node.js
65226,49348,React
65227,49349,Angular
65228,49349,Express
65230,49349,Node.js
65231,49349,React
65233,49349,Spring Boot
65234,49349,Vue.js
65236,49350,Express
65237,49350,Node.js
65238,49350,React
65239,49350,Vue.js
65240,49352,Node.js
65241,49352,React
65242,49352,Vue.js
65243,49353,Node.js
65244,49361,Express
65245,49361,Node.js
65246,49361,Vue.js
65249,49363,jQuery
65250,49363,Node.js
65252,49374,ASP.NET CORE
65254,49374,React
65255,49377,Angular
65257,49377,ASP.NET
65258,49377,ASP.NET CORE
65259,49377,Express
65262,49377,Next.js
65263,49377,Node.js
65264,49377,React
65265,49377,Spring Boot
65268,49385,Next.js
65269,49385,React
65272,49385,Vue.js
65273,49386,Next.js
65274,49386,React
65276,49386,Vue.js
65277,49396,Express
65279,49396,Node.js
65280,49396,Vue.js
65281,49407,React
65282,49408,Angular
65284,49408,ASP.NET
65285,49408,ASP.NET CORE
65287,49411,Next.js
65288,49411,Vue.js
65289,49412,Next.js
65291,49415,Express
65292,49415,Node.js
65293,49415,React
65297,49418,Express
65298,49418,Node.js
65300,49418,Vue.js
65301,49419,ASP.NET
65302,49419,ASP.NET CORE
65303,49422,Angular
65304,49422,Express
65306,49422,Node.js
65307,49422,React
65308,49422,Spring Boot
65309,49422,Vue.js
65310,49427,Angular
65311,49427,ASP.NET CORE
65314,49427,Express
65320,49427,Next.js
65321,49427,Node.js
65323,49427,React
65324,49427,Spring Boot
65327,49427,Vue.js
65331,49435,Node.js
65332,49435,React
65333,49435,Vue.js
65334,49445,Angular
65336,49445,ASP.NET
65337,49445,ASP.NET CORE
65338,49445,Node.js
65339,49445,React
65340,49446,ASP.NET CORE
65346,49446,jQuery
65347,49446,Node.js
65348,49446,React
65349,49450,jQuery
65351,49458,Express
65352,49458,Next.js
65353,49458,Node.js
65354,49458,React
65355,49463,Node.js
65356,49464,Express
65358,49464,Node.js
65359,49464,React
65361,49464,Vue.js
65363,49477,Angular
65365,49477,ASP.NET
65366,49477,ASP.NET CORE
65367,49477,jQuery
65368,49477,Node.js
65369,49477,React
65371,49478,Express
65373,49478,jQuery
65374,49478,Spring Boot
65376,49480,Node.js
65377,49480,React
65378,49484,Angular
65380,49484,Express
65382,49484,Node.js
65384,49484,Vue.js
65386,49492,Angular
65387,49492,React
65388,49498,Angular
65390,49498,ASP.NET CORE
65391,49498,React
65393,49507,ASP.NET
65394,49507,ASP.NET CORE
65395,49507,jQuery
65396,49507,Node.js
65397,49507,React
65399,49509,React
65401,49518,Angular
65404,49522,Node.js
65406,49522,React
65408,49522,Vue.js
65409,49526,Express
65410,49526,Next.js
65411,49526,Node.js
65412,49526,React
65413,49527,Angular
65415,49527,ASP.NET
65416,49527,ASP.NET CORE
65417,49527,jQuery
65420,49528,Next.js
65421,49528,Node.js
65422,49528,React
65424,49531,Angular
65425,49531,ASP.NET CORE
65427,49531,Node.js
65430,49535,Node.js
65432,49535,Spring Boot
65433,49541,ASP.NET
65434,49541,ASP.NET CORE
65435,49541,Express
65436,49541,Next.js
65437,49541,Node.js
65438,49541,React
65439,49545,Angular
65440,49545,Node.js
65441,49545,React
65442,49545,Spring Boot
65444,49547,jQuery
65445,49547,Node.js
65447,49549,Node.js
65450,49552,Next.js
65451,49552,React
65452,49552,Vue.js
65454,49554,Next.js
65455,49554,Node.js
65456,49554,React
65457,49555,Angular
65458,49555,ASP.NET CORE
65460,49555,jQuery
65462,49555,React
65463,49555,Spring Boot
65465,49558,ASP.NET
65466,49558,ASP.NET CORE
65470,49558,jQuery
65471,49558,Next.js
65473,49562,Next.js
65474,49562,React
65476,49563,Next.js
65477,49563,Node.js
65478,49563,React
65482,49575,Express
65483,49575,Next.js
65484,49575,Node.js
65486,49575,React
65493,49582,Express
65495,49582,jQuery
65497,49582,Next.js
65498,49582,Node.js
65499,49582,React
65500,49582,Vue.js
65502,49586,Node.js
65503,49586,React
65504,49589,Angular
65505,49589,jQuery
65506,49589,Spring Boot
65508,49593,Node.js
65509,49593,React
65511,49603,ASP.NET
65512,49603,ASP.NET CORE
65513,49603,React
65516,49613,React
65517,49617,Angular
65518,49617,ASP.NET
65519,49617,ASP.NET CORE
65520,49617,Express
65522,49617,Node.js
65523,49617,Vue.js
65525,49634,ASP.NET CORE
65526,49641,Express
65527,49641,jQuery
65530,49641,Node.js
65532,49641,Vue.js
65537,49643,Vue.js
65538,49647,Express
65539,49647,Node.js
65540,49647,React
65541,49648,Angular
65542,49648,ASP.NET
65543,49648,ASP.NET CORE
65545,49648,jQuery
65546,49648,Node.js
65547,49653,React
65550,49654,jQuery
65551,49654,Vue.js
65552,49655,Node.js
65553,49655,React
65556,49658,Node.js
65557,49663,Node.js
65559,49669,Angular
65560,49669,Express
65561,49669,Node.js
65563,49669,Spring Boot
65564,49669,Vue.js
65567,49671,ASP.NET CORE
65568,49671,React
65569,49674,Express
65570,49674,Node.js
65571,49674,Vue.js
65573,49678,ASP.NET CORE
65574,49678,jQuery
65575,49678,React
65576,49678,Vue.js
65577,49681,Next.js
65578,49688,Node.js
65579,49688,React
65580,49688,Spring Boot
65581,49689,ASP.NET
65582,49689,ASP.NET CORE
65586,49689,jQuery
65587,49689,Node.js
65590,49691,React
65591,49691,Spring Boot
65593,49694,Angular
65596,49694,jQuery
65597,49694,Node.js
65598,49694,React
65599,49694,Spring Boot
65601,49712,ASP.NET
65602,49712,ASP.NET CORE
65603,49712,React
65604,49721,ASP.NET
65605,49721,ASP.NET CORE
65606,49721,React
65608,49731,Angular
65610,49731,Vue.js
65611,49735,Node.js
65612,49735,React
65614,49738,React
65615,49739,Angular
65617,49739,ASP.NET
65618,49739,ASP.NET CORE
65620,49739,jQuery
65621,49739,Node.js
65624,49747,ASP.NET
65627,49747,Node.js
65628,49747,React
65629,49749,Next.js
65630,49749,React
65632,49754,Next.js
65633,49754,React
65636,49755,Express
65640,49755,Next.js
65641,49755,Node.js
65642,49755,React
65643,49773,Express
65645,49773,Next.js
65646,49773,Node.js
65647,49773,React
65649,49784,Node.js
65651,49784,React
65652,49784,Vue.js
65654,49786,Express
65657,49786,jQuery
65658,49786,Next.js
65659,49786,Node.js
65660,49786,React
65661,49788,ASP.NET
65662,49788,ASP.NET CORE
65664,49788,React
65665,49798,ASP.NET
65666,49798,ASP.NET CORE
65667,49798,Next.js
65668,49799,Angular
65672,49803,Angular
65675,49803,Express
65676,49803,jQuery
65677,49803,React
65678,49803,Spring Boot
65680,49810,Express
65683,49813,ASP.NET
65684,49813,ASP.NET CORE
65686,49813,jQuery
65688,49824,Express
65689,49824,Node.js
65693,49824,Vue.js
65695,49827,Next.js
65696,49827,Node.js
65697,49827,React
65700,49833,Express
65701,49833,jQuery
65703,49833,Node.js
65704,49833,React
65707,49839,Express
65709,49839,Next.js
65710,49839,Node.js
65712,49839,React
65714,49839,Vue.js
65715,49845,Angular
65716,49845,Express
65718,49845,Node.js
65719,49845,React
65720,49852,ASP.NET
65721,49852,ASP.NET CORE
65722,49853,ASP.NET
65723,49853,ASP.NET CORE
65725,49853,jQuery
65728,49855,Node.js
65729,49855,React
65730,49869,ASP.NET CORE
65731,49869,Express
65732,49869,Node.js
65733,49869,Spring Boot
65735,49883,React
65736,49885,Express
65738,49885,Node.js
65739,49885,React
65741,49889,Spring Boot
65742,49892,Angular
65743,49892,ASP.NET
65744,49892,ASP.NET CORE
65745,49892,React
65747,49892,Vue.js
65751,49895,Angular
65753,49897,jQuery
65755,49897,React
65756,49897,Vue.js
65757,49899,ASP.NET
65758,49899,ASP.NET CORE
65760,49899,Node.js
65761,49899,React
65762,49899,Spring Boot
65763,49899,Vue.js
65767,49901,Next.js
65768,49901,Node.js
65769,49901,React
65770,49912,Next.js
65772,49919,Angular
65775,49919,Node.js
65776,49923,Next.js
65777,49923,Node.js
65778,49923,React
65779,49927,Spring Boot
65780,49927,Vue.js
65781,49932,Angular
65783,49932,ASP.NET
65784,49932,ASP.NET CORE
65785,49941,Next.js
65786,49941,Node.js
65787,49941,React
65790,49949,Express
65792,49949,Next.js
65793,49949,Node.js
65794,49949,React
65795,49953,Express
65796,49953,jQuery
65798,49953,Next.js
65799,49953,Node.js
65800,49953,React
65801,49955,Angular
65806,49955,Node.js
65807,49955,Vue.js
65809,49962,Angular
65811,49962,Spring Boot
65812,49970,ASP.NET CORE
65813,49970,jQuery
65817,49982,Angular
65818,49982,ASP.NET
65819,49982,ASP.NET CORE
65820,49984,jQuery
65821,49984,Next.js
65822,49984,React
65824,49990,Angular
65826,49990,Vue.js
65827,49994,jQuery
65829,49995,Express
65832,49995,Node.js
65833,49995,React
65835,50000,Angular
65836,50000,Express
65837,50000,Node.js
65838,50000,Spring Boot
65839,50004,React
65842,50011,Node.js
65844,50018,Angular
65845,50018,Express
65846,50018,Node.js
65847,50018,Spring Boot
65848,50021,Angular
65849,50021,ASP.NET CORE
65852,50030,Angular
65855,50030,jQuery
65856,50030,Node.js
65857,50033,Angular
65858,50033,Express
65859,50033,Node.js
65860,50033,Vue.js
65861,50034,Angular
65862,50034,jQuery
65863,50034,Next.js
65864,50034,Node.js
65866,50034,React
65867,50034,Spring Boot
65868,50034,Vue.js
65869,50037,Angular
65870,50037,Express
65871,50037,jQuery
65874,50037,Next.js
65875,50037,Node.js
65876,50037,React
65877,50037,Spring Boot
65878,50038,Express
65879,50038,jQuery
65880,50038,Next.js
65881,50038,Node.js
65882,50038,React
65883,50040,ASP.NET
65884,50040,ASP.NET CORE
65885,50043,Angular
65887,50043,React
65888,50043,Vue.js
65893,50058,Express
65895,50058,Node.js
65896,50058,React
65897,50059,Angular
65898,50059,ASP.NET
65903,50065,React
65904,50074,ASP.NET
65905,50074,ASP.NET CORE
65907,50074,jQuery
65908,50074,Next.js
65909,50074,Node.js
65910,50074,React
65913,50075,ASP.NET
65914,50075,ASP.NET CORE
65916,50075,Node.js
65917,50075,React
65921,50082,ASP.NET CORE
65922,50082,Node.js
65923,50082,React
65924,50089,Next.js
65925,50089,React
65926,50089,Spring Boot
65927,50090,jQuery
65928,50090,Spring Boot
65930,50092,React
65931,50092,Spring Boot
65934,50094,React
65936,50095,Next.js
65937,50095,Node.js
65938,50095,React
65940,50096,Node.js
65941,50096,React
65942,50096,Spring Boot
65943,50096,Vue.js
65944,50099,Angular
65948,50099,Vue.js
65949,50101,Angular
65950,50101,ASP.NET CORE
65951,50101,Vue.js
65952,50103,Express
65953,50103,Node.js
65954,50104,React
65955,50104,Spring Boot
65956,50105,Node.js
65957,50105,Spring Boot
65958,50109,Express
65959,50109,Node.js
65960,50109,React
65962,50115,Express
65963,50115,jQuery
65964,50115,Node.js
65965,50115,React
65966,50115,Spring Boot
65967,50118,Angular
65969,50118,Next.js
65970,50118,Node.js
65971,50118,React
65972,50118,Spring Boot
65973,50118,Vue.js
65974,50122,ASP.NET CORE
65976,50129,Node.js
65977,50129,React
65978,50130,Angular
65979,50130,jQuery
65980,50130,Node.js
65981,50130,React
65982,50130,Spring Boot
65984,50144,Express
65987,50144,jQuery
65988,50144,Next.js
65989,50144,Node.js
65990,50144,React
65993,50145,Next.js
65994,50145,Node.js
65995,50145,React
65997,50145,Vue.js
65998,50146,Spring Boot
65999,50149,Next.js
66000,50149,Node.js
66002,50149,React
66004,50149,Vue.js
66005,50150,ASP.NET
66006,50150,ASP.NET CORE
66007,50156,React
66008,50156,Spring Boot
66009,50161,Spring Boot
66010,50163,Angular
66012,50163,ASP.NET
66013,50163,ASP.NET CORE
66018,50163,jQuery
66020,50163,Node.js
66021,50163,React
66024,50163,Vue.js
66027,50165,Express
66028,50165,Node.js
66029,50165,React
66030,50165,Spring Boot
66031,50166,ASP.NET CORE
66032,50166,Vue.js
66033,50174,Express
66034,50174,Next.js
66035,50174,Node.js
66036,50174,React
66037,50180,Express
66038,50182,Express
66039,50182,Next.js
66040,50182,Node.js
66041,50182,React
66042,50185,ASP.NET
66043,50185,Express
66044,50185,jQuery
66046,50185,Next.js
66047,50185,Node.js
66048,50185,React
66049,50187,Express
66051,50187,Node.js
66052,50192,Angular
66053,50192,Express
66054,50192,Node.js
66055,50196,Angular
66057,50196,ASP.NET
66058,50196,ASP.NET CORE
66061,50196,Express
66063,50196,jQuery
66066,50196,Next.js
66067,50196,Node.js
66069,50196,React
66071,50196,Spring Boot
66072,50196,Vue.js
66079,50202,Next.js
66080,50202,Node.js
66082,50202,React
66083,50202,Vue.js
66085,50205,Express
66086,50205,jQuery
66088,50205,Node.js
66089,50205,React
66090,50205,Vue.js
66093,50207,Next.js
66094,50207,Node.js
66095,50207,React
66097,50209,Angular
66098,50209,Spring Boot
66099,50212,Node.js
66100,50212,Spring Boot
66101,50214,ASP.NET
66102,50214,Express
66103,50214,jQuery
66104,50214,Node.js
66106,50214,Vue.js
66108,50215,Express
66111,50215,Node.js
66112,50219,ASP.NET
66113,50219,ASP.NET CORE
66115,50219,Node.js
66116,50223,ASP.NET CORE
66118,50223,Next.js
66120,50226,ASP.NET CORE
66124,50230,Next.js
66125,50230,React
66126,50230,Vue.js
66128,50231,Express
66131,50231,jQuery
66133,50231,Next.js
66134,50231,Node.js
66135,50231,React
66137,50232,Angular
66141,50232,Express
66144,50232,jQuery
66145,50232,Node.js
66146,50232,React
66147,50232,Vue.js
66148,50233,ASP.NET
66149,50233,ASP.NET CORE
66151,50234,React
66153,50237,Angular
66155,50237,ASP.NET
66156,50237,ASP.NET CORE
66157,50237,jQuery
66158,50237,Node.js
66161,50250,Node.js
66162,50250,Spring Boot
66164,50251,Express
66166,50251,React
66167,50251,Vue.js
66168,50259,Next.js
66169,50259,Node.js
66170,50259,React
66171,50262,Node.js
66172,50262,Vue.js
66173,50264,Node.js
66174,50264,Vue.js
66175,50267,Angular
66177,50267,Express
66180,50267,Next.js
66181,50267,Node.js
66182,50267,React
66183,50267,Spring Boot
66187,50269,jQuery
66189,50269,Node.js
66191,50269,Vue.js
66195,50270,Next.js
66196,50270,React
66199,50276,jQuery
66201,50276,Spring Boot
66203,50276,Vue.js
66206,50277,Vue.js
66207,50280,ASP.NET
66208,50280,ASP.NET CORE
66212,50280,jQuery
66214,50280,Next.js
66215,50280,Node.js
66216,50280,React
66218,50283,Angular
66219,50283,jQuery
66220,50283,Node.js
66221,50283,Spring Boot
66223,50287,Angular
66224,50287,ASP.NET
66225,50287,ASP.NET CORE
66228,50287,React
66229,50289,React
66231,50292,Node.js
66232,50297,Next.js
66233,50297,Node.js
66234,50297,React
66236,50300,Express
66237,50300,Node.js
66238,50300,React
66242,50303,Spring Boot
66243,50305,ASP.NET
66244,50305,ASP.NET CORE
66245,50307,Express
66246,50307,Node.js
66247,50307,React
66248,50307,Spring Boot
66249,50313,Angular
66251,50313,Node.js
66252,50314,Angular
66254,50314,Spring Boot
66256,50316,Next.js
66257,50316,Node.js
66258,50316,React
66259,50318,Angular
66261,50318,ASP.NET
66262,50318,ASP.NET CORE
66263,50318,jQuery
66264,50318,Next.js
66265,50318,React
66268,50329,jQuery
66270,50329,React
66271,50330,React
66273,50331,Node.js
66274,50331,React
66275,50331,Spring Boot
66278,50335,ASP.NET CORE
66281,50343,Next.js
66282,50343,React
66283,50347,Angular
66285,50347,Express
66287,50347,Node.js
66288,50347,React
66289,50355,ASP.NET CORE
66292,50355,Express
66293,50355,Next.js
66294,50355,React
66296,50363,ASP.NET
66297,50363,ASP.NET CORE
66298,50367,Angular
66299,50367,ASP.NET
66300,50367,ASP.NET CORE
66303,50367,Express
66304,50367,jQuery
66307,50367,Node.js
66308,50367,Vue.js
66311,50376,ASP.NET CORE
66312,50377,Express
66313,50377,Next.js
66314,50377,Node.js
66316,50377,React
66320,50379,Next.js
66321,50379,Node.js
66323,50379,React
66324,50379,Vue.js
66326,50384,Next.js
66327,50384,Node.js
66328,50384,React
66330,50385,ASP.NET
66331,50385,ASP.NET CORE
66333,50385,Node.js
66334,50385,React
66336,50390,ASP.NET CORE
66337,50390,Node.js
66338,50390,React
66339,50391,Express
66340,50391,Node.js
66341,50391,React
66342,50404,ASP.NET
66343,50404,ASP.NET CORE
66344,50404,jQuery
66345,50404,Node.js
66347,50405,Node.js
66348,50405,React
66349,50405,Spring Boot
66351,50413,ASP.NET CORE
66353,50413,Node.js
66354,50413,React
66356,50419,Angular
66357,50419,ASP.NET CORE
66361,50421,Angular
66363,50421,jQuery
66364,50421,Node.js
66365,50421,React
66366,50421,Spring Boot
66368,50428,jQuery
66371,50429,Next.js
66372,50429,Node.js
66373,50429,React
66374,50429,Vue.js
66375,50432,Express
66377,50432,Next.js
66378,50432,Node.js
66379,50432,React
66380,50438,Angular
66381,50438,Express
66382,50438,Next.js
66383,50438,Node.js
66384,50438,React
66385,50446,ASP.NET CORE
66387,50446,jQuery
66388,50449,Angular
66389,50449,jQuery
66390,50449,React
66391,50456,ASP.NET
66392,50456,ASP.NET CORE
66396,50459,Next.js
66397,50459,Node.js
66398,50459,React
66399,50459,Spring Boot
66400,50461,Express
66403,50461,Node.js
66405,50463,Vue.js
66406,50465,Angular
66407,50465,ASP.NET CORE
66411,50484,React
66412,50484,Spring Boot
66413,50488,Express
66415,50488,jQuery
66417,50488,Next.js
66418,50488,Node.js
66420,50488,React
66424,50488,Vue.js
66426,50489,Angular
66427,50489,Express
66429,50489,Node.js
66430,50489,React
66431,50489,Vue.js
66432,50493,Node.js
66433,50493,React
66435,50495,Node.js
66437,50495,Vue.js
66440,50497,Express
66442,50497,Node.js
66443,50497,React
66448,50498,jQuery
66451,50507,Express
66454,50507,React
66455,50508,Angular
66456,50508,ASP.NET CORE
66458,50513,Angular
66459,50513,Express
66462,50513,jQuery
66463,50513,Node.js
66465,50513,React
66466,50513,Spring Boot
66467,50513,Vue.js
66468,50521,Angular
66469,50521,ASP.NET
66470,50521,ASP.NET CORE
66472,50521,Express
66476,50521,jQuery
66478,50521,Next.js
66479,50521,Node.js
66481,50521,React
66482,50521,Vue.js
66484,50527,Angular
66486,50527,ASP.NET
66487,50527,ASP.NET CORE
66488,50527,Express
66490,50527,jQuery
66491,50527,Node.js
66492,50527,React
66493,50529,React
66495,50534,Angular
66496,50534,ASP.NET
66497,50534,ASP.NET CORE
66500,50534,Node.js
66502,50534,Vue.js
66503,50535,React
66506,50536,Node.js
66507,50536,React
66511,50538,jQuery
66513,50540,ASP.NET
66515,50545,ASP.NET
66516,50545,ASP.NET CORE
66517,50545,jQuery
66518,50545,Node.js
66522,50552,Node.js
66523,50552,React
66524,50559,Angular
66526,50559,ASP.NET
66527,50559,jQuery
66528,50559,Node.js
66529,50559,React
66531,50559,Spring Boot
66532,50559,Vue.js
66533,50561,Express
66534,50561,jQuery
66535,50561,Node.js
66536,50561,React
66537,50561,Spring Boot
66541,50566,jQuery
66543,50567,Angular
66547,50567,jQuery
66549,50567,Next.js
66550,50567,Node.js
66552,50567,Vue.js
66554,50568,Node.js
66556,50573,ASP.NET
66557,50573,ASP.NET CORE
66558,50573,jQuery
66559,50573,Node.js
66560,50573,React
66562,50580,Node.js
66563,50581,Express
66564,50581,Node.js
66565,50581,React
66566,50590,jQuery
66570,50592,ASP.NET CORE
66572,50592,Express
66574,50592,Next.js
66575,50592,Node.js
66576,50592,React
66577,50598,Express
66578,50598,Next.js
66579,50598,Node.js
66580,50598,React
66582,50605,Angular
66585,50605,jQuery
66586,50605,Node.js
66587,50605,React
66588,50605,Spring Boot
66589,50606,Spring Boot
66592,50610,Node.js
66593,50610,React
66594,50610,Vue.js
66595,50611,Angular
66596,50611,Next.js
66597,50611,Node.js
66598,50611,React
66599,50614,jQuery
66603,50616,Node.js
66604,50620,Express
66607,50620,React
66611,50629,jQuery
66612,50629,Node.js
66618,50662,React
66621,50663,jQuery
66624,50663,Vue.js
66625,50672,jQuery
66629,50673,ASP.NET
66630,50673,Next.js
66631,50673,Node.js
66632,50673,React
66635,50680,Angular
66638,50680,Express
66640,50680,jQuery
66641,50680,Node.js
66647,50691,Node.js
66648,50692,ASP.NET
66649,50692,ASP.NET CORE
66652,50692,Next.js
66653,50692,Node.js
66654,50692,React
66655,50694,ASP.NET
66656,50694,ASP.NET CORE
66658,50694,Node.js
66660,50694,Vue.js
66661,50697,Angular
66662,50697,ASP.NET CORE
66664,50698,Express
66665,50698,Node.js
66666,50698,React
66667,50711,ASP.NET
66668,50711,ASP.NET CORE
66670,50717,jQuery
66671,50717,React
66672,50717,Spring Boot
66673,50717,Vue.js
66674,50725,Node.js
66675,50725,React
66676,50739,Next.js
66677,50739,Node.js
66678,50739,React
66680,50745,Next.js
66681,50745,React
66682,50746,Angular
66683,50746,jQuery
66684,50746,Spring Boot
66688,50750,jQuery
66689,50750,Next.js
66690,50750,Node.js
66691,50750,React
66692,50750,Spring Boot
66694,50751,Node.js
66695,50755,Express
66696,50755,Next.js
66697,50755,Node.js
66698,50755,React
66699,50756,Angular
66700,50756,Spring Boot
66701,50758,Express
66703,50758,jQuery
66704,50758,Next.js
66705,50758,Node.js
66706,50758,React
66708,50760,Angular
66709,50760,ASP.NET CORE
66710,50760,React
66713,50761,Express
66716,50761,Next.js
66717,50761,Node.js
66718,50761,React
66720,50761,Vue.js
66722,50762,Angular
66723,50762,ASP.NET
66724,50762,ASP.NET CORE
66725,50763,ASP.NET
66726,50763,ASP.NET CORE
66728,50763,jQuery
66729,50763,Next.js
66730,50763,Node.js
66731,50766,ASP.NET
66732,50766,ASP.NET CORE
66735,50771,jQuery
66737,50771,React
66739,50774,Angular
66740,50778,Spring Boot
66743,50781,Spring Boot
66747,50792,Next.js
66748,50792,React
66750,50797,React
66751,50798,Angular
66752,50803,ASP.NET CORE
66754,50806,ASP.NET
66755,50806,Next.js
66756,50806,Node.js
66757,50806,React
66758,50807,Next.js
66759,50807,Node.js
66760,50807,React
66761,50809,ASP.NET
66762,50809,Next.js
66763,50809,Node.js
66764,50809,React
66769,50810,Node.js
66771,50812,Angular
66772,50812,Node.js
66773,50814,Angular
66774,50814,ASP.NET
66776,50814,Express
66777,50814,jQuery
66778,50814,Node.js
66781,50814,Vue.js
66784,50818,Express
66789,50818,React
66790,50824,Angular
66791,50824,ASP.NET
66792,50824,ASP.NET CORE
66795,50825,Express
66797,50825,Next.js
66798,50825,Node.js
66799,50825,React
66801,50827,ASP.NET
66802,50827,ASP.NET CORE
66804,50827,jQuery
66805,50828,jQuery
66807,50830,Express
66808,50830,Node.js
66809,50830,React
66810,50832,Angular
66812,50832,ASP.NET
66813,50832,ASP.NET CORE
66816,50832,Express
66817,50832,jQuery
66819,50832,Next.js
66820,50832,Node.js
66821,50832,React
66823,50832,Spring Boot
66824,50832,Vue.js
66825,50833,ASP.NET CORE
66828,50835,Express
66829,50835,Node.js
66830,50837,Angular
66831,50837,ASP.NET CORE
66832,50837,Express
66834,50837,Node.js
66835,50837,Vue.js
66839,50840,ASP.NET
66840,50840,ASP.NET CORE
66841,50840,jQuery
66843,50855,Node.js
66844,50855,React
66845,50858,Angular
66846,50858,ASP.NET CORE
66849,50865,Angular
66850,50865,ASP.NET CORE
66854,50870,Node.js
66855,50870,React
66857,50871,Express
66859,50871,Node.js
66860,50871,React
66863,50874,Node.js
66864,50874,React
66865,50876,ASP.NET CORE
66866,50876,React
66867,50879,ASP.NET
66870,50879,React
66871,50880,ASP.NET
66872,50880,ASP.NET CORE
66874,50883,Next.js
66875,50883,Node.js
66876,50883,React
66881,50885,Vue.js
66882,50896,Angular
66884,50896,Express
66885,50896,Node.js
66886,50896,React
66887,50896,Spring Boot
66889,50899,Express
66892,50899,Next.js
66893,50899,Node.js
66895,50899,React
66897,50901,Express
66900,50901,Next.js
66901,50901,Node.js
66902,50901,React
66903,50901,Vue.js
66905,50910,Node.js
66906,50912,Angular
66908,50912,jQuery
66909,50912,Node.js
66910,50912,Vue.js
66913,50927,Angular
66914,50927,Express
66917,50927,Next.js
66918,50927,Node.js
66919,50927,React
66921,50928,Angular
66925,50928,Node.js
66926,50928,React
66927,50928,Spring Boot
66929,50929,Next.js
66930,50929,Node.js
66932,50933,Node.js
66934,50933,Vue.js
66935,50937,ASP.NET
66936,50937,ASP.NET CORE
66937,50937,React
66938,50938,jQuery
66942,50940,jQuery
66943,50940,Node.js
66945,50940,Vue.js
66946,50943,Angular
66947,50943,jQuery
66948,50943,Node.js
66949,50943,Spring Boot
66952,50945,Angular
66953,50945,ASP.NET
66954,50945,ASP.NET CORE
66955,50948,Node.js
66956,50948,React
66958,50949,Express
66960,50949,jQuery
66961,50949,Next.js
66962,50949,Node.js
66963,50949,React
66965,50954,Node.js
66968,50954,Spring Boot
66969,50956,Angular
66971,50956,jQuery
66973,50956,Node.js
66974,50956,React
66976,50956,Vue.js
66977,50957,Vue.js
66978,50959,Express
66979,50959,Node.js
66980,50959,React
66982,50963,ASP.NET CORE
66983,50963,React
66984,50964,Angular
66985,50964,ASP.NET
66986,50964,ASP.NET CORE
66987,50964,Express
66988,50964,React
66990,50964,Spring Boot
66991,50967,Express
66993,50967,Node.js
66994,50967,Spring Boot
66996,50972,Spring Boot
66997,50973,Angular
66998,50973,Express
67000,50980,Express
67002,50980,Node.js
67004,50982,ASP.NET
67005,50982,ASP.NET CORE
67006,50982,jQuery
67007,50982,Node.js
67009,50982,Vue.js
67011,50983,React
67012,50986,Express
67013,50986,Node.js
67014,50988,Angular
67015,50988,ASP.NET
67016,50988,ASP.NET CORE
67018,50988,Node.js
67019,50988,React
67020,50989,React
67021,50999,Express
67024,50999,Next.js
67025,50999,Node.js
67026,50999,React
67031,51000,Next.js
67032,51000,Node.js
67033,51000,React
67034,51001,jQuery
67035,51001,Spring Boot
67036,51004,Angular
67037,51004,ASP.NET
67038,51004,ASP.NET CORE
67040,51009,jQuery
67042,51011,ASP.NET CORE
67044,51011,jQuery
67045,51011,Node.js
67046,51011,Vue.js
67048,51013,Angular
67049,51013,Express
67051,51013,Node.js
67054,51016,Angular
67055,51016,Node.js
67058,51017,Node.js
67060,51023,Node.js
67061,51023,Spring Boot
67062,51025,ASP.NET
67063,51025,ASP.NET CORE
67064,51025,jQuery
67065,51025,Next.js
67066,51025,React
67067,51026,ASP.NET
67068,51026,ASP.NET CORE
67070,51026,jQuery
67071,51026,React
67074,51036,Angular
67075,51036,ASP.NET
67076,51036,ASP.NET CORE
67078,51036,Express
67079,51036,Next.js
67080,51036,Node.js
67082,51042,ASP.NET
67085,51042,Next.js
67086,51042,Node.js
67087,51042,React
67088,51053,Spring Boot
67089,51056,ASP.NET
67090,51056,ASP.NET CORE
67091,51056,React
67092,51056,Vue.js
67093,51067,React
67094,51067,Spring Boot
67095,51078,Express
67097,51078,React
67098,51078,Spring Boot
67099,51078,Vue.js
67101,51080,jQuery
67102,51080,React
67103,51080,Spring Boot
67105,51087,Angular
67106,51087,jQuery
67107,51087,Node.js
67108,51092,Angular
67110,51092,Express
67111,51092,jQuery
67113,51092,Next.js
67114,51092,Node.js
67115,51092,React
67116,51092,Spring Boot
67117,51094,Next.js
67118,51094,Node.js
67119,51094,React
67121,51099,Angular
67122,51099,ASP.NET CORE
67123,51100,Angular
67127,51100,Node.js
67128,51100,React
67129,51100,Spring Boot
67130,51100,Vue.js
67132,51101,React
67133,51108,Spring Boot
67135,51110,jQuery
67137,51113,ASP.NET
67138,51113,ASP.NET CORE
67139,51115,ASP.NET CORE
67142,51116,Node.js
67143,51116,React
67144,51122,Next.js
67145,51122,Node.js
67147,51128,Express
67149,51129,jQuery
67151,51131,ASP.NET CORE
67153,51131,Next.js
67154,51131,Node.js
67155,51131,React
67158,51136,Node.js
67160,51136,Vue.js
67161,51142,ASP.NET
67162,51142,Spring Boot
67164,51143,React
67165,51143,Spring Boot
67167,51144,Node.js
67169,51151,Express
67170,51151,Next.js
67171,51151,Node.js
67172,51151,React
67174,51153,Node.js
67175,51153,React
67177,51153,Spring Boot
67179,51155,ASP.NET
67180,51155,ASP.NET CORE
67183,51160,React
67184,51164,ASP.NET CORE
67185,51173,Angular
67188,51173,Next.js
67189,51173,Node.js
67190,51173,React
67191,51174,Angular
67192,51174,ASP.NET CORE
67193,51174,Node.js
67194,51175,Angular
67195,51175,ASP.NET CORE
67198,51178,Next.js
67199,51178,Node.js
67200,51178,React
67202,51182,Angular
67204,51182,ASP.NET
67205,51182,ASP.NET CORE
67207,51182,jQuery
67208,51182,Node.js
67209,51182,React
67210,51182,Vue.js
67212,51193,Node.js
67214,51195,jQuery
67215,51195,React
67217,51200,React
67219,51200,Vue.js
67221,51201,Node.js
67222,51209,ASP.NET
67223,51209,ASP.NET CORE
67226,51209,jQuery
67227,51209,Next.js
67228,51209,React
67229,51219,Angular
67230,51219,Node.js
67231,51219,Spring Boot
67232,51222,ASP.NET
67233,51222,ASP.NET CORE
67234,51222,jQuery
67235,51222,Node.js
67237,51223,jQuery
67238,51227,jQuery
67239,51227,React
67247,51230,Spring Boot
67248,51230,Vue.js
67250,51232,Spring Boot
67251,51233,ASP.NET
67252,51233,ASP.NET CORE
67253,51233,jQuery
67254,51236,Angular
67255,51236,Express
67256,51236,Node.js
67257,51236,React
67259,51243,jQuery
67260,51243,Node.js
67261,51243,React
67262,51244,ASP.NET
67263,51244,ASP.NET CORE
67265,51244,React
67267,51260,ASP.NET CORE
67269,51260,Node.js
67273,51263,Express
67276,51263,jQuery
67278,51263,React
67281,51263,Vue.js
67283,51266,ASP.NET CORE
67286,51270,jQuery
67287,51270,Node.js
67288,51270,React
67290,51270,Vue.js
67292,51271,Angular
67293,51271,Node.js
67295,51272,ASP.NET
67296,51272,ASP.NET CORE
67298,51272,Express
67299,51272,jQuery
67301,51272,Next.js
67302,51272,Node.js
67303,51272,React
67305,51276,Express
67306,51276,Node.js
67307,51276,React
67308,51280,Angular
67311,51280,Express
67312,51280,jQuery
67313,51280,Next.js
67314,51280,Node.js
67316,51280,React
67317,51280,Vue.js
67320,51282,Spring Boot
67323,51287,jQuery
67324,51287,Node.js
67326,51287,Vue.js
67327,51289,Angular
67328,51289,ASP.NET
67331,51291,Angular
67332,51291,ASP.NET
67333,51291,ASP.NET CORE
67334,51291,Node.js
67335,51291,React
67336,51291,Vue.js
67338,51296,Node.js
67339,51296,Vue.js
67340,51302,Angular
67341,51302,ASP.NET
67342,51302,ASP.NET CORE
67343,51302,React
67345,51302,Vue.js
67346,51307,Express
67347,51307,jQuery
67348,51307,Next.js
67349,51307,Node.js
67350,51307,React
67351,51307,Spring Boot
67352,51308,Angular
67354,51308,ASP.NET
67359,51308,jQuery
67360,51313,Express
67361,51313,jQuery
67362,51313,Node.js
67363,51313,Vue.js
67366,51314,ASP.NET
67367,51314,Vue.js
67370,51316,Angular
67372,51316,ASP.NET
67373,51316,ASP.NET CORE
67374,51316,jQuery
67375,51316,Node.js
67377,51316,Spring Boot
67378,51322,Angular
67379,51322,jQuery
67380,51325,Angular
67381,51325,ASP.NET
67382,51325,ASP.NET CORE
67383,51325,Express
67384,51325,Next.js
67385,51325,React
67387,51327,Express
67389,51327,Next.js
67390,51327,Node.js
67392,51327,React
67393,51327,Vue.js
67394,51331,Express
67397,51331,Next.js
67398,51331,Node.js
67400,51331,React
67402,51331,Vue.js
67404,51334,Spring Boot
67405,51336,jQuery
67406,51336,Spring Boot
67407,51337,Node.js
67408,51337,Spring Boot
67409,51337,Vue.js
67410,51338,ASP.NET
67411,51338,ASP.NET CORE
67414,51340,jQuery
67416,51341,Node.js
67419,51343,Next.js
67420,51343,React
67423,51350,Express
67424,51350,Next.js
67425,51350,Node.js
67426,51350,React
67427,51352,Angular
67428,51352,ASP.NET
67429,51352,ASP.NET CORE
67431,51352,jQuery
67433,51357,Node.js
67436,51362,Spring Boot
67442,51365,Spring Boot
67443,51370,ASP.NET
67444,51370,ASP.NET CORE
67445,51372,Angular
67447,51372,ASP.NET
67448,51372,ASP.NET CORE
67449,51372,jQuery
67450,51372,Node.js
67451,51372,React
67452,51374,Next.js
67453,51374,Node.js
67454,51374,React
67456,51376,Express
67459,51376,Next.js
67460,51376,Node.js
67461,51376,React
67462,51379,Express
67463,51379,jQuery
67465,51379,Node.js
67466,51379,React
67467,51383,Next.js
67468,51383,Node.js
67471,51385,Express
67474,51385,Next.js
67475,51385,Node.js
67476,51385,React
67479,51389,ASP.NET CORE
67480,51389,Vue.js
67481,51390,jQuery
67482,51390,Node.js
67484,51400,Angular
67485,51400,jQuery
67488,51401,Angular
67490,51401,Express
67492,51401,React
67493,51401,Spring Boot
67494,51406,Angular
67495,51406,ASP.NET CORE
67496,51406,Express
67498,51406,Node.js
67500,51408,Angular
67504,51408,jQuery
67506,51408,Next.js
67507,51408,Node.js
67508,51408,React
67510,51411,Express
67512,51411,jQuery
67513,51411,Node.js
67514,51411,React
67516,51417,React
67517,51421,Express
67518,51421,Next.js
67519,51421,Node.js
67521,51421,React
67522,51421,Vue.js
67523,51428,Spring Boot
67524,51431,Express
67525,51431,Next.js
67526,51431,Node.js
67527,51431,Spring Boot
67529,51433,Express
67530,51433,Next.js
67531,51433,React
67532,51436,jQuery
67533,51436,Node.js
67535,51441,ASP.NET
67536,51441,ASP.NET CORE
67538,51441,jQuery
67539,51441,Node.js
67540,51448,ASP.NET
67541,51448,ASP.NET CORE
67542,51448,jQuery
67543,51448,Next.js
67544,51448,Node.js
67545,51448,React
67546,51448,Vue.js
67547,51451,Express
67548,51451,Node.js
67549,51457,Express
67550,51457,Node.js
67551,51457,React
67552,51463,ASP.NET CORE
67553,51463,Express
67554,51463,Next.js
67555,51463,React
67558,51473,Node.js
67559,51475,Angular
67562,51475,Express
67567,51475,Next.js
67568,51475,Node.js
67572,51475,Vue.js
67574,51492,ASP.NET
67575,51492,ASP.NET CORE
67576,51492,React
67578,51495,jQuery
67579,51495,Node.js
67580,51495,React
67583,51496,Angular
67585,51496,ASP.NET
67590,51496,jQuery
67592,51496,Node.js
67593,51496,Spring Boot
67595,51496,Vue.js
67598,51497,Angular
67600,51497,React
67601,51497,Spring Boot
67602,51501,Express
67603,51501,Next.js
67604,51501,Node.js
67605,51501,React
67608,51503,Node.js
67609,51503,React
67610,51504,Angular
67611,51505,Spring Boot
67612,51506,Angular
67614,51506,Spring Boot
67615,51509,Angular
67619,51509,jQuery
67620,51509,Next.js
67621,51509,Node.js
67624,51509,React
67625,51509,Spring Boot
67626,51509,Vue.js
67628,51512,Express
67632,51520,Next.js
67633,51520,Node.js
67634,51520,React
67636,51523,Angular
67637,51523,Node.js
67638,51524,Angular
67640,51524,Express
67642,51524,Node.js
67643,51524,React
67644,51525,ASP.NET
67645,51525,ASP.NET CORE
67646,51525,jQuery
67647,51526,Angular
67648,51526,ASP.NET
67651,51526,jQuery
67653,51526,Next.js
67654,51526,React
67656,51526,Vue.js
67659,51527,Angular
67660,51527,Express
67661,51527,Node.js
67662,51527,React
67664,51529,ASP.NET CORE
67665,51532,Angular
67666,51532,ASP.NET
67667,51532,ASP.NET CORE
67668,51533,Spring Boot
67671,51538,jQuery
67672,51540,jQuery
67673,51540,Spring Boot
67675,51542,Express
67676,51542,jQuery
67677,51542,Node.js
67678,51542,React
67681,51545,jQuery
67682,51545,Node.js
67685,51549,Angular
67686,51549,ASP.NET CORE
67687,51549,React
67690,51550,jQuery
67691,51550,Vue.js
67693,51553,Express
67695,51553,Next.js
67696,51553,Node.js
67697,51553,React
67699,51553,Spring Boot
67701,51555,Next.js
67702,51555,React
67704,51558,ASP.NET
67709,51558,jQuery
67711,51558,Next.js
67712,51558,Node.js
67713,51558,React
67715,51558,Vue.js
67716,51559,Express
67717,51559,Node.js
67718,51563,ASP.NET CORE
67719,51565,ASP.NET CORE
67720,51565,jQuery
67721,51565,Next.js
67723,51565,React
67725,51565,Spring Boot
67726,51565,Vue.js
67727,51566,ASP.NET CORE
67728,51566,Next.js
67729,51566,React
67731,51567,ASP.NET
67732,51567,jQuery
67733,51576,ASP.NET
67734,51576,ASP.NET CORE
67736,51576,jQuery
67737,51576,Spring Boot
67740,51577,jQuery
67742,51577,Node.js
67743,51577,React
67745,51577,Vue.js
67748,51580,Express
67749,51580,Node.js
67750,51580,React
67751,51580,Vue.js
67752,51587,Express
67753,51587,Next.js
67754,51587,Node.js
67755,51587,React
67759,51594,Express
67760,51594,jQuery
67761,51594,Node.js
67762,51598,jQuery
67764,51600,Express
67768,51600,Vue.js
67771,51608,Angular
67772,51608,ASP.NET CORE
67773,51608,jQuery
67779,51619,Node.js
67780,51619,React
67781,51621,Node.js
67783,51626,ASP.NET
67784,51626,ASP.NET CORE
67787,51626,Next.js
67788,51626,Node.js
67790,51627,Angular
67791,51627,React
67793,51627,Spring Boot
67795,51633,Angular
67800,51633,Express
67804,51633,jQuery
67807,51633,Next.js
67808,51633,Node.js
67809,51633,React
67812,51633,Spring Boot
67816,51635,Node.js
67817,51639,Angular
67818,51639,ASP.NET
67819,51639,ASP.NET CORE
67821,51639,React
67822,51639,Spring Boot
67823,51641,ASP.NET
67824,51641,ASP.NET CORE
67827,51641,Next.js
67828,51641,Node.js
67831,51643,Node.js
67832,51643,React
67833,51647,Express
67834,51647,jQuery
67835,51647,Node.js
67836,51647,React
67839,51648,Express
67842,51648,Node.js
67844,51648,Vue.js
67846,51649,Angular
67847,51649,ASP.NET CORE
67848,51650,Express
67852,51650,Next.js
67853,51650,Node.js
67854,51650,React
67855,51650,Spring Boot
67856,51651,Angular
67857,51651,ASP.NET
67858,51651,ASP.NET CORE
67861,51655,Angular
67862,51655,jQuery
67863,51656,Express
67867,51656,Node.js
67868,51656,React
67869,51658,ASP.NET CORE
67871,51658,Node.js
67872,51659,Express
67873,51659,Next.js
67874,51659,Node.js
67875,51659,React
67876,51661,Express
67877,51661,jQuery
67878,51661,Node.js
67879,51665,Angular
67880,51665,ASP.NET
67881,51665,ASP.NET CORE
67884,51665,Express
67885,51665,jQuery
67886,51665,Next.js
67887,51665,Node.js
67888,51665,React
67890,51669,Angular
67892,51670,Angular
67893,51670,Spring Boot
67894,51680,Node.js
67896,51691,Angular
67897,51691,jQuery
67898,51691,Spring Boot
67899,51694,ASP.NET
67900,51694,ASP.NET CORE
67901,51694,jQuery
67902,51694,Next.js
67903,51694,Node.js
67904,51694,React
67905,51707,ASP.NET CORE
67906,51707,React
67907,51709,Angular
67908,51709,ASP.NET CORE
67909,51710,Angular
67912,51710,jQuery
67916,51711,Express
67918,51711,Next.js
67919,51711,Node.js
67920,51711,React
67922,51712,jQuery
67923,51713,React
67925,51717,Node.js
67928,51718,Express
67929,51718,Node.js
67931,51719,ASP.NET
67932,51719,ASP.NET CORE
67934,51721,jQuery
67935,51721,Node.js
67936,51724,ASP.NET
67937,51724,ASP.NET CORE
67940,51724,jQuery
67942,51724,Next.js
67943,51724,React
67944,51726,Angular
67946,51726,ASP.NET
67947,51726,ASP.NET CORE
67949,51726,Express
67953,51731,Angular
67955,51731,Spring Boot
67956,51734,ASP.NET
67957,51734,ASP.NET CORE
67959,51734,React
67962,51748,Angular
67964,51748,Express
67965,51748,jQuery
67967,51748,Node.js
67969,51748,React
67973,51750,React
67974,51756,ASP.NET
67975,51756,ASP.NET CORE
67976,51756,Node.js
67977,51756,React
67978,51757,Express
67979,51757,Next.js
67980,51757,React
67984,51760,Node.js
67985,51760,React
67986,51760,Vue.js
67988,51766,Angular
67990,51766,jQuery
67991,51766,Next.js
67992,51766,Node.js
67993,51766,React
67994,51766,Vue.js
67996,51775,Node.js
68000,51776,Node.js
68002,51779,Express
68005,51779,React
68006,51780,Express
68007,51780,Next.js
68008,51780,Node.js
68009,51780,React
68010,51781,Next.js
68011,51783,Spring Boot
68012,51783,Vue.js
68013,51787,Express
68014,51787,Node.js
68015,51787,Spring Boot
68017,51788,Node.js
68018,51788,Vue.js
68019,51790,Angular
68021,51790,jQuery
68023,51790,Node.js
68025,51791,ASP.NET
68026,51791,ASP.NET CORE
68028,51793,ASP.NET
68029,51793,ASP.NET CORE
68030,51793,jQuery
68031,51793,Node.js
68033,51795,Angular
68035,51795,ASP.NET
68039,51795,Express
68041,51795,jQuery
68044,51795,Next.js
68045,51795,Node.js
68046,51795,React
68047,51795,Spring Boot
68050,51802,Node.js
68051,51802,Spring Boot
68052,51803,Spring Boot
68054,51818,Angular
68057,51818,Express
68059,51818,jQuery
68060,51818,Next.js
68061,51818,Node.js
68062,51818,React
68066,51819,Express
68068,51819,Node.js
68069,51819,React
68071,51821,Angular
68072,51821,ASP.NET CORE
68076,51824,Node.js
68077,51824,React
68078,51824,Vue.js
68079,51828,Angular
68080,51828,ASP.NET
68081,51828,ASP.NET CORE
68082,51828,jQuery
68083,51828,Node.js
68084,51828,React
68088,51834,Express
68090,51834,jQuery
68091,51834,Next.js
68092,51834,Node.js
68093,51834,React
68096,51837,jQuery
68097,51837,Node.js
68098,51837,React
68099,51841,ASP.NET CORE
68101,51846,Express
68104,51846,Next.js
68105,51846,Node.js
68106,51846,React
68107,51853,Express
68109,51853,Next.js
68110,51853,Node.js
68111,51853,React
68112,51853,Spring Boot
68115,51855,Express
68116,51855,Next.js
68117,51855,Node.js
68119,51855,React
68120,51855,Vue.js
68122,51859,Angular
68123,51859,ASP.NET
68124,51859,ASP.NET CORE
68126,51859,Express
68128,51859,jQuery
68129,51859,Next.js
68130,51859,Node.js
68131,51859,React
68132,51859,Spring Boot
68134,51860,ASP.NET CORE
68135,51860,Next.js
68136,51860,React
68138,51861,Express
68140,51861,jQuery
68141,51861,Next.js
68142,51861,Node.js
68143,51861,React
68144,51862,Angular
68146,51862,ASP.NET
68147,51862,jQuery
68149,51875,ASP.NET
68150,51875,ASP.NET CORE
68152,51875,Express
68154,51875,jQuery
68156,51875,Next.js
68157,51875,Node.js
68159,51875,React
68160,51875,Vue.js
68162,51876,Node.js
68163,51876,React
68164,51876,Spring Boot
68165,51882,ASP.NET CORE
68167,51885,Angular
68172,51885,Next.js
68173,51885,React
68175,51887,ASP.NET
68176,51887,ASP.NET CORE
68179,51887,jQuery
68180,51887,React
68181,51887,Spring Boot
68184,51888,Express
68186,51888,Next.js
68187,51888,Node.js
68188,51888,React
68190,51888,Vue.js
68193,51890,Express
68194,51890,Next.js
68195,51890,Node.js
68196,51890,React
68197,51890,Spring Boot
68198,51890,Vue.js
68199,51897,jQuery
68200,51897,Node.js
68201,51899,jQuery
68204,51899,Vue.js
68206,51904,Node.js
68208,51904,Vue.js
68209,51908,Angular
68210,51908,ASP.NET CORE
68211,51908,Express
68213,51908,Next.js
68214,51908,Node.js
68215,51908,React
68219,51910,React
68220,51911,Express
68221,51911,Next.js
68222,51911,Node.js
68223,51911,React
68224,51911,Spring Boot
68225,51912,Angular
68227,51912,jQuery
68228,51912,Node.js
68233,51923,Vue.js
68234,51927,Express
68235,51927,Node.js
68236,51927,React
68237,51928,Express
68239,51928,React
68240,51928,Vue.js
68241,51929,Vue.js
68242,51930,jQuery
68243,51930,Next.js
68244,51930,React
68246,51937,Angular
68247,51937,React
68248,51940,Angular
68250,51940,ASP.NET
68251,51940,ASP.NET CORE
68252,51940,jQuery
68253,51953,Angular
68254,51955,jQuery
68257,51955,Vue.js
68259,51959,ASP.NET CORE
68260,51959,jQuery
68261,51959,Node.js
68262,51959,React
68266,51965,React
68267,51966,jQuery
68272,51967,ASP.NET CORE
68273,51971,ASP.NET
68274,51971,ASP.NET CORE
68275,51971,Node.js
68276,51971,Vue.js
68277,51974,Express
68278,51974,Node.js
68279,51974,React
68280,51979,Angular
68282,51979,ASP.NET
68283,51979,ASP.NET CORE
68285,51979,jQuery
68286,51979,Node.js
68287,51979,Spring Boot
68288,51979,Vue.js
68289,51981,ASP.NET CORE
68290,51981,jQuery
68291,51981,Next.js
68292,51981,Node.js
68293,51981,React
68295,51982,Angular
68297,51982,Spring Boot
68298,51982,Vue.js
68300,51986,Angular
68302,51986,Node.js
68303,51991,Express
68304,51991,Next.js
68305,51991,Node.js
68306,51991,React
68307,51992,Node.js
68308,51992,React
68309,51993,Angular
68310,51993,ASP.NET CORE
68311,51993,jQuery
68312,51993,Node.js
68313,51994,Angular
68316,52000,Node.js
68320,52004,Express
68321,52004,Next.js
68322,52004,Node.js
68323,52004,React
68325,52007,Angular
68327,52007,Express
68328,52007,jQuery
68329,52007,Node.js
68332,52007,Vue.js
68334,52014,ASP.NET
68339,52018,React
68343,52022,Express
68344,52022,jQuery
68346,52022,Node.js
68347,52022,React
68350,52022,Vue.js
68353,52024,ASP.NET CORE
68355,52025,Next.js
68356,52025,React
68357,52029,jQuery
68358,52029,React
68359,52029,Spring Boot
68360,52030,React
68361,52031,jQuery
68364,52032,Angular
68365,52032,Express
68366,52032,Next.js
68367,52043,ASP.NET
68368,52043,ASP.NET CORE
68370,52043,jQuery
68373,52045,Express
68378,52045,Node.js
68379,52045,Vue.js
68381,52046,ASP.NET
68382,52046,ASP.NET CORE
68385,52051,Spring Boot
68386,52051,Vue.js
68387,52054,Angular
68390,52054,Spring Boot
68391,52058,Angular
68394,52058,jQuery
68396,52058,Next.js
68397,52058,Node.js
68398,52058,React
68400,52058,Vue.js
68406,52059,Node.js
68407,52059,React
68409,52059,Spring Boot
68411,52059,Vue.js
68414,52060,ASP.NET CORE
68416,52060,Node.js
68417,52060,React
68419,52061,jQuery
68421,52061,Next.js
68422,52061,Node.js
68423,52061,React
68425,52069,Express
68427,52069,Node.js
68434,52072,React
68435,52081,jQuery
68436,52081,Node.js
68437,52085,Node.js
68438,52085,React
68442,52086,jQuery
68443,52086,Node.js
68444,52086,Vue.js
68448,52089,ASP.NET CORE
68449,52089,Node.js
68451,52089,Vue.js
68454,52096,Node.js
68455,52096,React
68456,52096,Spring Boot
68457,52098,ASP.NET CORE
68459,52101,Express
68463,52101,Next.js
68464,52101,Node.js
68465,52101,React
68467,52108,Spring Boot
68468,52110,Express
68469,52110,Node.js
68470,52110,React
68472,52114,Angular
68476,52114,Express
68479,52114,Next.js
68480,52114,Node.js
68481,52114,React
68484,52116,Next.js
68486,52120,ASP.NET CORE
68489,52120,React
68490,52122,Spring Boot
68492,52131,ASP.NET CORE
68494,52131,Next.js
68495,52131,Node.js
68497,52136,Spring Boot
68499,52155,Express
68501,52155,Node.js
68502,52155,React
68504,52155,Vue.js
68507,52157,jQuery
68510,52157,Vue.js
68511,52159,Express
68513,52159,Next.js
68514,52159,Node.js
68515,52159,React
68516,52159,Spring Boot
68517,52168,Angular
68519,52168,Express
68521,52168,jQuery
68523,52168,Node.js
68524,52168,React
68526,52176,Next.js
68527,52176,React
68528,52176,Vue.js
68529,52179,Next.js
68530,52179,Node.js
68531,52179,React
68532,52182,ASP.NET
68533,52182,ASP.NET CORE
68535,52185,Angular
68538,52185,Express
68539,52185,jQuery
68540,52185,Next.js
68541,52185,Node.js
68542,52185,React
68547,52187,Vue.js
68548,52189,ASP.NET CORE
68550,52189,jQuery
68552,52189,React
68555,52189,Vue.js
68557,52194,jQuery
68560,52194,Next.js
68561,52194,Node.js
68562,52194,React
68563,52195,Angular
68564,52195,ASP.NET
68565,52195,Node.js
68566,52200,Angular
68567,52204,Spring Boot
68569,52211,Node.js
68570,52223,React
68571,52223,Vue.js
68572,52224,jQuery
68573,52224,Node.js
68576,52226,jQuery
68577,52226,React
68578,52226,Spring Boot
68579,52234,ASP.NET CORE
68580,52237,Express
68581,52237,Node.js
68582,52237,React
68583,52238,Angular
68585,52239,ASP.NET CORE
68586,52239,Express
68587,52239,Node.js
68588,52239,React
68593,52246,Node.js
68594,52246,Vue.js
68595,52247,Angular
68597,52247,Express
68600,52247,Next.js
68601,52247,Node.js
68603,52247,React
68607,52252,React
68610,52253,Next.js
68611,52253,React
68612,52256,React
68613,52258,Angular
68615,52258,ASP.NET
68616,52258,ASP.NET CORE
68618,52258,jQuery
68620,52258,Vue.js
68621,52267,Angular
68622,52268,Angular
68624,52268,Spring Boot
68625,52269,Angular
68626,52269,Express
68627,52269,jQuery
68628,52269,Node.js
68629,52269,React
68631,52269,Vue.js
68632,52273,ASP.NET
68633,52273,ASP.NET CORE
68634,52273,React
68635,52274,Angular
68637,52274,Vue.js
68638,52275,Angular
68641,52275,React
68643,52275,Spring Boot
68644,52275,Vue.js
68646,52276,ASP.NET CORE
68650,52281,jQuery
68651,52281,Node.js
68654,52281,Vue.js
68655,52289,Node.js
68656,52289,React
68657,52294,ASP.NET
68658,52294,ASP.NET CORE
68659,52294,jQuery
68660,52294,Vue.js
68662,52297,Express
68664,52297,Next.js
68665,52297,Node.js
68666,52297,React
68668,52309,Angular
68669,52309,ASP.NET
68670,52309,ASP.NET CORE
68671,52309,jQuery
68672,52315,Angular
68673,52315,Express
68674,52315,React
68675,52315,Spring Boot
68676,52316,Angular
68677,52318,Angular
68678,52318,Express
68680,52318,Node.js
68681,52318,Spring Boot
68682,52319,Node.js
68683,52319,React
68685,52324,ASP.NET
68687,52324,React
68688,52333,Angular
68689,52333,ASP.NET
68690,52333,ASP.NET CORE
68691,52333,jQuery
68692,52333,Node.js
68693,52333,React
68694,52333,Vue.js
68696,52338,Angular
68697,52338,ASP.NET CORE
68700,52342,Express
68702,52342,Next.js
68703,52342,Node.js
68704,52342,React
68707,52347,ASP.NET
68708,52347,Express
68709,52347,Node.js
68710,52351,ASP.NET
68711,52351,ASP.NET CORE
68712,52351,jQuery
68713,52351,Next.js
68714,52351,React
68716,52352,jQuery
68717,52358,jQuery
68719,52358,Node.js
68720,52358,React
68722,52358,Vue.js
68724,52360,Node.js
68725,52366,Angular
68728,52366,jQuery
68729,52366,React
68730,52370,Angular
68731,52370,Next.js
68732,52370,React
68733,52370,Spring Boot
68734,52376,ASP.NET
68735,52376,ASP.NET CORE
68736,52376,React
68738,52377,Node.js
68739,52377,React
68740,52377,Spring Boot
68741,52381,Vue.js
68743,52384,Express
68744,52384,Node.js
68749,52388,jQuery
68751,52388,Node.js
68752,52388,React
68754,52388,Vue.js
68756,52389,Spring Boot
68757,52395,ASP.NET
68758,52395,ASP.NET CORE
68759,52395,Node.js
68760,52395,Spring Boot
68761,52395,Vue.js
68762,52398,ASP.NET
68763,52398,ASP.NET CORE
68765,52398,jQuery
68767,52402,Next.js
68768,52402,React
68769,52402,Vue.js
68770,52406,Express
68771,52406,Node.js
68772,52406,React
68773,52411,jQuery
68774,52413,Angular
68775,52413,Node.js
68776,52413,React
68778,52416,ASP.NET
68779,52416,jQuery
68781,52416,Next.js
68782,52416,Node.js
68786,52417,Angular
68788,52417,Express
68790,52417,Node.js
68793,52418,Node.js
68794,52418,React
68795,52418,Vue.js
68802,52420,Next.js
68803,52420,Vue.js
68804,52421,Angular
68805,52421,ASP.NET CORE
68807,52428,jQuery
68809,52429,Node.js
68811,52429,React
68813,52429,Vue.js
68817,52433,Node.js
68818,52433,React
68822,52436,Angular
68824,52436,Express
68825,52436,Node.js
68826,52436,Vue.js
68829,52437,Vue.js
68830,52438,Node.js
68831,52438,React
68833,52439,Angular
68834,52439,ASP.NET
68835,52439,ASP.NET CORE
68836,52439,jQuery
68837,52439,Next.js
68838,52439,Node.js
68839,52439,React
68841,52440,Angular
68842,52441,ASP.NET
68843,52441,ASP.NET CORE
68846,52443,Next.js
68847,52446,Next.js
68848,52446,React
68852,52449,jQuery
68855,52451,ASP.NET CORE
68856,52455,ASP.NET
68858,52455,jQuery
68859,52455,React
68860,52458,jQuery
68862,52458,Vue.js
68864,52460,Node.js
68865,52460,Spring Boot
68866,52460,Vue.js
68868,52464,Express
68870,52464,Next.js
68871,52464,Node.js
68872,52465,Angular
68874,52465,jQuery
68875,52465,Next.js
68876,52465,Node.js
68877,52465,Spring Boot
68878,52468,ASP.NET CORE
68879,52468,React
68882,52476,Express
68883,52476,Next.js
68884,52476,Node.js
68885,52476,React
68886,52476,Spring Boot
68888,52478,Next.js
68889,52478,React
68890,52478,Spring Boot
68891,52485,Angular
68892,52485,jQuery
68893,52485,Node.js
68894,52492,Angular
68895,52492,ASP.NET CORE
68896,52492,jQuery
68897,52492,Next.js
68898,52492,Node.js
68899,52492,React
68900,52507,React
68902,52508,Next.js
68904,52508,React
68905,52508,Vue.js
68908,52510,Express
68912,52510,Node.js
68913,52510,React
68914,52511,ASP.NET
68915,52511,ASP.NET CORE
68916,52511,jQuery
68919,52516,React
68921,52518,Next.js
68922,52518,Node.js
68925,52526,ASP.NET
68926,52526,jQuery
68930,52531,jQuery
68932,52531,Node.js
68933,52531,React
68934,52531,Vue.js
68936,52532,ASP.NET CORE
68938,52534,Next.js
68939,52534,Node.js
68940,52534,React
68943,52538,React
68946,52539,Express
68949,52539,Next.js
68950,52539,Node.js
68951,52539,React
68952,52541,Express
68953,52541,Next.js
68954,52541,Node.js
68955,52541,React
68956,52550,React
68958,52552,ASP.NET
68962,52552,Express
68964,52552,jQuery
68966,52552,Next.js
68967,52552,Node.js
68969,52552,React
68973,52557,Express
68975,52557,Next.js
68976,52557,Node.js
68977,52557,React
68979,52560,jQuery
68981,52560,Vue.js
68983,52561,React
68984,52561,Vue.js
68985,52565,ASP.NET
68986,52565,ASP.NET CORE
68988,52565,Next.js
68989,52565,React
68990,52565,Spring Boot
68993,52580,Angular
68995,52580,jQuery
68996,52589,ASP.NET
68997,52589,ASP.NET CORE
69000,52589,jQuery
69005,52599,Node.js
69008,52599,Vue.js
69010,52605,React
69012,52607,ASP.NET
69013,52607,ASP.NET CORE
69014,52607,jQuery
69017,52608,jQuery
69020,52614,jQuery
69021,52614,Node.js
69022,52614,Spring Boot
69023,52618,Express
69024,52618,React
69026,52626,Express
69027,52626,Next.js
69028,52626,Node.js
69030,52626,React
69031,52626,Vue.js
69034,52627,jQuery
69036,52627,Vue.js
69037,52628,ASP.NET
69038,52628,ASP.NET CORE
69039,52628,jQuery
69040,52628,Node.js
69041,52628,Vue.js
69042,52634,Angular
69043,52634,ASP.NET CORE
69044,52634,React
69045,52636,ASP.NET
69046,52636,ASP.NET CORE
69047,52636,jQuery
69048,52636,React
69051,52638,Vue.js
69052,52643,Angular
69053,52643,ASP.NET
69054,52643,ASP.NET CORE
69055,52643,jQuery
69056,52650,Angular
69057,52650,Express
69059,52650,Next.js
69060,52650,Node.js
69062,52650,React
69063,52650,Vue.js
69064,52653,Angular
69065,52653,React
69066,52654,ASP.NET
69067,52654,ASP.NET CORE
69069,52654,jQuery
69070,52654,React
69073,52657,React
69079,52661,Node.js
69080,52661,React
69081,52661,Spring Boot
69083,52662,jQuery
69085,52662,React
69087,52668,Next.js
69088,52668,React
69089,52673,ASP.NET
69090,52673,ASP.NET CORE
69091,52673,Express
69092,52673,Next.js
69093,52673,Node.js
69095,52673,React
69096,52673,Spring Boot
69097,52673,Vue.js
69099,52674,Node.js
69101,52680,Express
69102,52680,Next.js
69103,52680,Node.js
69104,52680,React
69105,52680,Spring Boot
69107,52681,Node.js
69108,52681,React
69109,52688,Express
69111,52688,Node.js
69112,52688,React
69113,52692,ASP.NET CORE
69115,52692,Node.js
69116,52692,Vue.js
69118,52697,Node.js
69119,52697,React
69122,52705,Vue.js
69123,52706,Angular
69125,52706,ASP.NET
69126,52706,ASP.NET CORE
69127,52706,Express
69130,52706,Next.js
69131,52706,Node.js
69133,52706,React
69135,52706,Vue.js
69140,52709,Next.js
69141,52709,Node.js
69142,52709,React
69143,52711,Angular
69144,52711,ASP.NET
69146,52716,React
69147,52720,Spring Boot
69148,52721,ASP.NET
69150,52721,jQuery
69152,52733,ASP.NET
69153,52733,ASP.NET CORE
69154,52733,Vue.js
69155,52742,Node.js
69156,52742,React
69157,52743,ASP.NET CORE
69158,52743,React
69159,52746,ASP.NET
69161,52746,Express
69167,52746,Vue.js
69169,52748,Angular
69171,52748,ASP.NET
69172,52748,ASP.NET CORE
69173,52748,jQuery
69174,52748,Node.js
69175,52748,React
69176,52748,Vue.js
69180,52759,Next.js
69181,52759,Node.js
69182,52759,React
69184,52761,Angular
69185,52761,ASP.NET
69186,52761,ASP.NET CORE
69187,52764,Angular
69188,52764,Express
69189,52770,ASP.NET
69190,52770,ASP.NET CORE
69192,52770,jQuery
69194,52771,ASP.NET
69195,52771,ASP.NET CORE
69196,52771,Node.js
69197,52771,React
69198,52771,Spring Boot
69201,52772,jQuery
69203,52772,Next.js
69204,52772,React
69208,52772,Vue.js
69209,52774,Node.js
69210,52774,React
69211,52778,Express
69212,52778,Node.js
69215,52781,ASP.NET CORE
69216,52781,React
69218,52782,React
69220,52783,Express
69222,52783,Next.js
69223,52783,Node.js
69224,52783,React
69225,52787,Express
69226,52787,Next.js
69227,52787,Node.js
69228,52787,React
69229,52790,Angular
69230,52790,ASP.NET
69231,52790,ASP.NET CORE
69232,52790,Express
69233,52790,jQuery
69234,52790,Node.js
69236,52791,Express
69237,52791,jQuery
69238,52791,Next.js
69239,52791,Node.js
69240,52791,React
69244,52794,React
69248,52801,jQuery
69249,52801,Spring Boot
69251,52805,Angular
69253,52805,Next.js
69254,52805,Node.js
69255,52805,React
69256,52805,Spring Boot
69257,52807,Angular
69261,52807,Node.js
69265,52810,jQuery
69269,52811,Node.js
69270,52811,React
69271,52812,Angular
69272,52812,Express
69276,52812,Node.js
69279,52812,Vue.js
69280,52816,Angular
69281,52816,ASP.NET
69282,52816,ASP.NET CORE
69283,52816,Vue.js
69284,52819,Angular
69288,52819,jQuery
69290,52819,React
69291,52819,Spring Boot
69294,52823,ASP.NET
69295,52823,ASP.NET CORE
69297,52823,jQuery
69300,52823,Vue.js
69302,52829,Angular
69303,52829,ASP.NET CORE
69304,52829,Express
69305,52829,Node.js
69306,52829,React
69307,52834,Angular
69308,52834,jQuery
69309,52834,Node.js
69310,52834,Vue.js
69312,52835,Express
69313,52835,Next.js
69315,52836,ASP.NET
69316,52836,ASP.NET CORE
69317,52836,jQuery
69318,52836,React
69319,52839,Vue.js
69321,52845,Angular
69323,52845,ASP.NET
69324,52845,ASP.NET CORE
69326,52845,Express
69327,52845,jQuery
69329,52845,Next.js
69330,52845,Node.js
69331,52845,React
69332,52850,Angular
69334,52850,ASP.NET
69335,52850,ASP.NET CORE
69336,52850,Express
69339,52850,Node.js
69340,52850,React
69342,52850,Vue.js
69343,52855,React
69344,52855,Spring Boot
69345,52856,Angular
69346,52856,Node.js
69347,52856,React
69348,52856,Spring Boot
69351,52866,Next.js
69352,52866,React
69353,52871,Angular
69356,52871,Spring Boot
69357,52878,jQuery
69358,52878,React
69360,52883,jQuery
69361,52883,Next.js
69362,52883,Node.js
69363,52883,React
69364,52887,Next.js
69365,52887,Node.js
69366,52887,React
69368,52888,Node.js
69369,52888,React
69370,52899,Express
69372,52899,Next.js
69373,52899,React
69377,52899,Vue.js
69381,52902,React
69382,52906,Express
69383,52906,jQuery
69384,52906,Node.js
69385,52906,Vue.js
69386,52907,ASP.NET
69387,52907,ASP.NET CORE
69390,52907,Express
69391,52907,jQuery
69392,52907,Next.js
69393,52907,Node.js
69396,52907,Vue.js
69399,52909,jQuery
69401,52909,React
69402,52912,Angular
69403,52912,ASP.NET
69404,52912,ASP.NET CORE
69407,52912,Express
69408,52912,Node.js
69409,52912,React
69410,52912,Vue.js
69412,52920,Express
69413,52920,Next.js
69414,52920,Node.js
69415,52920,React
69416,52921,Node.js
69417,52921,React
69418,52923,Angular
69419,52923,Express
69421,52923,Node.js
69424,52924,Next.js
69425,52924,Node.js
69426,52924,React
69429,52935,Node.js
69432,52936,Next.js
69434,52939,jQuery
69436,52942,Node.js
69437,52942,Spring Boot
69438,52942,Vue.js
69440,52944,Express
69441,52944,jQuery
69442,52944,Node.js
69443,52944,React
69444,52944,Spring Boot
69446,52944,Vue.js
69447,52953,jQuery
69449,52957,Angular
69450,52957,React
69452,52962,Express
69453,52962,Node.js
69454,52962,React
69456,52970,Express
69457,52970,jQuery
69458,52970,Next.js
69459,52970,React
69461,52970,Vue.js
69462,52971,Node.js
69463,52971,React
69464,52972,jQuery
69465,52972,Next.js
69466,52972,Node.js
69467,52972,React
69470,52975,Spring Boot
69473,52977,Node.js
69474,52977,React
69475,52977,Vue.js
69476,52988,Angular
69478,52988,ASP.NET CORE
69479,52988,Node.js
69480,52988,Vue.js
69481,52991,ASP.NET CORE
69484,52991,jQuery
69485,52991,Node.js
69488,52998,Node.js
69489,52998,Vue.js
69491,53002,jQuery
69492,53002,React
69493,53002,Spring Boot
69495,53004,React
69496,53004,Vue.js
69497,53013,Next.js
69498,53013,Node.js
69499,53013,React
69501,53016,Angular
69503,53016,Express
69504,53016,jQuery
69507,53016,Node.js
69509,53020,Angular
69511,53020,Next.js
69512,53020,Node.js
69514,53024,Angular
69515,53024,Next.js
69516,53024,React
69517,53024,Spring Boot
69519,53028,ASP.NET
69520,53028,ASP.NET CORE
69521,53028,jQuery
69522,53034,Spring Boot
69524,53034,Vue.js
69525,53048,ASP.NET CORE
69527,53048,jQuery
69528,53048,React
69529,53051,Angular
69530,53051,Express
69532,53051,Node.js
69534,53051,Spring Boot
69537,53061,ASP.NET CORE
69539,53061,React
69542,53063,Express
69544,53063,Node.js
69545,53063,React
69547,53064,Angular
69548,53064,jQuery
69549,53064,React
69550,53080,Angular
69551,53080,ASP.NET CORE
69553,53080,Node.js
69554,53080,Vue.js
69555,53083,Express
69556,53083,jQuery
69557,53083,Node.js
69558,53084,Express
69561,53084,Node.js
69562,53084,React
69565,53084,Vue.js
69566,53086,Angular
69568,53086,ASP.NET
69569,53086,ASP.NET CORE
69570,53086,Express
69571,53086,Node.js
69572,53091,ASP.NET
69573,53091,ASP.NET CORE
69574,53091,jQuery
69575,53097,Express
69576,53097,Node.js
69577,53097,Vue.js
69578,53109,Next.js
69580,53109,React
69581,53114,Angular
69582,53114,ASP.NET
69585,53115,Next.js
69586,53115,Node.js
69587,53115,React
69588,53123,ASP.NET
69589,53123,ASP.NET CORE
69590,53125,Angular
69591,53125,ASP.NET
69592,53125,ASP.NET CORE
69596,53125,jQuery
69597,53125,Node.js
69598,53125,React
69601,53130,Express
69602,53130,jQuery
69603,53130,Node.js
69604,53130,React
69608,53137,ASP.NET
69609,53137,ASP.NET CORE
69610,53137,jQuery
69611,53137,Node.js
69612,53137,Vue.js
69614,53143,Next.js
69615,53143,Vue.js
69616,53144,ASP.NET CORE
69617,53144,React
69618,53147,ASP.NET
69619,53147,ASP.NET CORE
69622,53147,jQuery
69623,53147,Node.js
69625,53151,Angular
69626,53151,Express
69628,53151,Node.js
69629,53152,ASP.NET CORE
69630,53168,ASP.NET CORE
69633,53173,Node.js
69634,53177,Angular
69636,53177,React
69637,53180,Angular
69638,53180,Express
69640,53180,Node.js
69641,53180,React
69642,53180,Vue.js
69648,53185,React
69649,53192,Angular
69650,53192,Express
69651,53192,Next.js
69652,53192,Node.js
69653,53192,React
69654,53197,Angular
69655,53197,ASP.NET CORE
69657,53199,Angular
69659,53199,Spring Boot
69661,53202,Node.js
69663,53202,Vue.js
69665,53203,Express
69668,53203,Next.js
69669,53203,React
69670,53203,Vue.js
69671,53208,ASP.NET
69672,53208,ASP.NET CORE
69675,53208,Express
69677,53208,jQuery
69679,53208,Node.js
69680,53208,React
69682,53208,Vue.js
69687,53217,Express
69690,53217,jQuery
69692,53217,Node.js
69693,53217,React
69695,53217,Vue.js
69697,53223,ASP.NET
69698,53223,ASP.NET CORE
69699,53223,React
69701,53229,Next.js
69702,53229,React
69704,53229,Vue.js
69705,53231,ASP.NET
69706,53231,ASP.NET CORE
69707,53231,React
69708,53231,Spring Boot
69709,53231,Vue.js
69710,53242,ASP.NET
69711,53242,ASP.NET CORE
69712,53242,jQuery
69713,53242,Node.js
69714,53242,React
69715,53242,Vue.js
69717,53244,Express
69718,53244,Next.js
69719,53244,Node.js
69720,53244,React
69721,53246,Express
69722,53246,Node.js
69723,53246,React
69725,53250,ASP.NET
69726,53250,ASP.NET CORE
69727,53250,jQuery
69728,53250,Node.js
69729,53254,Spring Boot
69730,53256,jQuery
69731,53256,React
69733,53260,Angular
69734,53260,Express
69736,53260,Node.js
69738,53263,ASP.NET
69739,53263,jQuery
69741,53263,Node.js
69742,53263,React
69743,53263,Vue.js
69745,53270,Angular
69748,53270,Express
69749,53270,Next.js
69750,53270,Node.js
69751,53270,React
69752,53276,Spring Boot
69753,53279,Angular
69754,53279,Express
69756,53279,jQuery
69757,53279,Next.js
69758,53279,Node.js
69759,53279,React
69760,53279,Vue.js
69762,53282,ASP.NET CORE
69763,53282,React
69764,53283,Express
69765,53283,React
69766,53284,Angular
69768,53284,Express
69770,53284,jQuery
69771,53284,Node.js
69773,53284,React
69775,53284,Vue.js
69777,53285,Angular
69780,53285,Express
69783,53285,Next.js
69784,53285,Node.js
69785,53285,React
69788,53287,Angular
69789,53287,ASP.NET
69790,53287,ASP.NET CORE
69792,53299,React
69794,53299,Vue.js
69795,53300,ASP.NET CORE
69797,53300,Express
69798,53300,Node.js
69799,53301,Angular
69800,53301,Express
69802,53301,Node.js
69803,53301,React
69805,53302,Angular
69806,53302,ASP.NET CORE
69807,53302,React
69809,53316,Angular
69810,53316,Next.js
69811,53316,Node.js
69813,53316,React
69814,53316,Spring Boot
69815,53316,Vue.js
69820,53328,Express
69823,53328,jQuery
69824,53328,Node.js
69825,53328,React
69827,53332,React
69828,53342,Angular
69829,53342,ASP.NET
69830,53342,ASP.NET CORE
69832,53345,ASP.NET CORE
69833,53345,jQuery
69834,53345,Node.js
69835,53345,Spring Boot
69836,53345,Vue.js
69838,53363,Express
69840,53363,Node.js
69841,53363,React
69842,53367,Express
69844,53367,Node.js
69845,53367,React
69846,53383,ASP.NET
69847,53397,Angular
69850,53397,Next.js
69851,53397,React
69853,53403,jQuery
69854,53403,React
69857,53409,jQuery
69859,53409,Vue.js
69862,53411,Express
69863,53411,Node.js
69865,53411,Vue.js
69867,53421,Node.js
69868,53421,React
69869,53421,Vue.js
69870,53431,jQuery
69871,53431,Node.js
69872,53431,Vue.js
69875,53436,Express
69878,53436,React
69881,53445,React
69883,53450,React
69886,53456,Node.js
69887,53456,React
69888,53462,Node.js
69889,53463,Angular
69891,53463,ASP.NET
69892,53463,ASP.NET CORE
69893,53463,jQuery
69894,53463,Node.js
69898,53466,jQuery
69899,53466,Next.js
69900,53466,Node.js
69901,53466,React
69903,53466,Spring Boot
69905,53466,Vue.js
69906,53467,Node.js
69908,53468,Next.js
69909,53468,Node.js
69910,53468,React
69913,53472,Node.js
69915,53473,ASP.NET
69916,53473,ASP.NET CORE
69919,53473,React
69920,53482,jQuery
69922,53491,Angular
69927,53491,Node.js
69929,53491,React
69932,53491,Vue.js
69933,53493,Express
69934,53493,Node.js
69935,53493,React
69936,53493,Spring Boot
69940,53494,Express
69942,53494,jQuery
69945,53494,Node.js
69947,53494,React
69950,53494,Vue.js
69952,53495,Angular
69955,53495,Express
69957,53495,jQuery
69958,53495,Node.js
69959,53495,React
69960,53495,Spring Boot
69961,53495,Vue.js
69962,53503,jQuery
69963,53503,Spring Boot
69965,53511,Node.js
69966,53511,Vue.js
69967,53529,jQuery
69972,53531,Node.js
69976,53534,Next.js
69977,53534,Node.js
69978,53534,React
69979,53535,jQuery
69980,53535,Spring Boot
69981,53539,ASP.NET CORE
69983,53539,Express
69985,53539,Node.js
69986,53539,React
69987,53539,Vue.js
69988,53542,Spring Boot
69989,53543,jQuery
69991,53545,ASP.NET
69992,53545,ASP.NET CORE
69994,53545,React
69995,53546,Angular
69996,53546,ASP.NET
69997,53546,ASP.NET CORE
69998,53546,jQuery
69999,53546,Node.js
70000,53546,React
70001,53547,React
70002,53550,Next.js
70003,53550,Node.js
70004,53550,React
70005,53551,ASP.NET
70006,53551,jQuery
70007,53551,Node.js
70008,53551,React
70009,53552,ASP.NET
70011,53552,jQuery
70013,53552,Node.js
70015,53552,Vue.js
70018,53557,Node.js
70022,53564,jQuery
70023,53564,Next.js
70024,53564,Node.js
70025,53564,React
70027,53568,Angular
70028,53568,ASP.NET CORE
70032,53570,ASP.NET
70033,53570,ASP.NET CORE
70035,53570,Node.js
70036,53570,React
70037,53575,Express
70038,53575,Node.js
70040,53575,Spring Boot
70041,53579,Angular
70042,53579,ASP.NET
70043,53579,ASP.NET CORE
70047,53579,jQuery
70048,53579,Node.js
70049,53582,Angular
70050,53582,ASP.NET CORE
70051,53585,ASP.NET
70052,53585,ASP.NET CORE
70053,53585,jQuery
70055,53586,ASP.NET
70057,53586,jQuery
70059,53591,jQuery
70060,53591,Node.js
70063,53594,Node.js
70065,53594,Vue.js
70066,53596,Express
70067,53596,Next.js
70068,53596,Node.js
70070,53596,React
70072,53596,Vue.js
70073,53599,Angular
70075,53600,ASP.NET CORE
70076,53600,React
70079,53609,Next.js
70080,53609,React
70082,53612,Express
70083,53612,Node.js
70086,53621,Node.js
70087,53621,React
70089,53632,Vue.js
70090,53639,ASP.NET CORE
70091,53639,Node.js
70092,53640,Angular
70093,53640,ASP.NET CORE
70096,53643,jQuery
70097,53643,Node.js
70098,53643,React
70099,53643,Spring Boot
70100,53643,Vue.js
70106,53649,React
70107,53650,Express
70109,53650,Next.js
70110,53650,Node.js
70111,53650,React
70112,53652,ASP.NET
70113,53652,ASP.NET CORE
70114,53652,Node.js
70115,53652,React
70116,53653,ASP.NET CORE
70117,53653,Node.js
70118,53654,Angular
70119,53654,Node.js
70120,53654,React
70121,53654,Spring Boot
70123,53654,Vue.js
70124,53656,Node.js
70125,53658,Node.js
70126,53658,Spring Boot
70127,53662,Angular
70130,53662,Express
70134,53662,Node.js
70135,53670,ASP.NET
70136,53670,ASP.NET CORE
70138,53670,jQuery
70141,53671,Next.js
70142,53671,Node.js
70144,53674,Express
70145,53674,Next.js
70146,53674,Node.js
70147,53674,React
70149,53680,jQuery
70154,53686,Next.js
70157,53687,Next.js
70158,53687,Node.js
70159,53687,React
70160,53688,ASP.NET CORE
70163,53688,React
70167,53704,Next.js
70168,53704,Node.js
70169,53707,Node.js
70170,53707,React
70172,53710,Angular
70175,53710,Node.js
70176,53723,Express
70178,53723,jQuery
70180,53723,Node.js
70181,53723,React
70182,53723,Vue.js
70183,53727,Angular
70184,53727,ASP.NET CORE
70185,53727,Express
70186,53727,Node.js
70187,53727,React
70188,53727,Vue.js
70189,53733,Angular
70190,53733,ASP.NET
70191,53733,ASP.NET CORE
70192,53733,jQuery
70193,53734,Angular
70194,53734,Express
70196,53734,Next.js
70197,53734,Node.js
70198,53734,React
70199,53734,Vue.js
70201,53737,Next.js
70202,53737,React
70203,53738,Express
70206,53738,Next.js
70207,53738,Node.js
70210,53739,ASP.NET CORE
70212,53739,Express
70213,53739,jQuery
70214,53739,Next.js
70215,53739,Node.js
70218,53748,Node.js
70219,53748,React
70222,53750,Node.js
70226,53755,Next.js
70227,53755,Node.js
70228,53755,React
70229,53756,Express
70232,53756,Node.js
70233,53756,React
70234,53758,Angular
70235,53758,ASP.NET
70236,53758,ASP.NET CORE
70238,53758,jQuery
70239,53775,ASP.NET
70240,53775,ASP.NET CORE
70242,53775,Express
70244,53775,jQuery
70245,53775,Next.js
70246,53775,Node.js
70247,53775,React
70253,53784,Node.js
70254,53784,React
70257,53786,React
70262,53787,Next.js
70263,53787,Node.js
70264,53787,React
70265,53791,Express
70267,53791,Next.js
70268,53791,Node.js
70269,53791,React
70272,53799,Next.js
70274,53799,Spring Boot
70275,53808,Express
70276,53808,Node.js
70277,53808,React
70279,53809,ASP.NET CORE
70282,53809,React
70284,53816,ASP.NET CORE
70286,53816,jQuery
70287,53827,Node.js
70288,53827,Vue.js
70289,53830,Node.js
70290,53831,ASP.NET CORE
70292,53831,Next.js
70293,53831,React
70294,53838,Express
70296,53838,jQuery
70297,53838,Next.js
70298,53838,Node.js
70299,53838,React
70300,53838,Spring Boot
70301,53838,Vue.js
70305,53849,React
70306,53856,ASP.NET
70307,53856,ASP.NET CORE
70308,53856,jQuery
70309,53857,ASP.NET CORE
70313,53862,Vue.js
70314,53864,React
70316,53867,Angular
70317,53868,Angular
70318,53868,ASP.NET CORE
70319,53868,Next.js
70321,53868,Vue.js
70323,53876,React
70325,53877,ASP.NET
70326,53877,ASP.NET CORE
70327,53877,jQuery
70328,53878,Angular
70329,53878,ASP.NET
70330,53878,ASP.NET CORE
70331,53878,Next.js
70332,53880,Angular
70333,53880,ASP.NET CORE
70336,53881,Express
70340,53881,Next.js
70341,53881,Node.js
70342,53881,React
70345,53885,Node.js
70346,53885,React
70347,53900,ASP.NET
70348,53900,ASP.NET CORE
70349,53900,jQuery
70354,53905,Node.js
70355,53905,React
70359,53914,Node.js
70360,53914,Spring Boot
70361,53914,Vue.js
70363,53916,ASP.NET
70364,53916,ASP.NET CORE
70366,53916,jQuery
70367,53916,Node.js
70368,53917,Angular
70369,53917,ASP.NET
70371,53917,Express
70372,53917,jQuery
70374,53917,Next.js
70375,53917,Node.js
70376,53917,React
70377,53917,Spring Boot
70378,53917,Vue.js
70380,53922,Node.js
70381,53922,React
70382,53923,ASP.NET
70383,53923,ASP.NET CORE
70384,53923,React
70385,53924,Node.js
70386,53924,React
70389,53927,Next.js
70390,53927,React
70391,53931,Node.js
70392,53931,Spring Boot
70395,53932,jQuery
70396,53932,Node.js
70397,53932,React
70399,53937,Next.js
70400,53937,Node.js
70401,53937,React
70402,53937,Vue.js
70404,53939,Node.js
70405,53939,React
70408,53940,Express
70411,53940,Node.js
70412,53940,React
70415,53942,Angular
70417,53942,Express
70420,53942,Node.js
70422,53942,React
70424,53942,Vue.js
70427,53956,jQuery
70428,53962,Angular
70430,53962,ASP.NET
70431,53962,ASP.NET CORE
70434,53962,Express
70439,53962,jQuery
70440,53962,Next.js
70441,53962,Node.js
70442,53962,React
70443,53962,Vue.js
70444,53965,Angular
70445,53965,Spring Boot
70446,53967,jQuery
70448,53969,ASP.NET
70450,53969,Node.js
70451,53975,Express
70454,53977,Next.js
70455,53977,React
70456,53982,ASP.NET
70458,53985,Angular
70461,53985,jQuery
70462,53985,React
70466,53986,Node.js
70468,53986,React
70471,53994,Next.js
70472,53994,Node.js
70473,53994,React
70474,53999,ASP.NET CORE
70476,53999,React
70477,54000,Express
70481,54000,Next.js
70482,54000,Node.js
70483,54000,React
70488,54009,Node.js
70489,54009,React
70490,54012,Express
70491,54012,jQuery
70494,54012,Next.js
70495,54012,Node.js
70496,54012,React
70497,54013,Angular
70499,54013,Spring Boot
70501,54015,Express
70504,54015,Vue.js
70506,54016,jQuery
70508,54016,React
70509,54016,Vue.js
70510,54023,ASP.NET
70511,54023,ASP.NET CORE
70512,54024,Node.js
70513,54024,React
70516,54037,Node.js
70517,54038,ASP.NET
70518,54038,ASP.NET CORE
70520,54043,Angular
70523,54043,Express
70524,54043,jQuery
70526,54043,Node.js
70527,54043,Vue.js
70528,54045,Angular
70530,54049,Angular
70531,54049,ASP.NET CORE
70532,54049,Node.js
70533,54049,React
70535,54053,React
70536,54053,Vue.js
70542,54055,React
70543,54055,Spring Boot
70544,54056,Express
70545,54056,Node.js
70546,54056,React
70550,54059,Vue.js
70552,54064,jQuery
70555,54064,Vue.js
70556,54065,Node.js
70557,54065,React
70559,54065,Spring Boot
70560,54074,Node.js
70561,54074,Spring Boot
70562,54074,Vue.js
70563,54075,Angular
70565,54075,ASP.NET
70566,54075,ASP.NET CORE
70567,54075,jQuery
70568,54075,Node.js
70569,54075,React
70570,54075,Spring Boot
70571,54079,Next.js
70572,54079,Node.js
70573,54083,Angular
70575,54083,React
70576,54083,Spring Boot
70577,54087,Express
70578,54087,Node.js
70579,54087,React
70580,54087,Spring Boot
70582,54087,Vue.js
70584,54088,ASP.NET
70585,54088,ASP.NET CORE
70586,54088,jQuery
70587,54088,Node.js
70588,54088,Vue.js
70589,54090,Angular
70590,54106,Node.js
70591,54106,React
70592,54106,Spring Boot
70593,54107,ASP.NET
70594,54107,ASP.NET CORE
70597,54108,jQuery
70598,54108,React
70600,54111,Angular
70602,54111,Express
70603,54111,Next.js
70604,54111,Node.js
70605,54111,React
70606,54111,Spring Boot
70607,54115,Angular
70609,54116,React
70610,54117,jQuery
70612,54133,Express
70616,54133,Next.js
70617,54133,Node.js
70618,54133,React
70621,54134,ASP.NET
70622,54134,ASP.NET CORE
70625,54134,Node.js
70626,54134,Vue.js
70628,54137,Express
70630,54137,Next.js
70631,54137,Node.js
70632,54137,React
70637,54141,Vue.js
70639,54144,Angular
70641,54144,ASP.NET
70642,54144,ASP.NET CORE
70646,54144,Express
70648,54144,jQuery
70650,54144,Node.js
70651,54144,React
70653,54144,Vue.js
70655,54160,ASP.NET
70656,54160,ASP.NET CORE
70657,54163,ASP.NET
70658,54163,ASP.NET CORE
70659,54176,React
70660,54176,Vue.js
70662,54180,ASP.NET
70663,54180,ASP.NET CORE
70664,54180,Express
70667,54180,Next.js
70668,54180,Node.js
70669,54180,React
70670,54180,Spring Boot
70671,54180,Vue.js
70674,54183,jQuery
70675,54183,Node.js
70677,54186,React
70678,54187,Node.js
70683,54193,Node.js
70684,54193,Spring Boot
70685,54195,ASP.NET
70686,54195,ASP.NET CORE
70688,54195,jQuery
70689,54195,Node.js
70692,54204,Angular
70693,54205,Angular
70694,54205,ASP.NET CORE
70695,54205,Node.js
70696,54210,Angular
70697,54210,React
70698,54219,Express
70700,54219,Next.js
70701,54219,Node.js
70702,54219,React
70706,54232,Angular
70707,54232,ASP.NET
70708,54232,ASP.NET CORE
70710,54235,Express
70712,54235,Next.js
70713,54235,Node.js
70714,54235,React
70716,54241,Node.js
70717,54245,ASP.NET
70718,54245,ASP.NET CORE
70719,54245,jQuery
70720,54245,Node.js
70721,54245,React
70724,54249,Vue.js
70725,54252,Express
70726,54252,jQuery
70727,54252,Node.js
70729,54257,Express
70730,54257,Next.js
70731,54257,Node.js
70732,54257,React
70733,54258,jQuery
70734,54258,Spring Boot
70735,54261,jQuery
70738,54261,Vue.js
70740,54269,jQuery
70741,54269,React
70744,54270,Vue.js
70745,54272,Angular
70746,54272,Spring Boot
70749,54275,Next.js
70750,54275,React
70751,54275,Vue.js
70752,54276,Angular
70754,54276,jQuery
70755,54276,Spring Boot
70756,54282,ASP.NET
70757,54282,ASP.NET CORE
70758,54282,jQuery
70759,54282,React
70761,54284,Next.js
70762,54284,Node.js
70763,54284,React
70765,54285,Spring Boot
70766,54287,ASP.NET
70767,54287,ASP.NET CORE
70770,54287,jQuery
70772,54291,Express
70773,54291,Node.js
70774,54291,React
70775,54291,Spring Boot
70776,54295,ASP.NET
70777,54295,ASP.NET CORE
70778,54295,jQuery
70779,54295,Node.js
70780,54300,Angular
70782,54300,jQuery
70784,54301,Node.js
70785,54301,React
70786,54301,Spring Boot
70787,54304,Angular
70788,54304,ASP.NET CORE
70789,54304,Express
70791,54304,Next.js
70792,54304,Node.js
70793,54304,React
70794,54307,Angular
70795,54307,ASP.NET CORE
70798,54320,Angular
70799,54320,Node.js
70800,54320,Spring Boot
70802,54324,React
70803,54324,Spring Boot
70804,54324,Vue.js
70806,54332,Angular
70807,54332,ASP.NET
70808,54332,jQuery
70809,54332,Node.js
70810,54334,Express
70812,54334,Next.js
70813,54334,Node.js
70814,54334,React
70815,54335,Node.js
70816,54335,Spring Boot
70817,54335,Vue.js
70819,54339,Express
70820,54339,Next.js
70821,54339,Node.js
70822,54339,React
70823,54340,jQuery
70824,54340,Node.js
70826,54342,ASP.NET CORE
70827,54347,ASP.NET CORE
70829,54347,jQuery
70830,54347,Next.js
70831,54347,React
70832,54347,Vue.js
70834,54348,Angular
70835,54348,Express
70838,54348,Node.js
70839,54348,React
70840,54354,Angular
70843,54354,Express
70845,54354,jQuery
70846,54354,Next.js
70847,54354,Node.js
70848,54354,React
70849,54356,ASP.NET
70850,54356,ASP.NET CORE
70851,54356,Vue.js
70853,54357,Express
70856,54357,jQuery
70857,54357,Node.js
70858,54357,React
70860,54359,Node.js
70861,54359,React
70864,54362,React
70866,54363,Angular
70870,54363,Vue.js
70871,54365,Angular
70872,54365,ASP.NET
70873,54365,ASP.NET CORE
70875,54365,Node.js
70876,54367,Angular
70879,54383,Express
70880,54383,jQuery
70882,54383,Next.js
70883,54383,Node.js
70884,54383,React
70885,54383,Spring Boot
70886,54383,Vue.js
70887,54392,Express
70888,54392,jQuery
70889,54392,Node.js
70891,54392,React
70892,54392,Vue.js
70895,54399,Angular
70896,54399,Express
70899,54399,Next.js
70900,54399,Node.js
70901,54399,React
70902,54405,Node.js
70903,54405,React
70904,54407,Angular
70905,54407,Express
70906,54407,Node.js
70907,54407,Vue.js
70909,54408,ASP.NET CORE
70911,54408,jQuery
70912,54411,Node.js
70913,54411,React
70914,54411,Spring Boot
70915,54416,Angular
70917,54416,Express
70919,54416,Next.js
70920,54416,Node.js
70921,54416,React
70922,54416,Spring Boot
70924,54417,Express
70926,54417,jQuery
70927,54417,Next.js
70928,54417,Node.js
70930,54417,React
70934,54419,Express
70935,54419,Node.js
70936,54419,React
70938,54420,Angular
70939,54420,Node.js
70940,54426,Next.js
70941,54426,Node.js
70943,54426,React
70944,54426,Vue.js
70945,54434,ASP.NET
70946,54434,ASP.NET CORE
70948,54434,React
70949,54443,Express
70953,54443,jQuery
70955,54443,Next.js
70956,54443,Node.js
70957,54443,React
70958,54443,Spring Boot
70961,54447,Angular
70963,54447,ASP.NET
70965,54447,Express
70967,54447,Next.js
70968,54447,Node.js
70969,54447,React
70970,54448,Express
70971,54448,React
70974,54451,jQuery
70977,54451,React
70979,54451,Vue.js
70983,54455,Express
70985,54455,jQuery
70986,54455,Next.js
70987,54455,Node.js
70988,54455,React
70990,54457,Spring Boot
70991,54462,ASP.NET CORE
70992,54462,React
70994,54475,Spring Boot
70997,54477,jQuery
71000,54479,Angular
71003,54479,Node.js
71005,54479,React
71006,54479,Spring Boot
71007,54479,Vue.js
71009,54480,Vue.js
71012,54482,Express
71013,54482,Node.js
71014,54482,React
71015,54482,Vue.js
71017,54495,ASP.NET
71018,54495,ASP.NET CORE
71020,54495,Next.js
71021,54495,Node.js
71022,54495,React
71023,54495,Vue.js
71024,54497,Angular
71025,54497,ASP.NET CORE
71027,54502,Angular
71028,54502,ASP.NET
71029,54502,ASP.NET CORE
71032,54502,jQuery
71033,54502,Node.js
71037,54524,Vue.js
71038,54528,Angular
71039,54528,Express
71041,54528,React
71042,54535,ASP.NET
71043,54535,ASP.NET CORE
71045,54535,React
71046,54541,Angular
71047,54541,ASP.NET
71048,54541,ASP.NET CORE
71050,54541,Node.js
71051,54547,Angular
71053,54547,Node.js
71054,54547,React
71055,54547,Spring Boot
71056,54547,Vue.js
71058,54548,Next.js
71059,54548,Node.js
71060,54548,React
71061,54548,Vue.js
71064,54555,Next.js
71065,54555,React
71068,54558,ASP.NET CORE
71070,54558,Next.js
71071,54558,Node.js
71072,54558,React
71074,54563,ASP.NET
71075,54563,ASP.NET CORE
71076,54563,jQuery
71080,54567,ASP.NET
71081,54576,Angular
71083,54578,Node.js
71084,54578,React
71085,54582,jQuery
71086,54582,Node.js
71087,54582,React
71089,54590,jQuery
71090,54590,Node.js
71093,54592,ASP.NET CORE
71094,54592,jQuery
71096,54592,React
71098,54594,Express
71100,54594,jQuery
71101,54594,Next.js
71102,54594,Node.js
71103,54594,React
71104,54594,Vue.js
71106,54604,Express
71109,54604,jQuery
71112,54604,React
71115,54605,Spring Boot
71117,54605,Vue.js
71118,54611,Express
71119,54611,Next.js
71120,54611,React
71124,54654,React
71126,54655,ASP.NET CORE
71127,54655,React
71128,54655,Vue.js
71135,54663,jQuery
71138,54663,Spring Boot
71139,54663,Vue.js
71141,54666,Node.js
71142,54674,Node.js
71143,54674,React
71144,54677,Angular
71145,54677,ASP.NET
71146,54677,ASP.NET CORE
71148,54677,Express
71151,54677,jQuery
71153,54677,Next.js
71154,54677,Node.js
71155,54677,React
71156,54677,Spring Boot
71159,54680,ASP.NET
71160,54680,ASP.NET CORE
71161,54680,Express
71163,54680,Node.js
71164,54680,React
71165,54680,Spring Boot
71166,54680,Vue.js
71167,54681,Spring Boot
71168,54682,Angular
71170,54682,Node.js
71173,54685,React
71174,54690,ASP.NET
71175,54690,ASP.NET CORE
71179,54694,ASP.NET
71180,54694,ASP.NET CORE
71181,54694,jQuery
71183,54696,Express
71184,54696,Next.js
71185,54696,Node.js
71186,54696,React
71188,54697,Node.js
71189,54697,React
71193,54698,jQuery
71194,54698,Node.js
71195,54698,Vue.js
71196,54712,Angular
71198,54712,jQuery
71200,54712,Next.js
71201,54712,Node.js
71202,54712,Vue.js
71205,54713,ASP.NET CORE
71207,54713,Vue.js
71208,54720,Angular
71211,54720,jQuery
71213,54720,Node.js
71216,54725,ASP.NET CORE
71217,54725,jQuery
71221,54726,jQuery
71222,54726,Node.js
71223,54728,ASP.NET
71224,54728,ASP.NET CORE
71225,54728,jQuery
71226,54736,React
71227,54736,Spring Boot
71228,54740,Express
71229,54740,Node.js
71230,54740,React
71231,54751,React
71232,54752,ASP.NET CORE
71234,54752,Node.js
71235,54752,Vue.js
71236,54753,Angular
71237,54753,React
71238,54753,Spring Boot
71240,54759,ASP.NET
71241,54759,ASP.NET CORE
71245,54770,Express
71247,54770,Next.js
71248,54770,React
71249,54782,Next.js
71250,54782,Node.js
71251,54782,React
71253,54783,Angular
71256,54783,Express
71259,54783,Node.js
71260,54783,React
71261,54783,Spring Boot
71264,54794,jQuery
71266,54794,Vue.js
71270,54807,Express
71272,54807,Node.js
71273,54807,React
71274,54812,React
71275,54817,React
71277,54824,jQuery
71278,54824,Spring Boot
71279,54827,Node.js
71280,54827,React
71283,54830,React
71286,54836,jQuery
71288,54837,Angular
71289,54837,Express
71291,54837,React
71296,54845,Vue.js
71297,54846,ASP.NET
71298,54846,ASP.NET CORE
71299,54852,Angular
71300,54852,ASP.NET CORE
71301,54866,jQuery
71302,54866,Node.js
71303,54866,React
71304,54866,Spring Boot
71305,54872,ASP.NET CORE
71306,54884,Angular
71307,54885,Angular
71308,54885,Spring Boot
71311,54896,Next.js
71312,54896,Node.js
71313,54896,React
71315,54909,Angular
71316,54909,Express
71317,54909,jQuery
71318,54909,Next.js
71319,54909,Node.js
71320,54909,React
71321,54915,Angular
71322,54915,Spring Boot
71323,54915,Vue.js
71326,54921,Express
71328,54921,jQuery
71331,54921,Node.js
71332,54921,React
71335,54921,Vue.js
71337,54928,Node.js
71338,54928,Vue.js
71342,54929,Next.js
71343,54929,React
71346,54931,Spring Boot
71347,54932,Angular
71348,54932,Express
71350,54932,Node.js
71351,54932,React
71352,54932,Vue.js
71353,54935,ASP.NET
71356,54938,Angular
71357,54938,ASP.NET CORE
71358,54938,Express
71360,54938,Node.js
71361,54938,React
71363,54941,Angular
71364,54941,Spring Boot
71365,54946,ASP.NET
71366,54946,ASP.NET CORE
71367,54946,jQuery
71369,54955,jQuery
71370,54955,Node.js
71372,54955,Vue.js
71374,54962,jQuery
71375,54962,Node.js
71376,54962,React
71377,54963,Angular
71380,54965,Angular
71381,54965,Express
71382,54965,jQuery
71383,54965,Node.js
71384,54967,Angular
71385,54967,Spring Boot
71387,54967,Vue.js
71388,54971,ASP.NET CORE
71391,54972,ASP.NET
71392,54972,ASP.NET CORE
71393,54972,Vue.js
71394,54975,ASP.NET
71395,54975,ASP.NET CORE
71398,54975,jQuery
71399,54975,React
71400,54975,Vue.js
71401,54976,Angular
71403,54976,ASP.NET
71404,54976,ASP.NET CORE
71405,54976,Node.js
71406,54976,React
71407,54976,Spring Boot
71410,54987,Angular
71415,54987,Express
71417,54987,jQuery
71420,54987,Next.js
71421,54987,Node.js
71422,54987,React
71423,54987,Spring Boot
71427,54992,Spring Boot
71428,54994,ASP.NET CORE
71430,55001,Angular
71432,55001,Spring Boot
71433,55003,Angular
71437,55003,Express
71438,55003,jQuery
71439,55003,Next.js
71440,55003,Node.js
71441,55003,React
71443,55005,Express
71444,55005,Next.js
71445,55005,Node.js
71446,55005,React
71449,55012,Express
71451,55012,Next.js
71452,55012,Node.js
71453,55012,React
71454,55015,ASP.NET CORE
71456,55018,Angular
71458,55018,ASP.NET
71459,55018,ASP.NET CORE
71461,55018,jQuery
71462,55018,React
71463,55018,Vue.js
71465,55021,Angular
71468,55021,Next.js
71469,55021,Node.js
71470,55021,React
71471,55023,ASP.NET
71472,55023,ASP.NET CORE
71473,55023,jQuery
71474,55023,Node.js
71475,55023,React
71477,55028,Next.js
71478,55028,Node.js
71479,55028,React
71480,55028,Spring Boot
71481,55028,Vue.js
71482,55030,ASP.NET CORE
71483,55032,ASP.NET
71485,55032,Next.js
71486,55032,Node.js
71490,55039,Node.js
71491,55039,React
71492,55039,Spring Boot
71493,55040,Angular
71496,55040,Node.js
71497,55040,React
71498,55040,Vue.js
71499,55046,Express
71500,55046,Next.js
71502,55046,React
71504,55046,Vue.js
71505,55053,Angular
71507,55053,jQuery
71508,55053,Spring Boot
71509,55053,Vue.js
71510,55056,Express
71512,55056,Next.js
71513,55056,Node.js
71514,55056,React
71515,55059,Express
71517,55059,Node.js
71518,55062,Angular
71521,55062,Node.js
71522,55062,Vue.js
71523,55070,ASP.NET CORE
71524,55070,jQuery
71525,55070,Vue.js
71526,55076,Angular
71527,55076,ASP.NET CORE
71529,55076,Express
71531,55076,Next.js
71532,55076,Node.js
71533,55076,React
71535,55078,Node.js
71536,55080,Express
71538,55080,Node.js
71539,55080,React
71540,55080,Vue.js
71544,55091,ASP.NET CORE
71545,55091,React
71546,55102,Spring Boot
71547,55115,Angular
71548,55115,ASP.NET
71549,55115,jQuery
71550,55115,Node.js
71551,55115,React
71552,55115,Spring Boot
71554,55116,ASP.NET CORE
71555,55116,Node.js
71557,55119,jQuery
71559,55119,Node.js
71560,55119,Vue.js
71561,55126,Angular
71562,55126,Node.js
71563,55126,Spring Boot
71566,55132,Express
71568,55132,Node.js
71569,55132,Vue.js
71572,55135,ASP.NET CORE
71573,55135,Express
71575,55135,Node.js
71579,55139,Node.js
71581,55144,Angular
71582,55144,ASP.NET CORE
71583,55144,jQuery
71584,55144,Next.js
71585,55144,Vue.js
71586,55152,Express
71588,55152,Node.js
71589,55152,React
71590,55164,ASP.NET
71591,55164,ASP.NET CORE
71593,55164,jQuery
71594,55166,Angular
71598,55167,React
71601,55171,Vue.js
71602,55172,Angular
71603,55172,ASP.NET
71604,55172,ASP.NET CORE
71607,55173,Vue.js
71608,55176,Express
71611,55176,Next.js
71612,55176,Node.js
71613,55176,React
71615,55178,Express
71616,55178,Next.js
71617,55178,Node.js
71618,55178,React
71619,55185,React
71620,55185,Spring Boot
71621,55196,Spring Boot
71622,55200,Angular
71623,55201,Angular
71625,55201,Node.js
71626,55203,Express
71628,55203,Node.js
71629,55203,React
71630,55205,ASP.NET CORE
71632,55215,ASP.NET
71633,55215,ASP.NET CORE
71635,55215,Next.js
71636,55215,Node.js
71637,55215,React
71638,55220,Angular
71642,55220,jQuery
71643,55220,Node.js
71644,55220,React
71645,55220,Spring Boot
71647,55221,Angular
71648,55221,Express
71650,55221,Next.js
71651,55221,Node.js
71652,55221,React
71653,55221,Spring Boot
71654,55230,Angular
71655,55230,Express
71656,55230,Node.js
71657,55230,React
71658,55230,Spring Boot
71660,55230,Vue.js
71662,55236,jQuery
71665,55239,React
71666,55240,jQuery
71669,55242,ASP.NET
71670,55242,ASP.NET CORE
71672,55242,Express
71673,55242,Node.js
71674,55242,React
71675,55244,ASP.NET CORE
71676,55244,Node.js
71677,55244,React
71679,55246,Vue.js
71680,55247,Express
71682,55247,Node.js
71683,55247,Vue.js
71684,55249,ASP.NET CORE
71685,55249,Node.js
71686,55249,React
71688,55250,Angular
71696,55250,React
71700,55252,Next.js
71701,55252,Node.js
71702,55252,React
71704,55257,ASP.NET
71705,55257,ASP.NET CORE
71706,55257,jQuery
71708,55257,Next.js
71709,55257,Node.js
71711,55257,Vue.js
71713,55258,Node.js
71714,55258,React
71715,55259,ASP.NET CORE
71717,55259,React
71718,55286,React
71721,55291,Vue.js
71722,55307,Express
71723,55307,jQuery
71725,55307,Node.js
71726,55307,React
71727,55310,Angular
71729,55310,ASP.NET
71730,55310,ASP.NET CORE
71732,55310,jQuery
71733,55310,React
71734,55312,Express
71735,55312,jQuery
71736,55312,Node.js
71737,55312,React
71738,55313,jQuery
71741,55313,Next.js
71742,55313,Node.js
71743,55313,React
71744,55314,ASP.NET
71745,55314,ASP.NET CORE
71747,55314,jQuery
71752,55320,jQuery
71753,55320,React
71755,55322,Express
71756,55322,Node.js
71757,55322,React
71758,55334,ASP.NET
71759,55334,ASP.NET CORE
71763,55345,jQuery
71764,55345,Vue.js
71765,55346,Node.js
71766,55346,React
71767,55346,Spring Boot
71768,55357,Angular
71770,55357,React
71773,55359,ASP.NET
71774,55359,ASP.NET CORE
71775,55359,React
71777,55367,React
71782,55368,React
71784,55369,Spring Boot
71786,55374,Node.js
71787,55374,Vue.js
71789,55382,Angular
71790,55382,Express
71792,55393,Angular
71794,55393,Spring Boot
71795,55404,Next.js
71796,55404,Node.js
71797,55405,Angular
71799,55405,React
71800,55405,Spring Boot
71801,55409,Express
71803,55409,Node.js
71804,55409,React
71805,55414,ASP.NET CORE
71806,55417,Spring Boot
71807,55421,ASP.NET
71808,55421,ASP.NET CORE
71809,55421,React
71810,55422,ASP.NET
71811,55422,ASP.NET CORE
71812,55422,React
71813,55428,ASP.NET CORE
71814,55429,ASP.NET
71815,55429,ASP.NET CORE
71817,55429,Node.js
71818,55429,React
71819,55430,Angular
71820,55430,ASP.NET CORE
71823,55430,Node.js
71824,55430,React
71827,55447,Angular
71828,55447,ASP.NET
71829,55447,ASP.NET CORE
71831,55454,Node.js
71832,55454,React
71837,55456,Next.js
71838,55456,React
71839,55456,Vue.js
71840,55459,Angular
71842,55459,jQuery
71843,55459,Node.js
71846,55467,Angular
71847,55467,ASP.NET
71848,55467,ASP.NET CORE
71849,55467,jQuery
71850,55467,React
71851,55472,ASP.NET CORE
71853,55479,Next.js
71854,55479,Node.js
71855,55479,React
71856,55479,Spring Boot
71857,55481,Node.js
71859,55481,Vue.js
71860,55485,Node.js
71862,55492,Express
71863,55492,jQuery
71864,55492,Node.js
71865,55492,React
71867,55501,Angular
71868,55501,Spring Boot
71869,55502,ASP.NET
71870,55502,ASP.NET CORE
71871,55502,Node.js
71872,55504,Angular
71873,55504,ASP.NET
71874,55504,ASP.NET CORE
71876,55504,React
71877,55505,Angular
71878,55505,Express
71880,55505,Node.js
71882,55506,Next.js
71883,55506,Node.js
71885,55506,React
71886,55506,Vue.js
71888,55508,Express
71889,55508,jQuery
71892,55508,Next.js
71893,55508,Node.js
71894,55508,React
71895,55508,Vue.js
71896,55509,ASP.NET CORE
71897,55509,jQuery
71899,55509,React
71901,55511,Node.js
71902,55511,React
71903,55513,Angular
71905,55513,Express
71907,55513,Next.js
71908,55513,Node.js
71909,55513,React
71912,55514,React
71913,55516,Express
71914,55516,Next.js
71915,55516,Node.js
71916,55516,React
71917,55516,Vue.js
71919,55522,jQuery
71920,55522,React
71921,55522,Spring Boot
71922,55529,Angular
71924,55529,Express
71925,55529,jQuery
71927,55529,Node.js
71928,55529,React
71931,55538,ASP.NET
71932,55538,ASP.NET CORE
71934,55540,jQuery
71937,55547,React
71938,55549,Express
71940,55549,Node.js
71942,55549,Vue.js
71946,55550,jQuery
71947,55550,Next.js
71948,55550,Node.js
71949,55550,React
71950,55550,Spring Boot
71951,55551,ASP.NET
71952,55551,ASP.NET CORE
71954,55551,jQuery
71956,55551,Node.js
71960,55555,jQuery
71963,55556,React
71965,55561,React
71966,55562,Angular
71968,55562,jQuery
71969,55562,Spring Boot
71972,55574,Node.js
71973,55574,React
71975,55578,ASP.NET CORE
71978,55579,React
71979,55579,Spring Boot
71980,55581,Angular
71981,55581,ASP.NET CORE
71982,55581,Express
71983,55581,Next.js
71984,55581,Node.js
71985,55581,React
71988,55592,ASP.NET CORE
71989,55594,Express
71990,55594,jQuery
71991,55594,Node.js
71996,55598,Node.js
71998,55598,React
72000,55598,Vue.js
72001,55601,ASP.NET
72004,55617,Node.js
72005,55617,React
72007,55623,Spring Boot
72008,55632,jQuery
72009,55632,React
72011,55636,Vue.js
72012,55637,Next.js
72014,55638,React
72017,55639,Express
72018,55639,Next.js
72019,55639,Node.js
72020,55639,React
72022,55640,Spring Boot
72023,55642,Node.js
72024,55642,React
72025,55644,Express
72028,55644,Next.js
72029,55644,Node.js
72030,55644,React
72031,55645,React
72032,55650,ASP.NET
72033,55650,ASP.NET CORE
72034,55650,jQuery
72035,55652,React
72036,55653,jQuery
72038,55653,Next.js
72039,55653,Node.js
72041,55653,React
72043,55653,Vue.js
72045,55660,ASP.NET CORE
72046,55660,React
72048,55664,Express
72050,55664,Next.js
72051,55664,Node.js
72052,55664,React
72053,55664,Vue.js
72054,55665,Express
72055,55665,Node.js
72056,55665,React
72057,55672,ASP.NET CORE
72058,55672,Node.js
72061,55684,jQuery
72062,55690,React
72063,55690,Spring Boot
72064,55705,Angular
72068,55705,Express
72070,55705,Node.js
72072,55705,React
72074,55705,Vue.js
72080,55717,ASP.NET
72081,55717,jQuery
72082,55717,Node.js
72083,55719,jQuery
72084,55719,Node.js
72086,55723,jQuery
72090,55727,Node.js
72091,55727,React
72092,55730,jQuery
72093,55730,React
72096,55735,ASP.NET
72097,55735,ASP.NET CORE
72099,55735,jQuery
72100,55735,Node.js
72101,55736,Node.js
72103,55738,Express
72104,55738,Next.js
72105,55738,Node.js
72106,55738,React
72111,55747,Next.js
72112,55747,Node.js
72113,55747,React
72116,55750,React
72117,55755,ASP.NET
72118,55755,ASP.NET CORE
72119,55759,Angular
72120,55759,jQuery
72121,55759,Next.js
72122,55759,Node.js
72123,55759,React
72124,55760,ASP.NET CORE
72125,55767,Angular
72127,55767,jQuery
72128,55767,Node.js
72129,55769,ASP.NET
72130,55769,ASP.NET CORE
72131,55769,Express
72133,55769,jQuery
72134,55769,Node.js
72135,55769,React
72136,55769,Spring Boot
72137,55770,Angular
72140,55770,jQuery
72141,55770,React
72142,55770,Vue.js
72143,55780,Spring Boot
72144,55784,ASP.NET CORE
72146,55785,jQuery
72147,55785,Node.js
72148,55785,React
72150,55787,Next.js
72152,55791,jQuery
72153,55791,Node.js
72155,55791,Vue.js
72157,55793,Express
72159,55793,Node.js
72160,55793,React
72162,55793,Vue.js
72163,55795,Node.js
72164,55795,React
72168,55796,Node.js
72169,55796,React
72172,55806,Node.js
72173,55806,React
72174,55820,Angular
72176,55820,Express
72182,55820,Next.js
72183,55820,Node.js
72185,55820,React
72186,55820,Vue.js
72188,55828,React
72189,55829,Angular
72190,55829,Node.js
72191,55832,ASP.NET CORE
72192,55832,React
72194,55834,Next.js
72195,55834,Node.js
72196,55834,React
72201,55835,Node.js
72203,55836,ASP.NET
72204,55836,ASP.NET CORE
72205,55836,Vue.js
72206,55847,ASP.NET CORE
72207,55847,Spring Boot
72208,55854,Express
72210,55854,Next.js
72211,55854,React
72212,55855,ASP.NET
72213,55855,Express
72214,55855,jQuery
72215,55855,Next.js
72216,55855,Node.js
72217,55855,React
72220,55860,Spring Boot
72221,55866,Spring Boot
72222,55870,Angular
72223,55870,ASP.NET
72224,55870,ASP.NET CORE
72227,55870,jQuery
72228,55870,Node.js
72229,55871,Angular
72230,55871,jQuery
72233,55879,Next.js
72234,55879,Node.js
72235,55879,React
72236,55889,React
72239,55891,Next.js
72240,55891,Node.js
72241,55891,React
72244,55899,Express
72248,55899,Next.js
72249,55899,Node.js
72250,55899,React
72255,55908,jQuery
72258,55910,ASP.NET
72259,55910,ASP.NET CORE
72260,55912,ASP.NET
72261,55912,ASP.NET CORE
72263,55912,jQuery
72264,55912,Node.js
72265,55912,React
72266,55919,Express
72269,55919,Node.js
72270,55919,React
72271,55919,Vue.js
72273,55925,Next.js
72274,55925,Node.js
72275,55925,React
72279,55926,Next.js
72280,55926,Node.js
72281,55926,React
72284,55927,ASP.NET
72285,55927,ASP.NET CORE
72287,55927,jQuery
72288,55927,Node.js
72290,55927,Vue.js
72291,55932,ASP.NET
72295,55940,Angular
72296,55940,Express
72298,55940,Next.js
72299,55940,Node.js
72300,55940,React
72303,55948,React
72306,55948,Spring Boot
72309,55949,Angular
72310,55949,ASP.NET CORE
72315,55949,Vue.js
72316,55964,Spring Boot
72317,55973,jQuery
72318,55973,React
72325,55980,Node.js
72327,55983,ASP.NET CORE
72329,55983,React
72330,55983,Spring Boot
72331,55983,Vue.js
72334,55998,Vue.js
72335,56003,Angular
72338,56003,Express
72339,56003,jQuery
72340,56003,Node.js
72342,56003,Spring Boot
72344,56009,ASP.NET
72345,56009,ASP.NET CORE
72346,56012,Angular
72347,56012,Next.js
72348,56012,Node.js
72349,56012,React
72353,56019,Express
72357,56019,jQuery
72358,56019,Next.js
72359,56019,Node.js
72360,56019,React
72361,56019,Spring Boot
72364,56033,Spring Boot
72365,56036,jQuery
72367,56036,Vue.js
72369,56043,Node.js
72370,56043,Vue.js
72371,56048,ASP.NET
72372,56048,ASP.NET CORE
72373,56048,React
72374,56048,Spring Boot
72375,56050,ASP.NET
72376,56050,ASP.NET CORE
72378,56050,Node.js
72379,56050,React
72380,56051,Express
72382,56051,Next.js
72383,56051,Node.js
72385,56055,React
72387,56056,jQuery
72388,56056,Node.js
72391,56059,Node.js
72393,56063,Spring Boot
72395,56070,Express
72397,56070,Next.js
72398,56070,Node.js
72399,56070,React
72400,56074,ASP.NET CORE
72401,56074,React
72402,56075,ASP.NET
72403,56075,ASP.NET CORE
72404,56076,Angular
72405,56076,Express
72406,56076,Next.js
72407,56076,Node.js
72408,56076,React
72410,56077,jQuery
72411,56078,Angular
72414,56078,Express
72417,56078,jQuery
72419,56078,Node.js
72420,56078,React
72423,56096,jQuery
72424,56096,React
72426,56099,React
72427,56109,jQuery
72428,56109,Next.js
72429,56109,React
72431,56114,ASP.NET
72432,56114,ASP.NET CORE
72434,56114,Node.js
72437,56119,Node.js
72438,56119,React
72440,56124,Next.js
72441,56124,React
72445,56140,jQuery
72446,56140,Node.js
72447,56140,React
72449,56147,Angular
72450,56147,ASP.NET
72451,56147,Express
72452,56147,jQuery
72454,56147,Node.js
72457,56147,Spring Boot
72458,56147,Vue.js
72459,56149,ASP.NET CORE
72464,56150,React
72468,56151,Express
72469,56151,jQuery
72471,56151,Next.js
72472,56151,Node.js
72473,56151,React
72477,56155,ASP.NET CORE
72478,56165,Angular
72480,56165,ASP.NET
72481,56165,ASP.NET CORE
72482,56165,Node.js
72483,56167,ASP.NET CORE
72484,56167,Node.js
72485,56167,React
72486,56169,ASP.NET
72487,56169,Express
72488,56169,jQuery
72489,56169,Node.js
72491,56169,React
72492,56169,Vue.js
72494,56170,Angular
72495,56170,Express
72497,56170,Next.js
72498,56170,Node.js
72499,56170,React
72501,56172,Express
72503,56172,Next.js
72504,56172,Node.js
72505,56172,React
72508,56175,React
72509,56175,Vue.js
72510,56177,ASP.NET
72511,56177,ASP.NET CORE
72512,56177,Node.js
72516,56182,Node.js
72517,56182,React
72518,56182,Vue.js
72519,56186,ASP.NET
72520,56186,ASP.NET CORE
72522,56186,React
72530,56196,jQuery
72532,56196,Next.js
72533,56196,Node.js
72535,56196,React
72537,56196,Spring Boot
72538,56196,Vue.js
72539,56202,ASP.NET
72540,56202,ASP.NET CORE
72542,56202,Spring Boot
72543,56208,Angular
72544,56208,Express
72548,56208,Node.js
72549,56208,React
72553,56209,jQuery
72555,56210,ASP.NET CORE
72556,56210,Node.js
72557,56214,Express
72560,56214,Next.js
72561,56214,Node.js
72562,56214,React
72563,56223,jQuery
72564,56223,Node.js
72565,56223,Spring Boot
72566,56225,Angular
72568,56225,Express
72571,56225,jQuery
72573,56225,Next.js
72574,56225,Node.js
72575,56225,React
72577,56225,Vue.js
72579,56227,Express
72581,56227,Next.js
72582,56227,React
72585,56232,React
72586,56235,Angular
72589,56235,React
72590,56235,Spring Boot
72591,56235,Vue.js
72592,56243,Node.js
72593,56243,React
72595,56263,ASP.NET
72596,56263,ASP.NET CORE
72597,56263,Vue.js
72599,56269,Next.js
72600,56269,Node.js
72602,56270,React
72603,56272,Angular
72604,56272,ASP.NET
72605,56272,ASP.NET CORE
72611,56272,jQuery
72612,56272,React
72617,56274,Express
72619,56274,jQuery
72622,56274,Next.js
72623,56274,Node.js
72625,56274,React
72627,56274,Spring Boot
72630,56274,Vue.js
72632,56276,jQuery
72633,56276,Node.js
72634,56276,React
72636,56286,ASP.NET
72637,56286,Vue.js
72639,56296,Angular
72641,56302,ASP.NET
72642,56302,ASP.NET CORE
72643,56302,jQuery
72644,56303,ASP.NET CORE
72647,56303,jQuery
72648,56303,Node.js
72649,56303,React
72650,56305,Express
72651,56305,Next.js
72652,56305,Node.js
72653,56305,React
72655,56309,jQuery
72657,56309,Next.js
72658,56309,React
72659,56317,Angular
72660,56317,ASP.NET
72661,56317,ASP.NET CORE
72663,56317,Express
72664,56317,jQuery
72666,56317,Node.js
72668,56317,Vue.js
72669,56319,ASP.NET CORE
72670,56319,React
72671,56320,Angular
72672,56320,ASP.NET
72673,56320,ASP.NET CORE
72674,56320,jQuery
72676,56321,Express
72680,56321,Next.js
72681,56321,Node.js
72682,56321,React
72683,56325,jQuery
72684,56325,Node.js
72685,56325,Vue.js
72686,56330,jQuery
72687,56330,Next.js
72688,56330,Node.js
72689,56330,React
72691,56336,Angular
72692,56336,ASP.NET
72693,56336,ASP.NET CORE
72694,56336,Node.js
72695,56336,React
72697,56341,ASP.NET CORE
72699,56344,Angular
72700,56355,Node.js
72701,56356,Angular
72702,56356,ASP.NET CORE
72706,56361,jQuery
72707,56361,Vue.js
72709,56366,jQuery
72710,56372,Express
72712,56372,Next.js
72713,56372,Node.js
72714,56372,React
72715,56375,Node.js
72717,56376,ASP.NET
72718,56376,ASP.NET CORE
72719,56376,jQuery
72721,56376,Spring Boot
72723,56377,Node.js
72727,56381,Express
72729,56381,Node.js
72730,56381,React
72732,56382,jQuery
72733,56382,React
72734,56382,Vue.js
72735,56386,Next.js
72736,56386,Node.js
72737,56398,ASP.NET CORE
72738,56398,React
72739,56400,Vue.js
72740,56404,Node.js
72743,56410,jQuery
72745,56412,Node.js
72746,56412,React
72747,56415,Express
72749,56415,Node.js
72750,56415,React
72752,56421,Node.js
72753,56421,React
72754,56421,Vue.js
72756,56425,Express
72758,56425,Next.js
72759,56425,Node.js
72760,56425,React
72761,56426,Vue.js
72763,56430,Express
72764,56430,jQuery
72765,56430,Node.js
72766,56430,React
72767,56435,ASP.NET
72768,56435,ASP.NET CORE
72771,56435,jQuery
72772,56435,React
72773,56449,Angular
72775,56449,ASP.NET
72776,56449,ASP.NET CORE
72777,56449,jQuery
72778,56449,Next.js
72779,56449,React
72780,56459,Angular
72782,56459,Next.js
72783,56459,React
72784,56476,React
72790,56477,Node.js
72791,56477,Vue.js
72792,56486,Angular
72793,56486,ASP.NET
72794,56486,ASP.NET CORE
72795,56486,React
72796,56486,Vue.js
72797,56488,Node.js
72799,56506,Express
72801,56506,jQuery
72802,56506,Node.js
72803,56506,Vue.js
72805,56507,Angular
72809,56507,Express
72810,56507,jQuery
72812,56507,Node.js
72813,56507,React
72815,56511,Next.js
72817,56511,React
72818,56511,Vue.js
72821,56514,Express
72823,56514,Next.js
72824,56514,Node.js
72825,56514,React
72828,56514,Vue.js
72829,56521,ASP.NET
72830,56521,ASP.NET CORE
72832,56521,jQuery
72833,56523,ASP.NET CORE
72834,56523,React
72835,56524,ASP.NET CORE
72838,56527,ASP.NET
72839,56527,ASP.NET CORE
72840,56527,jQuery
72842,56527,Node.js
72843,56527,React
72844,56530,Next.js
72845,56530,Node.js
72846,56530,React
72847,56530,Spring Boot
72848,56537,Angular
72849,56537,Node.js
72850,56537,React
72851,56538,ASP.NET
72852,56538,ASP.NET CORE
72853,56543,Angular
72854,56543,Express
72856,56543,Node.js
72857,56543,Vue.js
72858,56547,ASP.NET CORE
72859,56547,Express
72862,56547,Next.js
72863,56547,Node.js
72864,56547,React
72868,56548,Node.js
72869,56548,React
72871,56548,Vue.js
72875,56551,ASP.NET CORE
72876,56557,Angular
72878,56557,ASP.NET
72879,56557,ASP.NET CORE
72882,56557,Express
72883,56557,jQuery
72886,56557,Next.js
72887,56557,Node.js
72888,56557,React
72891,56559,Angular
72896,56559,Express
72900,56559,Next.js
72901,56559,Node.js
72902,56559,React
72906,56560,Spring Boot
72907,56561,Express
72908,56561,Node.js
72910,56561,Vue.js
72911,56567,Express
72912,56567,Node.js
72915,56571,jQuery
72916,56571,React
72917,56574,React
72919,56578,React
72920,56582,Express
72922,56582,Next.js
72923,56582,React
72926,56582,Vue.js
72930,56586,jQuery
72932,56586,Node.js
72933,56586,React
72934,56589,Angular
72935,56589,ASP.NET CORE
72936,56596,Node.js
72937,56596,React
72940,56598,ASP.NET
72941,56598,ASP.NET CORE
72942,56598,Express
72943,56598,jQuery
72944,56598,React
72945,56605,Angular
72950,56611,ASP.NET
72951,56611,ASP.NET CORE
72952,56611,Express
72953,56611,jQuery
72954,56611,Node.js
72955,56611,React
72960,56621,jQuery
72961,56621,React
72962,56625,Angular
72963,56625,Express
72964,56625,Node.js
72965,56625,React
72967,56625,Vue.js
72968,56630,jQuery
72970,56632,Spring Boot
72971,56633,Express
72974,56633,Next.js
72975,56633,Node.js
72976,56633,React
72977,56655,Angular
72979,56655,ASP.NET
72980,56655,ASP.NET CORE
72982,56655,jQuery
72983,56655,Node.js
72984,56655,React
72986,56655,Spring Boot
72987,56657,Spring Boot
72988,56663,ASP.NET CORE
72990,56665,Next.js
72991,56665,React
72992,56665,Spring Boot
72993,56671,Angular
72995,56671,Express
72996,56671,jQuery
72997,56671,Next.js
72998,56671,Node.js
72999,56671,React
73000,56671,Spring Boot
73001,56671,Vue.js
73003,56674,ASP.NET
73004,56674,Express
73005,56674,Node.js
73007,56677,Next.js
73008,56677,Node.js
73009,56677,React
73010,56677,Spring Boot
73011,56680,ASP.NET CORE
73012,56680,jQuery
73013,56680,React
73014,56682,Spring Boot
73016,56688,Angular
73017,56688,ASP.NET
73018,56688,ASP.NET CORE
73019,56689,Spring Boot
73020,56691,Express
73021,56691,Node.js
73022,56691,React
73023,56693,Angular
73025,56693,React
73026,56702,jQuery
73028,56702,Node.js
73029,56702,Vue.js
73030,56709,Express
73031,56709,Node.js
73034,56709,Vue.js
73035,56711,jQuery
73036,56711,Spring Boot
73037,56716,Angular
73038,56716,ASP.NET
73039,56716,ASP.NET CORE
73040,56716,Express
73042,56716,jQuery
73043,56716,Next.js
73044,56716,Node.js
73045,56716,React
73047,56716,Vue.js
73048,56719,Angular
73051,56719,Node.js
73052,56719,Spring Boot
73053,56723,Angular
73054,56723,ASP.NET CORE
73055,56723,Node.js
73057,56729,Express
73059,56729,Node.js
73060,56729,React
73063,56732,ASP.NET
73064,56732,ASP.NET CORE
73066,56732,Express
73067,56732,Next.js
73068,56732,Node.js
73069,56732,React
73072,56735,Next.js
73073,56735,Node.js
73075,56737,ASP.NET
73076,56737,ASP.NET CORE
73077,56737,Vue.js
73078,56741,Angular
73083,56741,jQuery
73085,56741,Node.js
73086,56741,React
73089,56741,Vue.js
73090,56745,Express
73091,56745,jQuery
73093,56745,Next.js
73094,56745,Node.js
73096,56745,React
73100,56745,Vue.js
73101,56749,Express
73103,56749,jQuery
73106,56749,Node.js
73107,56750,ASP.NET CORE
73108,56750,Vue.js
73110,56753,Node.js
73111,56753,React
73112,56762,ASP.NET
73113,56762,ASP.NET CORE
73115,56762,Vue.js
73118,56765,Spring Boot
73119,56765,Vue.js
73120,56767,Angular
73122,56767,Express
73126,56767,jQuery
73127,56767,Next.js
73128,56767,Node.js
73130,56767,React
73132,56767,Spring Boot
73133,56767,Vue.js
73134,56772,Angular
73136,56772,ASP.NET
73137,56772,Express
73139,56772,Next.js
73140,56772,Node.js
73141,56772,React
73142,56783,ASP.NET
73143,56783,ASP.NET CORE
73146,56783,Express
73147,56783,Next.js
73148,56783,Node.js
73152,56783,Vue.js
73154,56791,Next.js
73155,56791,Node.js
73156,56791,React
73158,56794,Next.js
73159,56794,Node.js
73160,56794,React
73161,56800,ASP.NET
73163,56800,jQuery
73164,56800,Node.js
73165,56800,React
73166,56807,Angular
73167,56807,Express
73168,56807,Next.js
73169,56807,Node.js
73170,56807,React
73171,56807,Spring Boot
73175,56814,Node.js
73176,56814,React
73177,56833,Angular
73181,56843,Angular
73182,56843,Express
73183,56843,Node.js
73184,56843,Spring Boot
73185,56845,ASP.NET CORE
73188,56845,Express
73190,56845,Node.js
73192,56851,Express
73193,56851,jQuery
73194,56851,Next.js
73195,56851,Node.js
73196,56851,React
73198,56852,Angular
73200,56852,ASP.NET
73201,56852,ASP.NET CORE
73202,56852,jQuery
73205,56852,Next.js
73206,56852,Node.js
73208,56852,React
73209,56860,Node.js
73210,56860,React
73211,56860,Spring Boot
73212,56866,Angular
73214,56866,ASP.NET CORE
73215,56866,Next.js
73216,56866,Node.js
73217,56866,React
73221,56868,Next.js
73222,56868,Node.js
73223,56868,React
73224,56880,ASP.NET
73225,56880,ASP.NET CORE
73227,56880,Next.js
73228,56880,Node.js
73229,56880,React
73231,56892,Express
73232,56892,Next.js
73233,56892,Node.js
73234,56892,React
73235,56893,React
73238,56900,Express
73240,56900,Node.js
73241,56900,React
73244,56905,Node.js
73245,56905,React
73247,56906,Express
73248,56906,Next.js
73249,56906,Node.js
73251,56906,Vue.js
73253,56928,Angular
73254,56928,ASP.NET CORE
73256,56931,Spring Boot
73259,56941,Angular
73260,56941,React
73261,56941,Spring Boot
73263,56946,Vue.js
73264,56948,Angular
73267,56948,jQuery
73268,56949,ASP.NET CORE
73269,56955,Angular
73270,56955,Express
73271,56955,Next.js
73272,56955,Node.js
73273,56955,React
73278,56959,jQuery
73280,56959,Next.js
73281,56959,Node.js
73282,56959,React
73283,56959,Spring Boot
73284,56959,Vue.js
73287,56964,Express
73289,56964,Next.js
73290,56964,Node.js
73291,56964,React
73293,56964,Vue.js
73295,56965,ASP.NET
73296,56965,ASP.NET CORE
73298,56965,jQuery
73299,56965,Node.js
73301,56965,Vue.js
73302,56966,Next.js
73303,56966,React
73304,56966,Spring Boot
73305,56968,Node.js
73307,56968,Vue.js
73308,56970,ASP.NET
73309,56970,ASP.NET CORE
73311,56971,ASP.NET
73312,56971,ASP.NET CORE
73313,56973,Angular
73314,56973,ASP.NET
73315,56973,ASP.NET CORE
73316,56987,ASP.NET
73317,56987,ASP.NET CORE
73318,56988,ASP.NET
73319,56988,ASP.NET CORE
73321,56988,React
73322,56990,Node.js
73323,56990,Vue.js
73324,56992,ASP.NET CORE
73326,56992,Next.js
73327,56992,React
73328,56997,Angular
73330,56997,Express
73331,56997,jQuery
73332,56997,Spring Boot
73335,57005,ASP.NET
73336,57005,ASP.NET CORE
73337,57008,Express
73339,57008,Next.js
73340,57008,Node.js
73341,57008,React
73343,57024,Next.js
73344,57024,Node.js
73345,57025,Angular
73347,57025,Express
73349,57025,jQuery
73350,57025,Node.js
73351,57025,React
73354,57038,Angular
73355,57038,ASP.NET
73356,57038,ASP.NET CORE
73357,57038,Node.js
73358,57038,Spring Boot
73359,57040,ASP.NET
73360,57040,ASP.NET CORE
73362,57045,Vue.js
73363,57051,Angular
73364,57051,Express
73365,57051,Node.js
73366,57051,React
73367,57051,Spring Boot
73368,57052,Spring Boot
73370,57055,jQuery
73371,57055,Node.js
73374,57056,React
73376,57059,Node.js
73377,57059,Vue.js
73378,57061,React
73382,57066,React
73383,57066,Vue.js
73384,57070,Angular
73385,57070,ASP.NET
73386,57070,ASP.NET CORE
73389,57070,Express
73392,57070,Next.js
73393,57070,Node.js
73395,57070,React
73397,57070,Spring Boot
73399,57070,Vue.js
73400,57071,ASP.NET CORE
73401,57071,Node.js
73402,57071,Vue.js
73403,57072,Angular
73405,57072,Next.js
73406,57072,Node.js
73407,57072,React
73408,57095,React
73411,57100,React
73412,57105,Angular
73414,57105,Node.js
73415,57105,React
73416,57111,Express
73418,57111,Next.js
73419,57111,Node.js
73424,57124,Angular
73426,57124,ASP.NET
73429,57124,jQuery
73430,57124,Node.js
73431,57124,React
73435,57126,Angular
73436,57126,ASP.NET
73437,57126,ASP.NET CORE
73438,57126,jQuery
73439,57136,Angular
73441,57136,ASP.NET CORE
73444,57146,jQuery
73446,57148,React
73448,57152,Node.js
73450,57154,Node.js
73452,57166,Node.js
73453,57170,ASP.NET CORE
73455,57170,Next.js
73456,57170,React
73457,57176,ASP.NET
73458,57176,ASP.NET CORE
73460,57176,jQuery
73462,57178,Spring Boot
73463,57188,React
73464,57190,Next.js
73465,57190,Node.js
73466,57190,React
73468,57208,Express
73469,57208,Node.js
73470,57209,React
73471,57213,ASP.NET
73472,57213,ASP.NET CORE
73473,57213,Next.js
73474,57213,React
73475,57213,Spring Boot
73477,57214,Next.js
73478,57214,Node.js
73479,57218,Next.js
73480,57218,Node.js
73481,57218,React
73482,57220,ASP.NET
73483,57220,ASP.NET CORE
73484,57223,ASP.NET
73485,57223,ASP.NET CORE
73489,57223,Express
73493,57223,Next.js
73494,57223,Node.js
73495,57223,React
73496,57223,Vue.js
73499,57234,ASP.NET CORE
73501,57247,ASP.NET CORE
73503,57260,ASP.NET
73504,57260,ASP.NET CORE
73507,57260,Node.js
73509,57263,Next.js
73510,57263,Node.js
73511,57263,React
73513,57266,Express
73514,57266,Node.js
73516,57266,React
73517,57266,Vue.js
73518,57268,ASP.NET
73519,57268,ASP.NET CORE
73521,57268,jQuery
73522,57268,Next.js
73523,57268,Node.js
73524,57268,React
73526,57276,Express
73529,57276,Next.js
73530,57276,Node.js
73531,57276,React
73534,57277,jQuery
73535,57277,Node.js
73537,57277,Vue.js
73538,57279,Angular
73539,57279,Express
73540,57279,Node.js
73542,57284,React
73544,57296,Angular
73545,57296,Express
73546,57296,Node.js
73547,57296,React
73548,57296,Spring Boot
73549,57296,Vue.js
73550,57301,ASP.NET
73551,57301,ASP.NET CORE
73553,57301,jQuery
73554,57301,Next.js
73555,57301,Node.js
73556,57301,React
73557,57301,Vue.js
73558,57302,ASP.NET
73559,57302,Next.js
73560,57302,Node.js
73561,57302,React
73562,57303,jQuery
73563,57303,Node.js
73564,57309,Angular
73565,57309,Spring Boot
73567,57313,jQuery
73568,57313,React
73569,57322,Angular
73570,57322,ASP.NET
73572,57322,Next.js
73573,57322,React
73574,57328,ASP.NET CORE
73578,57328,Node.js
73583,57333,jQuery
73585,57333,Next.js
73587,57333,Vue.js
73589,57336,ASP.NET
73590,57336,ASP.NET CORE
73592,57337,Node.js
73593,57339,ASP.NET
73594,57339,ASP.NET CORE
73596,57339,Node.js
73597,57339,React
73599,57344,Vue.js
73600,57350,Angular
73601,57350,ASP.NET CORE
73602,57353,ASP.NET CORE
73603,57353,jQuery
73605,57355,Next.js
73606,57355,React
73607,57355,Spring Boot
73609,57367,ASP.NET CORE
73610,57367,Express
73611,57367,jQuery
73612,57367,Node.js
73613,57367,Vue.js
73614,57369,ASP.NET CORE
73615,57369,Express
73616,57369,Node.js
73617,57369,Vue.js
73618,57377,Angular
73620,57377,Express
73621,57377,Node.js
73622,57377,Spring Boot
73623,57377,Vue.js
73625,57379,Express
73627,57379,jQuery
73629,57379,Next.js
73630,57379,Node.js
73631,57379,React
73632,57379,Spring Boot
73634,57379,Vue.js
73636,57380,Next.js
73637,57380,Node.js
73638,57380,Vue.js
73640,57388,Spring Boot
73641,57389,Angular
73645,57389,Express
73649,57389,jQuery
73650,57389,Node.js
73651,57389,React
73652,57392,Next.js
73653,57392,Node.js
73654,57392,React
73655,57396,Angular
73657,57396,ASP.NET
73658,57396,ASP.NET CORE
73663,57396,jQuery
73664,57396,Node.js
73666,57396,React
73668,57396,Spring Boot
73670,57402,Next.js
73671,57402,React
73673,57404,ASP.NET
73677,57407,jQuery
73678,57407,Node.js
73679,57407,React
73682,57409,Node.js
73685,57412,Express
73686,57412,Node.js
73687,57412,React
73690,57413,Next.js
73691,57413,Node.js
73692,57413,React
73694,57420,Angular
73700,57434,Node.js
73702,57434,Vue.js
73703,57440,Node.js
73704,57440,React
73706,57443,Spring Boot
73708,57445,Express
73709,57445,Next.js
73710,57445,Node.js
73711,57445,React
73715,57447,Node.js
73716,57451,ASP.NET CORE
73721,57453,jQuery
73722,57453,Next.js
73723,57453,Node.js
73725,57453,React
73727,57453,Vue.js
73730,57456,Express
73732,57456,Node.js
73733,57460,Spring Boot
73735,57462,Node.js
73736,57462,React
73737,57466,ASP.NET CORE
73740,57466,Node.js
73742,57466,Vue.js
73743,57469,Angular
73744,57469,Express
73745,57469,Next.js
73746,57469,Node.js
73748,57469,React
73749,57469,Vue.js
73750,57473,ASP.NET
73751,57473,ASP.NET CORE
73752,57473,Express
73753,57473,jQuery
73754,57473,React
73755,57473,Spring Boot
73757,57478,Angular
73759,57479,Angular
73760,57479,Node.js
73761,57479,React
73763,57487,jQuery
73764,57487,React
73766,57491,Node.js
73768,57491,Vue.js
73769,57505,Angular
73770,57505,jQuery
73771,57505,Next.js
73772,57505,Node.js
73774,57513,React
73776,57516,Angular
73777,57516,Node.js
73778,57516,React
73779,57519,jQuery
73780,57523,ASP.NET
73781,57523,ASP.NET CORE
73782,57523,Node.js
73783,57523,Vue.js
73785,57526,Angular
73787,57526,ASP.NET
73788,57526,ASP.NET CORE
73791,57526,Node.js
73792,57531,ASP.NET CORE
73793,57531,Next.js
73794,57531,React
73796,57533,Next.js
73797,57533,React
73798,57536,jQuery
73800,57544,Express
73802,57544,Next.js
73803,57544,Node.js
73804,57544,React
73805,57548,ASP.NET
73807,57548,jQuery
73808,57553,Angular
73810,57553,Express
73812,57553,Node.js
73815,57557,Next.js
73816,57557,React
73817,57557,Vue.js
73818,57562,Express
73819,57562,Node.js
73820,57562,Vue.js
73821,57566,Angular
73822,57566,ASP.NET
73823,57566,ASP.NET CORE
73825,57566,Express
73827,57566,jQuery
73828,57566,Next.js
73829,57566,Node.js
73830,57566,Spring Boot
73834,57577,ASP.NET
73835,57577,ASP.NET CORE
73839,57580,Next.js
73840,57580,React
73841,57581,Node.js
73842,57590,Express
73848,57595,React
73849,57597,Angular
73850,57597,ASP.NET CORE
73852,57598,jQuery
73859,57613,ASP.NET
73860,57613,ASP.NET CORE
73862,57613,jQuery
73863,57613,Node.js
73864,57613,React
73865,57613,Vue.js
73866,57614,Next.js
73867,57614,React
73869,57619,Node.js
73870,57619,Vue.js
73871,57620,Spring Boot
73872,57628,Angular
73873,57628,Express
73874,57628,jQuery
73875,57628,Node.js
73876,57637,ASP.NET
73877,57637,ASP.NET CORE
73878,57637,Node.js
73879,57640,Angular
73880,57640,Spring Boot
73883,57650,Next.js
73884,57650,React
73885,57661,Angular
73886,57661,jQuery
73887,57661,Node.js
73890,57664,jQuery
73891,57665,ASP.NET CORE
73893,57665,Vue.js
73894,57669,jQuery
73895,57669,Next.js
73896,57669,Node.js
73897,57669,React
73901,57685,jQuery
73903,57689,Express
73905,57689,Next.js
73906,57689,Node.js
73907,57689,React
73909,57691,Angular
73910,57691,Next.js
73911,57691,React
73915,57697,Express
73918,57697,Next.js
73919,57697,Node.js
73920,57697,React
73922,57697,Vue.js
73924,57699,jQuery
73925,57699,Node.js
73929,57699,Vue.js
73932,57704,React
73934,57711,Next.js
73935,57711,Node.js
73936,57711,React
73939,57719,Node.js
73940,57720,Node.js
73944,57731,Node.js
73945,57739,Next.js
73946,57739,React
73947,57742,Angular
73948,57742,Next.js
73949,57742,Node.js
73950,57742,React
73951,57742,Spring Boot
73952,57750,Angular
73953,57750,Next.js
73954,57767,Angular
73955,57767,ASP.NET CORE
73956,57769,ASP.NET
73957,57769,ASP.NET CORE
73958,57769,jQuery
73959,57769,React
73960,57777,ASP.NET CORE
73963,57779,Express
73964,57779,Node.js
73965,57779,React
73966,57779,Spring Boot
73967,57782,Angular
73969,57782,ASP.NET
73970,57782,ASP.NET CORE
73972,57782,jQuery
73973,57782,React
73974,57783,Angular
73975,57783,Express
73976,57783,Next.js
73977,57783,Node.js
73979,57783,React
73980,57783,Vue.js
73981,57784,Angular
73983,57784,jQuery
73984,57784,Node.js
73985,57784,React
73986,57787,Express
73989,57787,Node.js
73990,57787,React
73991,57791,ASP.NET
73992,57791,ASP.NET CORE
73995,57791,jQuery
73997,57793,ASP.NET
73998,57793,ASP.NET CORE
73999,57793,jQuery
74001,57807,jQuery
74002,57807,Vue.js
74004,57811,Next.js
74005,57811,React
74007,57814,ASP.NET CORE
74008,57814,Express
74009,57814,Next.js
74010,57814,Node.js
74011,57814,React
74012,57814,Spring Boot
74013,57819,Angular
74014,57819,ASP.NET CORE
74015,57819,jQuery
74017,57819,Vue.js
74018,57824,ASP.NET
74019,57824,ASP.NET CORE
74020,57824,Vue.js
74021,57828,jQuery
74022,57828,Node.js
74023,57828,Vue.js
74025,57842,Next.js
74026,57842,Node.js
74027,57842,React
74028,57843,Node.js
74029,57843,React
74030,57844,Express
74031,57844,Next.js
74032,57844,Node.js
74033,57844,React
74034,57848,Node.js
74035,57848,React
74036,57851,Angular
74038,57851,jQuery
74039,57851,Next.js
74040,57851,Node.js
74041,57851,React
74042,57854,Node.js
74043,57854,Vue.js
74044,57857,Next.js
74045,57857,Node.js
74046,57857,React
74049,57862,Express
74050,57862,Node.js
74051,57862,React
74052,57871,Angular
74053,57871,Node.js
74054,57874,ASP.NET
74055,57874,ASP.NET CORE
74059,57874,jQuery
74061,57876,Vue.js
74062,57886,ASP.NET CORE
74063,57886,Node.js
74065,57887,Express
74066,57887,React
74068,57889,Express
74070,57889,Node.js
74071,57889,React
74074,57891,Spring Boot
74075,57891,Vue.js
74078,57894,jQuery
74079,57894,Node.js
74080,57894,React
74081,57897,Node.js
74082,57899,React
74083,57899,Spring Boot
74087,57906,Node.js
74088,57915,Express
74089,57915,Next.js
74090,57915,React
74092,57916,Next.js
74094,57916,React
74100,57921,Next.js
74101,57921,React
74104,57921,Vue.js
74106,57925,Express
74108,57925,Next.js
74109,57925,Node.js
74110,57925,React
74112,57926,ASP.NET
74113,57926,ASP.NET CORE
74115,57926,jQuery
74117,57927,Node.js
74118,57927,React
74123,57933,Express
74124,57933,Node.js
74125,57935,Express
74128,57935,Node.js
74129,57935,React
74130,57941,Express
74131,57941,Next.js
74132,57941,Node.js
74133,57941,React
74134,57944,ASP.NET
74135,57944,ASP.NET CORE
74137,57947,Angular
74138,57947,React
74139,57947,Spring Boot
74140,57949,Express
74141,57949,Node.js
74143,57950,Angular
74144,57950,Node.js
74145,57950,React
74146,57951,Angular
74147,57951,ASP.NET
74148,57951,ASP.NET CORE
74149,57951,jQuery
74150,57951,Node.js
74151,57951,Spring Boot
74153,57954,Angular
74155,57954,jQuery
74157,57957,Next.js
74158,57958,Next.js
74159,57958,Node.js
74162,57958,React
74163,57958,Vue.js
74165,57962,Node.js
74166,57962,React
74167,57965,jQuery
74168,57965,Node.js
74169,57965,React
74174,57973,Node.js
74175,57973,React
74177,57979,Next.js
74178,57979,React
74179,57979,Spring Boot
74180,57982,ASP.NET CORE
74183,57986,Angular
74185,57986,Next.js
74186,57986,Node.js
74187,57986,React
74190,57989,ASP.NET
74191,57989,ASP.NET CORE
74192,57989,Node.js
74194,57990,Angular
74196,57990,ASP.NET
74197,57990,ASP.NET CORE
74199,57990,Express
74200,57990,jQuery
74201,57990,Node.js
74202,57990,React
74203,57990,Spring Boot
74204,57990,Vue.js
74205,57992,React
74206,57995,ASP.NET CORE
74210,58002,Express
74211,58002,jQuery
74212,58002,Node.js
74214,58002,Vue.js
74218,58011,Node.js
74219,58011,React
74220,58013,ASP.NET
74221,58013,jQuery
74222,58014,Express
74224,58014,Node.js
74226,58014,Vue.js
74228,58023,Node.js
74229,58023,Vue.js
74230,58025,Express
74231,58025,Node.js
74232,58025,React
74233,58025,Spring Boot
74235,58028,Express
74237,58028,Next.js
74238,58028,Node.js
74239,58028,React
74240,58029,Express
74242,58029,Node.js
74243,58037,Express
74244,58037,jQuery
74245,58037,Node.js
74247,58037,Vue.js
74250,58039,Express
74252,58039,Node.js
74255,58042,Vue.js
74257,58045,ASP.NET
74258,58045,ASP.NET CORE
74259,58045,Node.js
74261,58045,Vue.js
74262,58049,Angular
74264,58049,ASP.NET
74265,58049,ASP.NET CORE
74268,58049,Express
74269,58049,jQuery
74271,58058,Angular
74275,58058,Express
74280,58058,Spring Boot
74282,58061,Angular
74283,58061,Node.js
74284,58064,Express
74285,58064,Node.js
74286,58073,Angular
74288,58073,jQuery
74290,58073,Next.js
74291,58073,Node.js
74292,58073,React
74294,58080,Angular
74295,58080,ASP.NET CORE
74298,58080,Express
74300,58080,Next.js
74301,58080,Node.js
74302,58080,React
74303,58080,Spring Boot
74304,58091,Express
74305,58091,jQuery
74306,58091,Next.js
74307,58091,Node.js
74308,58091,React
74312,58093,Next.js
74313,58093,Node.js
74314,58093,React
74316,58106,Vue.js
74317,58107,ASP.NET
74318,58107,ASP.NET CORE
74319,58107,jQuery
74320,58107,Node.js
74321,58107,Vue.js
74322,58112,ASP.NET CORE
74323,58112,Spring Boot
74325,58113,Node.js
74326,58113,React
74327,58116,ASP.NET CORE
74331,58118,Node.js
74333,58118,Vue.js
74334,58121,Angular
74335,58121,Node.js
74337,58127,ASP.NET
74338,58127,jQuery
74339,58136,Spring Boot
74340,58139,Express
74343,58139,Node.js
74344,58139,Spring Boot
74346,58140,Express
74348,58140,React
74350,58142,Express
74351,58142,jQuery
74352,58142,Node.js
74354,58156,Express
74355,58156,Next.js
74356,58156,Node.js
74357,58156,React
74358,58167,Spring Boot
74359,58169,Express
74361,58169,Next.js
74362,58169,React
74363,58169,Spring Boot
74366,58177,ASP.NET
74367,58177,Vue.js
74368,58180,Express
74369,58180,Next.js
74370,58180,Node.js
74371,58180,Vue.js
74373,58182,ASP.NET
74374,58182,ASP.NET CORE
74379,58196,Angular
74381,58196,Express
74384,58196,Next.js
74385,58196,Node.js
74386,58196,React
74388,58203,Next.js
74389,58203,Node.js
74391,58204,Express
74394,58204,jQuery
74395,58204,Node.js
74396,58204,React
74398,58205,ASP.NET
74399,58205,ASP.NET CORE
74400,58207,Angular
74401,58207,ASP.NET CORE
74403,58207,React
74406,58216,Express
74407,58216,React
74409,58220,Node.js
74410,58225,Angular
74411,58225,ASP.NET
74412,58225,ASP.NET CORE
74413,58225,React
74415,58229,Express
74418,58229,Next.js
74419,58229,Node.js
74420,58229,React
74422,58233,Next.js
74423,58233,Node.js
74424,58233,React
74425,58237,jQuery
74427,58237,Vue.js
74428,58240,Angular
74432,58242,ASP.NET
74433,58242,ASP.NET CORE
74435,58242,jQuery
74437,58243,jQuery
74439,58246,Angular
74440,58246,ASP.NET
74441,58246,ASP.NET CORE
74442,58250,ASP.NET
74443,58250,ASP.NET CORE
74445,58250,jQuery
74446,58251,ASP.NET
74447,58251,ASP.NET CORE
74449,58251,React
74451,58265,Angular
74453,58265,React
74454,58265,Spring Boot
74458,58269,Vue.js
74459,58280,Angular
74460,58280,Node.js
74461,58280,Spring Boot
74463,58282,Next.js
74464,58282,React
74466,58286,Angular
74467,58286,ASP.NET
74468,58286,ASP.NET CORE
74469,58286,jQuery
74470,58286,Vue.js
74472,58287,Express
74473,58287,jQuery
74475,58287,Node.js
74476,58287,React
74477,58287,Vue.js
74478,58288,Angular
74481,58288,React
74482,58301,Angular
74483,58301,Node.js
74485,58301,React
74486,58301,Spring Boot
74488,58301,Vue.js
74489,58305,ASP.NET CORE
74490,58305,Express
74494,58305,Node.js
74495,58305,React
74497,58306,Vue.js
74498,58333,Angular
74500,58333,jQuery
74501,58333,Node.js
74502,58333,React
74503,58333,Spring Boot
74504,58333,Vue.js
74505,58335,jQuery
74506,58335,Node.js
74507,58338,Angular
74508,58338,React
74509,58347,Angular
74511,58347,Spring Boot
74515,58357,Node.js
74516,58357,React
74517,58360,React
74518,58360,Spring Boot
74520,58365,ASP.NET
74521,58365,ASP.NET CORE
74522,58365,jQuery
74523,58367,Angular
74527,58372,Next.js
74528,58372,React
74529,58382,Express
74531,58382,Node.js
74532,58382,Vue.js
74533,58384,Express
74534,58384,Node.js
74536,58391,ASP.NET CORE
74538,58401,Node.js
74539,58401,React
74540,58401,Spring Boot
74543,58405,Next.js
74544,58405,Node.js
74545,58405,React
74546,58411,ASP.NET
74547,58411,ASP.NET CORE
74548,58411,Express
74549,58411,React
74550,58417,ASP.NET
74551,58417,ASP.NET CORE
74552,58417,jQuery
74553,58418,Angular
74554,58418,ASP.NET
74555,58418,ASP.NET CORE
74556,58418,Node.js
74557,58418,Spring Boot
74558,58441,React
74559,58441,Spring Boot
74560,58456,ASP.NET CORE
74561,58464,Express
74562,58464,jQuery
74563,58464,Next.js
74564,58464,Node.js
74565,58464,React
74568,58467,React
74570,58475,Express
74571,58475,Next.js
74572,58475,Node.js
74573,58475,React
74575,58477,Express
74576,58477,Next.js
74577,58477,Node.js
74578,58477,React
74580,58480,Next.js
74581,58480,Node.js
74583,58485,ASP.NET
74584,58485,ASP.NET CORE
74586,58485,jQuery
74587,58485,Node.js
74588,58485,React
74589,58485,Vue.js
74593,58491,Express
74595,58491,React
74598,58493,jQuery
74601,58493,Node.js
74604,58493,Vue.js
74606,58495,ASP.NET CORE
74607,58495,React
74610,58499,Express
74612,58499,Node.js
74613,58499,React
74615,58500,ASP.NET
74618,58500,Next.js
74619,58500,Node.js
74621,58507,Angular
74624,58507,Express
74625,58507,jQuery
74626,58507,Next.js
74627,58507,Node.js
74628,58507,React
74632,58510,jQuery
74633,58512,Angular
74634,58512,ASP.NET
74635,58512,ASP.NET CORE
74638,58512,Vue.js
74642,58545,jQuery
74643,58545,Next.js
74644,58545,Node.js
74645,58545,React
74646,58546,Angular
74647,58546,ASP.NET CORE
74648,58548,Next.js
74649,58548,Spring Boot
74651,58554,ASP.NET
74652,58554,ASP.NET CORE
74653,58554,jQuery
74654,58554,React
74655,58564,Express
74657,58564,Node.js
74660,58571,Node.js
74661,58574,Spring Boot
74662,58582,Angular
74664,58582,ASP.NET
74665,58582,ASP.NET CORE
74666,58600,jQuery
74667,58600,Node.js
74668,58600,Spring Boot
74671,58603,Express
74672,58603,jQuery
74674,58603,Node.js
74675,58604,Angular
74676,58604,Express
74677,58604,jQuery
74679,58604,Next.js
74680,58604,Node.js
74681,58604,React
74683,58609,Angular
74684,58609,Express
74685,58609,Node.js
74686,58609,Spring Boot
74687,58609,Vue.js
74688,58617,Angular
74690,58617,jQuery
74691,58617,Node.js
74692,58625,React
74695,58627,Node.js
74696,58627,React
74698,58630,Next.js
74699,58630,Node.js
74700,58630,React
74701,58631,Angular
74703,58631,React
74704,58631,Spring Boot
74705,58633,Angular
74707,58633,jQuery
74708,58633,React
74709,58633,Spring Boot
74711,58635,Angular
74713,58635,ASP.NET
74714,58635,ASP.NET CORE
74717,58635,Express
74721,58635,jQuery
74723,58635,Node.js
74725,58635,React
74727,58635,Vue.js
74728,58636,Angular
74729,58636,ASP.NET CORE
74730,58636,Express
74731,58636,React
74732,58638,React
74733,58641,React
74735,58647,ASP.NET CORE
74736,58647,Node.js
74737,58647,React
74738,58647,Vue.js
74744,58655,Next.js
74745,58655,React
74749,58656,Vue.js
74751,58657,Next.js
74752,58665,Express
74754,58665,Node.js
74755,58665,React
74756,58671,Express
74757,58671,Node.js
74758,58671,React
74759,58673,Angular
74760,58673,ASP.NET CORE
74761,58673,Node.js
74762,58673,React
74763,58673,Spring Boot
74764,58678,Express
74765,58678,Node.js
74766,58680,Express
74767,58680,jQuery
74769,58680,Next.js
74770,58680,Node.js
74771,58680,React
74773,58681,Angular
74778,58681,Express
74783,58681,jQuery
74784,58681,Node.js
74785,58681,React
74786,58681,Spring Boot
74788,58683,Express
74790,58683,Next.js
74791,58683,Node.js
74792,58683,React
74793,58686,Angular
74794,58686,ASP.NET
74795,58686,ASP.NET CORE
74796,58686,jQuery
74799,58693,Angular
74800,58697,Angular
74802,58697,jQuery
74803,58697,Spring Boot
74804,58710,Next.js
74805,58710,React
74806,58710,Spring Boot
74808,58722,Angular
74812,58722,Next.js
74814,58722,React
74817,58727,Express
74818,58727,Node.js
74820,58727,React
74821,58727,Vue.js
74823,58729,Angular
74824,58729,jQuery
74827,58732,ASP.NET
74828,58732,ASP.NET CORE
74829,58732,Express
74830,58732,Node.js
74831,58732,React
74832,58741,Angular
74834,58741,jQuery
74835,58741,Next.js
74836,58741,Node.js
74838,58741,React
74839,58741,Spring Boot
74843,58743,Node.js
74844,58743,React
74845,58743,Vue.js
74846,58745,Node.js
74847,58746,Angular
74849,58746,Spring Boot
74850,58746,Vue.js
74853,58751,Node.js
74854,58751,React
74856,58753,Express
74857,58753,Node.js
74858,58753,React
74860,58754,Next.js
74861,58754,React
74864,58757,Vue.js
74866,58759,Node.js
74867,58759,React
74869,58763,Next.js
74870,58763,React
74871,58769,ASP.NET CORE
74873,58769,Express
74876,58769,jQuery
74877,58769,Node.js
74879,58769,Vue.js
74880,58771,Angular
74882,58771,Express
74883,58771,jQuery
74884,58771,Next.js
74885,58771,Node.js
74886,58771,React
74887,58775,Express
74889,58775,Node.js
74890,58775,React
74891,58775,Vue.js
74893,58780,Spring Boot
74894,58781,jQuery
74896,58781,Node.js
74897,58781,React
74898,58781,Vue.js
74899,58783,Next.js
74900,58783,Node.js
74901,58783,React
74902,58783,Spring Boot
74904,58787,React
74905,58789,Express
74907,58789,Node.js
74908,58789,React
74909,58789,Vue.js
74911,58796,Next.js
74912,58796,React
74915,58813,Angular
74918,58813,jQuery
74919,58813,Node.js
74921,58813,React
74924,58819,jQuery
74925,58819,Node.js
74927,58822,Angular
74929,58825,Next.js
74930,58825,React
74931,58830,Express
74933,58830,jQuery
74934,58830,Next.js
74935,58830,Node.js
74937,58830,React
74938,58830,Vue.js
74939,58835,ASP.NET
74942,58842,React
74943,58842,Spring Boot
74944,58850,Angular
74948,58850,jQuery
74949,58850,Node.js
74952,58851,Next.js
74953,58851,React
74955,58855,React
74959,58863,Next.js
74960,58863,React
74961,58863,Vue.js
74963,58864,jQuery
74964,58864,React
74967,58867,Express
74968,58867,Node.js
74969,58867,React
74973,58873,Next.js
74974,58873,React
74975,58881,Express
74976,58881,Next.js
74977,58881,Node.js
74978,58881,React
74979,58881,Spring Boot
74981,58888,Express
74984,58888,Next.js
74985,58888,Node.js
74986,58888,React
74990,58891,jQuery
74992,58891,React
74993,58896,React
74994,58896,Spring Boot
74996,58899,Next.js
74997,58899,React
74998,58899,Spring Boot
75001,58907,Spring Boot
75002,58908,React
75005,58910,Node.js
75006,58910,Vue.js
75007,58913,ASP.NET
75008,58913,ASP.NET CORE
75009,58913,jQuery
75010,58913,Vue.js
75014,58924,React
75015,58927,Angular
75016,58927,Express
75017,58927,Next.js
75018,58927,Node.js
75019,58927,React
75020,58927,Spring Boot
75022,58935,jQuery
75023,58935,Next.js
75024,58935,React
75025,58941,ASP.NET
75026,58941,ASP.NET CORE
75027,58941,jQuery
75028,58941,Vue.js
75029,58945,jQuery
75030,58945,Node.js
75034,58952,Express
75038,58952,Next.js
75039,58952,Node.js
75040,58952,React
75042,58953,Vue.js
75043,58959,ASP.NET
75044,58959,React
75045,58962,ASP.NET
75046,58962,ASP.NET CORE
75047,58962,jQuery
75048,58962,Node.js
75050,58966,ASP.NET
75051,58966,ASP.NET CORE
75053,58966,jQuery
75054,58966,Next.js
75055,58966,React
75056,58966,Vue.js
75058,58972,jQuery
75059,58972,React
75060,58973,Angular
75062,58973,jQuery
75063,58973,Node.js
75064,58973,React
75065,58973,Vue.js
75066,58979,Angular
75067,58979,Node.js
75069,58979,React
75070,58979,Spring Boot
75072,58979,Vue.js
75073,58981,Angular
75074,58981,ASP.NET
75075,58981,ASP.NET CORE
75076,58981,jQuery
75077,58981,React
75079,58989,Angular
75080,58989,ASP.NET CORE
75081,58990,ASP.NET CORE
75084,58990,Node.js
75085,58990,React
75087,59004,Angular
75089,59004,ASP.NET
75090,59004,ASP.NET CORE
75092,59004,jQuery
75094,59004,Next.js
75095,59004,Node.js
75096,59004,React
75097,59004,Spring Boot
75098,59004,Vue.js
75100,59005,Next.js
75101,59005,Node.js
75102,59005,React
75104,59010,Express
75105,59010,Node.js
75106,59010,Vue.js
75107,59015,ASP.NET CORE
75109,59017,React
75110,59021,Angular
75111,59021,Express
75114,59021,Node.js
75115,59021,Spring Boot
75117,59023,Angular
75119,59023,ASP.NET
75120,59023,ASP.NET CORE
75121,59023,jQuery
75122,59023,React
75123,59027,Angular
75124,59027,ASP.NET
75125,59027,ASP.NET CORE
75127,59027,jQuery
75128,59027,Node.js
75131,59027,Vue.js
75133,59031,React
75136,59035,Vue.js
75137,59042,Angular
75140,59042,Node.js
75141,59042,React
75143,59042,Vue.js
75144,59050,ASP.NET
75145,59050,ASP.NET CORE
75147,59050,Next.js
75150,59051,Next.js
75151,59051,Spring Boot
75153,59072,Angular
75154,59072,ASP.NET
75155,59072,ASP.NET CORE
75156,59072,Node.js
75157,59072,Spring Boot
75159,59077,Express
75160,59077,Node.js
75161,59077,React
75162,59077,Vue.js
75167,59096,Vue.js
75168,59101,ASP.NET
75169,59101,ASP.NET CORE
75170,59101,Express
75171,59101,jQuery
75172,59101,Node.js
75173,59101,Vue.js
75175,59116,Next.js
75176,59116,Node.js
75177,59116,React
75178,59118,Angular
75182,59118,Node.js
75183,59118,React
75184,59118,Spring Boot
75185,59121,Express
75186,59121,Next.js
75187,59121,Node.js
75188,59121,React
75189,59123,Express
75190,59123,jQuery
75192,59123,Node.js
75193,59129,Express
75194,59129,jQuery
75195,59129,Next.js
75196,59129,Node.js
75197,59129,React
75199,59134,Next.js
75200,59134,React
75201,59146,Next.js
75202,59146,Node.js
75203,59146,React
75205,59146,Spring Boot
75208,59148,Vue.js
75210,59150,Vue.js
75211,59160,Angular
75212,59160,ASP.NET CORE
75213,59160,Node.js
75215,59169,ASP.NET CORE
75216,59169,jQuery
75218,59173,Angular
75219,59173,ASP.NET CORE
75220,59173,Node.js
75221,59173,React
75223,59183,React
75224,59183,Spring Boot
75226,59190,Angular
75229,59190,jQuery
75230,59190,Next.js
75231,59190,Node.js
75232,59190,React
75234,59190,Spring Boot
75235,59199,Express
75236,59199,Node.js
75237,59199,React
75238,59202,jQuery
75240,59202,Node.js
75242,59202,React
75244,59202,Vue.js
75247,59221,Express
75250,59221,jQuery
75251,59221,Node.js
75252,59221,React
75253,59221,Vue.js
75254,59222,ASP.NET CORE
75256,59230,Angular
75257,59237,Angular
75258,59237,ASP.NET
75259,59237,ASP.NET CORE
75260,59237,React
75261,59239,Angular
75265,59239,Next.js
75266,59239,Node.js
75268,59245,React
75271,59251,Express
75273,59251,Next.js
75274,59251,Node.js
75275,59251,React
75276,59254,Angular
75278,59258,jQuery
75281,59260,Node.js
75282,59260,React
75285,59269,jQuery
75286,59275,React
75287,59279,Express
75288,59279,React
75290,59287,Express
75291,59287,Next.js
75292,59287,Node.js
75293,59287,React
75294,59300,Next.js
75295,59300,Node.js
75296,59300,React
75298,59301,jQuery
75302,59303,Next.js
75303,59303,React
75306,59321,React
75308,59323,jQuery
75309,59323,Next.js
75310,59323,React
75311,59323,Spring Boot
75312,59337,Angular
75314,59337,Express
75316,59337,jQuery
75317,59337,Next.js
75318,59337,Node.js
75319,59337,React
75321,59337,Spring Boot
75322,59337,Vue.js
75324,59344,Next.js
75325,59344,Node.js
75326,59344,React
75327,59344,Spring Boot
75328,59353,jQuery
75329,59353,Next.js
75330,59353,Node.js
75332,59353,React
75339,59356,Next.js
75340,59356,Node.js
75343,59356,Vue.js
75345,59369,ASP.NET
75348,59369,Node.js
75349,59369,Vue.js
75353,59375,Vue.js
75354,59385,Angular
75355,59385,Node.js
75356,59385,Spring Boot
75359,59388,React
75361,59398,Angular
75363,59398,Express
75365,59398,Node.js
75366,59398,React
75367,59398,Spring Boot
75368,59398,Vue.js
75369,59408,React
75370,59416,ASP.NET
75371,59416,ASP.NET CORE
75372,59418,ASP.NET
75373,59418,ASP.NET CORE
75375,59418,jQuery
75376,59418,Node.js
75377,59418,React
75380,59426,React
75382,59429,jQuery
75384,59432,ASP.NET CORE
75385,59432,Next.js
75386,59432,React
75388,59442,ASP.NET CORE
75389,59442,React
75391,59450,Node.js
75393,59500,Angular
75395,59500,ASP.NET
75396,59500,ASP.NET CORE
75397,59500,Node.js
75398,59500,Vue.js
75399,59501,React
75400,59502,Angular
75402,59502,Express
75405,59502,jQuery
75406,59502,Next.js
75407,59502,Node.js
75408,59502,React
75411,59504,jQuery
75412,59505,Node.js
75413,59505,React
75414,59505,Spring Boot
75415,59514,Next.js
75416,59514,Node.js
75418,59515,Express
75419,59515,Node.js
75420,59515,React
75424,59544,Angular
75426,59544,Express
75427,59544,jQuery
75428,59544,Node.js
75429,59550,Node.js
75430,59552,React
75431,59558,React
75432,59558,Spring Boot
75433,59566,React
75437,59578,Express
75438,59578,Node.js
75439,59578,Vue.js
75441,59591,Express
75444,59591,Next.js
75445,59591,Node.js
75446,59591,React
75447,59591,Vue.js
75448,59608,Angular
75449,59608,Node.js
75450,59614,Express
75451,59614,Node.js
75452,59614,React
75453,59614,Spring Boot
75454,59623,Angular
75457,59623,Next.js
75458,59623,Node.js
75459,59623,React
75461,59623,Vue.js
75465,59628,Angular
75467,59628,ASP.NET
75468,59628,ASP.NET CORE
75470,59628,jQuery
75471,59628,Node.js
75472,59628,React
75473,59635,React
75474,59635,Spring Boot
75475,59640,Angular
75477,59640,Node.js
75478,59640,React
75480,59640,Vue.js
75482,59647,jQuery
75483,59664,Express
75485,59664,Node.js
75486,59666,Angular
75487,59666,ASP.NET
75488,59666,ASP.NET CORE
75489,59676,Express
75490,59676,Node.js
75491,59676,React
75493,59676,Spring Boot
75494,59678,ASP.NET
75498,59678,Next.js
75499,59678,Node.js
75500,59678,React
75501,59684,Express
75502,59684,Node.js
75503,59684,React
75504,59685,Node.js
75505,59685,React
75506,59693,ASP.NET
75507,59693,ASP.NET CORE
75509,59693,Express
75510,59693,jQuery
75511,59693,Node.js
75512,59693,React
75515,59694,jQuery
75516,59694,Next.js
75517,59694,Node.js
75518,59694,React
75519,59700,Express
75521,59700,Next.js
75522,59700,Node.js
75523,59700,React
75525,59703,Node.js
75526,59703,Spring Boot
75528,59710,Next.js
75529,59710,React
75533,59741,ASP.NET
75534,59741,jQuery
75535,59749,Express
75537,59749,Node.js
75538,59749,React
75539,59752,Angular
75540,59752,ASP.NET
75541,59752,ASP.NET CORE
75542,59759,Angular
75543,59759,Express
75545,59759,Next.js
75546,59759,Node.js
75547,59759,React
75549,59759,Vue.js
75550,59760,ASP.NET CORE
75551,59760,jQuery
75552,59777,Angular
75553,59777,Express
75555,59777,jQuery
75556,59777,Next.js
75557,59777,Node.js
75558,59777,React
75559,59777,Spring Boot
75562,59792,Next.js
75563,59792,Node.js
75564,59792,React
75566,59799,Next.js
75567,59799,Node.js
75568,59799,React
75570,59802,jQuery
75571,59802,Next.js
75572,59802,React
75573,59802,Spring Boot
75574,59804,Angular
75576,59804,Express
75577,59804,jQuery
75578,59804,Node.js
75579,59804,Spring Boot
75580,59815,Express
75582,59815,Node.js
75583,59820,Angular
75586,59820,Node.js
75587,59820,React
75589,59820,Vue.js
75590,59821,Express
75591,59821,Node.js
75592,59821,Spring Boot
75593,59821,Vue.js
75596,59834,Vue.js
75597,59835,Express
75600,59835,React
75601,59835,Vue.js
75602,59838,Angular
75603,59838,ASP.NET CORE
75604,59838,Node.js
75605,59847,Spring Boot
75606,59850,Express
75608,59885,ASP.NET
75609,59885,Express
75611,59885,Node.js
75612,59885,React
75613,59886,Express
75614,59886,Next.js
75615,59886,Node.js
75619,59909,Angular
75621,59909,ASP.NET
75622,59909,ASP.NET CORE
75624,59909,jQuery
75626,59909,Node.js
75627,59909,React
75630,59932,Express
75633,59932,Node.js
75634,59932,React
75635,59937,ASP.NET CORE
75636,59937,Node.js
75637,59937,React
75639,59959,Node.js
75640,59959,React
75641,59975,jQuery
75642,59975,Node.js
75644,59977,Vue.js
75645,59979,Express
75646,59979,Node.js
75649,59988,Node.js
75651,59988,React
75652,59989,jQuery
75653,59989,Node.js
75655,59994,Node.js
75656,60002,ASP.NET
75657,60002,ASP.NET CORE
75658,60002,Express
75659,60006,React
75665,60012,jQuery
75667,60012,Next.js
75668,60012,Node.js
75669,60012,React
75675,60014,Next.js
75676,60014,React
75677,60014,Vue.js
75680,60018,Next.js
75681,60018,Node.js
75682,60018,React
75686,60019,React
75688,60022,Express
75689,60022,jQuery
75690,60022,Next.js
75691,60022,Node.js
75692,60022,React
75695,60032,Express
75698,60032,Next.js
75699,60032,Node.js
75703,60033,React
75706,60045,Next.js
75707,60045,React
75711,60046,Node.js
75712,60046,React
75713,60048,Next.js
75714,60048,Node.js
75715,60048,React
75718,60052,Express
75719,60052,jQuery
75721,60052,Next.js
75722,60052,Node.js
75723,60052,React
75724,60052,Vue.js
75725,60059,ASP.NET
75726,60059,ASP.NET CORE
75727,60073,ASP.NET
75728,60073,ASP.NET CORE
75729,60073,React
75732,60076,jQuery
75733,60082,Angular
75735,60082,ASP.NET
75736,60082,ASP.NET CORE
75737,60084,Express
75738,60084,Next.js
75739,60084,Node.js
75740,60084,React
75744,60093,Angular
75745,60093,ASP.NET
75746,60093,ASP.NET CORE
75748,60093,Node.js
75749,60093,React
75750,60093,Spring Boot
75751,60093,Vue.js
75752,60094,jQuery
75754,60094,Next.js
75757,60098,Node.js
75758,60098,React
75760,60103,Angular
75761,60103,ASP.NET
75762,60103,ASP.NET CORE
75763,60103,Express
75764,60103,Next.js
75765,60103,Node.js
75766,60103,React
75768,60115,Angular
75769,60115,Spring Boot
75770,60119,Angular
75771,60119,Spring Boot
75772,60120,ASP.NET
75773,60120,ASP.NET CORE
75775,60120,React
75776,60137,Express
75777,60137,jQuery
75779,60137,Node.js
75780,60137,Vue.js
75782,60141,ASP.NET
75783,60141,Express
75784,60141,Node.js
75787,60154,Node.js
75788,60154,React
75790,60162,Angular
75792,60162,Express
75796,60162,Node.js
75798,60173,Angular
75799,60176,ASP.NET
75800,60176,ASP.NET CORE
75801,60176,jQuery
75802,60176,Node.js
75803,60186,jQuery
75804,60186,Node.js
75805,60186,React
75807,60193,Node.js
75808,60193,Spring Boot
75809,60195,ASP.NET CORE
75810,60195,jQuery
75811,60195,React
75813,60203,Node.js
75818,60223,React
75819,60235,Express
75821,60235,Next.js
75822,60235,Node.js
75823,60235,React
75826,60239,Node.js
75827,60239,React
75829,60241,Express
75831,60241,Next.js
75832,60241,Node.js
75833,60241,React
75834,60243,ASP.NET
75835,60243,ASP.NET CORE
75838,60243,jQuery
75839,60243,Next.js
75840,60243,Node.js
75841,60243,React
75842,60243,Vue.js
75844,60257,Angular
75846,60257,ASP.NET
75847,60257,ASP.NET CORE
75848,60257,jQuery
75849,60257,Node.js
75850,60259,Angular
75856,60259,Next.js
75857,60259,Node.js
75858,60259,React
75861,60260,Node.js
75863,60260,Vue.js
75865,60262,jQuery
75866,60262,Node.js
75867,60262,React
75870,60265,jQuery
75873,60265,Vue.js
75875,60271,Node.js
75876,60271,React
75878,60272,Express
75880,60272,Next.js
75881,60272,Node.js
75882,60272,React
75884,60278,ASP.NET
75885,60278,ASP.NET CORE
75887,60282,jQuery
75889,60282,Next.js
75890,60282,Node.js
75891,60282,React
75892,60287,jQuery
75894,60287,Node.js
75895,60287,React
75899,60317,ASP.NET
75900,60317,ASP.NET CORE
75904,60337,jQuery
75905,60337,Next.js
75906,60337,Node.js
75907,60337,React
75908,60337,Vue.js
75909,60346,ASP.NET
75911,60348,ASP.NET CORE
75913,60348,Node.js
75914,60348,React
75915,60352,Express
75917,60352,Next.js
75918,60352,Node.js
75919,60352,React
75921,60365,Next.js
75922,60365,Node.js
75923,60365,React
75924,60368,ASP.NET CORE
75926,60375,Angular
75928,60375,ASP.NET
75929,60375,ASP.NET CORE
75931,60375,jQuery
75932,60384,Angular
75934,60384,Node.js
75935,60384,Vue.js
75936,60385,Angular
75937,60385,Express
75939,60385,Next.js
75940,60385,Node.js
75941,60385,React
75943,60388,Node.js
75944,60400,ASP.NET
75945,60400,ASP.NET CORE
75947,60400,jQuery
75948,60400,Node.js
75949,60400,Vue.js
75950,60404,Angular
75952,60404,ASP.NET
75953,60404,ASP.NET CORE
75955,60405,jQuery
75956,60419,Next.js
75957,60419,Node.js
75960,60423,React
75961,60423,Vue.js
75963,60428,React
75964,60428,Vue.js
75965,60443,Next.js
75966,60443,Node.js
75967,60443,React
75969,60461,Express
75971,60461,Next.js
75972,60461,Node.js
75973,60461,React
75974,60463,Next.js
75975,60463,Node.js
75976,60463,React
75977,60463,Spring Boot
75979,60470,jQuery
75980,60470,React
75981,60470,Spring Boot
75984,60477,Express
75985,60477,Node.js
75986,60477,React
75987,60477,Spring Boot
75990,60482,Express
75992,60482,Next.js
75993,60482,Node.js
75994,60482,React
75996,60482,Vue.js
75998,60493,Next.js
75999,60493,React
76000,60500,ASP.NET
76001,60500,jQuery
76002,60501,Angular
76004,60501,Express
76005,60501,jQuery
76008,60501,Next.js
76009,60501,Node.js
76010,60501,React
76011,60520,ASP.NET CORE
76012,60520,Express
76013,60520,Next.js
76014,60520,Node.js
76015,60520,React
76017,60522,React
76018,60535,ASP.NET CORE
76020,60558,Angular
76021,60558,Express
76022,60558,Next.js
76023,60558,Node.js
76024,60558,React
76025,60558,Vue.js
76027,60559,Express
76029,60559,Next.js
76030,60559,Node.js
76031,60559,React
76032,60563,ASP.NET CORE
76036,60568,Next.js
76037,60568,React
76038,60572,Spring Boot
76039,60617,jQuery
76040,60617,Node.js
76042,60619,ASP.NET
76043,60619,ASP.NET CORE
76046,60619,Next.js
76047,60619,Node.js
76048,60619,React
76049,60619,Spring Boot
76051,60629,Node.js
76052,60629,React
76054,60654,ASP.NET
76055,60654,ASP.NET CORE
76057,60654,Next.js
76058,60654,React
76061,60656,Angular
76063,60656,ASP.NET
76064,60656,ASP.NET CORE
76065,60656,Express
76066,60656,jQuery
76068,60656,Next.js
76069,60656,Node.js
76070,60656,React
76072,60682,ASP.NET
76073,60682,ASP.NET CORE
76075,60686,Angular
76076,60686,jQuery
76077,60686,Node.js
76078,60686,Spring Boot
76079,60712,ASP.NET
76080,60712,ASP.NET CORE
76082,60716,Angular
76083,60718,Angular
76084,60718,Express
76086,60718,Node.js
76087,60718,React
76089,60728,Angular
76091,60728,Express
76092,60728,jQuery
76094,60728,Node.js
76095,60728,React
76096,60728,Spring Boot
76098,60744,Angular
76099,60744,ASP.NET
76100,60744,ASP.NET CORE
76102,60744,Vue.js
76103,60763,Express
76104,60763,Next.js
76105,60763,Node.js
76106,60763,React
76107,60763,Spring Boot
76110,60786,Next.js
76111,60786,React
76112,60788,Next.js
76113,60788,Node.js
76114,60788,React
76115,60815,Angular
76117,60815,ASP.NET
76118,60815,ASP.NET CORE
76126,60815,Express
76132,60815,jQuery
76135,60815,Next.js
76136,60815,Node.js
76140,60815,React
76144,60815,Spring Boot
76148,60815,Vue.js
76154,60823,React
76157,60825,Next.js
76158,60825,React
76161,60832,Angular
76162,60832,ASP.NET
76163,60832,ASP.NET CORE
76164,60832,Next.js
76165,60832,React
76166,60832,Vue.js
76167,60840,Node.js
76168,60861,Angular
76169,60861,jQuery
76170,60861,React
76177,60879,Express
76180,60879,Next.js
76181,60879,React
76188,60928,Angular
76190,60928,ASP.NET
76191,60928,ASP.NET CORE
76192,60928,Express
76193,60928,jQuery
76195,60928,Node.js
76196,60928,React
76198,60935,Express
76200,60935,jQuery
76201,60935,Next.js
76202,60935,Node.js
76203,60935,React
76207,60956,ASP.NET
76208,60956,ASP.NET CORE
76209,60956,Node.js
76210,60956,React
76211,60962,Angular
76213,60962,ASP.NET
76214,60962,jQuery
76215,60964,Express
76217,60964,Next.js
76218,60964,React
76219,60964,Vue.js
76222,60975,Spring Boot
76223,60979,ASP.NET CORE
76224,60979,Next.js
76225,60979,React
76231,60993,React
76232,61011,Express
76234,61011,Next.js
76235,61011,Node.js
76236,61011,React
76238,61020,jQuery
76239,61020,Spring Boot
76240,61027,Spring Boot
76242,61038,Express
76245,61038,jQuery
76247,61038,Next.js
76248,61038,Node.js
76249,61038,React
76250,61038,Vue.js
76252,61039,ASP.NET CORE
76255,61039,React
76256,61054,Express
76257,61054,Node.js
76259,61054,React
76260,61056,Angular
76263,61057,Express
76264,61057,Next.js
76265,61057,Node.js
76266,61057,React
76268,61075,Angular
76269,61075,jQuery
76270,61075,Spring Boot
76272,61084,Angular
76274,61084,Express
76277,61084,jQuery
76279,61084,Node.js
76280,61084,React
76283,61084,Vue.js
76285,61096,Express
76286,61096,Next.js
76287,61096,Node.js
76288,61096,React
76289,61110,ASP.NET
76290,61116,ASP.NET
76291,61116,ASP.NET CORE
76295,61119,Next.js
76296,61119,Node.js
76297,61119,React
76299,61124,ASP.NET
76300,61124,ASP.NET CORE
76301,61127,jQuery
76305,61154,Next.js
76306,61154,Node.js
76307,61154,React
76308,61158,Express
76309,61158,Node.js
76310,61158,Spring Boot
76313,61170,Angular
76316,61170,Express
76319,61170,jQuery
76321,61170,Next.js
76322,61170,Node.js
76323,61170,React
76324,61170,Spring Boot
76326,61170,Vue.js
76328,61175,Spring Boot
76329,61184,Next.js
76330,61184,Node.js
76331,61184,React
76337,61192,Next.js
76338,61192,React
76340,61195,Angular
76341,61195,Express
76343,61195,Node.js
76344,61195,Spring Boot
76345,61195,Vue.js
76346,61200,Angular
76349,61200,React
76350,61201,Angular
76355,61201,Vue.js
76356,61202,ASP.NET CORE
76359,61211,Next.js
76361,61212,Express
76362,61212,Node.js
76363,61212,React
76364,61244,React
76366,61246,Next.js
76367,61246,Node.js
76368,61246,React
76369,61246,Vue.js
76373,61252,jQuery
76375,61252,Next.js
76376,61252,Node.js
76377,61252,React
76379,61254,Spring Boot
76380,61256,Node.js
76381,61256,React
76382,61256,Spring Boot
76383,61259,ASP.NET
76384,61259,ASP.NET CORE
76385,61268,Angular
76386,61268,Express
76388,61268,Node.js
76391,61274,Vue.js
76394,61306,Angular
76396,61306,ASP.NET
76397,61306,ASP.NET CORE
76399,61306,Node.js
76400,61319,Express
76402,61319,Next.js
76403,61319,Node.js
76405,61319,React
76406,61319,Vue.js
76408,61331,Angular
76409,61331,ASP.NET
76410,61331,ASP.NET CORE
76411,61331,Express
76413,61331,Node.js
76415,61352,jQuery
76416,61356,ASP.NET CORE
76418,61356,Vue.js
76419,61358,Express
76420,61358,Next.js
76421,61358,Node.js
76422,61358,React
76424,61398,jQuery
76425,61398,Vue.js
76427,61406,Angular
76437,61406,jQuery
76438,61406,Node.js
76441,61406,React
76442,61406,Vue.js
76445,61410,Next.js
76446,61410,Node.js
76447,61410,React
76448,61423,Angular
76449,61423,ASP.NET CORE
76450,61423,jQuery
76451,61423,React
76452,61429,ASP.NET
76453,61429,ASP.NET CORE
76456,61454,React
76457,61466,Express
76459,61466,Node.js
76461,61472,ASP.NET CORE
76464,61480,ASP.NET
76465,61480,ASP.NET CORE
76466,61492,Angular
76468,61492,Node.js
76469,61492,Spring Boot
76471,61499,Node.js
76472,61499,React
76477,61504,jQuery
76478,61506,ASP.NET CORE
76481,61519,React
76482,61519,Spring Boot
76483,61520,jQuery
76485,61531,Express
76487,61531,jQuery
76488,61531,Next.js
76489,61531,Node.js
76490,61531,React
76491,61543,ASP.NET
76492,61543,ASP.NET CORE
76493,61543,React
76495,61551,Express
76498,61551,jQuery
76500,61551,Next.js
76501,61551,Node.js
76502,61551,React
76506,61554,Node.js
76507,61554,React
76510,61555,Express
76512,61555,Next.js
76513,61555,Node.js
76514,61555,React
76515,61578,ASP.NET CORE
76516,61585,Angular
76517,61585,ASP.NET CORE
76518,61585,Spring Boot
76519,61596,React
76521,61599,Express
76524,61599,Next.js
76525,61599,Node.js
76526,61599,React
76527,61610,Node.js
76529,61610,Vue.js
76530,61643,Vue.js
76533,61645,Next.js
76534,61645,React
76535,61645,Spring Boot
76536,61654,ASP.NET
76537,61654,ASP.NET CORE
76539,61687,Angular
76542,61705,Express
76543,61705,Node.js
76544,61705,React
76545,61707,Express
76546,61707,Next.js
76547,61707,Node.js
76549,61707,React
76550,61707,Vue.js
76551,61726,Angular
76552,61726,Express
76554,61726,Node.js
76555,61726,React
76556,61726,Vue.js
76557,61744,Express
76560,61744,Next.js
76561,61744,Node.js
76563,61744,React
76564,61766,jQuery
76569,61777,Next.js
76570,61777,Node.js
76571,61777,React
76572,61786,Angular
76573,61786,Express
76575,61786,Next.js
76576,61786,Node.js
76577,61786,React
76579,61800,Angular
76580,61800,ASP.NET CORE
76582,61802,ASP.NET CORE
76583,61802,jQuery
76584,61802,Node.js
76585,61802,React
76586,61809,React
76592,61821,Angular
76596,61821,Express
76598,61821,jQuery
76599,61821,React
76600,61821,Spring Boot
76601,61821,Vue.js
76602,61823,ASP.NET CORE
76604,61823,Express
76605,61823,Next.js
76606,61823,Node.js
76608,61823,React
76609,61847,Node.js
76612,61864,ASP.NET CORE
76613,61871,Express
76616,61871,Node.js
76617,61876,Node.js
76618,61876,React
76619,61885,jQuery
76623,61913,Spring Boot
76624,61925,Angular
76626,61925,jQuery
76627,61925,Next.js
76628,61925,Node.js
76629,61925,React
76631,61932,Node.js
76632,61932,React
76633,61932,Spring Boot
76636,61942,Vue.js
76638,61951,ASP.NET
76639,61951,ASP.NET CORE
76642,61955,ASP.NET
76643,61955,ASP.NET CORE
76644,61955,Express
76645,61955,Node.js
76646,61955,React
76647,61963,Express
76648,61963,Next.js
76649,61963,Node.js
76650,61963,React
76654,61966,React
76658,61970,React
76660,61971,Express
76661,61971,Node.js
76662,61971,React
76663,61974,Angular
76665,61974,ASP.NET
76666,61974,ASP.NET CORE
76669,61974,jQuery
76670,61974,Next.js
76671,61974,Node.js
76672,61974,React
76673,61974,Spring Boot
76674,61990,Express
76675,61990,Next.js
76676,61990,Node.js
76677,61990,React
76678,62015,ASP.NET CORE
76679,62024,ASP.NET CORE
76680,62024,Next.js
76681,62024,React
76682,62028,Angular
76683,62028,ASP.NET CORE
76684,62028,Spring Boot
76687,62055,Express
76690,62055,Next.js
76691,62055,Node.js
76692,62055,React
76694,62078,Express
76695,62078,Node.js
76697,62087,Express
76698,62091,Express
76700,62091,Next.js
76701,62091,Node.js
76702,62091,React
76706,62097,Express
76707,62097,jQuery
76709,62097,Node.js
76710,62097,React
76711,62097,Spring Boot
76713,62097,Vue.js
76720,62129,jQuery
76723,62129,Spring Boot
76726,62133,ASP.NET
76727,62133,ASP.NET CORE
76732,62134,Next.js
76733,62134,React
76734,62139,Next.js
76737,62200,Express
76738,62200,Next.js
76739,62200,Node.js
76740,62200,React
76745,62226,React
76746,62231,Express
76747,62231,Next.js
76748,62231,Node.js
76749,62231,React
76750,62246,jQuery
76752,62246,Next.js
76753,62246,Node.js
76754,62246,React
76756,62268,Express
76757,62268,Next.js
76758,62268,Node.js
76759,62268,React
76761,62271,Angular
76763,62271,ASP.NET
76764,62271,ASP.NET CORE
76765,62271,jQuery
76766,62271,Next.js
76767,62271,Node.js
76772,62280,Express
76774,62280,Next.js
76775,62280,Node.js
76777,62280,React
76780,62316,Angular
76782,62316,jQuery
76784,62316,React
76786,62316,Vue.js
76788,62332,Express
76789,62332,jQuery
76790,62332,Node.js
76791,62332,React
76792,62332,Spring Boot
76794,62339,React
76795,62339,Spring Boot
76796,62354,Angular
76798,62354,Next.js
76799,62354,Node.js
76801,62362,Angular
76803,62388,Express
76804,62388,Node.js
76805,62388,React
76806,62394,ASP.NET CORE
76807,62394,Express
76808,62394,Node.js
76809,62394,React
76811,62402,React
76812,62402,Spring Boot
76814,62413,Angular
76815,62413,ASP.NET CORE
76816,62413,Node.js
76817,62413,React
76818,62421,ASP.NET
76819,62421,ASP.NET CORE
76821,62433,Express
76822,62433,Node.js
76823,62433,Vue.js
76826,62440,jQuery
76827,62443,Angular
76828,62443,Node.js
76829,62449,Node.js
76830,62449,React
76832,62470,Node.js
76833,62470,React
76835,62481,ASP.NET
76836,62481,ASP.NET CORE
76838,62481,jQuery
76839,62481,Next.js
76840,62481,React
76843,62481,Vue.js
76845,62483,Node.js
76846,62483,Vue.js
76848,62501,React
76849,62506,Express
76850,62506,Next.js
76851,62506,Node.js
76852,62506,React
76853,62510,ASP.NET
76854,62510,ASP.NET CORE
76858,62510,Express
76860,62510,jQuery
76862,62510,Next.js
76863,62510,Node.js
76865,62510,React
76871,62510,Vue.js
76873,62516,ASP.NET CORE
76874,62525,Angular
76876,62525,ASP.NET
76877,62525,ASP.NET CORE
76879,62525,jQuery
76880,62525,Node.js
76881,62552,ASP.NET
76882,62552,ASP.NET CORE
76883,62552,jQuery
76885,62552,Next.js
76886,62552,Node.js
76887,62552,React
76890,62554,ASP.NET
76891,62554,Vue.js
76892,62574,ASP.NET
76893,62574,Express
76895,62574,Next.js
76896,62574,Node.js
76897,62574,React
76898,62574,Spring Boot
76900,62585,jQuery
76902,62600,Express
76903,62600,Node.js
76905,62600,React
76907,62600,Vue.js
76911,62630,Angular
76912,62630,Express
76915,62630,Node.js
76916,62630,React
76919,62636,React
76920,62652,React
76922,62660,Spring Boot
76923,62664,jQuery
76925,62671,Angular
76928,62671,Express
76929,62671,Next.js
76930,62671,Node.js
76931,62671,React
76933,62671,Vue.js
76934,62693,React
76936,62706,ASP.NET
76937,62706,Node.js
76939,62713,Express
76940,62713,jQuery
76941,62713,Next.js
76942,62713,Node.js
76943,62713,React
76945,62730,Node.js
76946,62730,React
76947,62747,Angular
76949,62747,Express
76951,62747,Node.js
76952,62747,React
76955,62752,Express
76956,62752,Node.js
76957,62752,React
76962,62786,jQuery
76963,62786,React
76964,62786,Spring Boot
76968,62798,Node.js
76969,62798,React
76974,62800,jQuery
76976,62800,Node.js
76977,62800,React
76982,62811,Express
76984,62811,jQuery
76986,62811,Next.js
76987,62811,Node.js
76988,62811,React
76992,62811,Vue.js
76993,62819,ASP.NET
76994,62819,ASP.NET CORE
76995,62850,Node.js
76996,62850,Vue.js
77000,62854,React
77002,62877,jQuery
77003,62877,Node.js
77004,62877,Spring Boot
77006,62879,ASP.NET
77008,62879,Next.js
77009,62879,Node.js
77010,62879,React
77012,62888,Next.js
77013,62888,Node.js
77014,62888,React
77018,62913,Angular
77019,62913,ASP.NET
77020,62913,ASP.NET CORE
77021,62913,Express
77023,62913,Next.js
77024,62913,Node.js
77025,62913,React
77026,62946,Node.js
77027,62946,React
77028,62950,Node.js
77029,62950,React
77031,62952,Next.js
77032,62952,React
77034,62975,ASP.NET CORE
77036,62981,jQuery
77037,62981,Node.js
77038,62981,Spring Boot
77039,62984,Next.js
77040,62984,Node.js
77041,62984,React
77043,63018,Next.js
77044,63018,Node.js
77045,63018,React
77046,63018,Vue.js
77047,63020,Angular
77048,63020,ASP.NET CORE
77050,63045,Node.js
77052,63045,Vue.js
77053,63096,ASP.NET
77054,63096,ASP.NET CORE
77055,63096,Express
77056,63096,Node.js
77057,63096,Spring Boot
77058,63098,ASP.NET
77059,63098,ASP.NET CORE
77060,63098,Express
77062,63098,Next.js
77063,63098,Node.js
77064,63098,React
77065,63098,Spring Boot
77066,63106,Angular
77067,63106,ASP.NET
77068,63106,ASP.NET CORE
77069,63116,ASP.NET CORE
77070,63116,jQuery
77072,63116,React
77073,63130,jQuery
77075,63133,ASP.NET
77076,63133,ASP.NET CORE
77078,63140,Angular
77080,63140,jQuery
77081,63140,Node.js
77082,63140,React
77083,63140,Spring Boot
77084,63170,ASP.NET
77085,63170,ASP.NET CORE
77087,63191,Express
77088,63191,Node.js
77089,63191,React
77091,63197,jQuery
77092,63198,Angular
77093,63198,ASP.NET
77094,63198,ASP.NET CORE
77095,63201,Angular
77097,63201,ASP.NET
77098,63201,ASP.NET CORE
77106,63201,Express
77112,63201,jQuery
77115,63201,Next.js
77116,63201,Node.js
77120,63201,React
77124,63201,Spring Boot
77128,63201,Vue.js
77138,63214,React
77140,63214,Spring Boot
77141,63230,Angular
77142,63230,Express
77144,63230,Next.js
77145,63230,Node.js
77146,63230,React
77148,63234,Angular
77149,63234,Spring Boot
77153,63241,React
77155,63268,Express
77157,63268,Node.js
77158,63268,React
77160,63268,Vue.js
77163,63275,Node.js
77164,63275,React
77167,63277,Express
77169,63277,Next.js
77170,63277,Node.js
77171,63277,React
77174,63293,React
77175,63294,Angular
77177,63294,Node.js
77183,63341,Node.js
77184,63341,React
77185,63353,Angular
77191,63394,React
77192,63394,Vue.js
77193,63396,Node.js
77194,63396,React
77195,63438,Express
77196,63438,Next.js
77197,63438,Node.js
77198,63438,React
77202,63453,ASP.NET CORE
77203,63453,React
77204,63453,Vue.js
77205,63466,Next.js
77206,63466,Node.js
77207,63466,React
77208,63489,ASP.NET
77209,63489,ASP.NET CORE
77211,63489,jQuery
77213,63506,Express
77215,63506,Next.js
77216,63506,Node.js
77217,63506,React
77219,63522,React
77220,63532,Next.js
77221,63532,Node.js
77222,63532,React
77224,63532,Vue.js
77225,63534,Express
77227,63534,Node.js
77228,63534,React
77229,63539,ASP.NET
77230,63539,ASP.NET CORE
77231,63539,jQuery
77233,63540,Spring Boot
77235,63548,Vue.js
77238,63559,jQuery
77239,63559,Node.js
77240,63559,Vue.js
77243,63573,React
77245,63578,Angular
77247,63578,ASP.NET
77248,63578,ASP.NET CORE
77249,63578,Express
77250,63578,jQuery
77252,63578,Next.js
77253,63578,Node.js
77254,63578,Vue.js
77255,63594,ASP.NET
77256,63594,ASP.NET CORE
77257,63594,jQuery
77258,63594,Node.js
77259,63594,React
77260,63601,Spring Boot
77263,63620,jQuery
77265,63629,Angular
77266,63629,Express
77269,63629,Next.js
77270,63629,Node.js
77272,63629,React
77273,63629,Vue.js
77276,63635,jQuery
77278,63656,ASP.NET
77279,63656,ASP.NET CORE
77280,63668,Next.js
77281,63668,Node.js
77282,63668,React
77283,63675,Angular
77286,63683,jQuery
77287,63683,Next.js
77288,63683,React
77290,63692,ASP.NET CORE
77293,63697,Next.js
77294,63697,React
77295,63698,Express
77296,63698,jQuery
77297,63698,Next.js
77298,63698,Node.js
77299,63698,React
77300,63708,ASP.NET
77301,63708,ASP.NET CORE
77302,63708,jQuery
77303,63708,React
77304,63712,ASP.NET
77305,63712,ASP.NET CORE
77306,63712,jQuery
77308,63722,Express
77309,63722,Next.js
77310,63722,Node.js
77311,63722,React
77315,63727,Node.js
77317,63727,Vue.js
77318,63740,Node.js
77319,63740,Spring Boot
77320,63741,Next.js
77321,63741,Node.js
77322,63741,React
77323,63741,Spring Boot
77324,63748,Spring Boot
77327,63762,jQuery
77328,63762,Node.js
77329,63762,React
77330,63762,Spring Boot
77331,63780,React
77334,63790,Express
77337,63790,Next.js
77338,63790,Node.js
77339,63790,React
77341,63809,Angular
77342,63809,ASP.NET
77343,63809,ASP.NET CORE
77345,63837,Node.js
77348,63843,jQuery
77349,63843,Node.js
77350,63843,React
77351,63846,Angular
77352,63846,ASP.NET
77353,63846,ASP.NET CORE
77354,63871,React
77355,63885,Angular
77356,63885,Node.js
77359,63900,Next.js
77360,63900,Node.js
77361,63900,React
77362,63933,Next.js
77363,63933,Node.js
77364,63933,React
77365,63942,Angular
77366,63942,ASP.NET
77367,63942,ASP.NET CORE
77369,63968,jQuery
77371,63985,Spring Boot
77372,63988,Express
77373,63988,React
77374,63996,ASP.NET CORE
77378,64031,Vue.js
77380,64037,Spring Boot
77381,64049,Angular
77383,64049,Express
77384,64049,Node.js
77385,64049,Spring Boot
77392,64066,Vue.js
77395,64084,Angular
77396,64084,ASP.NET CORE
77400,64091,React
77401,64135,React
77402,64137,Angular
77406,64137,Vue.js
77407,64139,Angular
77408,64139,ASP.NET
77410,64169,React
77411,64186,React
77412,64186,Spring Boot
77413,64197,Express
77415,64218,Angular
77416,64218,Node.js
77417,64218,React
77418,64255,Angular
77419,64255,ASP.NET
77420,64255,ASP.NET CORE
77421,64267,ASP.NET
77422,64267,ASP.NET CORE
77424,64267,Express
77425,64267,Next.js
77426,64267,Node.js
77427,64267,React
77429,64280,Express
77432,64280,Next.js
77433,64280,Node.js
77434,64280,React
77435,64301,Angular
77437,64301,ASP.NET
77438,64301,Express
77440,64301,jQuery
77441,64301,Node.js
77442,64301,Spring Boot
77443,64301,Vue.js
77445,64319,Angular
77448,64319,Node.js
77451,64349,Next.js
77452,64349,Node.js
77453,64349,React
77456,64355,Express
77458,64355,Next.js
77459,64355,Node.js
77460,64355,React
77461,64363,Node.js
77462,64363,React
77464,64369,Angular
77466,64369,Express
77468,64369,Next.js
77469,64369,Node.js
77471,64369,React
77472,64369,Vue.js
77473,64374,Express
77474,64374,Node.js
77475,64374,Spring Boot
77477,64395,Angular
77478,64395,Express
77480,64395,Next.js
77481,64395,Node.js
77482,64395,React
77483,64397,React
77484,64399,Angular
77486,64399,jQuery
77487,64399,Node.js
77488,64399,Spring Boot
77490,64423,Next.js
77491,64423,React
77495,64425,Vue.js
77496,64430,ASP.NET CORE
77497,64430,Express
77498,64430,Node.js
77499,64430,React
77500,64451,ASP.NET
77501,64451,Express
77503,64451,Next.js
77504,64451,Node.js
77505,64451,React
77507,64458,Express
77511,64458,Next.js
77512,64458,Node.js
77513,64458,React
77514,64458,Spring Boot
77515,64468,ASP.NET
77516,64468,ASP.NET CORE
77518,64468,Next.js
77520,64509,Node.js
77521,64509,React
77526,64520,jQuery
77527,64520,React
77530,64520,Vue.js
77531,64521,ASP.NET
77532,64521,ASP.NET CORE
77534,64521,jQuery
77535,64521,Node.js
77536,64525,Express
77537,64525,Next.js
77538,64525,Node.js
77540,64570,Express
77541,64570,jQuery
77542,64570,Next.js
77543,64570,Node.js
77544,64570,React
77546,64579,ASP.NET CORE
77547,64579,jQuery
77548,64579,Spring Boot
77549,64594,ASP.NET
77550,64594,ASP.NET CORE
77553,64600,Express
77555,64600,Node.js
77556,64600,React
77558,64610,ASP.NET
77559,64610,ASP.NET CORE
77563,64610,Express
77564,64610,jQuery
77565,64610,Next.js
77566,64610,Node.js
77574,64651,ASP.NET
77575,64651,ASP.NET CORE
77578,64651,jQuery
77579,64651,Next.js
77580,64651,Node.js
77581,64651,React
77584,64655,Node.js
77586,64679,Express
77589,64679,React
77592,64686,Next.js
77593,64686,React
77594,64686,Spring Boot
77595,64686,Vue.js
77597,64724,Spring Boot
77602,64741,Node.js
77604,64741,Vue.js
77607,64744,jQuery
77608,64744,Next.js
77609,64744,React
77610,64764,Angular
77611,64764,Express
77613,64765,Angular
77614,64807,jQuery
77615,64807,Spring Boot
77616,64809,Angular
77618,64809,Express
77619,64809,jQuery
77621,64809,Next.js
77622,64809,Node.js
77623,64809,React
77624,64809,Spring Boot
77629,64829,Vue.js
77633,64861,Spring Boot
77634,64873,ASP.NET
77635,64873,ASP.NET CORE
77636,64873,React
77638,64905,Angular
77639,64905,Node.js
77640,64905,React
77641,64907,ASP.NET
77642,64907,ASP.NET CORE
77643,64907,jQuery
77644,64910,Express
77647,64910,Node.js
77648,64930,Angular
77649,64930,jQuery
77650,64930,React
77655,64944,React
77658,64955,Express
77659,64955,Next.js
77660,64955,React
77663,64960,Node.js
77665,64977,Node.js
77667,64977,React
77669,64977,Vue.js
77670,64981,Node.js
77671,64981,React
77672,64990,Node.js
77673,64992,Angular
77674,64992,Node.js
77676,64995,Angular
77677,64995,ASP.NET CORE
77679,64995,Express
77680,64995,Node.js
77681,64995,Spring Boot
77683,65000,Angular
77684,65000,jQuery
77686,65000,Node.js
77688,65000,Vue.js
77690,65003,Express
77691,65003,Next.js
77692,65016,Express
77693,65016,Next.js
77694,65016,Node.js
77695,65016,React
77697,65037,Express
77698,65037,Node.js
77699,65053,Next.js
77700,65053,Node.js
77701,65053,React
77702,65118,React
77703,65118,Spring Boot
77704,65129,jQuery
77705,65129,React
77706,65129,Spring Boot
77708,65135,ASP.NET
77709,65135,ASP.NET CORE
77711,65135,jQuery
77712,65147,ASP.NET
77713,65147,ASP.NET CORE
77714,65147,jQuery
77715,65147,Node.js
77716,65147,React
77717,65149,ASP.NET
77718,65149,Spring Boot
77719,65152,Spring Boot
77721,65162,Spring Boot
77722,65164,ASP.NET
77723,65164,ASP.NET CORE
77724,65164,Next.js
77725,65164,Node.js
77728,65167,Express
77730,65167,jQuery
77731,65167,Next.js
77732,65167,Node.js
77734,65167,React
77738,65167,Vue.js
77741,65224,jQuery
77743,65224,Node.js
77744,65237,Angular
77745,65237,ASP.NET CORE
77747,65237,Express
77748,65237,Next.js
77749,65237,Node.js
77751,65237,React
77753,65237,Vue.js
77756,65243,Node.js
77757,65243,React
77758,65243,Vue.js
77759,65250,ASP.NET
77760,65250,ASP.NET CORE
77761,65250,jQuery
77765,65269,jQuery
77766,65269,Node.js
77767,65269,React
77768,65269,Vue.js
77770,65283,Node.js
77771,65306,ASP.NET
77772,65307,Express
77774,65307,Node.js
77775,65307,React
77776,65327,Next.js
77777,65327,React
77778,65327,Spring Boot
77780,65352,Express
77781,65352,jQuery
77783,65352,Next.js
77784,65352,Node.js
77786,65352,React
77787,65352,Spring Boot
77789,65352,Vue.js
77791,65402,Angular
77792,65402,Node.js
77793,65402,Vue.js
77794,65432,Angular
77796,65432,ASP.NET
77797,65432,ASP.NET CORE
77799,65432,jQuery
77800,65432,Next.js
77801,65432,Node.js
77802,65432,React
77803,65432,Spring Boot
